placemarkName,placemarkLat,placemarkLon,styleId,origHref,proposedType,proposedValue,matchedDocId
"ESTACIÓN BUS 🚍 / Tordesillas (Valladolid)",41.502869,-5.00468,icon-1532-0288D1,"",none,"",uFq0S3APIhQCgJJ4gxUc
"ESTACIÓN BUS 🚍 / Alba de Tormes (Salamanca)",40.822786,-5.515469,icon-1532-0288D1,"",none,"",YNM9alUorca9rfZBT9eu
"ESTACIÓN BUS 🚍 / Salamanca",40.97029,-5.675575,icon-1532-0288D1,"",none,"",ynqk7vdGBbTALvBAuLSk
"ESTACIÓN BUS 🚍 / Viseu (PO)",40.661433,-7.916053,icon-1532-0288D1,"",none,"",sp4616oCf16QHa6Or4mR
"ESTACIÓN BUS 🚍 / Albergaria A Velha (POR)",40.689537,-8.475543,icon-1532-0288D1,"",none,"",Qm3Z8h8ZILbN8YwFb3S3
"ESTACIÓN BUS 🚍 / Almendralejo (Badajoz)",38.675717,-6.396994,icon-1532-0288D1,"",none,"",wrJtYhNOxWF6U3SGNONd
"ESTACIÓN BUS 🚍 / Isla Cristina (Huelva)",37.203394,-7.323778,icon-1532-0288D1,"",none,"",KDLIsR9DXQQQSTDbGbUn
"ESTACIÓN BUS 🚍 / Ayamonte (Huelva)",37.21464,-7.399026,icon-1532-0288D1,"",none,"",oBrZqLsdeCX61ZKG7LyR
"ESTACIÓN BUS 🚍 / Cádiz",36.52761,-6.285511,icon-1532-0288D1,"",none,"",fRmfodSEGVy3d2r6Ewbg
"ESTACIÓN BUS 🚍 / Almuñecar (Granada)",36.735455,-3.688434,icon-1532-0288D1,"",none,"",pfRErvddrXFpv6uIuImR
"ESTACIÓN BUS 🚍 / Calpe (Alicante)",38.647035,0.044385,icon-1532-0288D1,"",none,"",YZhXXnheA2N8fKCXmBS4
"ESTACIÓN BUS 🚍 / Jávea (Alicante)",38.786927,0.165527,icon-1532-0288D1,"",none,"",m8god24dOyMi4mSAFKgW
"ESTACIÓN BUS 🚍 / Gandía (Valencia)",38.970534,-0.180328,icon-1532-0288D1,"",none,"",gY4r50mDh2URNx7LRaOy
"ESTACIÓN BUS 🚍 / Teruel",40.341239,-1.104605,icon-1532-0288D1,"",none,"",Q04PJChjieYJAXL4CdwS
"ESTACIÓN BUS 🚍 / Tortosa (Tarragona)",40.805763,0.522019,icon-1532-0288D1,"",none,"",2gKcm9j0f9m0uJbJgM8C
"ESTACIÓN BUS 🚍 / Mora D'Ebre (Tarragona)",41.088846,0.644557,icon-1532-0288D1,"",none,"",qzx4oMUEmq58nkNh67gX
"ESTACIÓN BUS 🚍 / Cambrils (Tarragona)",41.069064,1.055356,icon-1532-0288D1,"",none,"",CcLmeYldccm6mih4WOS1
"ESTACIÓN BUS 🚍 / Salou (Tarragona)",41.074251,1.139292,icon-1532-0288D1,"",none,"",nv7k0bDko7Abo6gSV8Iy
"ESTACIÓN BUS 🚍 / Tarragona",41.118044,1.244515,icon-1532-0288D1,"",none,"",Esn3red895p2A6JSyTYK
"ESTACIÓN BUS 🚍 / Vic",41.932733,2.24913,icon-1532-0288D1,"",none,"",7QT7rKCnJX9zUqdSLKLV
"ESTACIÓN BUS 🚍 / Nerja (Málaga)",36.750973,-3.877845,icon-1532-0288D1,"",none,"",agejB17kNLTBSbuVgbJt
"ESTACIÓN BUS 🚍 / Reus (Tarragona)",41.147972,1.11193,icon-1532-0288D1,"",none,"",Xr2nWF70nsRcOQZQOSmd
"ESTACIÓN BUS 🚍 / Granollers (Barcelona)",41.606738,2.291268,icon-1532-0288D1,"",none,"",73MLfJsae0RQFgGD3wde
"ESTACIÓN BUS 🚍 / Andorra La Vella",42.504733,1.521119,icon-1532-0288D1,"",none,"",en1Z9kT9kyDbAIjYDsSo
"ESTACIÓN BUS 🚍 / Zaragoza (DELICIAS)",41.659994,-0.912487,icon-1532-0288D1,"",none,"",7y7U7OWhbnds7BZAWPk6
"ESTACIÓN BUS 🚍 / Sanxenxo (Pontevedra)",42.406685,-8.813214,icon-1532-0288D1,"",none,"",3NTVC52fVhPmJXVooQlb
"ESTACIÓN BUS 🚍 / Alicante",38.337749,-0.491398,icon-1532-0288D1,"",none,"",eHYIPql6FyPAeJTwpA42
"ESTACIÓN BUS 🚍 / Vilagarcia de Arousa (Pontevedra)",42.599698,-8.762047,icon-1532-0288D1,"",none,"",aGIlDZZONmCaq7yk0E7r
"ESTACIÓN BUS 🚍 / Vilafranca del Penedés (Barcelona)",41.341414,1.701949,icon-1532-0288D1,"",none,"",iI6W6vaSkDAUJfvts63v
"ESTACIÓN BUS 🚍 / Marbella",36.520132,-4.892384,icon-1532-0288D1,"",none,"",PX8Iifaw7IXpxI0aZb5U
"ESTACIÓN BUS 🚍 / Denia (Alicante)",38.837273,0.101004,icon-1532-0288D1,"",none,"",2W34b73fY992hcxbWuZV
"ESTACIÓN BUS 🚍 / Alcañiz (Teruel)",41.041816,-0.127719,icon-1532-0288D1,"",none,"",uCjU9a0JO1niaNnKMzM7
"ESTACIÓN BUS 🚍 / Padrón (A Coruña)",42.741832,-8.658633,icon-1532-0288D1,"",none,"",MTR1vyr2o2LEtE0S7t47
"ESTACIÓN BUS 🚍 / Fabra i Puig (Barcelona)",41.431247,2.183034,icon-1532-0288D1,"",none,"",3o3YaflawVB4H48Kxn3I
"ESTACIÓN BUS 🚍 / Castellón de la Plana",39.989104,-0.051977,icon-1532-0288D1,"",none,"",uEshGLbbLuvhC8XOacqk
"ESTACIÓN BUS 🚍 / Santiago de Compostela",42.8872,-8.534129,icon-1532-0288D1,"",none,"",z4cjoPtr6W2ZhZPCpeMc
"ESTACIÓN BUS 🚍 /  Sants (Barcelona)",41.379557,2.138338,icon-1532-0288D1,"",none,"",kJY4xEnNSACpdSl1A19V
"ESTACIÓN BUS 🚍 / Almería",36.835721,-2.454746,icon-1532-0288D1,"",none,"",5vU0mmz1bwm8r8BqP9XQ
"ESTACIÓN BUS 🚍 / Lisboa (PO)",38.741746,-9.167423,icon-1532-0288D1,"",none,"",gZ7iLpS2f5OIOEwSWAvY
"ESTACIÓN BUS 🚍 / Tavira (PO)",37.127222,-7.652936,icon-1532-0288D1,"",none,"",T3m0J8bwjNnsLqYXhKPB
"ESTACIÓN BUS 🚍 / Plaza de Armas (Sevilla)",37.392426,-6.003595,icon-1532-0288D1,"",none,"",Xk2mOQKtlvOle5j3KxG6
"ESTACIÓN BUS 🚍 / Prado S.Sebastián (Sevilla)",37.381783,-5.985779,icon-1532-0288D1,"",none,"",J3YEdLUcWdwa3CNNalAS
"PARKING 🅿️ / Nerja (Málaga)",36.757685,-3.872454,icon-1644-0288D1,"",none,"",mRIcoJBGqLQttsN5EGZJ
"PARKING 🅿️ / Mijas (Málaga)",36.602946,-4.635254,icon-1644-0288D1,"",none,"",pWlqxqd60j4TsTIGOhSw
"PARKING 🅿️ / Torremolinos (Málaga)",36.630402,-4.504335,icon-1644-0288D1,"",none,"",jD7ocldmBYCsM0BpjxSP
"PARKING🅿️ / Collformic- Matagalls (Barcelona)",41.80115,2.347338,icon-1644-0288D1,"",none,"",PU555284B3MRgkfKxtIc
"PARKING 🅿️ / Setcases (Girona)",42.374583,2.301975,icon-1644-0288D1,"",none,"",lflWGUodY0oB2ZWiSqvT
"PARKING Cremallera 🅿️ / Ribes de Freser (Girona)",42.298884,2.16564,icon-1644-0288D1,"",none,"",VSlZUv20NMhi0u53oIGV
"PARKING 🅿️ / Castellón de La Plana (Valencia)",39.98151,-0.019299,icon-1644-0288D1,"",none,"",WdgWwx8xEcgrk6V7cVGB
"APARCAMIENTO 🅿️ / Castellón de La Plana (Valencia)",39.984584,-0.022312,icon-1644-0288D1,"",none,"",Peymy4QyKtobhHWLUXlI
"PARKING MIXTO 🅿️/ Ripoll (Girona)",42.189896,2.195859,icon-1644-0288D1,"",none,"",ARoD1HDvYm21X2Lfo9CN
"APARCAMIENTO 🅿️ / Sagunto (Valencia)",39.687023,-0.277889,icon-1644-0288D1,"",none,"",ZZrx776nWiSvXPYPrhqM
"APARCAMIENTO 🅿️ / Lisboa (PO)",38.727401,-9.154787,icon-1644-0288D1,"",none,"",Na4VIn9mIYGIFszDEYJj
"APARCAMIENTO MIXTO 🅿️ / Piscinas Balsa S. Oleguer Sabadell",41.538114,2.123601,icon-1644-0288D1,"",none,"",gqBMI7zYyfFvnAFYT3BQ
"APARCAMIENTO MIXTO 🅿️ / Queralbs",42.352456,2.167089,icon-1644-0288D1,"",none,"",NsB6lAEdxiHoQeIJsK4r
"APARCAMIENTO 🅿️ / Fuengirola (Málaga)",36.530974,-4.62711,icon-1644-0288D1,"",none,"",fTpxb4tlGw8p5zFfJ6La
"APARCAMIENTO 🅿️ / Cartagena",37.609912,-0.997312,icon-1644-0288D1,"",none,"",pxP7Lef8EAec6BdSmCmt
"APARCAMIENTO 🅿️ / Marbella (Málaga)",36.513434,-4.872336,icon-1644-0288D1,"",none,"",f36PAnRHH6ipJHDtzvjV
"APARCAMIENTO 🅿️ / Valencia",39.482129,-0.407081,icon-1644-0288D1,"",none,"",X94CbR4CJu5NVlpKcVEF
"PARKING 🅿️ / Orihuela (Alicante)",38.087842,-0.93724,icon-1644-0288D1,"",none,"",xKEMBqwlLo0V7TQTFzSu
"APARCAMIENTO 🅿️ / Ojén (Málaga)",36.567334,-4.853044,icon-1644-0288D1,"",none,"",9KZIBPhKmjsz1RI9xwZl
"APARCAMIENTO 🅿️ / Cádiz",36.49182,-6.264325,icon-1644-0288D1,"",none,"",E3mj4Qs6MlcrSw13mCfD
"APARCAMIENTO 🅿️ / Trevélez (Granada)",37.002093,-3.268492,icon-1644-0288D1,"",none,"",lLDyryvSwRFnji5NniZz
"APARCAMIENTO 🅿️ /  Penelles (Lérida)",41.757275,0.962822,icon-1644-0288D1,"",none,"",sxY6fQi32qznUyY7Tz0w
"APARCAMIENTO 🅿️/ Capileira",36.960096,-3.355462,icon-1644-0288D1,"",none,"",KKgdMONsSxSa4M1IrSDf
"PARKING 🅿️/ Castellón (Valencia)",39.995702,-0.022618,icon-1644-0288D1,"",none,"",NSzF02LYLXiJEfeZ9Kdj
"APARCAMIENTO 🅿️ / Cadaqués (Girona)",42.295297,3.286942,icon-1644-0288D1,"",none,"",Lvgiz8oU85VTUTsefSpi
"PARKING (Pago) 💰 / Alicante",38.338101,-0.490054,icon-1513-1A237E,"",none,"",Nyta347Oopmm4yQkf0jp
"PARKING BUS ✅️ / Sitges (Barcelona)",41.23998,1.802928,icon-1532-7CB342,"",none,"",MipK8zw9EC6Z375VreBS
"PARKING BUS COVES S.JOSEP / LA VALL D'UIXÓ",39.822904,-0.250563,icon-1535-757575,"",none,"",IL8GRLP2QLYpkmOaN9z3
"C Y D / Benalmadena",36.597463,-4.514827,icon-1826-0F9D58,"",none,"",EiQilHCsVn6aujqpuG0X
"C Y D (Pago)/ Santiago de Compostela",42.886746,-8.543255,icon-1826-0F9D58,"",none,"",xLvVNWE8uv4oStCdGmnE
"C Y D / Ojen (Málaga)",36.564892,-4.853628,icon-1826-0F9D58,"",none,"",H7QKU9Pt4ogfgNA8fEog
"C Y D / Marbella (Málaga)",36.513557,-4.882759,icon-1826-0F9D58,"",none,"",7fBZ4srtyNuI07pgjA5D
"CARGA / DESCARGA PASAJEROS",36.507986,-4.883483,icon-1826-0F9D58,"",none,"",TPbfG5QzYukT7NDTkJ2u
"CARGA / DESCARGA PASAJEROS PUERTO BANUS",36.486766,-4.955574,icon-1826-0F9D58,"",none,"",Ew8AtpEt6GNWfsaEjiqF
"CARGA / DESCARGA PASAJEROS PUERTO BANUS",36.488849,-4.952813,icon-1826-0F9D58,"",none,"",wxLPoSti1epe5T40XXVe
"CARGA / DESCARGA ESTACIÓN SANTS (RENFE)",41.379399,2.138823,icon-1826-0F9D58,"",none,"",BbRxrqArsS86TYmQtcLZ
"CARGA / DESCARGA SAGUNTO",39.682378,-0.277594,icon-1826-0F9D58,"",none,"",9sulqHUXAl47cozKYtuZ
"CARGA / DESCARGA PUERTO VALENCIA",39.462551,-0.325452,icon-1826-0F9D58,"",none,"",HYAe5rc8uYxXGTcX3SkZ
"CARGA / DESCARGA ALCOY",38.697985,-0.472935,icon-1826-0F9D58,"",none,"",XHrJxvQfsztUmbrY0Ly9
"CARGA / DESCARGA ONDARA",38.823847,0.020574,icon-1826-0F9D58,"",none,"",TZinvLxswo2oB61Aezus
"CARGA / DESCARGA DENIA",38.844012,0.110962,icon-1826-0F9D58,"",none,"",be1T0D1mpa77CXWxRejr
"C Y D 🔄 / MUSEO CIENCIES - AUDITORI FORUM / Barcelona",41.411612,2.21983,icon-1826-0F9D58,"",none,"",KKotyfoLBKrJ4KCw2ltz
"CARGA / DESCARGA ALICANTE",38.344264,-0.479607,icon-1826-0F9D58,"",none,"",OsadQm0T61XRFLTwOViK
"CARGA / DESCARGA AVE ALICANTE",38.345006,-0.494924,icon-1826-0F9D58,"",none,"",4FldznB7KjhKqkDTNbsS
"CARGA / DESCARGA ALCOY",38.693744,-0.474536,icon-1826-0F9D58,"",none,"",wiCiBnnWP5us7PERpy0g
"CARGA / DESCARGA MORELLA",40.621937,-0.099861,icon-1826-0F9D58,"",none,"",GLVRxaN0hnc73ci89SGt
"CARGA / DESCARGA - Ripoll",42.200704,2.190324,icon-1826-0F9D58,"",none,"",w0WJxOmAmYxqt2wT0Abd
"CARGA / DESCARGA TERUEL",40.341691,-1.110019,icon-1826-0F9D58,"",none,"",haqBhJG89YLKgCNlOILP
"C Y D 🔄 / Sitges (Barcelona)",41.238899,1.806823,icon-1826-0F9D58,"",none,"",psGQyhZUcMSfhezwawng
"CARGA / DESCARGA - Olivera (Cádiz)",36.936245,-5.266327,icon-1826-0F9D58,"",none,"",tX8Ov32BZNSD9zhJwWFS
"CARGA / DESCARGA  - Berga",42.10128,1.844056,icon-1826-0F9D58,"",none,"",jBdOPo2hq6kgD9FsbxGk
"CARGA / DESCARGA - Jaén",37.762194,-3.793588,icon-1826-0F9D58,"",none,"",xS1l2MDgLBOJJNROid0a
"CARGA / DESCARGA VALENCIA",39.452287,-0.353782,icon-1826-0F9D58,"",none,"",vljkWw2iewkFA0PCHCZe
"CARGA / DESCARGA Tortosa",40.815138,0.521543,icon-1826-0F9D58,"",none,"",x4aOBLK2z50PG9q1n99h
"CARGA / DESCARGA / BEJA (P)",38.017574,-7.865943,icon-1826-0F9D58,"",none,"",WKzFpHxEXqKLaiTtnMAB
"C Y D 🔁 /(PO)",37.185593,-8.441082,icon-1826-0F9D58,"",none,"",5CVYCU6XiiZvMPVsW3AH
"CARGA / DESCARGA TARRAGONA",41.115694,1.258328,icon-1826-0F9D58,"",none,"",PPRDv7gUdeuUDDCyEKpZ
"CARGA / DESCARGA - Granada",37.169725,-3.592614,icon-1826-0F9D58,"",none,"",BK8woIM3GfjQUtAQJ9BO
"CARGA / DESCARGA - Faro (P)",37.016609,-7.935701,icon-1826-0F9D58,"",none,"",fOtpe9i0C6ge4p30B2RB
"CARGA / DESCARGA (EXPRESS) Biarritz ( F)",43.483077,-1.558885,icon-1826-E65100,"",none,"",7eknhZ4daBPRPUSVhEav
"CARGA / DESCARGA (EXPRESS) - Málaga",36.719563,-4.415471,icon-1826-E65100,"",none,"",xiCv6turHGpfiFiMS6Dd
"CARGA /DESCARGA (EXPRESS)- Espectáculo Caballos (Jerez de la Frontera)",36.692695,-6.136971,icon-1826-E65100,"",none,"",CzSxpsXZ1GOop7I7VdVX
"CARGA / DESCARGA/ TOLEDO",39.862521,-4.020695,icon-1826-0F9D58,"",none,"",b3gGQL6Xb4aTM7vfBLP6
"ZONA DE ESPERA / Barceloneta",41.369555,2.187625,icon-1534-4E342E,"",none,"",koKOHBnnP8Ed8Qh2PBBL
"ZONA DE ESPERA / Badalona",41.46028,2.230675,icon-1534-4E342E,"",none,"",JlhTI7wpgIlSRiNwczmX
"SANTUARIO EL MIRACLE",41.914422,1.523051,icon-1670-F57C00,"",none,"",27Qoy0cpnuvSLTIugHLr
"SANTUARIO NTRA.SRA DE LAS CRUCES / Torralba de Calatrava",39.069546,-3.755438,icon-1670-F57C00,"",none,"",JO9msh7KqSMtbHZzQBmk
"SANTUARIO COVA S. IGNACI",41.721122,1.831516,icon-1670-F57C00,"",none,"",nCr64QZUfg9nzFVoHznG
"SANTUARIO NTRA. SRA. FUENSANTA",37.936574,-1.118319,icon-1670-F57C00,"",none,"",EyfcNYouiqGpV4h1xgzp
"PARKING DE PAGO MONTSERRAT",41.594638,1.840807,icon-1670-F57C00,"",none,"",cR1jkkCYKY6F1d8UDtYN
"MUSEO Arqueológico 🏛️ / Palau de Plegamans (Barcelona)",41.572256,2.182978,icon-1636-A52714,"",none,"",yyHfTLQAfIaK1cl0TAAq
"MUSEO Volcanes 🏛 / Olot (Girona)",42.172338,2.479903,icon-1636-A52714,"",none,"",uJTyz6O4uPZFz3nkYmNI
"MINAS DE SAL (Parking) / Cardona",41.906268,1.674412,icon-1636-A52714,"",none,"",AiyQS5TIkt3rqMC0Wvw2
"PARQUE DE LAS CIENCIAS / Granada",37.162075,-3.606461,icon-1636-A52714,"",none,"",dU6Xm1cd8qC2PQmYepa9
"MUSEO de Badalona 🏛️ / Badalona (Barcelona)",41.452421,2.247768,icon-1636-A52714,"",none,"",PSRM3KdDFkBxeebJK8kF
"MUSEO de la Ciencia 🏛️ / Terrassa (Barcelona)",41.566583,2.006281,icon-1636-A52714,"",none,"",iQFbRTJtGoRos9oeqaJ7
"HOTEL PAPALUNA / PEÑÍSCOLA",40.364347,0.402653,icon-1602-9C27B0,"",none,"",8NH21V0MtMJbQin0QPWn
"HOTEL B & B / Alicante",38.313674,-0.516597,icon-1602-9C27B0,"",none,"",6nedZE3FSPbVIpEzd7P5
"HOTEL MONTANYÀ / Seva",41.803658,2.260643,icon-1602-9C27B0,"",none,"",kF42j6mcNFzpoliArvOJ
"RESTAURANTE EL REBOST DE LA GLEVA",42.002879,2.240128,icon-1577-795548,"",none,"",K4qme4qYsJpqoFk7IGs4
"RESTAURANTE CAL QUICO",42.007615,2.039589,icon-1577-795548,"",none,"",osjA6oMECHIoh2lle6Md
"RESTAURANTE CASA NURI",40.713113,0.834886,icon-1577-795548,"",none,"",QIsgyruDSZcPWuHO7v42
"AREA SERVICIO Los Chopos Villaherreros ( Palencia)",42.391663,-4.473779,icon-1577-795548,"",none,"",anbTxppfqKiCI0snlc6V
"CASA COLONIES ELS PORXOS 🚸 / Vilanova de Sau (Barcelona)",41.963512,2.397689,icon-1682-673AB7,"",none,"",mFnESP7MHxkMCn9yRQ0s
"CASA COLONIES Les Tallades 🚸 / Vilanova de Sau (Barcelona)",41.960761,2.395288,icon-1682-673AB7,"",none,"",R4iDVAwesxryWKqIcTPT
"CASA COLONIES Mas Banyeres 🚸 / Centelles (Barcelona)",41.808907,2.208728,icon-1682-673AB7,"",none,"",Q5eL0n8uTNLIrRPCcPU8
"CASA COLONIES Can Rigol 🚸 / Begues (Barcelona)",41.327752,1.911649,icon-1682-673AB7,"",none,"",ipJNj2Bbo2wff33t6Ttk
"CASA COLONIES La Llobeta 🚸/ Aiguafreda (Barcelona)",41.778178,2.248416,icon-1682-673AB7,"",none,"",ipDIjukmaGgyV9ZiKih6
"CASA COLONIES Can Moncau 🚸 / La Roca del Vallès (Barcelona)",41.587215,2.365669,icon-1682-673AB7,"",none,"",DftGS4lJas0v4Nd40mzj
"COLEGIO JESUS MARÍA",41.431585,2.18342,icon-1682-9C27B0,"",none,"",wPVu8afRFAQnAAqYQwP1
"ESTACIÓN ESQUÍ / La Molina",42.334961,1.932689,icon-1688-BDBDBD,"",none,"",pBaQ9ZhFbrANP1In2E5c
"2° PISTAS ESQUÍ / La Molina",42.337343,1.941831,icon-1688-BDBDBD,"",none,"",uqeB3nFzyoi9BuMLeNtk
"ESTACIÓN ESQUÍ / Arinsal",42.572218,1.471509,icon-1688-BDBDBD,"",none,"",Jb6S2NvrlztHR63x8Vjn
"CENTRO COMERCIAL LA ROCA VILLAGE",41.614031,2.345192,icon-1685-880E4F,"",none,"",iuVZWPAx7g6PzsJGE2ZC
"PIONONOS / Cafeteria- Pastelería (STA FE/ GRANADA)",37.192509,-3.703997,icon-1502-C2185B,"",none,"",s4PUiCdNCVgfoj8b8J90
"GALLETAS BIRBA Camprodon",42.296739,2.35904,icon-1502-C2185B,"",none,"",aZFT4a1ryMbiNqOZVcx3
"PARKING BUS ✅ / Los Jerónimos / Lisboa (PO)",38.696284,-9.204936,icon-1532-7CB342,"",none,"",ETPO7Lo8uNSXFY3vBlWV
"PARKING MURCIA / Universidad",38.017149,-1.172453,icon-1532-7CB342,"",none,"",UWtYtGOLi7YuJdBMwogS
"INFO / Llegar PK BUS Armilla ( Granada)",,,line-F57C00-5000,"",none,"",Q4aceuLkgw2ZRsE4TgTw
"PARKING PÚBLICO / San Fernando (Cádiz)",36.464849,-6.191016,icon-1644-0288D1,"",none,"",ipUoouAEKSdsNOrkuKk4
"APARCAMIENTO LIBRE/ Tarifa",36.025648,-5.612524,icon-1644-0288D1,"",none,"",pe784CC4oARbFgQOcvrH
"APARCAMIENTO LIBRE / Jerez de la Frontera",36.674102,-6.150612,icon-1644-0288D1,"",none,"",hBVimi31fjqDBxXY2OM3
"PARKING  C y D / Grazalema",36.75805,-5.363294,icon-1644-0288D1,"",none,"",sYMV4QddIXyUfZfAce5f
"PARKING LIBRE / Jerez de la Frontera",36.691585,-6.123612,icon-1644-0288D1,"",none,"",b7quy49ByQzJfCa2pf6Z
"APARCAMIENTO Mixto / Grazalema",36.761885,-5.362501,icon-1644-0288D1,"",none,"",4iJFxS9CLzbK2qLiPTyE
"APARCAMIENTO LIBRE / Torremolinos",36.630048,-4.495238,icon-1644-0288D1,"",none,"",D4Ay9LR3qLdIITha2n1r
"PARKING / Zahara de la Sierra",36.842594,-5.393096,icon-1644-0288D1,"",none,"",t0PC6ziyTbdd9qBp1XPI
"PARKING PALACIO CONGRESOS / Torremolinos",36.632884,-4.505324,icon-1644-0288D1,"",none,"",hUwa1eS3VW0zAbCVRUoO
"CASTILLO DE CARDONA",41.914812,1.685188,icon-1598-424242,"",none,"",v41v8wXryLpADUDVeWh4
"ESTACIÓN BUS / JAÉN",37.771693,-3.786447,icon-1532-0288D1,"",none,"",PKOmAVmSqfWeKBx3z34e
"ESTACIÓN BUS / Ciudad Real",38.979143,-3.929665,icon-1532-0288D1,"",none,"",RAtXpucdIMggm72Vjetg
"ESTACIÓN BUS / S. Bernardo (Algeciras)",36.126112,-5.448055,icon-1532-0288D1,"",none,"",vr8G7H6ZA6mcCrbgKIZt
"ESTACIÓN BUS / Antequera",37.02383,-4.56268,icon-1532-0288D1,"",none,"",KXPsaUmRK8fHDvRc0qAO
"ESTACIÓN BUS / Estepona",36.430501,-5.127531,icon-1532-0288D1,"",none,"",wFdDd0TLfZiCd39Ef7ui
"LIMITE ALTURA 4Metros/ Córdoba",37.885807,-4.750804,icon-1541-097138,"",none,"",dNqXccHwu3kVTQkXWkTB
"LIMITACIÓN ALTURA 4Metros / Córdoba",37.88621,-4.75124,icon-1541-097138,"",none,"",jYImBIQrefTpDzwY1G0W
"ESTACIÓN BUS / Córdoba",37.889186,-4.790623,icon-1532-0288D1,"",none,"",4JZb21JyRSUAp4wWaUSw
"APARCAMIENTO LIBRE  / Córdoba",37.862062,-4.785841,icon-1644-0288D1,"",none,"",5lBFTMaInkQvJwCz27oI
"INFO / Medina Azahara (Córdoba)",37.887659,-4.866762,icon-1608-0288D1,"",none,"",zMWZIXNyIK7GzFmj8rLG
"HOTEL ILUNION / S.Juan de Aznalfarache (Sevilla)",37.369749,-6.033174,icon-1602-9C27B0,"",none,"",oH9AbM7uytLQkjqPRWXZ
"HOTEL TORRE DEL ORO / S.José de la Rinconada (Sevilla)",37.474948,-5.955663,icon-1602-9C27B0,"",none,"",TadNy8cptbj7gFmSrF3S
"MUELLE DE LAS CALAVERAS / Palos de la Frontera (Huelva)",37.210173,-6.926071,icon-1644-0288D1,"",none,"",DwpG56o3G5qq0TBNbzlv
"ESTACIÓN BUS / Loulé (P)",37.142157,-8.02103,icon-1532-0288D1,"",none,"",47EKPVkijPSO3XFbMMzo
"HOTEL BOSTON (Zaragoza)",41.64628,-0.876211,icon-1602-9C27B0,"",none,"",o2URUhSnNZ4ryhcH3OHr
"ESTACIÓN TREN CHAMARTIN / Madrid",40.471516,-3.681868,icon-1717-AFB42B,"",none,"",JcupphzhHTY1DNb1aEZW
"HOTEL CASA BERNARDO MACÍAS / S. Roque (Cádiz)",36.208504,-5.408338,icon-1602-9C27B0,"",none,"",kssfRe9GZ7WKqAoK4N0t
"CARGA / DESCARGA (EXPRESS)- Lucena (Córdoba)",37.405594,-4.486259,icon-1826-E65100,"",none,"",ZAsTe6vc6Dr1khALbh2N
"APARCAMIENTO LIBRE / Albufeira (P)",37.098704,-8.244386,icon-1644-0288D1,"",none,"",cpo5iY5LHTaMEuo3zO38
"ESTACIÓN BUS / ALBUFEIRA (P)",37.099263,-8.244391,icon-1532-0288D1,"",none,"",UVyY43heNHF1fdKILuOv
"APARCAMIENTO LIBRE / LAGOS (P)",37.110098,-8.679605,icon-1644-0288D1,"",none,"",PHbCLshYtQX6TzxKbD7Q
"CASTILLO DE SAGRES (P)",37.005129,-8.944993,icon-1598-424242,"",none,"",oWwfoZlCtMOgogog032t
"CASTILLO DE SILVES / PARKING BUS (P)",37.194338,-8.436649,icon-1598-424242,"",none,"",1gss7JMwCZHW26bZslTD
"PARKING / ALMAGRO",38.89411,-3.705885,icon-1644-0288D1,"",none,"",JMvOlPKwaKOMYYv88fRd
"C Y D 🔄 / Almagro (Ciudad Real)",38.889786,-3.70646,icon-1826-0F9D58,"",none,"",WbsK0lUv8axsxcKatsny
"MOLINOS y  CASTILLO CONSUEGRA / Consuegra ( Toledo)",39.453494,-3.61132,icon-1598-424242,"",none,"",u2jFJrGTlg29lsz9vp4l
"ESTACIÓN BUS / TOLEDO",39.866222,-4.019072,icon-1532-0288D1,"",none,"",nSraMxBYnKk0CuoXAtFJ
"INFO ℹ️ / Alcázar de Toledo",39.857476,-4.019413,icon-1608-0288D1,"",none,"",pkbBTJMBVpsbB9v5ugX3
"APARCAMIENTO/ TOLEDO",39.865584,-4.034107,icon-1644-0288D1,"",none,"",rKenixmvQXzWajjqQkCp
"PARKING MIXTO / PANTANO CAZALEGAS",40.013442,-4.693226,icon-1644-0288D1,"",none,"",k1XEwxKoUUprGodPaxe3
"APARCAMIENTO/ PLASENCIA",40.038032,-6.084014,icon-1644-0288D1,"",none,"",N1AMojAsRToZilis7yEW
"CARGA / DESCARGA  ( EXPRESS) - TRUJILLO ( Cáceres)",39.460756,-5.881238,icon-1826-E65100,"",none,"",x5L5MYg16cakSbcEdVOk
"HOTEL LAS CIGUEÑAS / TRUJILLO ( Cáceres)",39.460842,-5.869727,icon-1602-9C27B0,"",none,"",VhFsKrVP4KIgXtlYXwih
"ESTACIÓN BUS / TRUJILLO ( Cáceres)",39.451376,-5.882438,icon-1532-0288D1,"",none,"",FCYlWBfZ42zwtMW4p2ZP
"INFO ℹ️ / Olivenza (Badajoz)",38.68354,-7.096737,icon-1608-0288D1,"",none,"",dUkyJSenw3hdHecWoLPi
"APARCAMIENTO LIBRE / Olivenza ( Badajoz)",38.691874,-7.093033,icon-1644-0288D1,"",none,"",Fx8TnMj4zQAkBxNZEAs9
"ESTACIÓN BUS / CÁCERES",39.460494,-6.381602,icon-1532-0288D1,"",none,"",SmC8VhODEK4MyBgKJGfb
"CARGA /DESCARGA ( EXPRESS) - LA ALBERCA",40.490644,-6.111751,icon-1826-E65100,"",none,"",Cn8oqiNYs6ISLT9H4jh8
"CONVENTO DE LA ENCARNACIÓN, PARQUE /  ÁVILA",40.661752,-4.699124,icon-1670-E65100,"",none,"",oYt4dq8GpzroKbTFdqFS
"CARGA / DESCARGA ( EXPRESS) - ÁVILA",40.65856,-4.697041,icon-1826-E65100,"",none,"",Ygip6dzEi7RX3JsBoJVO
"RESTAURANTE CANALETAS / IGUALADA",41.587002,1.620673,icon-1577-795548,"",none,"",tLc6NtdhjnAjBRbjKqrW
"ALBERGUE L' ESPLUGA DE FRANCOLÍ ",41.380166,1.091001,icon-1682-F9A825,"",none,"",
"CUEVAS L'Esplugue  / L'Esplugue de Francolí (Tarragona)",41.398056,1.104186,icon-1636-A52714,"",none,"",zkCtF1fOR11q1hXq9yoy
"ESTACIÓN BUS / CUENCA",40.066635,-2.135361,icon-1532-0288D1,"",none,"",ewEIpVQmqGvfxQNWNbsw
"RESTAURANTE VENTA EL MOLINO / LA GUARDIA",39.793126,-3.482088,icon-1577-795548,"",none,"",5QKiFF2Cpu1p8AEzMsUb
"ESTACIÓN BUS / LORCA ( Murcia)",37.670664,-1.697218,icon-1532-0288D1,"",none,"",GeR9IhY401quOKDWsvht
"ESTACIÓN BUS / CARAVACA DE LA CRUZ ( Murcia )",38.098795,-1.866257,icon-1532-0288D1,"",none,"",V8MtB6AqQ6bptGZcBlPY
"ÁREA SERVICIO SAGUNTO ( Valencia)",39.650919,-0.302811,icon-1577-795548,"",none,"",Vuzeg1RyL5JHWiKKG9ED
"HOTEL EL VENTORRO / Aranda de Duero",41.663031,-3.74168,icon-1602-9C27B0,"",none,"",XXZFuNbGQ3W3tqkMYTuf
"HOTEL LAS VEGAS / VILLAFRÍA - Burgos",42.363654,-3.627659,icon-1602-9C27B0,"",none,"",R1TMjbWeMsKHvOy61QOi
"APARCAMIENTO LIBRE / STO DOMINGO DE LA CALZADA - La Rioja",42.437973,-2.946916,icon-1644-0288D1,"",none,"",bfX9WMah0qVCPKUzsy8p
"HOSPEDERIA CISTERCIENSE / STO DOMINGO DE LA CALZADA - La Rioja",42.439906,-2.950493,icon-1602-9C27B0,"",none,"",laxiinUnQc5XPhD7yl5C
"PARKING LIBRE / PALENCIA",42.01574,-4.524596,icon-1644-0288D1,"",none,"",jAwF72HvTzWGCOqPDXZp
"RESTAURANTE ALAMEDA / BENAVENTE - Zamora",42.001153,-5.658365,icon-1577-795548,"",none,"",EVh9M2pij7uI58kPV61R
"ESTACIÓN BUS / ASTORGA (León)",42.459108,-6.055678,icon-1532-0288D1,"",none,"",uhBUwQirGanvMfR092m5
"RESTAURANTE MARAGATO / ASTORGA (León)",42.465084,-6.073606,icon-1577-795548,"",none,"",4h737ccjE1ROHI8VTxvE
"RESTAURANTE GRAN CASONA SANABRIA /",42.057562,-6.615553,icon-1577-795548,"",none,"",fC2Mwx9Cr9ftBMZP5Cam
"RESTAURANTE SUIZO / A GUDIÑA - Ourense",42.057397,-7.147668,icon-1577-795548,"",none,"",2r1t9s4vA1tddTXZrkV7
"EMBARCADERO / Ponte de Sil (Lugo)",42.409324,-7.444247,icon-1622-757575,"",none,"",9dwotK7Pk1eFJAM019bf
"GIRO BUS PONTE DE SIL",,,line-A52714-5000,"",none,"",Q6abxuT4IFKcQ0VUuz14
"HOTEL TEMPLE / PONFERRADA (León)",42.546806,-6.605466,icon-1602-9C27B0,"",none,"",MdwyFkWeey8A8XDxjuTj
"PARKING MIXTO LIBRE / PONFERRADA (León)",42.548453,-6.60632,icon-1644-0288D1,"",none,"",zNAmrB77vS0j9TBdBM7n
"FARO CABO MAYOR / SANTANDER",43.490302,-3.791037,icon-1535-757575,"",none,"",oeReYf6C0SPoNB8CVM71
"RESTAURANTE MARIVELLA / CALATAYUD",41.372847,-1.581604,icon-1577-795548,"",none,"",OhnIrHAhKM2jmZ1QSMs2
"PARKING AYLLÓN (Segovia)",41.421886,-3.377828,icon-1644-0288D1,"",none,"",1NEUGbRbcOvhodrs8s0S
"CUEVAS ENABREJOS/ PRÁDENA ( Segovia)",41.145796,-3.67812,icon-1598-757575,"",none,"",WOm94YYypXp20MreEXrh
"CARGA / DESCARGA - BURGOS",42.3387,-3.703922,icon-1826-0F9D58,"",none,"",5PFXiQJaonTtNnlvdPop
"PARKING MIXTO / PEDRAZA (Segovia)",41.130578,-3.808975,icon-1644-0288D1,"",none,"",TRlCD0JlwTCPOxDCFJdt
"PARKING  MIXTO / PEDRAZA ( Segovia)",41.131179,-3.808259,icon-1644-0288D1,"",none,"",UUNJpZc9kb4GwLh1fEfA
"INFO ℹ️ / La Granja de San Ildefonso ( Segovia)",40.900429,-4.009204,icon-1608-0288D1,"",none,"",W9g6QMZa1z5fTRxGCaZz
"PARKING / ZAHARA DE LA SIERRA.     (Cádiz)",36.840354,-5.392942,icon-1644-0288D1,"",none,"",HIpPpUa24sitmomjQnTo
"PARKING / ZAFRA (Badajoz)",38.429754,-6.412218,icon-1644-0288D1,"",none,"",mc8HUKAdcqiRHRFX5T2D
"PARKING / BADAJOZ",38.88606,-6.997606,icon-1644-0288D1,"",none,"",2M0VICRFJlfUaCrp75Pk
"VENTA PASCUAL / HELLIN (Albacete)",38.465303,-1.595906,icon-1577-795548,"",none,"",Aig1yUdj2KWqiVLgNvcb
"INFO ℹ️ / Alcázar de Segovia",40.919573,-4.112033,icon-1608-0288D1,"",none,"",ShlG4iyU8uCFESVf912C
"PARKING / Collioure (FR)",42.525403,3.064023,icon-1644-0288D1,"",none,"",LxeiocmNijzAHVglbAq8
"PARKING BUS / C Y D (Pago) 🔄💰/ Carcassonne (FR)",43.205366,2.373322,icon-1513-1A237E,"",none,"",i0Jv4glWl6E3fTWzrBEh
"PARKING / LOS MOLINOS (Madrid)",40.714738,-4.076214,icon-1644-0288D1,"",none,"",f9MertQI7OFWcNSXRoRU
"CARGA / DESCARGA - COMILLAS",43.385393,-4.296253,icon-1826-0F9D58,"",none,"",FO8A3Fz6dEUclIxJFCqE
"PARKING / FAUNIA (Madrid)",40.393629,-3.613373,icon-1644-0288D1,"",none,"",vji3iYX41h99qkO7Fail
"ESTACIÓN BUS / MADRID SUR",40.394576,-3.678056,icon-1532-0288D1,"",none,"",Y6y7g6d4hoFHp9ZaBVM6
"MUSEO Del Prado 🏛️ / Madrid",40.414758,-3.691056,icon-1636-A52714,"",none,"",fqdfcwoYOJWshCouSYxp
"C Y D - Templo Debod 🔄 / Madrid",40.424455,-3.716146,icon-1826-0F9D58,"",none,"",dOpcgRakwmuUvYiFW6QI
"INFO ℹ️ / Templo Debod (Madrid)",40.423301,-3.718968,icon-1608-1A237E,"",none,"",1HAqtrp14J4ZHeAk7ix5
"PARKING BUS (Pago) / Cementerio S. Isidro (Madrid)",,,line-0288D1-5000,"",none,"",vlMJGxyxsY9FJoNWuz9K
"AREA DE FABREGUES (Fr)",43.545606,3.794859,icon-1577-795548,"",none,"",O6Osqq9O5nAcPmKj2TPi
"AREA PORTES-LÈS- VALENCE (FR)",44.866895,4.866643,icon-1577-795548,"",none,"",PSa4UDlAonoQNcQEmHuk
"ESTACIÓN BUS/ ALBACETE",38.9978,-1.846526,icon-1532-0288D1,"",none,"",TQeD2VCBsFL0zPZZ8L49
"PARKING/ HONDARRIBIA",43.353544,-1.795397,icon-1644-0288D1,"",none,"",NoEupmOvfdnRsjo9GKG8
"RUTA RECOMENDADA C y D HONDARRUBIA (Puerto)",,,line-F9A825-5000,"",none,"",ac6SHMHSBXy6WJRhKGnA
"CARGA / DESCARGA - CASTELLÓN DE LA PLANA",39.984007,-0.035033,icon-1826-0F9D58,"",none,"",Vecxk3eAKjGvz7kEARZD
"CARGA / DESCARGA - BADAJOZ",38.880557,-6.975831,icon-1826-0F9D58,"",none,"",LJG4yh44atGXrSLLmU34
"CARGA / DESCARGA - ZAFRA ( Badajoz)",38.424106,-6.416071,icon-1826-0F9D58,"",none,"",d9xBxNMA8o2TCklAKu2j
"MONTE IGELDO S. SEBASTIÁN",43.31853,-2.011203,icon-1535-757575,"",none,"",fPBAQvYV0IQvFFd66nx4
"PARKING BUS / Castro Urdiales (Cantabria)",43.388608,-3.230025,icon-1532-7CB342,"",none,"",MYX5adbDjBeFXWdI7VhV
"ACCESO A PLAZA MAYOR CUENCA",,,line-9C27B0-5000,"",none,"",QWC54agM7RXD3Qw910wd
"INFO",40.077878,-2.137319,icon-1608-0288D1,"",none,"",FLkNtPnh7RnEUy4wOgvD
"ARCO PLAZA MAYOR",,,poly-9C27B0-7000-77,"",none,"",
"C Y D / Collioure (FR)",42.526123,3.083311,icon-1826-0F9D58,"",none,"",6Xt6cH5OYwilUwu3hubg
"PARKING MIXTO / CUENCA",40.082012,-2.123651,icon-1644-0288D1,"",none,"",MEp4jp9v4GZq349TRMue
"AREA NAVARRO",41.539125,-1.238302,icon-1577-795548,"",none,"",srM0wY5YYvBioDmSxAoe
"APARCAMIENTO/ LÉRIDA",41.614661,0.637129,icon-1644-0288D1,"",none,"",NTc2xj7iYlMZESHVux26
"HOTEL 3 CAMINOS / EL GRADO",42.141262,0.224634,icon-1602-9C27B0,"",none,"",tY8iNiGCndyq3IqZ4JpU
"SANTUARIO DE TORRECIUDAD",42.169175,0.237728,icon-1670-F57C00,"",none,"",4wBKk30veReesrWYAyxM
"ESTACIÓN ESQUÍ / CERLER",42.588963,0.53976,icon-1688-BDBDBD,"",none,"",04XYMuxlWIJ3SW00b4UO
"NATURLANDIA / ANDORRA",42.441521,1.500294,icon-1644-0288D1,"",none,"",V3axg0qlRWJuJILEf5aF
"SANTUARIO DE MERITXELL / PK Bus",42.55386,1.590526,icon-1670-F57C00,"",none,"",9o1ROxWaGtOfVJtu0aV3
"COLEGIO LA SALLE / LA SEU D'URGELL",42.355198,1.457885,icon-1682-FFD600,"",none,"",qtD1Ea4IzuFvrIAdZOLo
"ESTACIÓN BUS / PAMPLONA",42.8108,-1.644694,icon-1532-0288D1,"",none,"",123hcrieAw6Prnhjcygf
"ESTACIÓN BUS / TOULOUSE (FR)",43.613723,1.451761,icon-1532-0288D1,"",none,"",rZqeE0LtUSs02ojqj84G
"CARGA / DESCARGA HONDARRUBIA",43.374734,-1.796669,icon-1826-0F9D58,"",none,"",ZXJO8AdxnGaN3F4vZIno
"CARGA / DESCARGA HONDARRUBIA",43.360751,-1.79014,icon-1826-0F9D58,"",none,"",2CdnhMfrBj28F5e3EjOC
"PARKING / GIJÓN",43.527098,-5.632152,icon-1644-0288D1,"",none,"",KBjd2kmWUWL2eHjTTeAe
"ESTACIÓN BUS / LUANCO",43.613204,-5.794264,icon-1532-0288D1,"",none,"",rWik4gLKB8f3FbKPhsSM
"PARKING / LUARCA",43.536684,-6.532691,icon-1644-0288D1,"",none,"",6HPUtime2fsMC1L3FsEg
"PARKING / FOZ",43.574678,-7.25102,icon-1644-0288D1,"",none,"",xgqpY96JvctcncsYuwXG
"PARKING / BURELA",43.660476,-7.354583,icon-1644-0288D1,"",none,"",eP4baFSGdFQljKdG6YSU
"APARCAMIENTO/ CARIÑO (A CORUÑA)",43.739514,-7.867024,icon-1644-0288D1,"",none,"",BDV9qgYWTDP583QDMVDq
"MONTE DE SAN PEDRO/ A CORUÑA",43.37632,-8.436528,icon-1535-757575,"",none,"",ZVQLpgNZ0zju8VAFo6KT
"PARKING BUS / ASCENSOR (Monte S. Pedro) A CORUÑA",43.37761,-8.43111,icon-1636-A52714,"",none,"",OeQdZ1XazdBAzkYO4pyd
"APARCAMIENTO VILLAGARCÍA DE AROUSA",42.600359,-8.767188,icon-1644-0288D1,"",none,"",EjgVOMogYTLdeKcOjL7k
"INFO / O GROVE",,,line-0288D1-5000,"",none,"",1Gp9kGukoCGdj34asylJ
"INFO / O GROVE",42.497925,-8.859953,icon-1608-0288D1,"",none,"",1Gp9kGukoCGdj34asylJ
"MONASTERIO De Poio ⛪ / Poio (Pontevedra)",42.448053,-8.685388,icon-1670-E65100,"",none,"",K7fyW4zzHVXhqznSvkIc
"APARCAMIENTO / PONTEVEDRA",42.438672,-8.639782,icon-1644-0288D1,"",none,"",ZPIA1awTBOF9eNTI4Z3Z
"VIRXE DA ROCHA",42.120082,-8.858437,icon-1670-E65100,"",none,"",C1QSDoMF7nOdq8MJg7NO
"PARKING/ TUY",42.052505,-8.644439,icon-1644-0288D1,"",none,"",k4R1HJMPBXCqETmw1bDw
"ESTACIÓN BUS / VILANOVA DE CERVEIRA (PO)",41.937718,-8.746656,icon-1532-0288D1,"",none,"",MqHoobwF7pnOWgRzTWgI
"APARCAMIENTO / VILANOVA CERDEIRA (PO)",41.941898,-8.744271,icon-1644-0288D1,"",none,"",ohRTBU92CQ6CITNynJXt
"INFO MOLINIS CONSUEGRA",39.461652,-3.606974,icon-1608-0288D1,"",none,"",oAfTSDTdU7sSFLlzuhbf
"ESTACIÓN BUS / OPORTO (PO)",41.161498,-8.630001,icon-1532-0288D1,"",none,"",YyldPGzlNaU7Uw4csenJ
"ESTACIÓN BUS / ZAMORA",41.513968,-5.739566,icon-1532-0288D1,"",none,"",txdVACOMGAajppTJ0SXr
"ESTACIÓN BUS / VALLS",41.28585,1.253456,icon-1532-0288D1,"",none,"",dzjseysCXwWa5o6s5A8g
"ENTRADA PARKING CLUNY (Fr)",,,line-87CEAC-8000-nodesc,"",none,"",d8ySDiJoovL5n3Sijkml
"SALIDA PARKING CLUNY (Fr)",,,line-9C27B0-6000-nodesc,"",none,"",tvawPQY0h2HDOcxaSbwL
"APARCAMIENTO/ TALAVERA DE LA REINA",39.959107,-4.824872,icon-1644-0288D1,"",none,"",hA3Nz9sp8Somb8OioBhV
"CARGA / DESCARGA (EXPRESS) - BASÍLICA DE LA MACARENA",37.40418,-5.987333,icon-1826-E65100,"",none,"",hDu2ePxiELD4qXEXwHs9
"BASÍLICA Notre-Dame de la Garde / MARSELLA (Fr)",43.285157,5.370692,icon-1670-E65100,"",none,"",G0ucgBPUGEUbVm6qSqof
"CARGA / DESCARGA - BAYONA (Pontevedra)",42.121405,-8.849916,icon-1826-0F9D58,"",none,"",ki3c0adbG9O3uhYZ9TDX
"CARGA / DESCARGA - COMBARRO",42.428548,-8.707749,icon-1826-0F9D58,"",none,"",cJNwd8UN9vJ7kiSNZiym
"CARGA / DESCARGA - MONDRAGÓN",43.063254,-2.481667,icon-1826-0F9D58,"",none,"",BoQmTD6uRRExTvNRRUrE
"CARGA / DESCARGA - TALAVERA DE LA REINA",39.956867,-4.830893,icon-1826-0F9D58,"",none,"",5c1uTPC4stMkuLxuK2tw
"TERMINAL BALEARIA / DÉNIA",38.845906,0.114283,icon-1826-0F9D58,"",none,"",mBuDmgmo1sb1QRtiWw61
"CARGA / DESCARGA - MASELLA (Fr)",43.296565,5.362888,icon-1826-0F9D58,"",none,"",PtCmjR2Wg0AQByktRkg4
"CARGA / DESCARGA - SOLSONA",41.995296,1.52116,icon-1826-0F9D58,"",none,"",4aIi4jRvYQjCAjtHq9jf
"CARGA / DESCARGA - AIX EN PROVENCE (Fr)",43.525117,5.44417,icon-1826-0F9D58,"",none,"",VNB1icK4oTpWDv6Ad5RH
"ESTACIÓN BUS / TOULON (Fr)",43.126935,5.932753,icon-1532-0288D1,"",none,"",Vpl70U6EeYdtNeefzvtF
"CARGA / DESCARGA (EXPRESS) - CANNES (Fr)",43.551305,7.014383,icon-1826-E65100,"",none,"",lcHEsEppHUnEoLgsNPSt
"AREA DE MONTÉLIMAR (Fr)",44.517254,4.782142,icon-1577-795548,"",none,"",omSOThwM7wxhRulR8eu3
"AREA BUFFET LIBRE / GUISSONA",41.781844,1.277429,icon-1577-795548,"",none,"",r5nPaM50gXKHCJATmCMM
"ZONA DE ESPERA / SOLSONA",41.993885,1.526959,icon-1534-4E342E,"",none,"",AgO9JfHZK3XrVl2BU5bP
"APARCAMIENTO/ SOLSONA",41.993612,1.5292,icon-1644-0288D1,"",none,"",vaXjdBEzmsh86gbMnPLj
"AREA DE LA PANADELLA",41.617284,1.399032,icon-1577-795548,"",none,"",gUWxqmAHngoDvLEQjU9b
"APARCAMIENTO / ALMERÍA",36.82526,-2.443616,icon-1644-0288D1,"",none,"",bnSquS9KAHkOCLTtpVTc
"PARKING / BAÑOS DE LA ENCINA ( Jaén)",38.176804,-3.775517,icon-1644-0288D1,"",none,"",FpdLfVFy5IWbCzXyNsMP
"CARGA / DESCARGA- ALMERÍA",36.83864,-2.463432,icon-1826-0F9D58,"",none,"",LyeNfgiDrfPZnKtr2ubS
"HOTEL INTUR ORANGE / BENICASSIM",40.041261,0.05106,icon-1602-9C27B0,"",none,"",jEetUI12tJJGClXGVdes
"MUSEO Minero 🏛️ / Riotinto (Huelva)",37.693251,-6.596062,icon-1636-A52714,"",none,"",pPPaZAmljTWMknbmt69h
"APARCAMIENTO / CHIPIONA",36.737023,-6.423113,icon-1644-0288D1,"",none,"",KqsaB91R5KJGXGRAiq7x
"APARCAMIENTO / CASTELLAR DE N'HUG",42.282003,2.016152,icon-1644-0288D1,"",none,"",suzPoMg2Vlc0vCUj7dap
"APARCAMIENTO / SANTARÉM (PO)",39.230479,-8.689452,icon-1644-0288D1,"",none,"",xwH1y3vJ8qcUSm4mybY9
"PARKING BUS Pujol - Lloret de Mar",41.697318,2.819675,icon-1532-000000,"",none,"",ftlbkYCqid7bAfbJIB88
"C Y D / Girona",41.987174,2.822071,icon-1826-0F9D58,"",none,"",ua87lZtLHRYP4H1CWovq
"HOTEL Panorama / L'Estartit ",42.050339,3.196213,icon-1602-9C27B0,"",none,"",
"RUÏNES D'EMPÚRIES / Parking Bus",42.131784,3.120496,icon-1502-C2185B,"",none,"",XEWEdgK0scJiEYbtTZfM
"PARKING BUS / Palamós",41.84554,3.128246,icon-1532-7CB342,"",none,"",JF1VY5zcksVL9KczrC4h
"C Y D / Platja D'Aro",41.819504,3.068138,icon-1826-0F9D58,"",none,"",pNzOSvpSckxmYqO4eX86
"PARKING BUS / Platja D'Aro",41.82546,3.063968,icon-1826-DB4436,"",none,"",UveynXeyK58XnOtoQFKv
"ZONA DE ESPERA / Platja D'Aro",41.81785,3.059649,icon-1534-4E342E,"",none,"",53KHjSS7S6ZeV9lR2DBs
"C Y D / Sant Feliu de Guíxols",41.780638,3.030911,icon-1826-0F9D58,"",none,"",BwlOkQoeo4kysWDj4wiP
"ZONA DE ESPERA / Sant Feliu de Guíxols",41.783446,3.019894,icon-1534-4E342E,"",none,"",UPVXJG6RicvxGXc2jmI8
"ℹ️ SUBIDA MOLINOS / Campos de Criptana (Ciudad Real)",,,line-F9A825-5000,"",none,"",W96q9DhDpkYJxFi1KyhQ
"APARCAMIENTO MIXTO / Málaga",36.73223,-4.426338,icon-1644-0288D1,"",none,"",bO64Kb2BI4zUqzDtnF1Z
"ABADES Pedro Abad ⬇️ / Pedro Abad (Córdoba)",37.971487,-4.457709,icon-1769-DB4436,"",none,"",mKMRFwjsmUEWEKhPzHFd
"PARKING BUS / Sines (PO)",37.951014,-8.863635,icon-1532-7CB342,"",none,"",DomWSRfRXD6vDlcidv8x
"C Y D / Estoril / (PO)",38.704558,-9.398958,icon-1826-0F9D58,"",none,"",eFTyDU5cMGo022Tt1coA
"C Y D 🔄 / Valdepeñas  (Ciudad Real)",38.763381,-3.395087,icon-1826-0F9D58,"",none,"",x6iWV3WfeyWOxtBdXsd1
"ZONA DE ESPERA / Valdepeñas",38.747965,-3.393098,icon-1534-4E342E,"",none,"",Z7kyrdAB5KbV8m4II6TG
"AEROPUERTO Barcelona / SALIDAS T1",41.287355,2.073978,icon-1504-880E4F,"",none,"",QquDAGFMW8fk3hWwGdbT
"AEROPUERTO Barcelona LLEGADAS T1",41.287216,2.073283,icon-1504-880E4F,"",none,"",6dEfctIiPmetwHXnh6UT
"PARKING BUS EN LINEA / Oporto (PO)",,,line-0288D1-6000,"",none,"",0e1RSJqCF1rQZpH2RtkN
"PROHIBICIÓN Mataró",41.559132,2.427853,icon-1898-C2185B,"",none,"",K33IXsaOtnHbrb0z3A93
"RECORRIDO PARC FORESTAL - BOSC VERTICAL/ Mataró",,,line-F9A825-5000,"",none,"",vp1aWOZ8JqZ0LlJGPGG5
"PARKING PARQUE FORESTAL / BOSQUE VERTICAL / Mataró",41.564919,2.430744,icon-1644-0288D1,"",none,"",UTacyniNNUj29LuuMb8M
"ESTACIÓN BUS / Igualada",41.57765,1.631354,icon-1532-0288D1,"",none,"",UmQLVrSgi9lHHAZe8Im2
"APARCAMIENTO / Alcalá La Real",37.454141,-3.921362,icon-1644-0288D1,"",none,"",rkDyDk5Xg936q0L9rxSV
"C Y D / Alcalá La Real",37.461161,-3.922806,icon-1826-0F9D58,"",none,"",ORZwnS096Q74HSu2zfoD
"ÁREA Las Fuentes/ Arévalo",41.078302,-4.734249,icon-1577-795548,"",none,"",1BLt62qusi9OFGofXm2v
"Parking Bus / Forum Barcelona",,,line-0288D1-6000,"",none,"",G24spRimYiWMjFnC38Ko
"APARCAMIENTO ALTERNATIVO",,,line-0288D1-6000,"",none,"",kfLtPgbP4cA275OxjLkZ
"PARKING BUS ✅️ / Barcelona",41.37229,2.187949,icon-1532-7CB342,"",none,"",dz2381RWfWH3CJdrIQ9H
"PARKING BUS ✅️ / Barceloneta",41.373373,2.188128,icon-1532-7CB342,"",none,"",qbWGsej934u3jSBDE4VR
"ZONA ESPERA / Barcelona",41.346279,2.131509,icon-1534-4E342E,"",none,"",JuqZYNf14evnUntXafWY
"MUSEO Trajes de Papel 🏛/ Mollerussa (Lérida)",41.63002,0.897091,icon-1636-A52714,"",none,"",vfSoKbsKH2x5kgiqNSc0
"ESTACIÓN BUS / Sabiñánigo",42.520208,-0.372605,icon-1532-0288D1,"",none,"",4pds9okXorzyJ3gqnrPR
"PARKING BUS ✅️ / La Gineta (Albacete)",39.119046,-2.004905,icon-1532-7CB342,"",none,"",CbFQpH7TOzCwfpqbE9lX
"AEROPUERTO/ Teruel",40.415382,-1.222204,icon-1504-880E4F,"",none,"",GV8AGH5IJ2PPE7s6AC1p
"ESTACIÓN BUS / Alfaro",42.179607,-1.758646,icon-1532-0288D1,"",none,"",yP3vKHwRKyYplytUTcIz
"HOTEL ABBA / Huesca",42.133081,-0.406795,icon-1602-9C27B0,"",none,"",4aEzydAUz0dfu580OAve
"ESTADIO El Alcoraz / Huesca",42.132392,-0.425417,icon-1698-DB4436,"",none,"",gzfn0s1eS347E8SLn92H
"GUIA ATAPUERCA",42.379401,-3.497314,icon-1803-1A237E,"",none,"",cdvhewyVZAewT9b1stSI
"APARCAMIENTO / Yacimientos Atapuerca",42.348632,-3.519591,icon-1644-0288D1,"",none,"",Y3AMvnWA8DNrjpEZSnDs
"ZONA DE ESPERA / Covarrubias (Burgos)",42.061012,-3.516228,icon-1534-4E342E,"",none,"",KpmDgoTfELx4Lq8JMklg
"C Y D / Covarrubias (Burgos)",42.060082,-3.519456,icon-1826-0F9D58,"",none,"",XPjrOMYcFOocpKU59rxi
"PARKING BUS / Sevilla",37.404029,-5.934848,icon-1532-7CB342,"",none,"",OJAL43AfTEb4j2oynkp7
"MONASTERIO Santa María de Lluçà / Lluçà (Barcelona )",42.050894,2.035319,icon-1670-E65100,"",none,"",vBs3aOqo5hsD8oEAPAYi
"SANTUARIO Mare de Deu Dels Munts 🕍 / Sant Agustí de Lluçanès (Barcelona)",42.078549,2.151557,icon-1670-E65100,"",none,"",ohQKjKWJQXzIGh11l1m7
"CUEVAS Del Toll 🚸/ Moià (Barcelona)",41.805558,2.150247,icon-1542-3949AB,"",none,"",cHu5E6jx3R3coazMtPzZ
"PARKING BUS / Isla de la Toja",42.483517,-8.851468,icon-1532-7CB342,"",none,"",QiQebZquzGqbTleWAYat
"AUTOCARES VALDÉS / Alicante",38.348062,-0.52676,icon-1532-000000,"",none,"",EZqs4xEU88ZR40ye6WuL
"AUTOCARES MI-SOL / Elche",38.290387,-0.620946,icon-1532-000000,"",none,"",aX7sN2etImWG7WtkLBTj
"PARKING BUS / Orbaneja del Castillo (Burgos)",42.830797,-3.795283,icon-1532-7CB342,"",none,"",hQ45JRASAkLTfhrqlvgN
"ZONA AZUL / Barcelona",,,line-0288D1-5000,"",none,"",Q0Xq0vB81nji5NAIYgUz
"ZONA AZUL💰 / Barcelona",41.384216,2.190034,icon-1513-1A237E,"",none,"",2KdaFbnrleLhq9FdcO6Y
"PARKING BUS / Alquézar (Huesca)",42.170876,0.022722,icon-1532-7CB342,"",none,"",DgggkWFCU8pQmHPaXhfd
"ViaBus®",38.564908,6.149134,icon-1899-DB4436,"",none,"",ke3K51qHXIWzk8xsHllM
"HOTEL IBIS BUDGET / Málaga",36.691068,-4.460964,icon-1602-9C27B0,"",none,"",CLdBlpozoX3lDL3ACqf3
"HOTEL ROMERITO / Málaga",36.698958,-4.474638,icon-1602-9C27B0,"",none,"",TM380g8LQ2U0tc8qg8C4
"C Y D / Campus de Mieres (Asturias)",43.240229,-5.777187,icon-1826-0F9D58,"",none,"",NJ4oartv4MoVWcGTvPBe
"MUSEO de la Mina 🏛️ / Arnao (Asturias)",43.576514,-5.979129,icon-1636-A52714,"",none,"",PRnDhVfhULAgs7jjv2gk
"GASOLINERA BP ⛽  / Carcedo (Oviedo)",43.541594,-6.025887,icon-1581-006064,"",none,"",yAEwegjJuOVGrwe2PDB2
"PARKING BUS / Villademoros (Asturias)",43.544979,-6.398151,icon-1532-7CB342,"",none,"",VwhURrXZaZ1iINuRy4h0
"PARKING BUS / Cueva (Asturias)",43.545419,-6.467188,icon-1532-7CB342,"",none,"",2t1TQjMCr7BNiaIGsf9T
"PARKING BUS ✅ / Zugarramurdi (Navarra)",43.270785,-1.540975,icon-1532-7CB342,"",none,"",Mwf3eIf3iveDnOf2yaE0
"APARCAMIENTO / Sort (Lérida)",42.407765,1.129335,icon-1644-0288D1,"",none,"",LoCBoyV5f3DVdsXv6Hpv
"C Y D / Sort (Lérida)",42.411942,1.131765,icon-1826-0F9D58,"",none,"",ik2VAhmCLLkBqRZCb9mG
"LA BRUIXA D' OR / Sort (Lérida)",42.413478,1.132544,icon-1502-C2185B,"",none,"",3qBcZYHg3qxPk3Fcp7r6
"APARCAMIENTO / Pont de Suert (Lérida)",42.404708,0.741264,icon-1644-0288D1,"",none,"",2SCY7PZ3SUy3atag96zK
"ECCE HOMO DE BORJA / Borja (Zaragoza)",41.854668,-1.574816,icon-1670-E65100,"",none,"",DyxvYBnIif3UEqflMj0m
"INFO - CAMBIO DE SENTIDO / Borja (Zaragoza)",41.860462,-1.580389,icon-1608-3949AB,"",none,"",QP03TCOlmnEjoUmuU0iM
"GASOLINERA REPSOL ⛽ / Melgar de Fernamental (Burgos)",42.402856,-4.23805,icon-1581-006064,"",none,"",rdd6QTcFk4l408P2zVwA
"C Y D / Medina del Campo (Valladolid)",41.308831,-4.919546,icon-1826-0F9D58,"",none,"",igiQjB0pjwAbOpS3bAnu
"ZONA DE ESPERA/ Medina del Campo (Valladolid)",41.307366,-4.921891,icon-1534-4E342E,"",none,"",V2JZV3sJBt63PkiB6uM8
"C Y D / Las Rozas Village - Las Rozas (Madrid)",40.518235,-3.902415,icon-1826-0F9D58,"",none,"",jugy50CzuYPzueOYDd1c
"PARKING BUS / Alfândega da Fé (PO)",41.343554,-6.96133,icon-1532-7CB342,"",none,"",4bBYrzTWKgoDEZm0O7G4
"C Y D / Itálica - Santiponce (Sevilla)",37.44403,-6.044145,icon-1826-0F9D58,"",none,"",CbWwiLWerbBcZkHqTIhR
"ZONA DE ESPERA / Santiponce (Sevilla)",37.444932,-6.044158,icon-1534-4E342E,"",none,"",sLbXsSHtccx7cQsKqpKv
"ZONA DE ESPERA/ Sahagún (León)",42.36928,-5.023218,icon-1534-4E342E,"",none,"",XrqErh7AuczBwxYKa0Nm
"PARQUE PREHISTÓRICO TEVERGA / (Asturias)",43.13873,-6.07648,icon-1636-A52714,"",none,"",mfI42HvgeCDQ0xrawY0M
"APARCAMIENTO / San Saturnino (A Coruña)",43.529371,-8.070949,icon-1644-0288D1,"",none,"",hSZQgcZRYyg3KB48VGyi
"C Y D / Santa Comba (A Coruña)",43.033872,-8.805861,icon-1826-0F9D58,"",none,"",C1ht6exrqftiDslbmR1n
"ZONA DE ESPERA/ Santa Comba (A Coruña)",43.034222,-8.80286,icon-1534-4E342E,"",none,"",Rj808N5qMWvhQXXG19xI
"HOTEL PLAZA / Benidorm (Alicante)",38.538657,-0.126804,icon-1602-9C27B0,"",none,"",WDO8cJy3gc3slJBxs72e
"ÁREA ABADES SIERRA ESPUÑA LEVANTE ⬇️/ Alhama de Murcia (Murcia)",37.794954,-1.427326,icon-1577-DB4436,"",none,"",HlS0wik6MK2UrmnWsLs9
"ÁREA LA PARADA / Puerto Lumbreras (Murcia)",37.575418,-1.800659,icon-1577-795548,"",none,"",auayzpUgIHdDOE9yx4q9
"PARKING SAN BELTRAN (Pago)ℹ️ / Barcelona",41.368157,2.174587,icon-1608-3949AB,"",none,"",NzCC74MmQ9Ji4q7ddH0l
"MONASTERIO DE SANTES CREUS",41.350741,1.363309,icon-1670-E65100,"",none,"",m0oSCCzieQoTKSDz6cdb
"TURRONES ROIG 😋 / Agramunt / (Lérida)",41.780831,1.111092,icon-1769-000000,"",none,"",mZmWxAxpmmc7hiJnnNuc
"TURRONES VICENS y 😋/ Agramunt (Lérida)",41.787047,1.093758,icon-1769-000000,"",none,"",5P7XAgupyRZts0qlxoS2
"HOTEL TERRADETS / Cellers (Lérida)",42.069711,0.88343,icon-1602-9C27B0,"",none,"",bTFblFPZNXq5wUFXelkL
"PARKING 🅿️ / La Pobla de Segur (Lérida)",42.24091,0.965861,icon-1644-0288D1,"",none,"",F49NJI8PizLRM8Yi9Thf
"ÁREA SERVICIO ⏸️ / Hospitalet de L' Infant (Tarragona)",40.986728,0.895346,icon-1577-795548,"",none,"",OLdzpeDTWI9oqNPzGdWN
"MUSEO Molino Papelero 🏛(Parking)/ Capellades",41.526915,1.68413,icon-1636-A52714,"",none,"",CLA77BBh14pWhFp6znim
"PARKING Cuevas De Collbató 🅿️ / Collbató (Barcelona)",41.572914,1.829356,icon-1644-0288D1,"",none,"",nqyrN9A7hxyErd7CM93i
"AREA SERVICIO Jardin Des Causses Du Lot Labastide-Murat (FR)",44.657604,1.569121,icon-1577-795548,"",none,"",vr0ppyoJDlsE2GTD3a8x
"C Y D / Montpellier (FR)",43.612066,3.867608,icon-1826-0F9D58,"",none,"",edC8qg9YInjvGZNb182f
"C Y D / Montpellier (FR)",43.609029,3.885714,icon-1826-0F9D58,"",none,"",WN6kfD32GfDuEu9rHcwb
"ZONA DE ESPERA / Madrid",40.398354,-3.680346,icon-1534-4E342E,"",none,"",8clx04h9VZT8kkczOsrC
"ZONA DE ESPERA / Madrid",40.436224,-3.726013,icon-1534-4E342E,"",none,"",jPfZJE9THLinfA6nGz9m
"PARKING 🅿️ / Tarragona",41.124098,1.274421,icon-1644-0288D1,"",none,"",I6quZEZRLcn3TJHnK28z
"ZONA DE ESPERA ☕️/ Salamanca",40.983215,-5.649449,icon-1534-4E342E,"",none,"",FBsoypvNmrvElt2Zr1oI
"FARO DE MESA ROLDÁN",36.94243,-1.907482,icon-1535-757575,"",none,"",jSRz9YVsI0PpApoLSxld
"AUTOCARES MARESBUS / Cabrera de Mar",41.52694,2.405361,icon-1532-000000,"",none,"",iidGhE5hkL7Xi8eC5wcu
"PARKING (Pago)💰 / Lyon (FR)",45.780971,4.857541,icon-1513-1A237E,"",none,"",DVwfhm9RvbpBEU8vEnNA
"C Y D / Basílica Notre-Dame de Fourvière / Lyon (FR)",45.761576,4.821248,icon-1826-0F9D58,"",none,"",NWk4wodivqGzKfDt4DfD
"AUTOCARES NIKA ☑️  / Tarragona",41.142987,1.22313,icon-1532-000000,"",none,"",ugjcjh8sjnPgYXR2tDZK
"AUTOCARES NIZATOUR / Molins de Rei (Barcelona)",41.403421,2.021128,icon-1532-000000,"",none,"",ldeRaYbnpUegJZ9iS12T
"AUTOCARES AMPSA ✔️ / Torroella de Montgrí (Girona)",42.04028,3.141129,icon-1532-000000,"",none,"",fv2Jfq8CsKvKkdh5B1p6
"AUTOCARES LACT / Dos Hermanas (Sevilla)",37.345114,-5.940527,icon-1532-000000,"",none,"",f84ANLjQzXadpKx5u1OA
"AUTOCARES VISTABUS / Sant Boi de Llobregat (Barcelona)",41.324968,2.037301,icon-1532-000000,"",none,"",VfA1tqJWAHQQ80fuDswM
"AUTOCARES TORRES / Náquera (Valencia)",39.59672,-0.388644,icon-1532-000000,"",none,"",RwGVuenkHyxxUowFjVyU
"AUTOCARES VAZQUEZ OLMEDO / Alharín de la Torre (Málaga)",36.684065,-4.54228,icon-1532-000000,"",none,"",vn4XyQunBHgP6Gdhv64N
"AUTOCARES VAZQUEZ S.A / Jerez de los Caballeros (Badajoz)",38.334471,-6.774943,icon-1532-000000,"",none,"",ZLPWB7ruMZDAhfJpA3F0
"AUTOCARES BELLO / Sta Coloma de Gramanet (Barcelona)",41.461559,2.207489,icon-1532-000000,"",none,"",7pxQFnA4bLMdgiL3QSij
"AUTOCARES FONT / Alella (Barcelona)",41.494121,2.29529,icon-1532-000000,"",none,"",uBQucLE60UmvBR6p61UQ
"AUTOCARES DURÀ / Barcelona",41.428505,2.198305,icon-1532-000000,"",none,"",ooJdHRfDgNGPnFGrUgI0
"DESCARGA / Málaga",36.722346,-4.416461,icon-1826-0F9D58,"",none,"",j9zzO6QsMmj00MtSRy7G
"AUTOCARES ALOMPE / Sevilla",37.375892,-5.926866,icon-1532-000000,"",none,"",2DtyU7miGmKRzINfpcI1
"AUTOCARES ALONSO / Rivas-Vaciamadrid",40.34439,-3.533812,icon-1532-000000,"",none,"",1tqdJgeiUokKVGrIiDxg
"AUTOCARES CHAOS / Madrid",40.44522,-3.570284,icon-1532-000000,"",none,"",VLwjHYgu3iZviOi2erX1
"AUTOCARES YOLCAR / Madrid",40.44649,-3.566604,icon-1532-000000,"",none,"",xQVFRM4YkqgXUB9r8s9h
"ALBERGUE Las Lomas / Calasparra (Murcia)",38.25614,-1.709612,icon-1682-673AB7,"",none,"",DRD1kylVpx4SfbbMEPbw
"APARCAMIENTO/ Aranda de Duero (Burgos)",41.676839,-3.68383,icon-1644-0288D1,"",none,"",tO7GpD3zIkBTppVwas6H
"ZONA DE ESPERA / Aranda de Duero",41.676736,-3.692279,icon-1534-4E342E,"",none,"",X6i101PnLmEz0yaQHMsE
"APARCAMIENTO/ Aranda de Duero (Burgos)",41.663665,-3.693883,icon-1644-0288D1,"",none,"",5N36RCLdiIAcrwAsfuLa
"APARCAMIENTO/ Linares (Jaén)",38.091244,-3.651553,icon-1644-0288D1,"",none,"",lTS3MRO5yJKa3o6uzBzm
"AUTOCARES VÁZQUEZ / A Couña",43.353007,-8.433135,icon-1532-000000,"",none,"",XGmBDFC2QvG3xfnTD7Xo
"AUTOCARES BENITO ABALO / Caldas de Rei (Pontevedra)",42.600417,-8.644303,icon-1532-000000,"",none,"",czhEwq4UwSa7vApuC1hv
"ZONA DE ESPERA /Alburqueque (Badajoz)",39.22313,-7.007063,icon-1534-4E342E,"",none,"",PQOXsM0GdumTErD5n8MO
"ESTACIÓN BUS 🚍 / Alburqueque (Badajoz)",39.224245,-6.999119,icon-1532-0288D1,"",none,"",Znm5C1PRBLzUTPN35P1Y
"APARCAMIENTO / Fuengirola (Málaga)",36.537788,-4.633961,icon-1644-0288D1,"",none,"",T8YBnie3TxXwS9x6RjKM
"HOTEL Las Palmeras / Fuengirola (Málaga)",36.542218,-4.619198,icon-1602-9C27B0,"",none,"",EhtnS0rMO7SSkq8ld5HA
"HOTEL Aluasun 🛏️/ Torremolinos (Málaga)",36.636829,-4.498461,icon-1602-9C27B0,"",none,"",2Qph4fxxo655l4PFdVMz
"ÁREA SERVICIO Canuhe / Guerra de Gállego (Huesca)",41.992237,-0.667007,icon-1577-795548,"",none,"",Xv9DAB96NfdAJu7WFooT
"PARKING BUS / Oporto (PO)",41.150498,-8.639459,icon-1532-7CB342,"",none,"",Rsk0ET3arqpBNuelyTXX
"PARKING (Pago) 💰/ Oporto (PO)",41.152473,-8.633514,icon-1513-1A237E,"",none,"",yvLVF8zUeh4ZdgBzgTZO
"PARKING BUS / Poitiers (FR)",46.582006,0.371141,icon-1532-7CB342,"",none,"",qr0qvqMxenDmYMTImZd1
"ESTACIÓN BUS / Poitiers (FR)",46.581728,0.379617,icon-1532-0288D1,"",none,"",VO71UzXcrBRqVWGRl96z
"ZONA DE ESPERA / Poitiers (FR)",46.593775,0.365536,icon-1534-4E342E,"",none,"",LnQ7V695ay3CDrDTa7zs
"APARCAMIENTO/ Poitiers (FR)",46.596251,0.364352,icon-1644-0288D1,"",none,"",zwUAHgKtE8LCqQktGjxH
"PARKING BUS / Saumur (FR)",47.255222,-0.072563,icon-1532-7CB342,"",none,"",J6QT9B81LpiT4hiUmMpD
"C Y D / Saumur (FR)",47.26064,-0.075565,icon-1826-0F9D58,"",none,"",CjSS5GKDZ8Jn31J941At
"APARCAMIENTO / Saumur (FR)",47.2656,-0.074456,icon-1644-0288D1,"",none,"",9WkIDdegfzWatyZzMbcI
"ZONA DE ESPERA / Saumur (FR)",47.265801,-0.09085,icon-1534-4E342E,"",none,"",592wAb5l8XodV7PmLZnN
"VInos Dive Bouteille / Saumur (FR)",47.271487,-0.106015,icon-1798-FBC02D,"",none,"",6m4L5xFvW1txMHFrCjhv
"PARKING (Pago) 💰 / París (FR)",48.897547,2.388384,icon-1513-1A237E,"",none,"",r9I3QqeJH2h54cSZEZUS
"PARKING BUS / Centelles (Barcelona)",41.801295,2.217136,icon-1532-7CB342,"",none,"",EnXUoNOp5q9LQ4wzjwet
"ALTURA MAXIMA 3,90M / A Coruña",43.367724,-8.406284,icon-1541-FFD600,"",none,"",oll3jXSsT9uQh2J0TCPl
"PARQUE NATURAL CABÁRCENO/ Obregón / (Cantabria)",43.349376,-3.854382,icon-1542-1A237E,"",none,"",YUwVrWFlMWnYwk3FMJa4
"ENTRADA ESTE CABÁRCENO / Oregón (Cantabria)",43.3585,-3.82202,icon-1542-1A237E,"",none,"",lmDRujl2ukW43bbKnkjH
"ÁREA SERVICIO / Oiartzun (Guipúzcoa)",43.318938,-1.847706,icon-1577-795548,"",none,"",dpjchKJpV2fZIsZkeGlE
"C Y D / Ocaña (Toledo)",39.957491,-3.49923,icon-1826-0F9D58,"",none,"",GMJCUkd3SqrkFAftoQnj
"C Y D / Caravaca de La Cruz (Murcia)",38.10604,-1.865774,icon-1826-0F9D58,"",none,"",DGxEKUQxhl3o3yukv5Ul
"APARCAMIENTO / Castellón de la Plana (Valencia)",39.981697,-0.024038,icon-1644-0288D1,"",none,"",Kz7jra2Bcy6Bw4AtKpvV
"IES REGUISSOL / Sta Maria de Palautordera (Barcelona)",41.699801,2.441955,icon-1682-FFD600,"",none,"",Byj3Ggi6XCgOavW909Lz
"PARKING BUS / Sant Esteve de Palautordera (Barcelona)",41.702508,2.439147,icon-1532-7CB342,"",none,"",w6eOfwaGDxzezrPYof50
"COLEGIO VALLMANYA / Sant Esteve de Palautordera",41.70116,2.435534,icon-1682-FFD600,"",none,"",AocBo9XpxUocMnxwxq60
"C Y D / Montseny (Barcelona)",41.76005,2.394306,icon-1826-0F9D58,"",none,"",vz9rkflEJPn5RiepOFMT
"APARCAMIENTO / El Montseny (Barcelona)",41.762462,2.391703,icon-1644-0288D1,"",none,"",G8gCJjhY5uNvjfB7dZyK
"APARCAMIENTO Sta Fe del Montseny",41.774591,2.461187,icon-1644-0288D1,"",none,"",nqHxJDRG8qEEhzRA3H5I
"BUS Escolar 🅿️ / Barcelona",41.41223,2.124774,icon-1532-F57C00,"",none,"",xi1Mwr2x5o8AGMVtkP6z
"COLEGIO SANT GREGORI / Barcelona",41.412316,2.125044,icon-1682-FFD600,"",none,"",dYu62pXvcQ7yuynWsqfr
"ZONA DE ESPERA / Valencia",39.480033,-0.324857,icon-1534-4E342E,"",none,"",92J5xRD8aJyyPqfyg3pR
"C Y D / Playa Malvarrosa (Valencia)",39.467707,-0.324885,icon-1826-0F9D58,"",none,"",mvDGY8QjfiNYwfGl2VBc
"ZONA DE ESPERA / Ayamonte (Huelva)",37.214069,-7.399532,icon-1534-4E342E,"",none,"",MuCyK6zpH1CBe40mSVkR
"CRUCERO Ayamonte / (Huelva)",37.21535,-7.409807,icon-1622-757575,"",none,"",WBzToXCFUQ7yzf9OhoYr
"PARKING BUS / Sabadell (Barcelona)",41.545271,2.116611,icon-1532-7CB342,"",none,"",UPZafQoeFGxU1teP2gp0
"FUNICULAR Tibidabo / Barcelona",41.416317,2.131062,icon-1533-4E342E,"",none,"",PE1wj6CgH097TqPApHiI
"TIBIDABO / Barcelona",41.425674,2.119424,icon-1502-C2185B,"",none,"",NtUOXPuxF8qQjhkqHREh
"INFO ℹ️ / Tibidabo - Barcelona",41.421639,2.119149,icon-1608-3949AB,"",none,"",QLQHlGiLlRTwoJNqEqul
"C Y D / La Alhambra (Granada)",37.173348,-3.583712,icon-1826-0F9D58,"",none,"",KLsrSYi6mBv7UNpLTkzR
"ÁREA SERVICIO ABADES /La Roda (Sevilla)",37.196316,-4.797029,icon-1577-795548,"",none,"",GG9Wella9BJS1a6121LH
"ÁREA SERVICIO / El Hacho II Lora de Estepa (Sevilla)",37.274999,-4.800465,icon-1577-795548,"",none,"",qiFUuymSllGO9RRpAG1G
"ESTACIÓN BUS / Sanlucar de Barrameda (Cádiz)",36.781887,-6.358153,icon-1532-0288D1,"",none,"",CFCyD0nIUaxDZCJREPlN
"C Y D / Cádiz",36.534764,-6.291917,icon-1826-0F9D58,"",none,"",Kter0IDPtbKQKFxZt5Q5
"ZONA DE ESPERA / Cádiz",36.523649,-6.241477,icon-1534-4E342E,"",none,"",PB2bvOLctUmpXGvdUjxB
"MUSEO DEL QUIJOTE/ Ciudad Real",38.982297,-3.925646,icon-1636-A52714,"",none,"",sfHUlAU3csZQf7jc9CH2
"PARKING 🅿️ / Ciudad Real",38.975856,-3.938171,icon-1644-0288D1,"",none,"",LP64hljZlo8VBZoHsV8R
"ÁREA SERVICIO Torres Mancha / La Guardia (Toledo)",39.766223,-3.479911,icon-1577-795548,"",none,"",VPZtdcRwdPmPr9lkBNDj
"ÁREA SERVICIO Nueva Andalucía / Paradas (Sevilla)",37.270538,-5.500926,icon-1577-795548,"",none,"",IEdXLnYcV48VUkJYKtBJ
"PARKING BUS (2Horas) ✅ / Concha Espina (Madrid)",,,line-7CB342-6000,"",none,"",uHHVjBhzZwITk3jBerZ1
"ZONA DE ESPERA / Gibraltar",36.178738,-5.372916,icon-1534-4E342E,"",none,"",wgN6dTFaFGCXCJvlul3S
"TERMINAL A  Cruceros / Barcelona",41.363743,2.18255,icon-1622-757575,"",none,"",bSBHeBSTpL7DnoP7eEoy
"TERMINAL B Cruceros / Barcelona",41.361347,2.181002,icon-1622-757575,"",none,"",dx1On96nFG8IuqvRY7dI
"TERMINAL C Cruceros / Barcelona",41.358082,2.178904,icon-1622-757575,"",none,"",LMn6nc0DirAn3qkmfOLv
"TERMINAL D Cruceros / Barcelona",41.355758,2.177406,icon-1622-757575,"",none,"",8wQ4UvJO7qDKLGqHNmVX
"COLEGIO ALEMAN / Esplugues",41.383012,2.088389,icon-1682-FFD600,"",none,"",5lseKDrT5Bq33Fybv9p6
"COLEGIO SOLC 🚸 / Barcelona",41.389719,2.106352,icon-1682-FFD600,"",none,"",Hc1vo002SzoewvLCG9Ik
"COLEGIO THAU 🚸 / Barcelona",41.3887,2.107389,icon-1682-FFD600,"",none,"",1xa6WM8MbKZDWzvU4vra
"OBSERVATORIO Fabra / Barcelona",41.418827,2.123532,icon-1535-757575,"",none,"",dnMDFXOCLnKEfuE83uVP
"RESTAURANTE El Cruce de Villaharta 🍽 / Fuente Agria ( Córdoba)",38.126111,-4.90117,icon-1577-4E342E,"",none,"",UgcpAGRL9e37Pq0z0nNd
"APARCAMIENTO Alternativo / Barcelona",41.427809,2.117535,icon-1644-0288D1,"",none,"",3gO0cEAJ6Kjed6ggGKUo
"MONASTERIO SANT CUGAT / Barcelona",41.471617,2.086308,icon-1670-E65100,"",none,"",w6c6k0KiNoXr83dW5HoQ
"PARQUE DE LA AGULLA / Sant Fruitós de Balles / (Barcelona)",41.74943,1.84562,icon-1542-3949AB,"",none,"",a8eTxnZL898jaQCd9lTu
"MONASTERIO SANT BENET DE BAGES",41.744668,1.902408,icon-1670-E65100,"",none,"",shfIxKwUxbnEJdlUYSio
"INSTITUTO Cardenal Cisneros / Albox (Almería)",37.384189,-2.14099,icon-1682-FFD600,"",none,"",jTnO1tVG8pHHgxVmRv9l
"CASTILLO De Almodovar del Rio (Cordoba)",37.809823,-5.024786,icon-1598-424242,"",none,"",UlVZ22RDwmWjkPra7Qqa
"TÚNEL ALTURA MAXIMA 4,50M",37.803839,-5.10859,icon-1541-097138,"",none,"",sdEKAcQWzqEBqhszhyRy
"ZONA DE ESPERA / Plasencia (Extremadura)",40.032588,-6.079682,icon-1534-4E342E,"",none,"",DzVLYqyXwwGHAoEpcXAu
"AUTOCARES AVANT GRUP BARDET / Polinyà (Barcelona)",41.553119,2.166896,icon-1532-000000,"",none,"",o1QpCfNEOkclwtEUA7Jw
"AUTOCARES RODRIGUEZ GÓMEZ / Villanueva de los Castillejos ( Huelva)",37.498011,-7.275753,icon-1532-000000,"",none,"",ZiYdCfwVikU7yrEfni4d
"AUTOCARES Viñolas ✔️ / Roses (Girona)",42.267665,3.162413,icon-1532-000000,"",none,"",YVIvDks0QRno3IwgqQOG
"PARKING BUS / Vilar Formoso (PO)",40.609297,-6.832787,icon-1532-7CB342,"",none,"",gHIPzg9mwmcVSTuOLMak
"PARKING BUS / Santiago de Compostela",42.883196,-8.517294,icon-1532-7CB342,"",none,"",nNQ6CLcSW9GDu9ovFlBw
"PARKING BUS / Sant Pau de Segúries (Girona)",42.265991,2.367388,icon-1532-7CB342,"",none,"",KYkpQ3bfEeX1MDVQnWEH
"ESTACIÓN BUS / Ripoll (Girona)",42.197193,2.195228,icon-1532-0288D1,"",none,"",oL0dmOVHZx5hfxhy84oG
"ESTACIÓN BUS / Sabadell (Barcelona)",41.547561,2.11518,icon-1532-0288D1,"",none,"",T1OOuOfrghWiyeONtLbn
"ESTACIÓN BUS 🚍/ Villanueva del Fresno (Badajoz)",38.378768,-7.163231,icon-1532-0288D1,"",none,"",ouKFSEIxcLpkQDl7SLiB
"ESTACIÓN BUS / El Ejido (Almería)",36.772998,-2.807617,icon-1532-0288D1,"",none,"",YBfqXQrILAQdat3nR6Gv
"ESTACIÓN BUS / Huercal-Overa (Almería)",37.398204,-1.950665,icon-1532-0288D1,"",none,"",au0wtuP6jLWzScajKVbr
"ESTACIÓN BUS 🚍 / Baza (Granada)",37.49206,-2.775216,icon-1532-0288D1,"",none,"",5LaX3RPMYnit17qXeWCu
"ESTACIÓN BUS/ Castelo Branco (PO)",39.818505,-7.4897,icon-1532-0288D1,"",none,"",9Gp2cRvkUNVfur8N5rOh
"ESTACIÓN BUS 🚍 / Mazarrón (Murcia)",37.566948,-1.262145,icon-1532-0288D1,"",none,"",NzMQakp1nVU2acfQqEDz
"APARCAMIENTO/ Vitoria - Gasteiz",42.863224,-2.661446,icon-1644-0288D1,"",none,"",f791Kk9JmKMHwvm3aYS0
"APARCAMIENTO/ Cerro Muriano (Córdoba)",38.007655,-4.771288,icon-1644-0288D1,"",none,"",US6gRkjIipP1YGl3Gma1
"APARCAMIENTO 🔄🅿️/ Arcos de La Frontera (Cádiz)",36.750166,-5.814171,icon-1644-0288D1,"",none,"",CiyT0YBMRUt04gEPQawx
"C Y D / Jardín Castelo Branco",39.82837,-7.493819,icon-1826-0F9D58,"",none,"",pyaLZ2h3fdgVOGbIg3WL
"DESCARGA PASAJEROS / Guadalupe (Extremadura)",39.45096,-5.326257,icon-1826-0F9D58,"",none,"",BCopmw3diKmqj3jbSCJ3
"C Y D / Cártama / (Málaga)",36.709473,-4.633886,icon-1826-0F9D58,"",none,"",EK5nWKTn8hk5sz8dQZ7X
"ALTURA MÁXIMA 4,00 M",42.309319,2.364631,icon-1541-097138,"",none,"",YWLxYRagDv6sQ0oYVAOP
"ALBERGUE La Bruna / Bellver de la Cerdanya (Lérida)",42.373458,1.762487,icon-1682-673AB7,"",none,"",ra5oKa7FWcJIzxToQbAv
"HOTEL La Paz / Sangonera La Seca (Murcia)",37.947359,-1.255856,icon-1602-9C27B0,"",none,"",1EIuSQGKmVI1pdDDnoyz
"RUTA DESCARGA PARADA BUS Guadalupe (Extremadura)",,,line-9C27B0-6000,"",none,"",9BSBbStc8tx17ITs5Fnf
"RUTA PARKING BUS / Guadalupe (Extremadura)",,,line-F9A825-6000,"",none,"",wMKBrkzVKh2FIQM3o1o8
"GASOLINERA REPSOL ⛽ / Valdecarpinteros (Salamanca)",40.663352,-6.437724,icon-1581-006064,"",none,"",avkjWoln3xEd2PUDl8eS
"GASOLINERA REPSOL ⛽️ / Quintana de la Serena / Badajoz ( Extremadura)",38.748486,-5.680369,icon-1581-006064,"",none,"",rPhsTtYeuiZ3pfxZA9Jv
"GASOLINERA REPSOL ⛽️/ Cerro Muriano ( Córdoba)",38.008953,-4.774083,icon-1581-006064,"",none,"",Ims5gGCAhho4aJqduOWB
"GASOLINERA REPSOL ⛽️ / Rosal de La Frontera ( Huelva)",37.968884,-7.215722,icon-1581-006064,"",none,"",jtmneq23MmXM0gayFQ0u
"GASOLINERA CEPSA DKV ⛽️ / Montijo (Badajoz)",38.908876,-6.60556,icon-1581-006064,"",none,"",I1II8GMrUXOVeL7G3QIZ
"GASOLINERA CEPSA DKV / La Fuente de S. Esteban (Salamanca)",40.789066,-6.250071,icon-1581-006064,"",none,"",5ZwZEcDPocHzSDoBANhz
"GASOLINERA GALP / Reguengos de Monsaraz (PO)",38.425882,-7.541794,icon-1581-006064,"",none,"",j03rt407LlDU9qIw932m
"MUSEO  Nacional de Irlanda",53.340258,-6.255537,icon-1636-A52714,"",none,"",BZqoc9LuUnY2IuHPv6nV
"PARKING BUS / Antibes (FR)",43.568476,7.117551,icon-1532-7CB342,"",none,"",UBmxUbDqm1stvw0yYY7c
"C Y D / Antibes (FR)",43.580287,7.12065,icon-1826-0F9D58,"",none,"",PgSp1PfcA9c8wm2jUx34
"PARKING BUS / Albenga (IT)",44.052657,8.206228,icon-1532-7CB342,"",none,"",SaCyUZvF20mitzo0kwbV
"PARKING BUS / Pietra Ligure (IT)",44.15841,8.297644,icon-1532-7CB342,"",none,"",LnAXsx1N9NNR16JuVw7l
"C Y D / Noli (IT)",44.201844,8.415898,icon-1826-0F9D58,"",none,"",JEiHT3scKVrx8A7ZalrW
"PARKING BUS / Albissola Marina (ITT)",44.333301,8.505024,icon-1532-7CB342,"",none,"",Kt5o1u4dkJhZjzxeunci
"APARCAMIENTO / Campo Ligure (IT)",44.539794,8.695978,icon-1644-0288D1,"",none,"",zuc4kIaK1lO4MtxOftf1
"PARKING BUS / Génova (IT)",44.416273,8.918717,icon-1532-7CB342,"",none,"",mgRnrnrR0FwbqgZuQwN5
"C Y D (EXPRESS) / Génova (IT)",44.408282,8.928538,icon-1826-E65100,"",none,"",kbV5guGrU4Ph50PIcG8X
"C Y D / Génova (IT)",44.410533,8.928717,icon-1826-0F9D58,"",none,"",ejfjNlw57dN7dNnudTle
"PARKING BUS (Pago) / Génova (IT)",44.403469,8.931282,icon-1513-1A237E,"",none,"",33dn26FmHumyabekrgW0
"C Y D / Génova (IT)",44.403317,8.945952,icon-1826-0F9D58,"",none,"",GlkdWGMFtVPja5i44x9V
"PARKING BUS / Génova (IT)",44.396014,8.944275,icon-1532-7CB342,"",none,"",4NUAG6hJ9aNmdlo1pLvU
"ALTURA MÁXIMA 4,00M",41.352181,2.15228,icon-1541-097138,"",none,"",MlWxv0Q004ssERmu2qYZ
"ALTURA MÁXIMA 4,00M",41.352256,2.151942,icon-1541-097138,"",none,"",Ek4gORlRgjxZdhuAXESA
"PARKING BUS / Siracusa (IT)",37.06443,15.287254,icon-1532-7CB342,"",none,"",ASYLrZclUldSDlaWVaGr
"C Y D / Siracusa (IT)",37.075498,15.28491,icon-1826-0F9D58,"",none,"",x9DO7MScW5iWS2YMlNsq
"MUSEO Neapolis 🏛️/ Siracusa (IT)",37.075169,15.279374,icon-1636-A52714,"",none,"",bpIZjn6DVwMTdufXkyVr
"PARKING🅿️  / Giardini Naxos (IT)",37.818764,15.265915,icon-1644-0288D1,"",none,"",yp2N7JVVvudl82mNulUv
"C Y D / Cagliari (IT)",39.215204,9.109351,icon-1826-0F9D58,"",none,"",yArSNPYgYnj5GqnNagfE
"PARKING BUS / Oristano (IT)",39.897158,8.589336,icon-1532-7CB342,"",none,"",BhfVySEmXQnbmjlKV4ml
"C Y D / Oristano (IT)",39.905757,8.588302,icon-1826-0F9D58,"",none,"",gzvIDTlgPSkdtsWX9iGX
"APARCAMIENTO / Nuoro (IT)",40.315251,9.326156,icon-1644-0288D1,"",none,"",ScCLxkwmG42KEv7xzT3J
"APARCAMIENTO / Bosa (IT)",40.294654,8.49896,icon-1644-0288D1,"",none,"",sLbvEhqE2FSWPIxwtMsD
"AEROPUERTO MALAGA P2",36.676403,-4.489313,icon-1504-880E4F,"",none,"",E27B579QflCfjI2hW7F3
"PARKING BUS (Pago) / París (FR)",48.835135,2.380828,icon-1513-1A237E,"",none,"",d1ax5oqq0ysQDG6XMBAE
"ENTRADA PARKING BUS Bercy Seine / París ( FR)",,,line-9C27B0-7000,"",none,"",NC2pgSDvpQ0wqzOVW3XG
"C Y D 🔄 / Girona",41.989771,2.821537,icon-1826-0F9D58,"",none,"",Rt6DWGHEYm8MerzZesfK
"APARCAMIENTO 🅿️ / Deltebre (Tarragona)",40.721922,0.721564,icon-1644-0288D1,"",none,"",JaQ8mFVT4Ntk3SRnOCr1
"PARKING 🅿️ / El Graó de Castellón (Valencia)",39.99756,0.027968,icon-1644-0288D1,"",none,"",9QA5onEvjlTJUVkNQyMz
"PARKING BUS / Mislata (Valencia)",39.480996,-0.423213,icon-1532-7CB342,"",none,"",ESG3tB5a8SGvkm1Q5Rh3
"ALTURA MÁXIMA 2,5M",39.36673,-0.41338,icon-1541-C2185B,"",none,"",4Xe5D2meADkdWYzWkwbn
"ALTURA MÁXIMA 2,80M",39.411574,-0.394948,icon-1541-C2185B,"",none,"",vYKkAALEcUtMpwwIYcmx
"C Y D / Altea (Alicante)",38.595021,-0.053141,icon-1826-0F9D58,"",none,"",UIgUWOPlhExRqlYchIw2
"ZONA DE ESPERA / Altea (Alicante)",38.60071,-0.057012,icon-1534-4E342E,"",none,"",48j7oac5bBffXkULrcuD
"PARKING BUS✅  / Altea (Alicante)",38.598851,-0.056757,icon-1532-7CB342,"",none,"",DdQe9Al7kDVghPmwqIDC
"ZONA DE ESPERA / Cartagena (Murcia)",37.594868,-0.968174,icon-1534-4E342E,"",none,"",g4aAoTw9Q7JdOnajWiGp
"APARCAMIENTO / Fuengirola (Málaga)",36.558254,-4.622899,icon-1644-0288D1,"",none,"",NX8KFxnh8CFGTfgKjM70
"APARCAMIENTO / Fuengirola (Málaga)",36.551411,-4.632961,icon-1644-0288D1,"",none,"",eEFbYCmXGXRT8hVKZIiF
"APARCAMIENTO / Fuengirola (Málaga)",36.548113,-4.640979,icon-1644-0288D1,"",none,"",bL120weIb6zlEqZPfHRx
"APARCAMIENTO / Fuengirola (Málaga)",36.547529,-4.643442,icon-1644-0288D1,"",none,"",u9QMN3bhBH2EmnwBb2SJ
"PARKING BUS (Pago) / Tarifa (Cádiz)",36.011149,-5.603221,icon-1513-1A237E,"",none,"",7H5oTXsRb2TDbSvUH0Bi
"ZONA DE ESPERA / San Fernando (Cádiz)",36.475253,-6.203552,icon-1534-4E342E,"",none,"",u0Gj2xkClEx7HADuAcCO
"ZONA DE ESPERA / Cádiz",36.542941,-6.283513,icon-1534-4E342E,"",none,"",n21sgy8uLGBAG3INIl2Q
"ESTADIO Ramón Sánchez Pizjuan Sevilla C.F / Sevilla",37.384133,-5.971677,icon-1899-DB4436,"",none,"",7LYBgzmjACnVL7Lqq2d7
"ESTADIO Benito Villamarin / REAL BETIS BALONPIE / Sevilla",37.355764,-5.982558,icon-1899-DB4436,"",none,"",R78j7iC3M3Zp5hWxZ160
"CASTILLO De Onda 🏰 / Castellón",39.964276,-0.25966,icon-1598-424242,"",none,"",AuOUPOYqVstIvsW1fDSM
"PARKING BUS / Onda (Castellón)",39.968932,-0.267153,icon-1532-7CB342,"",none,"",ewRkA9HzuIQC16Rva8JW
"HOTEL Guitart Central Park / Lloret de Mar (Girona)",41.698866,2.838788,icon-1602-9C27B0,"",none,"",cVZvCVaXdS7WibeQ8axg
"ESTACIÓN BUS / Lloret de Mar (Girona)",41.701199,2.842168,icon-1532-0288D1,"",none,"",2A9yW7pD8ZtrhJfKRQMX
"C Y D / Lloret de Mar (Girona)",,,line-0288D1-6000,"",none,"",ZMzXt9RlCLvJWTEy7QTz
"COLEGIO Maicandil / San Luis de Sabanillas (Málaga)",36.365762,-5.233652,icon-1682-FFD600,"",none,"",ZSISuVKbzaVYvjqp34GV
"COLONIA GÜELL (Parking) / Santa Coloma de Cervelló (Barcelona)",41.365048,2.025679,icon-1532-7CB342,"",none,"",VWK70HOApGuJJzGN9D8v
"ALTURA MÁXIMA 3,5M / Castelldefels",41.273565,1.974884,icon-1541-E65100,"",none,"",N1N2wGlXRP8K53L2wbgr
"ALTURA MÁXIMA 3,5M / Castelldefels",41.262601,1.930302,icon-1541-E65100,"",none,"",0sBzO01hLQ5m7PBhZzIp
"ALTURA MÁXIMA 3,5M / Castelldefels",41.263349,1.929694,icon-1541-E65100,"",none,"",QhuwHMNCvMxfT8oQgGNV
"APARCAMIENTO 🅿️ / CASTILLO De Sigüenza (Guadalajara)",41.062724,-2.641695,icon-1644-0288D1,"",none,"",SHf0hiaFPuREy1wTR7ST
"DESCARGA Partidos Barça",,,line-7CB342-7000,"",none,"",jNHhIcGDkGQ8UeuBheEb
"SOLO DESCARGA Fútbol",41.384187,2.117706,icon-1826-0F9D58,"",none,"",6F0E5prfZp2bOBhJNM6g
"PARKING BUS CERRADO POR OBRAS ❌/ Partidos Barça",41.380225,2.116644,icon-1899-DB4436,"",none,"",iU3Zh9gDTmMzE99z7KIf
"PARKING BUS / Toledo",39.863126,-3.97338,icon-1532-7CB342,"",none,"",45FqvhIIAWeAslm4a8g2
"PARKING BUS / Toledo",39.869219,-4.01716,icon-1532-7CB342,"",none,"",roVfya2P7TZmboyy0PzV
"PARKING BUS/ Calafell (Tarragona)",41.189738,1.579359,icon-1532-7CB342,"",none,"",KSs3jrPcnoTaPZQT9Fop
"PARKING BUS /Narbona (FR)",43.180265,3.013282,icon-1532-7CB342,"",none,"",r5z9kMZBGMWlRmBAvtEw
"ESTACIÓN BUS / Narbona (FR)",43.188544,3.004001,icon-1532-0288D1,"",none,"",sloK8lextEkZJtiZV2jN
"PARQUE WARNER (Parking)✅️ / Madrid",40.232511,-3.591868,icon-1502-C2185B,"",none,"",f9fnbIk8TmZLkYpXGAMJ
"TERMINAL Cruceros Grimaldi / Barcelona",41.363657,2.172862,icon-1622-757575,"",none,"",IbL4jAAa7FDrftTbQ9yq
"FÁBRICA Cacaolat / Santa Coloma de Gramanet (Barcelona)",41.457643,2.195116,icon-1826-0F9D58,"",none,"",i7J3qO01zpgl8D67cnop
"HOTEL Atenea / Mataró (Barcelona)",41.530711,2.443063,icon-1602-9C27B0,"",none,"",Q9E4k8BKDXhaLdAKVD4c
"ALTURA MÁXIMA 4,2M / Mataró ( Barcelona",41.535765,2.449486,icon-1541-097138,"",none,"",ShuqkUvc8rJXmJmyQwy0
"COLEGIO Cirera 🚸 / Mataró (Barcelona)",41.54678,2.435793,icon-1682-FFD600,"",none,"",gDoIM27oc9TFumMf41QZ
"RESTAURANTE La Curva / Calasparra (Murcia)",38.237405,-1.700247,icon-1577-795548,"",none,"",1Rt5OwW5UNKNxIjSs69m
"APARCAMIENTO / Calasparra (Murcia)",38.228066,-1.69446,icon-1644-0288D1,"",none,"",Xq8dD01f3lpz6R1iB5Wy
"ESTACIÓN BUS 🚍 / Cehegín (Murcia)",38.091149,-1.802528,icon-1532-0288D1,"",none,"",wOxrySgoSAzUgxH4Tsny
"C Y D / Cehegín (Murcia)",38.092355,-1.798832,icon-1826-0F9D58,"",none,"",KsXXIWDSvGNVWaXKTqMX
"APARCAMIENTO / Peñarroya-Pueblonuevo (Córdoba)",38.307228,-5.279493,icon-1644-0288D1,"",none,"",Tafql8MPcKzNb6bg9tOr
"ESTACIÓN BUS / Andújar (Jaén)",38.039692,-4.045138,icon-1532-0288D1,"",none,"",1hiwk9yj1a6PuK8KPk3D
"SANTUÁRIO Virgen de La Cabeza / Andújar (Jaén)",38.178862,-4.035897,icon-1670-E65100,"",none,"",BBIS37tiC0A2cDKREh8G
"ESTACIÓN BUS /Arenas De San Pedro (Ávila)",40.211362,-5.08361,icon-1532-0288D1,"",none,"",1xRY0kmWdTqFSSKJ3wSy
"ZONA DE ESPERA / Colindres (Cantabria)",43.392891,-3.460762,icon-1534-4E342E,"",none,"",mfmBaDtx3g0jHpqSO3i8
"CITRAN.NET / Tu Portaequipajes Inteligente",41.497246,2.358371,icon-1899-DB4436,"",none,"",ygf7LISIX1qJP7yUvcKQ
"COLEGIO Cim Teià / Teià (Barcelona)",41.495203,2.318657,icon-1682-FFD600,"",none,"",gJ5vfEXZNitqR6VaE6Cw
"ESTACIÓN BUS / Cieza (Murcia)",38.240966,-1.413128,icon-1532-0288D1,"",none,"",77XhUkb8yQ14bQGDlPjF
"ESTACIÓN BUS / Jumilla (Murcia)",38.471592,-1.326027,icon-1532-0288D1,"",none,"",I5n3nx4yqbkEXhtq7OxD
"ESTACIÓN BUS / Monzón (Huesca)",41.91223,0.190063,icon-1532-0288D1,"",none,"",pkQ6ElskaRRFXjQs63lC
"ESTACIÓN BUS / Binéfar / (Huesca)",41.849448,0.292561,icon-1532-0288D1,"",none,"",myfUB0lpeLQSDQicCWNZ
"APARCAMIENTO / Mequinenza (Zaragoza)",41.369642,0.301225,icon-1644-0288D1,"",none,"",6fCaub6NteVVJjG5lwwX
"MUSEO De Mequinenza (Zaragoza)",41.361321,0.293888,icon-1636-A52714,"",none,"",kxyBx1y6lfau7Qljh0C1
"MUSEO Batalla del Ebro de Fayón",41.243014,0.334488,icon-1636-A52714,"",none,"",HqwFxuSQN6IKhk9tDKNR
"ZONA DE ESPERA / Calanda (Teruel)",40.947396,-0.236809,icon-1534-4E342E,"",none,"",wJe906dEjskoudyCzcxh
"APARCAMIENTO / Herrera del Duque (Badajoz)",39.170627,-5.04765,icon-1644-0288D1,"",none,"",KaRgZI1tRUqpvAA9DkCE
"ESTACIÓN BUS / Tallarrubias (Badajoz)",39.032496,-5.236633,icon-1532-0288D1,"",none,"",JsFRQwjSu2YVEkVZDXpA
"ZONA DE ESPERA / Arazcena (Huelva)",37.896897,-6.558557,icon-1534-4E342E,"",none,"",N5GFivWcTrDR4CmTz4NR
"GASOLINERA REPSOL / Santa Olalla del Cala (Huelva)",37.904459,-6.221656,icon-1581-006064,"",none,"",TMEZnjizyV9tKLwNXTUn
"PARKING 🅿️ / Artesa de Segre (Lérida)",41.892098,1.043047,icon-1644-0288D1,"",none,"",FMFzdzNORToAIVQ9urja
"C y D / Granada",37.172486,-3.597419,icon-1826-0F9D58,"",none,"",TBEEmkz5o1bwUqxfVWYk
"C Y D (Max 15Min) 🔄 / Málaga",36.720877,-4.414251,icon-1826-0F9D58,"",none,"",MdxWcJNz5r9Ar5Ew8UyK
"ZONA DE ESPERA / Granada",37.190402,-3.59249,icon-1534-4E342E,"",none,"",09EJNzGUkpEPnqOVQUtt
"ESTADIO Nuevo Los Cármenes / Granada C.F (Granada)",37.154049,-3.595776,icon-1899-DB4436,"",none,"",pIqUyneVtKSIzjbZOe2k
"ESTADIO La Rosaleda Málaga CF  / Málaga",36.733544,-4.427413,icon-1899-DB4436,"",none,"",8VXE5pgTHhCRvyfJnXr4
"PARKING BUS / Santander",43.47614,-3.797676,icon-1532-7CB342,"",none,"",sAd23qKNwcqobx9qzeJs
"C Y D / Montoro (Córdoba)",38.02694,-4.377362,icon-1826-0F9D58,"",none,"",MNQqZ3vwhGim6AfauN2g
"MUSEO Puerto de Tarragona",41.10998,1.244947,icon-1636-A52714,"",none,"",194Qhi09F7FknPqOxJ7H
"RESTAURANTE CLAMAR / Torredembarra (Tarragona)",41.144306,1.41085,icon-1577-795548,"",none,"",4WDTBSdSDXVuEcNDhjJu
"AUTOCARES Lasbareilles / Lourdes (FR)",43.103212,-0.036861,icon-1532-000000,"",none,"",YuzP0XuOsR8STYzulIlB
"AUTOCARES Pons / Lérida",41.623198,0.658619,icon-1532-000000,"",none,"",6G2gYR5XSTzK4FePGA1c
"AUTOCARES Gamón / Torrefarrera (Lérida)",41.66779,0.603597,icon-1532-000000,"",none,"",2mQaw9sXRygKHb4Yl72S
"AUTOCARES Salvia / Vila-sana (Lérida)",41.664388,0.932915,icon-1532-000000,"",none,"",uDhXV5tHibRaGP6R2wOm
"AUTOCARES Capaz / Valencia",39.432217,-0.391944,icon-1532-000000,"",none,"",4W5FxICox4LLMIK6a1tC
"C Y D / Toulouse (FR)",43.606632,1.449785,icon-1826-0F9D58,"",none,"",UlFsDf5R6cPjAQOTjbe2
"C Y D / AVE Valencia",39.460996,-0.380677,icon-1826-0F9D58,"",none,"",is7WpJBGrhpJ2c4pN2D9
"C Y D / Sancti Petri / Chiclana de la Frontera (Cádiz)",36.392678,-6.207303,icon-1826-0F9D58,"",none,"",aQKFCzfc8ixDqBoriiLL
"C Y D - Playa de la Barrosa / Chiclana de La Frontera (Cádiz)",36.361102,-6.173338,icon-1826-0F9D58,"",none,"",06iGe6T7ZZmlGwDsk6Ne
"C Y D - Playa de la Barrosa / Chiclana de la Frontera (Cádiz)",36.369617,-6.179557,icon-1826-0F9D58,"",none,"",7DjlUA7o670SwO4BtchN
"ALTURA MÁXIMA 3,3M ⛔️",41.110917,1.24259,icon-1541-E65100,"",none,"",vCXyvFX4LgVzJAiu6WeI
"HOTEL Park Porto / Maia (PO)",41.237603,-8.667465,icon-1602-9C27B0,"",none,"",BpwPICaEQurrFZXAqPkD
"ℹ️INFO: Mercadillo Jueves / Premià de Mar (Barcelona)",41.496968,2.359258,icon-1608-3949AB,"",none,"",U1FF2TuhmbJuHEMJf8LX
"AUTOCARES Sagalés / Caldes de Montbui (Barcelona)",41.624452,2.167932,icon-1532-000000,"",none,"",VeO3MLL0BksbRSuLc5zZ
"ESTACIÓN BUS / Caldes de Montbui (Barcelona)",41.629297,2.165832,icon-1532-0288D1,"",none,"",7wWXVrUDLUx80h1bf6lD
"PROHIBICIÓN Torroella de Montgrí ⛔️(Girona)",42.042032,3.127854,icon-1898-C2185B,"",none,"",XT931ZpI9iiZqMht20iI
"PROHIBICIÓN Torroella de Montgrí ⛔️(Girona)",42.038538,3.127885,icon-1898-C2185B,"",none,"",jfPusTXTCvUE6dfLRXNO
"PARKING BUS / Roses (Girona)",42.266365,3.155268,icon-1532-7CB342,"",none,"",NuzDpAxDQeu8yEsNQ2t2
"PARKING BUS / Roses (Girona)",42.267589,3.155662,icon-1532-7CB342,"",none,"",6w4Cei2o0EJFX5g18FYp
"AUTOCARES Mellizo / Sangonera La Seca (Murcia)",37.946404,-1.255462,icon-1532-000000,"",none,"",FreQ7oTTwUMr9zDDvl1x
"APARCAMIENTO / Sangüesa (Navarra)",42.575453,-1.27451,icon-1644-0288D1,"",none,"",XExZpR6rQx8OKVIqIH6H
"AUTOCARES Parra / Calahorra (La Rioja)",42.312172,-1.957926,icon-1532-000000,"",none,"",PaiQeMI1pWtLhvKhOoRT
"AUTOCARES Ñuco / Olivenza (Badajoz)",38.651486,-7.138121,icon-1532-000000,"",none,"",F5ECXqZfQpO4I1IHvaIo
"C Y D / Órgiva (Granada)",36.898996,-3.422206,icon-1826-0F9D58,"",none,"",uY6v8EZnON1bRXFZJdxX
"APARCAMIENTO / Cascais (PO)",38.696885,-9.433317,icon-1644-0288D1,"",none,"",rntLvO4tCuCFrFRVi1eB
"ESTACIÓN BUS / Villacarrillo (Jaén)",38.117459,-3.086291,icon-1532-0288D1,"",none,"",w3JRYkxUetV80T9xKbJM
"ESTACIÓN BUS / Baena (Córdoba)",37.61895,-4.329841,icon-1532-0288D1,"",none,"",His4jIrUhgayECdcMjF0
"ESTACIÓN BUS 🚍/ Pozoblanco (Córdoba)",38.379703,-4.856309,icon-1532-0288D1,"",none,"",HgbwrGicvxHQv0DLbMbl
"PARKING (Pago) 💰 / La Alhambra Granada",37.171652,-3.579388,icon-1513-1A237E,"",none,"",eKSFaNX4b7S2CrFNwbyW
"C Y D / La Albufera (Valencia)",39.31404,-0.317568,icon-1826-0F9D58,"",none,"",wfLuwkpWZ4vcEs5IzNwy
"ESTACIÓN BUS  / Malagón (Ciudad Real)",39.164815,-3.850107,icon-1532-0288D1,"",none,"",D3fURh3nwxQ5FlxRiiG0
"ESTACIÓN BUS  / Barbate (Cádiz)",36.194632,-5.917886,icon-1532-0288D1,"",none,"",NhgZtrXgMJBhnq3tM9vW
"HOTEL Bellavista / Bellavista (Sevilla)",37.318748,-5.968492,icon-1602-9C27B0,"",none,"",ZDulxLVrnqTKlGSxcnX6
"AUTOCARES PALMA AUÑON / Peligros (Granada)",37.226226,-3.628122,icon-1532-000000,"",none,"",UDANEjCldC6tDG2oA3ax
"AUTOCARES TURIABUS ✔️/ Manises (Valencia)",39.501819,-0.501579,icon-1532-000000,"",none,"",85erd2OAwzmlNONiQYn7
"AUTOCARES Belmonte / Cartagena (Murcia)",37.623893,-1.00857,icon-1532-000000,"",none,"",hsQa88HhSz3rHNFYU6Qm
"PARKING BUS / Campo Fútbol Sta. Ana / Cartagena (Murcia)",37.650744,-1.017287,icon-1532-7CB342,"",none,"",eYX8TAoM15FfXUKOHQMp
"COLEGIO King's College / Roldán (Murcia)",37.809531,-1.002881,icon-1682-FFD600,"",none,"",XQl5IgZzl2QK35CNFQj9
"ZONA DE ESPERA / Jerez de los Caballeros (Badajoz)",38.327063,-6.766014,icon-1534-4E342E,"",none,"",Alu3HdxWtmq4hx36FKf1
"ESTACIÓN BUS / Don Benito (Badajoz)",38.962383,-5.86302,icon-1532-0288D1,"",none,"",mXuOQuhphHlC6OWIOlSw
"RESTAURANTE El Cruce de Arapiles 🍽  (Salamanca)",40.894354,-5.657737,icon-1577-795548,"",none,"",fErFMCbVINv9l9GOe6ct
"ESTACIÓN BUS / Vitigudino (Salamanca)",41.005509,-6.436902,icon-1532-0288D1,"",none,"",WikKmZtWBMWK0qayExD0
"ESTACIÓN BUS / Aguilar del Campoo (Palencia)",42.795476,-4.259411,icon-1532-0288D1,"",none,"",JyC7DkyJJYwJky9kTAVR
"C Y D / Caravaca de La Cruz (Murcia)",38.105704,-1.865748,icon-1826-0F9D58,"",none,"",S7ldKKuKfAc2VuM54e5W
"SANTUARIO DE LA ESPERANZA / Calasparra (Murcia)",38.263151,-1.71028,icon-1670-E65100,"",none,"",yK3VHyWdKMaEnxRPtt5O
"APARCAMIENTO / Setenil (Cádiz)",36.864327,-5.173482,icon-1644-0288D1,"",none,"",Bkz4WcqrSHmAoqwQRG7Z
"ZONA DE ESPERA 🕔 / Granada",37.15383,-3.618921,icon-1534-4E342E,"",none,"",A1F5NfLAGz6KmirXfN8G
"ZONA DE ESPERA / Vigo",42.225963,-8.71399,icon-1534-4E342E,"",none,"",RXo7E8UmVI6lBsEYTTvb
"GASOLINERA REPSOL / Sangonera la Seca (Murcia)",37.941198,-1.264917,icon-1581-006064,"",none,"",GDBuQIwv0agJ5vbrao8b
"AREA 112 Algora (Guadalajara)",40.957217,-2.664968,icon-1769-000000,"",none,"",5ttBSOMescECqg1v3mCV
"PARKING BUS / Alcocéber (Castellón)",40.245263,0.280139,icon-1532-7CB342,"",none,"",9WKdA5mF4fMVUlUlXH1w
"ESTACIÓN BUS 🚍 / Vinaroz (Castellón)",40.478964,0.475901,icon-1532-0288D1,"",none,"",PpA0mckEILuEfUZIguSQ
"AUTOCARES Ramón / Bétera (Valencia)",39.605074,-0.464274,icon-1532-000000,"",none,"",n4xPzZUVBJboFZJVuFBx
"AUTOCARES Rios / Espinardo (Murcia)",38.030485,-1.175082,icon-1532-000000,"",none,"",KC5aRnx1se4eW09TSfdg
"PARKING BUS / Ciudad Deportiva Levante UD (Buñol)",39.428755,-0.774974,icon-1532-7CB342,"",none,"",l09oUn7nER1EPhpB7YIP
"APARCAMIENTO / Buñol (Valencia)",39.426514,-0.792258,icon-1644-0288D1,"",none,"",OmHscg72xllZUKFEpQvZ
"CIUDAD DEPORTIVA Valencia CF / Paterna (Valencia)",39.541859,-0.452303,icon-1890-1A237E,"",none,"",S2MrUyxJbQYeKXmz4pf2
"PARKING BUS (Máx 2Horas) ✅ / Madrid",40.465988,-3.685757,icon-1532-7CB342,"",none,"",1EHNqbuWYe9zodfTA1dM
"PARADOR De Plasencia - C Y D / Plasencia (Extremadura)",40.028924,-6.095356,icon-1602-9C27B0,"",none,"",v3hnzBBJQOEtUbVxVgYA
"APARCAMIENTO / Conil de la Frontera (Cádiz)",36.307407,-6.147482,icon-1644-0288D1,"",none,"",r1d4RaYFjYOckf3mkSRc
"ZONA DE ESPERA 🕔 - C Y D 🔄 / Nevada Shopping / Granada",37.142856,-3.612841,icon-1534-4E342E,"",none,"",d2rnHmq75eUjHUoeMNNd
"COMPRA DE VÍVERES 🛒 / Armilla (Granada)",37.152957,-3.622275,icon-1685-A52714,"",none,"",KLjVrC5kkD7WDb1qELcF
"PARA COMER Café Bar Alban 24 👌🏻 / Armilla (Granada)",37.153813,-3.616304,icon-1803-880E4F,"",none,"",DL1v4uJL5wkU8KLfl2aI
"ESTADIO La Nueva Condomina / Murcia CF",38.042019,-1.146686,icon-1899-DB4436,"",none,"",GW5DxqhlGAMRENcr4A7X
"BASÍLICA Valle de Los Caídos ✝️ / San Lorenzo de El Escorial (Madrid)",40.639469,-4.153103,icon-1670-E65100,"",none,"",Onzx32Fv5ccMETr8mMH1
"APARCAMIENTO 🅿️ / Júzcar (Málaga)",36.622926,-5.168674,icon-1644-0288D1,"",none,"",8YZBm16a6vxYezWL1CHg
"ZONA DE ESPERA O CAMBIO SENTIDO / Júzcar (Málaga)",36.628155,-5.171945,icon-1534-4E342E,"",none,"",3NfquhICwvqE8vLuRj8u
"ALTURA MÁXIMA 2,60M ⚠️ / Premià de Dalt (Barcelona)",41.49892,2.352944,icon-1541-C2185B,"",none,"",L33pOYGqcEvM3Ei04S5L
"DELTA Del Llobregat / Viladecans (Barcelona)",41.278544,2.062609,icon-1542-3949AB,"",none,"",nOs4UvDZwhGT6feLJJcI
"CRAM Fundación para la Conservación y Recuperación de Animales Marinos 🐠 / El Prat de Llobregat (Barcelona)",41.283442,2.092672,icon-1542-3949AB,"",none,"",uaHIRw2LzfOBalknhSue
"CAMBIO DE SENTIDO ℹ️ / El Prat de Llobregat (Barcelona)",41.281002,2.084382,icon-1770-424242,"",none,"",BrbFvzMRC2tYRw8TjwYj
"PROHIBICIÓN 🚫 La Rambla",41.376578,2.177276,icon-1898-C2185B,"",none,"",3ZnkVLBnfsUnuio69cVx
"PROHIBICIÓN 🚫 La Rambla (Barcelona)",41.385417,2.169946,icon-1898-C2185B,"",none,"",XIgMNuLJHxolJ5hwzaiC
"PARKING BUS / (Barcelona)",41.374769,2.174332,icon-1513-1A237E,"",none,"",Qk874Q8w5yibyaswCRlo
"CANAL Olimpico De Catalunya 🛶 / Castelldefels (Barcelona)",41.281067,1.992632,icon-1502-C2185B,"",none,"",ECu8F3TvS1rwXRzGhmFS
"PARKING 🅿️ / Castelldefels (Barcelona)",41.27114,1.964134,icon-1644-0288D1,"",none,"",za8Be7UonTMdj0oVeESk
"PARKING BUS / Castelldefels (Barcelona)",41.284886,1.974472,icon-1532-7CB342,"",none,"",p6DbBjt3DRpMma4GqEYp
"ZONA DE ESPERA / Gavà (Barcelona)",41.294867,2.011025,icon-1534-4E342E,"",none,"",Ht2ixAzTOojFZ2R653Q1
"RESTAURANTE Castell del Remei (Lérida)",41.719773,0.971043,icon-1577-795548,"",none,"",ZKfyNz0z9yhfk6kKmAsz
"Casa Colonies Can Ton Xic / Tavernoles (Barcelona)",41.958023,2.330983,icon-1682-673AB7,"",none,"",HyQmhS6kHiHpYQ9EhM7B
"ENTRADA Casa Colonies Can ton Xic / Tavernoles (Barcelona)",,,line-F9A825-5000,"",none,"",Pu2icZ2asex5dVc5r8Ss
"PARKING BUS / Torrelavega (Cantabria)",43.344447,-4.050088,icon-1532-7CB342,"",none,"",qTK1khOfAUmFLoQBfTbR
"INFO : C Y D / Zarautz (Guipúzcoa) Zarauz",43.286513,-2.173165,icon-1608-3949AB,"",none,"",SVl3EAcL2d4xvCtnSzY4
"ESTADIO Anoeta ⚽️/ Real Sociedad",43.302256,-1.972472,icon-1899-DB4436,"",none,"",u1ytoMsxPeLdfs4X6itp
"RECORRIDO Subida Castillo Peñafiel",,,line-F9A825-5000,"",none,"",L0iNTdKEID1Oz5pkIeVG
"PARKING BUS  Cité de l'espace / Toulouse (FR)",43.586561,1.490633,icon-1532-7CB342,"",none,"",ycqRZjk8iHt2NT6dSAZl
"PARKING BUS / San Fernando (Cádiz)",36.45651,-6.21589,icon-1532-7CB342,"",none,"",z18fCbih8bL0XNaeDHQw
"C Y D / San Fernando (Cádiz)",36.4665,-6.202552,icon-1826-0F9D58,"",none,"",k4zqe9OBkw8AH7PxIhmk
"C Y D (10Min) 🔄 / Sevilla",37.384489,-5.998208,icon-1826-0F9D58,"",none,"",vG0NS6bO0mkc5Zwu8aKX
"HOYEL Yuma / Los Ríos (Jaén)",38.193941,-3.671216,icon-1602-9C27B0,"",none,"",JkU232Skl72aH3TCKp7S
"INFO Ronda Litoral / Barcelona",41.420987,2.222055,icon-1608-3949AB,"",none,"",3UsDPaj84V5iPkYm0izg
"INFO Ronda de Dalt / Barcelona",41.447938,2.193751,icon-1608-3949AB,"",none,"",957KGxZTib7VdwNXwHhb
"RESTAURANTE / Fátima (PO)",39.640294,-8.684442,icon-1577-795548,"",none,"",qbFW2byWPztIpglvFnmX
"MUSEO Panteón Hombres Ilustres / Madrid",40.406749,-3.68371,icon-1636-A52714,"",none,"",hM5O9vtUqTyo06JeohBy
"VALITE / Cajas de Cambio / Ripollet (Barcelona)",41.503335,2.149597,icon-1590-1A237E,"",none,"",NDGhW2c25l8LM7ey8SnJ
"NO SE RECOMIENDA ✖️/ Valencia",39.060967,-0.542633,icon-1898-1A237E,"",none,"",nPvtgNFe81GgERAbshCG
"PARC NOU / El Prat de Llobregat (Barcelona)",41.315701,2.090876,icon-1542-3949AB,"",none,"",5ENWJC7YCJ61keRU3Ceb
"COLEGIO Sagrado Corazón 🚸 / Barcelona",41.394698,2.173546,icon-1682-FFD600,"",none,"",QzpIqDtfMZMHxkkzEPYr
"COLEGIO Lola Anglada / Tiana (Barcelona)",41.478152,2.268933,icon-1682-FFD600,"",none,"",2IR3epgo5IfQ5JEUuIMZ
"PISCINAS Del Montseny / Montseny (Barcelona)",41.760356,2.388688,icon-1542-3949AB,"",none,"",R7bdqJ7eOpQbfeHyuU6S
"ZONA DE ESPERA ☕️ / Terrassa (Barcelona)",41.544838,2.023146,icon-1534-4E342E,"",none,"",dPM8LDmBSBSpCrgHsqQH
"PARKING BUS ✅️ / Manresa (Barcelona)",41.72154,1.821522,icon-1532-7CB342,"",none,"",Ew9gc2FisBIU4Puk8C4Y
"AUTOCARES Jimenez ☑️ / Logroño (La Rioja)",42.450384,-2.412919,icon-1532-000000,"",none,"",RVhcH0PT3vd3waeMWnyo
"AUDITORIO - TEATRO N. CAT  (PAGO) 👮  / Barcelona",41.399696,2.185204,icon-1636-A52714,"",none,"",59jqpV0nVbAlOP8mrXw9
"ALBERGUE Villanúa 🏡 / Villanúa (Huesca)",42.67868,-0.537833,icon-1682-673AB7,"",none,"",d8veUYfdtx9pOfTFqjtx
"SANTUARIO Mare Deu Dels Angels ✝️ / Sant Martí Vell (Girona)",41.984379,2.909322,icon-1670-E65100,"",none,"",WxbkkwSCmuGjVeV1kQCu
"C Y D 🔄 / Arbucies (Girona)",41.814679,2.518331,icon-1826-0F9D58,"",none,"",FmHWRqlinbWbzUClQoYT
"RESTAURANTE Les Ferreres 🍽 / Tordera (Barcelona)",41.686061,2.668808,icon-1577-795548,"",none,"",AfttcfAK7DdnY7Jes83J
"RESTAURANTE Casa Felix 🍽 / Valls (Tarragona)",41.267891,1.248004,icon-1577-795548,"",none,"",TPe6r9nJN8LbaQeA2mMT
"APARCAMIENTO 🅿️ / Casa Felix Valls (Tarragona)",41.266363,1.248913,icon-1644-0288D1,"",none,"",X036acOT6A8hIKKki8u5
"APARCAMIENTO 🅿️ / Lérida",41.622388,0.609872,icon-1644-0288D1,"",none,"",iDfzJfZTphcAvcAXFvKe
"ZONA DE ESPERA / Barcelona",41.346838,2.144949,icon-1534-4E342E,"",none,"",8oSvW6fJtaybq8FJicDN
"RESTAURANTE O Lagar 🍽  / Elvas (PO)",38.878772,-7.165501,icon-1577-795548,"",none,"",dUcEM1z2Kn6SW7lKcICj
"RESTAURANTE Mauros 🍽 / El Puig de Santa Maria (Valencia)",39.606311,-0.343236,icon-1577-795548,"",none,"",yeLwjzYBcqWWRD3TfcfX
"CASTILLO Sigüenza 📷 / (Guadalajara)",41.064728,-2.640907,icon-1598-424242,"",none,"",sColtPLse6TCIyyozFPY
"PROHIBICIÓN 3,5T 🚫 Premià de Mar (Barcelona)",41.487638,2.353695,icon-1899-DB4436,"",none,"",ozwCbILjXqY7UCFEjSV6
"ALTURA MÁXIMA 3,5M / Castelldefels (Barcelona)",41.278384,1.988913,icon-1541-E65100,"",none,"",ANG7oTqNjl5MgIVl5ln0
"GASOLINERA GALP ⛽️ / Gavião (PO)",39.464921,-7.937671,icon-1581-006064,"",none,"",iwuLNx8dHrUHf2wjl5yp
"PARKING BUS ✅️ / Castelo de Abrantes (PO)",39.464844,-8.196288,icon-1532-7CB342,"",none,"",hHABaaYYDCbcufn9cVHi
"PARKING BUS ✅️  / Abrantes (PO)",39.459931,-8.19995,icon-1532-7CB342,"",none,"",5PZBPceabufXBE4Nky5y
"BODEGAS Esteban Martín 🍷 / Alfamén (Zaragoza)",41.427977,-1.235527,icon-1798-F9A825,"",none,"",9pnsoTIdtxXrbnS6GGx4
"PARKING BUS ✅️ / Belchite (Zaragoza)",41.303702,-0.751628,icon-1532-7CB342,"",none,"",7Q7aBy3XITMuxgSjd1P1
"HOTEL RESTAURANTE Miralles 🍽 / Horta de Sant Joan (Tarragona)",40.957516,0.316437,icon-1602-9C27B0,"",none,"",yQfKtrD0nYH2FVgwig7e
"HOTEL HOSPEDERIA Monasterio Monasterio de Rueda 🏨 / Sástago (Zaragoza)",41.298146,-0.315391,icon-1602-9C27B0,"",none,"",PWXgIATucyNg3ZA9Zm4J
"PARKING 🅿️ / Alcolea de Cinca (Huesca)",41.723145,0.114366,icon-1644-0288D1,"",none,"",p8b1AjkAH8upeXygXtZu
"BODEGAS Sommos 🍷 / Barbastro (Huesca)",41.99077,0.153434,icon-1798-F9A825,"",none,"",oeNVvH6T6eXB5dt6nMLv
"PARKING 🅿️ / Benabarre (Huesca)",42.107999,0.484026,icon-1644-0288D1,"",none,"",t4KoHuIQEKuRIHIf0IRr
"GASOLINERA Repsol Adblue ⛽ / Benabarre (Huesca)",42.100757,0.485499,icon-1581-006064,"",none,"",U5Yvc9qGl5aZPm5PWsEv
"RESTAURANTE Setos 🍽️ / Motilla de Palancar (Cuenca)",39.560738,-1.906066,icon-1577-795548,"",none,"",lH1sBuzjIwYthvPyuvBB
"RESTAURANTE Cuenca  🍽️ / Motilla de Palancar (Cuenca)",39.564936,-1.91636,icon-1577-795548,"",none,"",8SwG8Ni2tVCk3R2RTYDr
"ESTACIÓN BUS 🚍 / La Roda (Albacete)",39.200507,-2.158912,icon-1532-0288D1,"",none,"",RjzqICTXPqZcgsDtUMWN
"GASOLINERA Cepsa ⛽ / La Roda (Albacete)",39.212606,-2.171638,icon-1581-006064,"",none,"",UcXQKrvfSU77eBrX4Fx0
"ABADES Puerta Andalucía ⬇️ /  Sta Elena (Jaén)",38.314633,-3.569918,icon-1769-DB4436,"",none,"",gzhI9dgWdJ4piqwIa4Dp
"APARCAMIENTO 🅿️ / Tarragona",41.126273,1.211457,icon-1644-0288D1,"",none,"",yUkBbG9p9csLimHLrfkh
"MUSEO EGIPCIO 🏢 / Barcelona",41.393681,2.164632,icon-1636-A52714,"",none,"",DIZgy225RUAawJJnIA8x
"C Y D (Pago) CON RESERVA💰 / Barcelona",41.390191,2.17763,icon-1826-3949AB,"",none,"",wmRga6znHwodZ6QGjBvY
"ACEITE Nuñez de Prado 🏺/ Baena (Córdoba)",37.61718,-4.321667,icon-1803-DB4436,"",none,"",OpGiDpm3BNLOo3LOAfHq
"ABADES Bailen ⬇️ / Bailen (Jaén)",38.14328,-3.72891,icon-1769-DB4436,"",none,"",cEh5mQ3JE18V5Z7vJsQy
"ESTACIÓN BUS 🚍 / Bailén (Jaén)",38.092096,-3.776494,icon-1532-0288D1,"",none,"",Z6fXnGHYKOHE9Y2ZSH9k
"PARKING BUS ✅️ / Villacarrillo (Jaén)",38.114413,-3.078612,icon-1532-7CB342,"",none,"",6AeZpUgGHFRo1lLyYv8k
"ZONA DE ESPERA ☕️ / Albacete",38.976252,-1.85444,icon-1534-4E342E,"",none,"",XT7dsMHA9nSwfHJIyKFz
"LA GRANJA ESCUELA 🚸 / St. Joan Sanata (Barcelona)",41.668701,2.461609,icon-1682-673AB7,"",none,"",VvIloGQNWvKLr7daYLOf
"RESTAURANTE  Les Sureres  🍽 / Santa Maria de Palautordera (Barcelona)",41.674292,2.456049,icon-1577-795548,"",none,"",Ums1UwQzw9JlE8C2v64D
"WATER WORLD  (Parking)/ Lloret de Mar (Girona)",41.708541,2.83169,icon-1502-C2185B,"",none,"",QeAcwenqveV6z8jgLQth
"C Y D 🔄 / Guadix (Granada)",37.302526,-3.136144,icon-1826-0F9D58,"",none,"",akA5SeE1YAnCj3c0UoN4
"PARKING BUS ✅ / Carcassonne (FR)",43.21555,2.347879,icon-1532-7CB342,"",none,"",z9FJLi4Kjkk4wFy5XLDa
"HOTEL HF Ipanema Park 🛏️ / Oporto (PO)",41.154335,-8.649611,icon-1602-9C27B0,"",none,"",SwdsWmnhB0nseWwsdWNp
"PARKING BUS (Pago) 💰 / Barcelona",41.366554,2.170585,icon-1513-1A237E,"",none,"",bFUoQU5FhZkxNFP7YtkY
"APARCAMIENTO 🅿️ / Sant Feliu de Pallerols (Girona)",42.074403,2.506747,icon-1644-0288D1,"",none,"",Zvnoh1sQisvN7JVsTI9B
"PARKING 🅿️ / Almonastwr La Real (Huelva)",37.873559,-6.787301,icon-1644-0288D1,"",none,"",d8yuUMAsWH8IsYWmgMPr
"APARCAMIENTO 🅿️ / Gandía (Valencia)",38.993802,-0.167276,icon-1644-0288D1,"",none,"",py20KpihTNDxFbJd8rXi
"PROHIBICIÓN 3,5T",41.672156,2.260298,icon-1899-DB4436-nodesc,"",none,"",2ir1fdKQCkl8IdCT3mvI
"ÁREA SERVICIO Villa Orce ⏸️ / Villa-sana (Lérida)",41.643538,0.930967,icon-1577-795548,"",none,"",WRySeahg6cJuyV0W0Q4X
"PARKING BUS ✅️ / El Port de la Selva (Girona)",42.334598,3.202834,icon-1532-7CB342,"",none,"",7mUmABiTvbu2qJNZun2B
"PARKING 🅿️ / La Bisbal D'Empordà (Girona)",41.971508,3.032914,icon-1644-0288D1,"",none,"",a0jSwa6BGiIH6ok7WArS
"APARCAMIENTO 🅿️ / Fuenlabrada (Madrid)",40.280095,-3.800419,icon-1644-0288D1,"",none,"",r00F5frk961xtUAPKZJj
"APARCAMIENTO 🅿️ / Punta Umbría",37.181606,-6.969288,icon-1644-0288D1,"",none,"",2eH3LRx8yRHXsGY3YnCD
"APARCAMIENTO 🅿️ / Punta Umbría (Cádiz)",37.191366,-6.981823,icon-1644-0288D1,"",none,"",w2WVRVPVP71DkeExFMqx
"COLEGIO Sierra Blanca 🚸 / Málaga",36.718681,-4.473381,icon-1682-FFD600,"",none,"",3TYeFxmVIocrw73LmiQy
"RESTAURANTE París ⏸️ - Lisboa / Alaejos (Valladolid)",41.301677,-5.224929,icon-1577-795548,"",none,"",I0LLlYPUZ9x5QCJunNYk
"APARCAMIENTO 🅿️ / Pontevedra",42.422783,-8.656238,icon-1644-0288D1,"",none,"",QGGvCjzTbJvBBHk6EVGZ
"PARKING BUS ✅️ / Sabiote (Jaén)",38.068494,-3.304484,icon-1532-7CB342,"",none,"",H7BB6XdGYpRLBFePHaIf
"PARKING BUS ✅️ / La Rochelle (FR)",46.1491,-1.150913,icon-1532-7CB342,"",none,"",CWWaxuVCpke7YSJSmnYJ
"ACUARIO 🐠 / La Rochelle (FR)",46.153172,-1.150037,icon-1779-1A237E,"",none,"",MHWQLbkcTDWVSs8mY1Ov
"C Y D 🔄 / La Rochelle (FR)",46.15906,-1.148811,icon-1826-0F9D58,"",none,"",JAPgRHAC37fchMHAmUB9
"PARKING BUS ✅️ / La Rochelle (FR)",46.166309,-1.153962,icon-1532-7CB342,"",none,"",Vx1GoarCM5PlAg46Ek8P
"APARCAMIENTO",46.17572,-1.167441,icon-1644-0288D1-nodesc,"",none,"",nyAU2QqERf4tBW9CNpgM
"GOUFFRE DE PADIRAC (Parking) 📷",44.857381,1.751022,icon-1535-757575,"",none,"",nICA2WxFq0i2D1Se3tQS
"TEATRO La Latina 🎭 / Madrid",40.411355,-3.709026,icon-1709-880E4F,"",none,"",MiPJUIcjlid76fVvNLGP
"C Y D - C/ Sevilla,3 (5Min) 🔄 / Madrid",40.41727,-3.699991,icon-1826-E65100,"",none,"",7GrjuIFZHfbuaG2vD08g
"LAGO D'ENGOLASTERS 🏕 / Les Escaldes (AND)",42.517461,1.56841,icon-1542-3949AB,"",none,"",PJnzPQusbBwVXmIzNpKA
"AEROPUERTO ✈️ / Castellón",40.205311,0.067808,icon-1504-880E4F,"",none,"",jS43ZbhsowpiC51NAo79
"APARCAMIENTO 🅿️ / Fátima (PO)",39.628703,-8.679107,icon-1644-0288D1,"",none,"",TCldXRlW7eKdJGqFB2xA
"ESTACIÓN BUS 🚍 /  Ericeira (PO)",38.967905,-9.405842,icon-1532-0288D1,"",none,"",s4QmMhjsw0FhviTjJrCj
"C Y D 🔄 /  Ericeira (PO)",38.970164,-9.419736,icon-1826-0F9D58,"",none,"",MpJseR4wwIUpMUZeWFWr
"C Y D 🔄 / Vic (Barcelona)",41.928313,2.260555,icon-1826-0F9D58,"",none,"",FfRWQTa9EJqUqfYWt9KM
"PARKING BUS ✅️ / Azuqueca de Henares (Madrid)",40.569226,-3.26955,icon-1532-7CB342,"",none,"",BH12gsQF0OcYBkFY8xRB
"C Y D 🔄 / Azuqueca de Henares  (Madrid)",40.565094,-3.26857,icon-1826-0F9D58,"",none,"",s3oyzMkMDCW6k90JtRy0
"APARCAMIENTO 🅿️ / Azuqueca de Henares (Madrid)",40.548693,-3.269321,icon-1644-0288D1,"",none,"",Qb2YqrV5NWIY0SghtTz5
"APARCAMIENTO 🅿️ / Nuevo Baztán (Madrid)",40.364563,-3.242005,icon-1644-0288D1,"",none,"",WQYKNWQaDDBWK3QllCSp
"NACIMIENTO RIO MUNDO (Parking) 🏕️ / Riópar (Albacete)",38.455804,-2.438436,icon-1542-3949AB,"",none,"",ODLnpjdIvvLW9C99pRXT
"JAMONES Majada Pedroche 🚩 / Villanueva de Córdoba (Córdoba)",38.328664,-4.619533,icon-1769-000000,"",none,"",QomqUkHj6a5rqCFjn25D
"AUTOCARES Rico S.A ✔️/ San Fernando (Cádiz)",36.470787,-6.189949,icon-1532-000000,"",none,"",RXtRGNbmMEXncY739cYf
"INFO APARCAMIENTO ℹ️ / Roc de Sant Gaietà (Tarragona)",41.170615,1.481196,icon-1608-3949AB,"",none,"",QrjY0lpuwaLcHyOoIc3z
"ESTACIÓN BUS 🚍 / Manresa (Barcelona)",41.732232,1.834159,icon-1532-0288D1,"",none,"",FiTx48Qr0shDd6z2viS6
"ALTURA MAX 4M / Madrid",40.381968,-3.692816,icon-1541-097138,"",none,"",n0KRoXgBYFYzIXshpr9q
"ALTURA MÁXIMA 4M / Madrid",40.407223,-3.713185,icon-1541-097138,"",none,"",B249xdwGHWea61lxGGfs
"ALTURA MÁXIMA 4M / Madrid",40.40633,-3.709844,icon-1541-097138,"",none,"",SptqCz54sINSL0G83Imd
"PARKING BUS (Max 2Horas) - C/ Marcemado, 51 ✅ / Madrid",40.45001,-3.67427,icon-1532-7CB342,"",none,"",zFpFcr81I0dOBJRcVD8H
"CASA COLONIES Can Maiol 🚸 / Sant Andreu Salou / Girona",41.875143,2.824066,icon-1682-673AB7,"",none,"",mXHQckaUbpGoJwhJXhWH
"CAMBIO DE SENTIDO / Sant Andreu Salou (Girona)",41.87355,2.825252,icon-1563-424242,"",none,"",vtVna6SVG3nlDLbH8jXY
"PARKING BUS ✅️ / Caldas de Rainha (PO)",39.408888,-9.136401,icon-1532-7CB342,"",none,"",XSPmfl8GSLPJCR7ajEXO
"ESTACIÓN BUS 🚍 / Setúbal (PO)",38.539507,-8.88745,icon-1532-0288D1,"",none,"",TRRmAvFFWGBKlC51VBp3
"CENTRO COMERCIAL Freeport Fashion Outlet 🛒 / Alcochete (PO)",38.752053,-8.937847,icon-1685-A52714,"",none,"",IJUCQSnJwqWej5vg8HFr
"APARCAMIENTO 🅿️ / Pinhal Novo (PO)",38.634104,-8.917061,icon-1644-0288D1,"",none,"",qgn6fLmE8WlIKPUYXbLX
"ZONA DE ESPERA ☕ / Pinhal Novo (PO)",38.636421,-8.90941,icon-1534-4E342E,"",none,"",OsvHFieKpeMoSbSax9iY
"HOTEL Vila Park / Santiago do Cacém (PO)",38.052795,-8.785697,icon-1602-9C27B0,"",none,"",2f5llOL6MJqdkAO3DIZz
"PARKING BUS ✅ /  Santiago do Cacém (PO)",38.019281,-8.693155,icon-1532-7CB342,"",none,"",z6xP1MAKMBGubovek4CO
"APARCAMIENTO 🅿️ / Santiago do Cacém (PO)",38.021317,-8.692546,icon-1644-0288D1,"",none,"",sN0VKDgosSpLbfUgWEyL
"ÁREA SERVICIO Jaima Park🍽 / Guarromán (Jaén)",38.177667,-3.699399,icon-1577-795548,"",none,"",vgogwxMxfR9vBAlyptNd
"PARKING 🅿️ / Torrejón de Ardoz (Madrid)",40.451361,-3.479536,icon-1644-0288D1,"",none,"",ddmZnwe8jJyQURFTtps3
"BODAS Turó del Sol 💍 / Sant Vicenç de Montalt (Barcelona)",41.571343,2.516704,icon-1613-F9A825,"",none,"",UvnSrXA04HAnZa1dggip
"BODAS Can Marial 💍 / Sant Vicenç de Montalt (Barcelona)",41.569629,2.518264,icon-1613-F9A825,"",none,"",3FkudcjSquJyGd3zBIXZ
"PARKING BUS ✅️ / Potes (Cantabria)",43.154136,-4.625963,icon-1532-7CB342,"",none,"",uKh821cIezKEBTL1gxeo
"C Y D 🔄 / Benidorm (Alicante)",38.537905,-0.132502,icon-1826-0F9D58,"",none,"",onGRs40TQOsGa7f1ZA70
"ALTURA MÁXIMA 4 M / San Andreu de Llavaneres (Barcelona)",41.557145,2.500692,icon-1541-097138,"",none,"",jBbqdnfYJjd163dzNKUc
"CASA Can Plana 🚸 / Vallgorgina (Barcelona)",41.64697,2.513336,icon-1682-673AB7,"",none,"",2MltljLpCsnamoqtiy7t
"ZONA DE ESPERA ☕️ / Vallgorguina (Barcelona)",41.643134,2.518186,icon-1534-4E342E,"",none,"",4Rxr0EJ6deoJ8OdTWaek
"ESTACIÓN BUS 🚍 / Motril (Granada)",36.741092,-3.510984,icon-1532-0288D1,"",none,"",Rm41kEhQIyavYgmteKlo
"CENTRO COMERCIAL Plaza Mayor 🛒 / Málaga",36.659656,-4.47708,icon-1685-A52714,"",none,"",pP2QkeEF9chkuGqiqcqJ
"ZONA DE ESPERA ☕ / Jaén",37.768972,-3.773194,icon-1534-4E342E,"",none,"",j5JqIBwWRg8vAGYcmhX1
"ZONA DE ESPERA ☕ / Jaén",37.791758,-3.786108,icon-1534-4E342E,"",none,"",LOTMPopLcY2I8iYBG8tS
"ZONA DE ESPERA ☕ / Linares (Jaén)",38.088046,-3.648096,icon-1534-4E342E,"",none,"",AThElps3ZyRHmo0rkTj1
"ÁREA Servicio Moya 🍽️ / Honrubia (Cuenca)",39.602911,-2.280569,icon-1577-795548,"",none,"",3V7fwpExPuAkr3mMgbiS
"CASCADA DE CAOZO DE PIORNAL 📷",40.133425,-5.860295,icon-1535-757575,"",none,"",0ADQ2tcIeG2d3ozn44wV
"CAJA MÁGICA - C Y D  🔄 / Madrid",40.370793,-3.680274,icon-1826-DB4436,"",none,"",mM2wYDdC1fvFfXeeS2jo
"APARCAMIENTO 🅿️ / Marinha Grande (PO)",39.735822,-8.932364,icon-1644-0288D1,"",none,"",AJxdTMN7VU26o1W8K1Ur
"C Y D 🔄 / Marinha Grande (PO)",39.747944,-8.93079,icon-1826-0F9D58,"",none,"",bILY55cjnzcC0eXRH3R6
"PARKING BUS 🚍 (Balcón de Madrid) / Parada de Sil (Ourense)",42.381145,-7.571733,icon-1532-7CB342,"",none,"",Tqs4lCI8DpIYxuLfysLX
"APARCAMIENTO 🅿️ / Leoia (Vizcaya)",43.318679,-3.001786,icon-1644-0288D1,"",none,"",usTyoJGJW6MlLzOA3G8Z
"SANTUARIO De Lourdes ✝️ / La Nou de Berguedà (Barcelona)",42.163161,1.88433,icon-1670-E65100,"",none,"",JfyPOKercLPxKSXpi60R
"MUSEO Del Ciment  🏛️ / Castellar de n'Hug  (Barcelona)",42.260322,1.978845,icon-1636-A52714,"",none,"",mHjd4wf7AEugFQ2sFiFv
"PARKING BUS ✅ / Torija (Guadalajara)",40.743048,-3.032467,icon-1532-7CB342,"",none,"",aTpUam5ekMAA6592JJwj
"ESTACIÓN BUS 🚍 / Ejea de los Caballeros (Zaragoza)",42.124812,-1.143769,icon-1532-0288D1,"",none,"",k44X9Vm9kEkYU5ljScY7
"APARCAMIENTO 🅿️ / Ejea de los Caballeros (Zaragoza)",42.118492,-1.143236,icon-1644-0288D1,"",none,"",BBkxi5T3ACDtKEhkV4Gt
"PARKING BUS 🚍 / Ejea de los Caballeros (Zaragoza)",42.123668,-1.132496,icon-1532-7CB342,"",none,"",WOU46jnsxoxMBqW7yplF
"PARKING BUS ✅ / Marcilla (Navarra)",42.326198,-1.734298,icon-1532-7CB342,"",none,"",J14QSDBdm69BR6t8KdwB
"CIUDAD DEPORTIVA R.Madrid (Parking)",40.476794,-3.613074,icon-1890-1A237E,"",none,"",sBQ8GYskqoR8PWkJU6YP
"C Y D 🔄 / Jódar (Jaén)",37.840111,-3.352485,icon-1826-0F9D58,"",none,"",TD3hls5EyvKTjNK613kI
"PARKING BUS ✅️ / Campillo de Ranas (Guadalajara)",41.087401,-3.31038,icon-1532-7CB342,"",none,"",NAlCGiFQS9AVtJXV0wQk
"INFO : Campillo de Ranas (Guadalajara)",41.088315,-3.308606,icon-1608-3949AB,"",none,"",hfrHFY67necFthUoKJh2
"PARKING BUS 👮 Parque Güell // SOLO CON RESERVA (Barcelona)",41.41545,2.155589,icon-1532-7CB342,"",none,"",T9M2jc21JXxPC8yHcclr
"CARGA / DESCARGA HONDARRUBIA",43.372151,-1.794338,icon-1826-0F9D58,"",none,"",C5Zt2UaJZk1IhsUMUoXD
"C Y D 🔄 / Carvoeiro (P)",37.096868,-8.470998,icon-1826-0F9D58,"",none,"",EEMJn5yKYW11f39uLKoY
"ESTACIÓN BUS 🚍 / Cervera de Pisuerga (Palencia)",42.866835,-4.500504,icon-1532-0288D1,"",none,"",fRTwTWdgE10YF3UohBsd
"ESTACIÓN DE AUTOBUSES 🚍 / Saldaña (Palencia)",42.521127,-4.73837,icon-1532-0288D1,"",none,"",ndbLdNoRk6nn68rolmFl
"C Y D 🔄 Estepona / Málaga",36.429148,-5.149735,icon-1826-0F9D58,"",none,"",GM2CPIi2QywNEG6yDPBx
"CUEVA DEL TESORO 📷 / La Cala del Moral, (Málaga)",36.719192,-4.298485,icon-1535-757575,"",none,"",m2RHVxh8pFN5ENJBAT8n
"APARCAMIENTO 🅿️ / Torre del Mar (Málaga)",36.753947,-4.096691,icon-1644-0288D1,"",none,"",BgLk450DfPZbR4RfXLGz
"APARCAMIENTO 🅿️ / Vinaroz (Castellón)",40.463542,0.471732,icon-1644-0288D1,"",none,"",iVzwR0Oo9OTkRoYr2IA7
"APARCAMIENTO 🅿️ / Vinaroz (Castellón)",40.477901,0.47789,icon-1644-0288D1,"",none,"",4t53fqBi73dVdLmAME4a
"DM REFRIGERACIÓN Transporte S.L. 🛠️ / Villarreal (Castellón)",39.945726,-0.089247,icon-1590-1A237E,"",none,"",ZYSeH6mjRdDOqGydbrom
"MAN Truck & Bus Service Jordi Motor 🛠️ / Tavernes de la Valldigna (Valencia)",39.069027,-0.272661,icon-1590-1A237E,"",none,"",9jeXBhvHBWfFHx3tu8MJ
"C Y D 🔄 / Cádiz",36.517658,-6.28215,icon-1826-0F9D58,"",none,"",ORXb2nt78UQFPCpvdBMT
"C Y D 🔄 / Carmona (Sevilla)",37.470789,-5.641505,icon-1826-0F9D58,"",none,"",NqlBzMJ1IrjEeN3E6eyG
"ZONA DE ESPERA ☕ / Carmona (Sevilla)",37.471061,-5.627454,icon-1534-4E342E,"",none,"",KyY18UX4kkoCaN4HKr7W
"ZONA DE ESPERA ☕ / Carmona (Sevilla)",37.463394,-5.653153,icon-1534-4E342E,"",none,"",1qNbg75BlRgBGMyAiKpG
"PARKING BUS ✅ / Tocina (Sevilla)",37.60043,-5.731141,icon-1532-7CB342,"",none,"",rPolmqYTQxcDhx5VK1dX
"PARKING BUS ✅ / Chilluévar (Jaén)",38.002488,-3.032297,icon-1532-7CB342,"",none,"",iCzXiY6gMmdhnQ0aZ57R
"TERMINAL EMBARQUE 🛳 / Ajaccio (FR)",41.922413,8.739689,icon-1622-757575,"",none,"",jCMxu76qliexiA4zqQys
"ESTACIÓN BUS 🚍 / Adra (Almería)",36.747079,-3.020068,icon-1532-0288D1,"",none,"",BwqwEThFtJF4694VkNQT
"ESTACIÓN BUS 🚍 / Béjar (Almería)",36.840599,-2.947239,icon-1532-0288D1,"",none,"",v1DsO5N2TsZbuQ8tbimD
"ESTACIÓN BUS 🚍/ Guadix (Granada)",37.299236,-3.127361,icon-1532-0288D1,"",none,"",vztnBEuXkm8iabMIvB9x
"HOTEL Bluesea Gran Cervantes 🛏️ / Torremolinos (Málaga)",36.624173,-4.497024,icon-1602-9C27B0,"",none,"",FXslCYfgr2mEOFJjVKWt
"ESTACIÓN BUS 🚍 / Fuengirola (Málaga)",36.541654,-4.622974,icon-1532-0288D1-nodesc,"",none,"",HZLwFCGgWRGyyUjfiNnj
"PARKING BUS ✅ Campillos (Málaga)",37.042622,-4.865518,icon-1532-7CB342,"",none,"",7ijnnzx2ruuMYE9Wd5zI
"ESTACIÓN BUS 🚍 / Estepa (Málaga)",37.295087,-4.876262,icon-1532-0288D1,"",none,"",u56kqzfJz1hJnvlwwArq
"PARKING BUS ✅ Dehesa de Campoamor (Alicante)",37.901116,-0.74962,icon-1532-7CB342,"",none,"",MxIpXnZfe2yNveE1FcxK
"ESTACIÓN BUS 🚍 / Guardamar del Segura (Alicante)",38.087773,-0.655711,icon-1532-0288D1,"",none,"",Yi1qjtkXscORZTsUq9v0
"ESTACIÓN BUS 🚍 / Hellín (Albacete)",38.508386,-1.70541,icon-1532-0288D1,"",none,"",bz7VvXSVHNQ9oYPZv6p7
"ESTACIÓN BUS 🚍 / Azuaga (Badajoz)",38.261074,-5.685893,icon-1532-0288D1,"",none,"",JFKjBpWEX2cRq9l7QCyl
"RESTAURANTE El Triunfo 🍽 / Sant Antoni de Calonge (Girona)",41.855247,3.103669,icon-1577-795548,"",none,"",zAiUj0Mq7WENFdsbX2zZ
"CENTRO COMERCIAL Lagoh Sevilla",37.340946,-5.988288,icon-1685-C2185B,"",none,"",aRY3EiV5FzRmNo48sp4y
"Ivars Bilmuseum 🏛/ Hoting (Suecia)",64.107228,16.174754,icon-1636-A52714,"",none,"",Zpe77dRDebedNZcTAnke
"C Y D - Jardín Botánico Marimurtra 🪴 / Blanes (Girona)",41.67778,2.8053,icon-1826-0F9D58,"",none,"",sb2tZ7ZqZVUfwoP5LxW7
"PROHIBICIÓN 3,5T ⛔️ / Blanes (Girona)",41.677467,2.805377,icon-1899-DB4436,"",none,"",rKpeYlb4fIZpOhCT7QYI
"C Y D 🔄 / Faro Cullera (Valencia)",39.184012,-0.219731,icon-1826-0F9D58,"",none,"",qkMttxY7mjzJZ3xruwe7
"ESTACIÓN BUS 🚍 / Huesca",42.132921,-0.410281,icon-1532-0288D1,"",none,"",2WmaSQqcLyc55d96023j
"ESTACIÓN BUS 🚍 / Calahorra (La Rioja)",42.302158,-1.964398,icon-1532-0288D1,"",none,"",xB1youo0JkzjQs0neEqq
"C Y D 🔄 / Barakaldo (Vizcaya)",43.293441,-2.989167,icon-1826-0F9D58,"",none,"",nS2gwDIF9jbuPi3Wu1vc
"RUTA De Cares 🏞️ / Posada de Valdeón (León)",43.151488,-4.917672,icon-1826-0F9D58,"",none,"",d3XcKtCZYk6f6aUznydk
"RUTA de Cares 🔄 / Poncebos (León)",43.25724,-4.832436,icon-1826-0F9D58,"",none,"",QfCajCs1yQ9PXBreGQJZ
"ESTACIÓN BUS 🚍 / Bembibre (León)",42.618617,-6.412319,icon-1532-0288D1,"",none,"",YKe8FDlqoo3AON7keM90
"ESTACIÓN BUS 🚍 / Foz (Lugo)",43.571686,-7.25991,icon-1532-0288D1,"",none,"",Fjnr3lpkNJSPN7x2f6Vj
"ESTACIÓN BUS 🚍 / Ares (La Coruña)",43.429516,-8.241852,icon-1532-0288D1,"",none,"",1lFPE8ykx7hqjEWWyeBd
"ESTACIÓN BUS 🚍 / Arcos de Valdevez (PO)",41.851405,-8.421342,icon-1532-0288D1,"",none,"",9Wy2rsKYGCmKrk2r0tWh
"ESTACIÓN BUS 🚍 / Xinzo de Limia (Ourense)",42.064533,-7.7269,icon-1532-0288D1,"",none,"",gQL8gNUGa8bwVF9C4JsL
"ZONA DE ESPERA ☕ / Jerez de la Frontera (Cádiz)",36.708653,-6.124534,icon-1534-4E342E,"",none,"",44oWkDhB13VvmmEDVbBM
"ESTACIÓN BUS 🚍 / Almonte (Huelva)",37.257219,-6.519796,icon-1532-0288D1,"",none,"",N7UQddTZOqrGK7Bh5nS9
"ESTACIÓN BUS 🚍 / Arroyo de La Luz (Cáceres)",39.482088,-6.58252,icon-1532-0288D1,"",none,"",Ri25mRambETYz5tZuspP
"ESTACIÓN BUS 🚍 / Abrantes (PO)",39.463453,-8.213333,icon-1532-0288D1,"",none,"",NX0jpGLGgUYIWujLa43k
"ESTACIÓN BUS 🚍 / Agualva-Cacém (PO)",38.766843,-9.298213,icon-1532-0288D1,"",none,"",izymhcDGPGFLHqFLeoJ5
"ESTACIÓN BUS 🚍 / Bombarral (PO)",39.266148,-9.155058,icon-1532-0288D1,"",none,"",e6m23hJIOrdI7WmVKTgV
"ESTACIÓN BUS 🚍 / Aveiro (PO)",40.643856,-8.638319,icon-1532-0288D1,"",none,"",SWNZra9mgBauWBfDKPYq
"ESTACIÓN BUS 🚍 / Guijuelo (Salamanca)",40.560196,-5.670426,icon-1532-0288D1,"",none,"",RpWXAsdQTXpXN9bc29H9
"ESTACIÓN BUS 🚍 / Amarante (PO)",41.266164,-8.072185,icon-1532-0288D1,"",none,"",4N8XCQap033Dfp05nTPu
"ESTACIÓN BUS 🚍 / Aix-en-Provence (FR)",43.523273,5.441153,icon-1532-0288D1,"",none,"",M1nU3EgklQCk5vlMaLJ6
"ESTACIÓN BUS 🚍 / Angulema (FR)",45.653633,0.166113,icon-1532-0288D1,"",none,"",mR1PZ3KCJvk243H6YFk1
"ESTACIÓN BUS 🚍 / Angers (FR)",47.464725,-0.558672,icon-1532-0288D1,"",none,"",AXi1S43tGkgLW3QtxPvZ
"ESTACIÓN BUS 🚍 / Alenzon (FR)",48.434228,0.09772,icon-1532-0288D1,"",none,"",W0udBDi2Sxgz7l9JhnFE
"PARKING BUS ✅ / Bayeux (FR)",49.272752,-0.70194,icon-1532-7CB342,"",none,"",rjvIJAAjxc8PEkSW4onU
"ESTACIÓN BUS 🚍 / Amiens (FR)",49.891054,2.30867,icon-1532-0288D1,"",none,"",5gOrOM7o8GaiSNZOAosd
"ESTACIÓN BUS 🚍 / Borås (Suecia)",57.720179,12.932613,icon-1532-0288D1,"",none,"",vwkxkB3MZ90NiL45raY8
"PARKING BUS ✅️ / Jardines Cap Roig - Calella de Palafrugell (Girona)",41.877281,3.175142,icon-1532-7CB342,"",none,"",enGQ5LTmWr5RZDhTlLDg
"APARCAMIENTO 🅿️ / Requena (Valencia)",39.484067,-1.103055,icon-1644-0288D1,"",none,"",J8G2e8Q2arvRCkzNIrnH
"PARKING BUS ✅ / Cuenca",40.068805,-2.126933,icon-1532-7CB342,"",none,"",eeVdX5wrg4zdapXaL210
"ESTACIÓN BUS 🚍 / Mirandela (PO)",41.481014,-7.180569,icon-1532-0288D1,"",none,"",33mmHVHDTKEjADEZMQTP
"C Y D 🔄 / Puente La Reina (Navarra)",42.669454,-1.81945,icon-1826-0F9D58,"",none,"",xCyQ8iWu5mwJBB1MGgRw
"PARKING BUS ✅ / Valle de Trápaga (Vizcaya)",43.288788,-3.048276,icon-1532-7CB342,"",none,"",qEPLJVcYehp1SYXHFHyR
"PARKING BUS ✅ / La Arboleda (Vizcaya)",43.285049,-3.05367,icon-1532-7CB342,"",none,"",3cz53TYCVPBtGTkiPuqJ
"SANTUARIO Santo Cristo de Limpias / Cantabria",43.364766,-3.417641,icon-1670-E65100,"",none,"",OWzq6PdbHB3i5VOYRv3w
"PARKING BUS ✅ / Mansilla de las Mulas (León)",42.497585,-5.421248,icon-1532-7CB342-nodesc,"",none,"",SC1aeXeoRChY3ow8xS8b
"MUSEO De La Fauna Salvaje 🏛️ / Valdehuesa (León)",42.943389,-5.31857,icon-1636-A52714,"",none,"",56fw4Vd5vafaS04zzqu8
"PARKING BUS ✅ / Rioseco (Asturias)",43.220273,-5.449718,icon-1532-7CB342,"",none,"",wKvsOUbEF8t9MkLXAldA
"ESTACIÓN BUS 🚍 / Borlänge (Suecia)",60.482331,15.427299,icon-1532-0288D1,"",none,"",q4TnjeY35iwGfXe1Yypz
"ESTACIÓN BUS 🚍 / Avesta (Suecia)",60.143938,16.167942,icon-1532-0288D1,"",none,"",qx5P4XY6LpVZbZ71GXq0
"ESTACIÓN BUS 🚍 / Bålsta (Suecia)",59.569174,17.53093,icon-1532-0288D1,"",none,"",kcYaGWWTbBiHN1nLmdEQ
"ESTACIÓN BUS 🚍 / Arboga (Suecia)",59.396835,15.84197,icon-1532-0288D1,"",none,"",HDsLM20BKBtKROS8xX06
"MUSEO Bunker (Parking) 🏛️ / Hanstholm (Dinamarca)",57.119813,8.618778,icon-1636-A52714,"",none,"",PVfHqTqKMmjXLDtteQTU
"APARCAMIENTO 🅿️ / Göteborg (Suecia)",57.690812,11.993455,icon-1644-0288D1,"",none,"",cDnggEKWvjnwguHAeOIq
"ESTACIÓN BUS 🚍 / Alingsås (Suecia)",57.927331,12.52903,icon-1532-0288D1,"",none,"",389HGwE903zrCv1YfTXP
"PARKING BUS ✅ / Krummhörn (Alemania)",53.501132,7.105056,icon-1532-7CB342,"",none,"",oSJszDgaTHmtJpGREPwC
"PARKING BUS ✅ / Neuharlingersiel, Alemania",53.700853,7.702774,icon-1532-7CB342,"",none,"",S1d7fqDDSEbw9IYEw4bt
"PARKING BUS ✅ / Jever (Alemania)",53.572687,7.906756,icon-1532-7CB342,"",none,"",5ammsfODvzsc65hw511P
"PARKING BUS ✅ / Wilhelmshaven (Alemania)",53.580939,8.13119,icon-1532-7CB342,"",none,"",RRnbreNgL8jRQEwmbsIH
"PARKING Tierra / Vilassar de Mar (Barcelona)",41.510333,2.394534,icon-1644-0288D1,"",none,"",aK9QYiESadJ9nfVisjQU
"CRARC 🐿/ Masquefa (Barcelona)",41.498018,1.814227,icon-1542-3949AB,"",none,"",sIHvzghRqVkJ8XqyumqM
"CAMBIO SENTIDO / Vilassar de Dalt (Barcelona)",41.52053,2.354757,icon-1770-424242,"",none,"",QEtaR0Uk5tZSixcyiyph
"ZONA DE ESPERA ☕️ / Barcelona",41.434999,2.209355,icon-1534-4E342E,"",none,"",S4Z31z2xT4WFSKca1fDH
"TURKYBUS S.L. 🛠 / Sant Feliu de Buixalleu (Girona)",41.732563,2.613131,icon-1590-1A237E,"",none,"",0zuBEQCHKxqp2qpiRQlT
"PARKING BUS ✅️ / Poio (Pontevedra)",42.43987,-8.690203,icon-1532-7CB342,"",none,"",T1Kfzw1BuxQyfjb3luUl
"ESTACIÓN BUS 🚍 / Aichach (Alemania)",48.460655,11.122994,icon-1532-0288D1,"",none,"",O2DtucnMwNDgJu3NKcQC
"ESTACIÓN BUS 🚍 / Aalen (Alemania)",48.840844,10.094977,icon-1532-0288D1,"",none,"",v8bXfRPADYuIAJ8XFutl
"C Y D 🔄 / Besançon (FR)",47.247124,6.022829,icon-1826-0F9D58,"",none,"",FQPaK6GAPZ09UkllYYuF
"PARKING BUS ✅ / Lovagny (FR)",45.898406,6.041994,icon-1532-7CB342,"",none,"",YItCnsfCOVKzhzfSlgCA
"PARKING Tierra 🅿️ / Vaulx (FR)",45.917911,5.985438,icon-1644-0288D1,"",none,"",A5aGSMesM1CSXPwZZ0Cm
"PARKING BUS ✅ / Neuchâtel (Suiza)",46.99625,6.934389,icon-1532-7CB342,"",none,"",iOHXme5myQ4OzTzNxyns
"ESTACIÓN BUS 🚍 / Albstadt (Alemania)",48.210326,9.02979,icon-1532-0288D1,"",none,"",psLtAANXo1PAeINm8yAo
"C Y D 🔄 💰 / Barcelona",41.389394,2.181994,icon-1826-0F9D58,"",none,"",RHZ0lKHD8wtTWffovwh9
"PARKING BUS  (Pago) ✅️ / Barcelona",41.38913,2.182341,icon-1513-1A237E,"",none,"",PnSBexiInTi7QdZCL2DX
"Bodega El Paratge 🍷/ Lloret de Mar (Girona)",41.716836,2.830908,icon-1798-F9A825,"",none,"",paR9Dqv1jUG9eV9xaMyG
"Lavadero Bus💧 / Lloret de Mar (Girona)",41.71713,2.829811,icon-1702-0097A7,"",none,"",IAATnFBVqYEnURV5tPwp
"PARKING Tierra 🅿️ / Lloret de Mar (Girona)",41.707226,2.833478,icon-1644-0288D1,"",none,"",ikMfEl6T9N88PmC9HItL
"C Y D 🔄 / Lloret de Mar (Girona)",41.704737,2.838057,icon-1826-0F9D58,"",none,"",7LztzdV46VcGkQ4ftuu5
"C Y D 🔄 / Lloret de Mar (Girona)",41.704125,2.847418,icon-1826-0F9D58,"",none,"",Defp7Hpyhzi5a6Y56tj0
"C Y D 🔄 / Blanes (Girona)",41.668622,2.787273,icon-1826-0F9D58,"",none,"",SOKmbSj68IvdVdH4KyWr
"PARQUE Francesc Macià 🍀 / Malgrat de Mar (Barcelona)",41.650539,2.73876,icon-1542-3949AB,"",none,"",tkirxF5WdOCltw7RLgPf
"MARINELAND / Palafolls (Barcelona)",41.660154,2.752143,icon-1502-C2185B,"",none,"",rS2mijh75jXbB1Zn5eWz
"CASA Colonies Can Vandrell 🚸 / Sant Feliu de Buixalleu (Girona)",41.762851,2.59426,icon-1682-673AB7,"",none,"",7zzKZXuFX1fuS3QYtdLH
"VECTALIA ✔️",38.365204,-0.478816,icon-1532-000000,"",none,"",fUhFw7MAORkMUju9R2n7
"ESTACIÓN BUS 🚍 / Cee (A Coruña)",42.955344,-9.191464,icon-1532-0288D1,"",none,"",bOXerzaIKiADnTUy7liw
"ESTACIÓN BUS 🚍 / Cintruénigo",42.079751,-1.802059,icon-1532-0288D1-nodesc,"",none,"",7OAUYqbQjVkLxLY1Bm6J
"C Y D 🔄 / Colindres (Cantabria)",43.394795,-3.457649,icon-1826-0F9D58,"",none,"",auh7Om6kuGyCdcJQNdjp
"ESTACIÓN BUS 🚍 / Collado Villalba (Madrid)",40.626182,-4.00402,icon-1532-0288D1,"",none,"",5YxUpWQF7PfTgbuB34lF
"C Y D 🔄 / El Alquián (Almería)",36.853013,-2.354603,icon-1826-0F9D58,"",none,"",PE9GgP9Bm1792u56GZac
"PARKING BUS - C Y D  ✅️🔄 / Santa Pau (Girona)",42.146454,2.568608,icon-1532-7CB342,"",none,"",BPgB9cxQj5ciG8ze0R5h
"ESTACIÓN BUS 🚍 / Berlín (AL)",52.507755,13.280351,icon-1532-0288D1,"",none,"",ZEbkcYTVcvYWC4FJ5pZX
"ESTACIÓN BUS 🚍 / Bremen (AL)",53.081619,8.81427,icon-1532-0288D1,"",none,"",iVuRYjtqOmc6gGXDBBPd
"PARKING BUS ✅ / Ingolstadt (AL)",48.763817,11.429335,icon-1532-7CB342,"",none,"",mamUvN5y0zW3M3bKfC4c
"C Y D 🔄 / Bad Ord (AL)",50.223783,9.348581,icon-1826-0F9D58,"",none,"",OTXSfQ75ZYZeSFTSfrFQ
"PARKING BUS ✅ / Bad Ord (AL)",50.224618,9.345193,icon-1532-7CB342,"",none,"",xBPVYyhsH5KZtou9u3Lu
"PARKING BUS ✅ / Gelnhausen (AL)",50.199208,9.187138,icon-1532-7CB342,"",none,"",pQF9pMrQEIJSB6Fh9Ha7
"C Y D 🔄 / Alsfeld (AL)",50.750591,9.265487,icon-1826-0F9D58,"",none,"",iTfiIKL89VExpFpC1kb1
"ESTACIÓN BUS 🚍 / Dortmund (AL)",51.519696,7.458575,icon-1532-0288D1,"",none,"",4rQE5IvPnRoNmi3uSnKK
"MOVIE PARK (Parking) 🎡 / Bottrop (AL)",51.621525,6.971855,icon-1502-C2185B,"",none,"",Zd7A7LXw6EfObq2cSda0
"C Y D 🔄 / Xanten (AL)",51.665315,6.452598,icon-1826-0F9D58,"",none,"",eLf2iDjIWNupArxnfjRW
"PARKING BUS ✅ / Xanten (AL)",51.668925,6.452476,icon-1532-7CB342,"",none,"",FMCawdBWN4Cmkz8ltucf
"AUTOCARES TURISBUS ☑️ / Cuevas del Almanzora (Almería)",37.248003,-1.798983,icon-1532-000000,"",none,"",48qvYpqt8Y9VZXGJpKf9
"PARKING 🅿️ / Benalmádena (Málaga)",36.580643,-4.540977,icon-1644-0288D1,"",none,"",HNtzuB0C9C4v5VfBHGaO
"AUTOCARES Alonso ✅️ / Carboneras (Almería)",36.987277,-1.909663,icon-1532-000000,"",none,"",7JdPPKUlmTt3uXxDKe5Q
"PARKING 🅿️ / Sabadell (Barcelona)",41.551733,2.089407,icon-1644-0288D1,"",none,"",PQ6blXpmurfzFx80aHVc
"SANTUARIO De Cristo Rei 🕍 / Almada (PO)",38.677696,-9.170733,icon-1670-E65100,"",none,"",BnRWf43LVfhbkGVkKhf0
"C Y D 🔄 Lloret de Mar (Girona)",41.702654,2.844239,icon-1826-0F9D58,"",none,"",F1U2HNYUq3iCdocoOWcK
"C Y D 🔄 / Lloret de Mar (Girona)",41.70342,2.84552,icon-1826-0F9D58,"",none,"",Defp7Hpyhzi5a6Y56tj0
"C Y D 🔄 / Lloret de Mar (Girona)",41.699468,2.843645,icon-1826-0F9D58,"",none,"",Defp7Hpyhzi5a6Y56tj0
"C Y D 🔄 / Lloret de Mar (Girona)",41.699461,2.831199,icon-1826-0F9D58,"",none,"",EVUhD25YP2hZacf2rror
"LAGUNA GLACIARES De Neila / Burgos",42.046089,-3.044677,icon-1542-3949AB,"",none,"",DCiuYxNUlCV3PSPGY2vt
"C Y D 🔄 / Getxo (Vizcaya)",43.339814,-3.013189,icon-1826-0F9D58,"",none,"",e8p8i0fx1uZrO0evAEjT
"PARKING 🅿️ / Getxo (Vizcaya)",43.359853,-3.005714,icon-1644-0288D1,"",none,"",mZCJPKxcBtCH2YkURqeZ
"RENFE Port Aventura🚂 / Salou (Tarragona)",41.087798,1.145934,icon-1717-AFB42B,"",none,"",X69PL5YGVkyDsFmh3g7w
"ESTACIÓN BUS 🚍 / Wrocław (Polonia)",51.096488,17.032974,icon-1532-0288D1,"",none,"",CzLXnQfmUTs2iosv0niU
"ESTACIÓN BUS 🚍 / Brodnica (Polonia)",53.259804,19.396642,icon-1532-0288D1,"",none,"",4ZBayRMahxoX41RRToM5
"ESTACIÓN BUS 🚍 / Biała Podlaska (Polonia)",52.036309,23.126395,icon-1532-0288D1,"",none,"",UHscRoop7aqCfvwerLtb
"ESTACIÓN BUS 🚍 / Białystok (Polonia)",53.13239,23.135233,icon-1532-0288D1,"",none,"",KxQYEkbs7ANDG12PR7b6
"BODEGAS Domeneq (Parking)🍷 / Jerez de la Frontera (Cádiz)",36.682569,-6.145517,icon-1798-F9A825,"",none,"",B5eQSOURNg8MgoW2DXLm
"C Y D 🔄 / Poitiers  (FR)",46.582085,0.338866,icon-1826-0F9D58,"",none,"",BIEHZ7BbgLXEhfIfSwCn
"PARKING BUS ✅️ / Poitiers (FR)",46.58344,0.336297,icon-1532-7CB342,"",none,"",d3IZ7AMw3R21lnBKpPFO
"PARKING BUS ✅️ Poble Nou del Delta (Tarragona)",40.647015,0.687989,icon-1532-7CB342,"",none,"",82ms0yq9yN2oIdPW78Qa
"C Y D 🔄 / Villajoyosa (Alicante)",38.506792,-0.229692,icon-1826-0F9D58,"",none,"",TQu24BH8zB1sOvXimwTE
"ESTACIÓN BUS 🚍 / La Carolina (Jaén)",38.275868,-3.610865,icon-1532-0288D1,"",none,"",Skd8giFRhIxiWDsh8iIa
"LAVADERO Automático💧 / Córdoba",37.853812,-4.796528,icon-1702-0097A7,"",none,"",5E3wazJYYe9mLzvrT2oy
"ESTACIÓN BUS 🚍 / Fregenal de la Sierra",38.170017,-6.649401,icon-1532-0288D1,"",none,"",lWe5M0E2c83TXNspRQez
"BODEGAS Andrade🍷 / Bollullos Par del Condado / (Huelva",37.34112,-6.541108,icon-1798-F9A825,"",none,"",lO7VbG8mJmoiJouXatJQ
"LAVADO Y ENGRASE Trujillo y Salas S.L 💧🛠 / Huelva",37.3082,-6.874603,icon-1702-0097A7,"",none,"",vjvzStOvfuXoy2djICUk
"ESTACIÓN BUS 🚍 / Lepe (Huelva)",37.254036,-7.197164,icon-1532-0288D1,"",none,"",713FsGZhRAZ1P2g10h8P
"C Y D 🔄 / Lagos (PO)",37.107611,-8.676091,icon-1826-0F9D58,"",none,"",c2tmhJ5rCCAtPKxi73va
"ZONA DE ESPERA ☕️ / Sintra (PO)",38.785327,-9.357404,icon-1534-4E342E,"",none,"",tqNnNRpCY0wq8KPEdkwH
"C Y D 🔄 / Zaragoza",41.657582,-0.880134,icon-1826-0F9D58,"",none,"",TP9CZGJrUf3ylq8QbpGF
"PARKING BUS - C Y D ✅️🔄 / Pinhão (PO)",41.18997,-7.543173,icon-1532-7CB342,"",none,"",TKQwwBkHrkyHC4S72z5X
"ESTACIÓN BUS 🚍 / La Estrada (Pontevedra)",42.687191,-8.486093,icon-1532-0288D1,"",none,"",YivTUSZd6kZLhm8o00Pg
"PARKING 🅿️ / Muxía (A Coruña)",43.100849,-9.213284,icon-1644-0288D1,"",none,"",ayA1qDHnJL9mLBsknsef
"PARKING 🅿️ / Muxía (A Coruña)",43.107522,-9.216314,icon-1644-0288D1,"",none,"",HjKH9x37Es7XGVks6qdR
"ESTACIÓN BUS 🚍 / Vrsar (Croacia)",45.14697,13.606252,icon-1532-0288D1,"",none,"",gCn4N1Li5JNdZk9ZeT8Z
"C Y D 🔄 / Pula (Croacia)",44.839257,13.834618,icon-1826-0F9D58,"",none,"",PfzTNioy5HH9Cd3AkSK4
"PARKING BUS ✅️ / Pula (Croacia)",44.845233,13.833663,icon-1532-7CB342,"",none,"",Xija1Q9fOrOa6wmKKZjJ
"C Y D 🔄 / Veli Lošinj (Croacia)",44.517741,14.504008,icon-1826-0F9D58,"",none,"",XXgAiEJy8RuyBvlrIGz6
"ESTACIÓN BUS 🚍 / Vodice (Croacia)",43.75935,15.778674,icon-1532-0288D1,"",none,"",DxhwR68acqPpdhqKOXmg
"ESTACIÓN BUS 🚍 / Vrgorac, (Croacia)",43.20451,17.37453,icon-1532-0288D1,"",none,"",UmwH1j2cD03WZ8tiZFMS
"ESTACIÓN BUS 🚍 / Durrës (Albania)",41.31819,19.453383,icon-1532-0288D1,"",none,"",YFWxlLbynZDAGcASW3XX
"ESTACIÓN BUS 🚍 / Lushnjë, Albania",40.939678,19.698807,icon-1532-0288D1,"",none,"",daWpmDbXhqjnNmqhGeYi
"TERMINAL Cruceros🛳 / Barcelona",41.372506,2.178084,icon-1622-757575,"",none,"",3CN56xiRzauf8vkgD34c
"PARKING - C Y D 🔄🅿️ / Sant Carles de la Ràpita (Tarragona)",40.619171,0.597826,icon-1644-0288D1,"",none,"",v8Mp6q5XlfXmyY6D7BLB
"ESTACIÓN BUS 🚍 / Varaždin (Croacia)",46.304094,16.334693,icon-1532-0288D1,"",none,"",2yH8vkBJyCb0A7XW2T0A
"C Y D 🔄 / Virje (Croacia)",46.065605,16.989333,icon-1826-0F9D58,"",none,"",wDHWd7IdP803RSu4hawj
"ESTACIÓN BUS 🚍 / Apatin (Serbia)",45.670122,18.990504,icon-1532-0288D1,"",none,"",O2n28PVIZWO7SWq5a7qp
"ULLALS DE BALTASAR 📷",40.672848,0.592717,icon-1542-3949AB,"",none,"",4sFHGURrisABsjUjTJTW
"C Y D 🔄 / Amposta (Tarragona)",40.712803,0.583421,icon-1826-0F9D58,"",none,"",hh2TXrm9yeoReoOPtIKi
"C Y D 🔄 / Jaén",37.773256,-3.796713,icon-1826-0F9D58,"",none,"",5vmxh6GgNfXky8UtAIGA
"PARQUE DEL LABERINTO 📷 / Barcelona",41.438692,2.146917,icon-1542-3949AB,"",none,"",20ONxmA8ytwh5UstzR4g
"PARKING 🅿️ / Les Planes D'Hostalets (Girona)",42.054638,2.544567,icon-1644-0288D1,"",none,"",0DGvi32Kdzpkn8x0PfrE
"PARKING SAN BELTRAN (Acuario) (Pago) 💰/ Barcelona",41.367969,2.174588,icon-1513-1A237E,"",none,"",ovhD65L5KMmZHTyYfc2O
"C Y D 🔄💰 / Barcelona",41.383872,2.184542,icon-1826-3949AB,"",none,"",PPLUMCgcp8O2RbUlEpM2
"PARKING Tres Adanal (Pago) 💰 / Barcelona",41.413528,2.211732,icon-1513-1A237E,"",none,"",AY6nryCoOqSP0kqf2QgX
"Casal Nautic Canyelles 🚸 / Lloret de Mar (Girona)",41.707553,2.87913,icon-1682-673AB7,"",none,"",3LSS0jBpvELstE1dVUwS
"SANTUARIO De Lourdes 🏕 / Arenys de Munt (Barcelona)",41.616358,2.518884,icon-1542-3949AB,"",none,"",YmSYzEwR2OmE7VRsPeeP
"PARKING 🅿️ / Tordera (Barcelona)",41.705513,2.71832,icon-1644-0288D1,"",none,"",moAJEkgZPKlwTQqTTc4W
"CARTOIXA D' Escaladei 🕍 / Escaladei (Tarragona)",41.255219,0.810883,icon-1670-E65100,"",none,"",dJWDXhunP3YIHIPJZrPq
"LAVADERO Cataluña y Aragón 💧/ Soses (Lérida)",41.545186,0.476971,icon-1702-0097A7,"",none,"",HRJFYri6Esegi7G72m8p
"VILADECANS The Style Outlets 🛒 / Viladecans (Barcelona)",41.305287,2.024901,icon-1532-7CB342,"",none,"",GiFAPwUrYSTg3CB6G0dc
"LAVADERO Automático 💧 / Madrid",40.332155,-3.714165,icon-1702-0097A7,"",none,"",EgVhxvt6PfnsGihhcJrs
"LAVADERO Automático 💧/ Madrid",40.378418,-3.718832,icon-1702-0097A7,"",none,"",acaPw2ZUKhE1mbSGhzUc
"C Y D 🔄💰 / Barcelona",41.397663,2.1641,icon-1826-3949AB,"",none,"",GkpVK5T6rXWUQIgW8EED
"LAGO De Navarcles 🏕 / Navarcles (Barcelona)",41.757304,1.9076,icon-1542-3949AB,"",none,"",uUBQH64ocZePvwFOl7Lv
"ALBERGUE L' Orri de Pallars 🚸 / Montardit de Baix Lleida(Lérida)",42.384059,1.115219,icon-1682-673AB7,"",none,"",C7ldGMOvTtfmcZe8xP57
"ROC ROI Adventure 🛶 / Llavorsí (Lérida)",42.48098,1.206382,icon-1536-817717,"",none,"",clQGV1vhPmuNjpWVncm7
"PARKING 🅿️ / Llessui (Lérida)",42.451423,1.076033,icon-1644-0288D1,"",none,"",8RsypzestugQo1Rf7iWg
"C Y D 🔄 / Puebla de Sanabria (Zamora)",42.051873,-6.633495,icon-1826-0F9D58,"",none,"",A6KgSNMUILXNivCAvxcC
"PARKING 🅿️ / Puebla de Sanabria (Zamora)",42.051555,-6.628771,icon-1644-0288D1,"",none,"",T1dMBQQHpJYspDT7S2ay
"PARKING 🅿️ / Puebla de Sanabria (Zamora)",42.050381,-6.634965,icon-1644-0288D1,"",none,"",Cj67H1uSFzeLrPRVIwqw
"HOTEL Alcázar 🛏 / Sevilla",37.383555,-5.987095,icon-1602-9C27B0,"",none,"",vvluVpOEzoGhURf9Do4L
"BOSC VERTiCAL🚸 / Canyamars (Barcelona)",41.593625,2.431991,icon-1682-673AB7,"",none,"",F9pm6ectWglNleVouPvt
"GRANJA Can Gel 🚸 / Canyamars (Barcelona)",41.593406,2.438357,icon-1682-673AB7,"",none,"",GScLRYHINRN9XRzTGCHZ
"ROC ROI Adventure 🛶 / La Guingueta D'Aneu (Lérida)",42.585223,1.133487,icon-1536-817717,"",none,"",lfAJEXM0pGRbykXFncFL
"HOTEL Comtes de Pallars 🛏 / Rialp (Lérida)",42.440834,1.13373,icon-1602-9C27B0,"",none,"",JCLw3P6hSya9eubsAVHj
"INFO : NO Pasar con 15m",38.891976,-0.77527,icon-1608-3949AB,"",none,"",KEmJJDvBCk9ZTLcTHLNv
"PARKING 🅿️ / Llavorsí (Girona)",42.49605,1.214271,icon-1644-0288D1,"",none,"",FE65hnTxjGdYbsFXxZE2
"PARKING 🅿️",37.265799,-3.908827,icon-1644-0288D1-nodesc,"",none,"",xzWsDdXYCxF57I653Cfd
"ESTACIÓN BUS 🚍 / Calcis (GRECIA)",38.457731,23.611881,icon-1532-0288D1,"",none,"",kAZjvc5mDuqyN4Ei8yjt
"ESTACIÓN BUS 🚍 / Matalascaña (Huelva)",37.009778,-6.564549,icon-1532-0288D1,"",none,"",NuoHZ7rpvMbzLkHJNW6o
"ESTACIÓN BUS 🚍 / Medina de Rioseco (Valladolid)",41.879453,-5.046193,icon-1532-0288D1,"",none,"",lM6NCq4lH8kFg0wALb1q
"ZONA DE ESPERA - C Y D ☕️🔄 / Chipiona (Cádiz)",36.735954,-6.428935,icon-1534-4E342E,"",none,"",Rm0GEL9bVMGXuOcNqqoZ
"ZONA ESPERA ☕️ / Oporto (PO)",41.139939,-8.594484,icon-1534-4E342E,"",none,"",heqNkIZhToPe7UhjEAGG
"ZONA DE ESPERA ☕️ /Alejandropolis (GRECIA)",40.844756,25.87958,icon-1534-4E342E,"",none,"",LsPZtmssvDNHsTMvvRAR
"ZONA DE ESPERA ☕️ /Githio (GRECIA)",36.760815,22.560539,icon-1534-4E342E,"",none,"",opPl6npBkegsP0vnotsn
"PARKING BUS ✅️ / Delphi (GRECIA)",38.480733,22.490522,icon-1532-7CB342,"",none,"",43gaWkkBVm8eBQDXL39U
"PARKING A - Circuito Montmeló ✅️ Montmeló (Barcelona)",41.575153,2.259342,icon-1532-7CB342,"",none,"",l98pVdtrXmQfoeYkB7fp
"PARKING BUS ✅️ / Pineda de Mar (Barcelona)",41.628848,2.688885,icon-1532-7CB342,"",none,"",1uwJQNyZuhfmAplelv3x
"PARKING BUS ✅️ / Alcora (Castellón)",40.072682,-0.207697,icon-1532-7CB342,"",none,"",6EGmXf5BfLZoVx7ZJ29d
"IGLESIA Sta Maria de La Tossa de Montbui ✝️ / Sta Maria de Montbui (Barcelona)",41.555401,1.580715,icon-1670-E65100,"",none,"",oletmmbIBa62S7UKNTNV
"ESTACIÓN BUS 🚍 / Chipiona (Cádiz)",36.737148,-6.428706,icon-1532-0288D1,"",none,"",Ru6qDjXOZoboE51UtMFC
"PARKING BUS ✅️ / San Gimignano (IT)",43.455073,11.036203,icon-1532-7CB342,"",none,"",IBDdnBOew6QHzWgeuOzp
"PARA TI👌 Codfish Tavern / Fátima (PO)",39.627479,-8.666859,icon-1803-757575,"",none,"",Tzzao3IhTHUxQV92JziA
"PARA TI 👌 O Portal / Fátima (PO)",39.62862,-8.670823,icon-1803-757575,"",none,"",z3ipUEqBU7lLRc66mWI9
"PARA TI 👌  O Benfiquista /  Fátima (PO)",39.631259,-8.676708,icon-1803-757575,"",none,"",2fy8przOwFWAsI6gAIjp
"CASA COLONIES Can Puig 🚸 /",41.679989,1.751283,icon-1682-673AB7,"",none,"",92CXHd4eUWH39g7KVQnn
"PARKING 🅿️ / Mérida (Badajoz)",38.919403,-6.328639,icon-1644-0288D1,"",none,"",wUNM0EBQ5M4MBAcuQ8YZ
"PARKING 🅿️ / Les Coves de Vinromà, (Castellón)",40.315608,0.122523,icon-1644-0288D1,"",none,"",7PjkzUiCW45vzUVCfPKc
"PARKING 🅿️ /  Les Coves de Vinromà, (Castellón)",40.306968,0.115124,icon-1644-0288D1,"",none,"",zsTPqGBXkm0Zn9WbLuRv
"ALTURA MAX 3,2M ⚠️ / Les Coves de Vinromà (Castellón)",40.315603,0.121512,icon-1541-E65100,"",none,"",BNlqeJJNGntQrp5nBZPZ
"COLEGIO San Jose JESUITAS 🚸 / Valencia",39.487053,-0.397406,icon-1682-FFD600,"",none,"",tPItfCkxk4F98bseMUvI
"C Y D 🔄 / Torrevieja (Alicante)",37.976322,-0.685278,icon-1826-0F9D58,"",none,"",7YwYS7DUjjKowyxFUuDl
"PUY DU FOU España / PARKING BUS ✅️ / Toledo",39.838293,-4.087508,icon-1502-C2185B,"",none,"",gZOJ4HAXFIeyeDuEfZ4a
"MUSEO Maison de la truffe d'Occitanie 🏛️ / Villeneuve-Minervois, (FR)",43.315234,2.463909,icon-1636-A52714,"",none,"",MtpU1fYJW3eqOxUc9yyk
"MUSEO Archaeological 🏛 / Delphi (GRECIA)",38.480213,22.500189,icon-1636-A52714,"",none,"",OP46nKkHZoJrq6l5WGVb
"MUSEO De La Pell 🏛 / Igualada (Barcelona)",41.575906,1.613042,icon-1636-A52714,"",none,"",UQmtGYo1ChimceCDdEp4
"MUSEO Guggenheim (Max 2h) 🏛/ Bilbao",43.267817,-2.93486,icon-1636-A52714,"",none,"",D9Ph9QWBGrrq5YmAuGYi
"ECOMUSEO 🏛 / Deltebre (Tarragona)",40.722684,0.722459,icon-1636-A52714,"",none,"",ukIxIt6xRtJJfUYpIl58
"TEATRO La Pasión 🎭 / Esparraguera (Barcelona)",41.534257,1.87208,icon-1709-880E4F,"",none,"",dXMQhOT81ml8NJUk7vuS
"ZONA DE ESPERA ☕ / Torrevieja (Alicante)",37.99204,-0.675157,icon-1534-4E342E,"",none,"",pJGOcO53ZQua9De3bp9z
"HOTEL President 🛏️ / Calella (Barcelona)",41.614696,2.651364,icon-1602-9C27B0,"",none,"",o999DZkHSrGY1pdiQ74h
"ÁREA SERVICIO 🍽️ / Altube (Álava)",42.966246,-2.869338,icon-1577-795548,"",none,"",mCGp6ZhLuOgB122G9CbB
"INSTITUTO Baix Montseny 🚸 / Sant Celoni (Barcelona)",41.695508,2.478557,icon-1682-FFD600,"",none,"",uKSTiO2DlTeqyxFwKiIv
"ENTRADA Y SALIDA Mont de Sant Benet",,,line-FFD600-5000,"",none,"",qLYVmGGYW8NGP9gID520
"INFO: Entrada / Salida Mont de Sant Benet",41.75621,1.892564,icon-1608-3949AB,"",none,"",KQKg9fl64maVubC58bnl
"C Y D (EXPRESS) 🔄 / Caldas de Reis (Pontevedra)",42.603994,-8.641967,icon-1826-E65100,"",none,"",HtpzFHihejvMc7DG1iFj
"PARKING BUS ✅️ / Llançà (Girona)",42.362287,3.146968,icon-1532-7CB342,"",none,"",nqqwaIKl9uczY8U3bXhI
"AEROPUERTO de Kuusamo ✈️ / Kuusamo (Finlandia)",65.996599,29.227476,icon-1504-880E4F,"",none,"",Nk0w72JrRPdbu9r62G1M
"Centro del Lobo Ibérico Félix Rodríguez de la Fuente 📷 / Robledo de Sanabria (Zamora)",41.995149,-6.575559,icon-1502-C2185B,"",none,"",jtzIyBipoCa6uspE3L65
"C Y D 🔄 / Candeleda (Ávila)",40.155523,-5.240429,icon-1826-0F9D58,"",none,"",8gaMz467gZGkL1szk5cn
"C Y D 🔄 / Candeleda (Zamora)",40.154409,-5.241657,icon-1826-0F9D58,"",none,"",Xw1m1cbI99mpxLPmagOl
"ESTACIÓN BUS 🚍 / Candeleda (Zamora)",40.153956,-5.245029,icon-1532-0288D1,"",none,"",MGY84j1gWVNUkv0Nafuu
"VENTA De Cerezas 👌 /Jerte (Cáceres)",40.209401,-5.774743,icon-1769-000000,"",none,"",NYpusgkVSmEJeKn5LJJ1
"EUROMASTER Torrejón 🛠 / Madrid",40.449221,-3.508822,icon-1590-1A237E,"",none,"",ugFgOTxisHQBBS7VHAv7
"CALA Montjoi 🚸 / Girona",42.253356,3.22623,icon-1682-673AB7,"",none,"",MBZsBHUFBL93NutNCqR8
"ALTURA MAX 4M / Sant Celoni (Barcelona)",41.682645,2.488067,icon-1541-097138,"",none,"",RYKWcT9u61anqzSoYy9V
"ALTURA MÁXIMA 4M / Terrassa  (Barcelona)",41.568476,2.033521,icon-1541-097138,"",none,"",zuayTrsFxnSVGIqCDp3O
"ALTURA MÁXIMA 4M / Terrassa (Barcelona",41.567916,2.033517,icon-1541-097138,"",none,"",kwnQiqOTiGS1C7FRDSHA
"ESTACIÓN BUS 🚍 / Bochnia (Polonia)",49.970212,20.432648,icon-1532-0288D1,"",none,"",mVd9RVEIBquU747R19FP
"ESTACIÓN BUS 🚍 /  Busko-Zdrój (Polonia)",50.460568,20.704372,icon-1532-0288D1,"",none,"",1JpiZ5EalnEwPRdOPD6P
"ESTACIÓN BUS 🚍 / Aranđelovac (Serbia)",44.306991,20.564415,icon-1532-0288D1,"",none,"",6ETwhZo2ad8oAE3COeNB
"RESTAURANTE Asador Vía Verde 🍽 / Sarrión (Teruel)",40.149428,-0.824087,icon-1577-795548,"",none,"",3zK2XnVVCyKEosYlg3JQ
"COLEGIO Enxaneta 🚸 / Terrassa (Barcelona)",41.579815,2.010993,icon-1682-FFD600,"",none,"",lvHBJf5gIcRnuWvyng2W
"ESTACIÓN BUS 🚍 / Torrox (Málaga)",36.730166,-3.961241,icon-1532-0288D1,"",none,"",nnIvlT07mYx6zcl9iLtB
"ZONA DE ESPERA ☕ / Málaga",36.724493,-4.345255,icon-1534-4E342E,"",none,"",39CK3f4WzG7XMuJtbIyI
"ESTACIÓN BUS 🚍 / Torredonjimeno (Jaén)",37.764588,-3.949551,icon-1532-0288D1,"",none,"",i8NiDv5JQ3nQN6aKqtzD
"IES Rodríguez Moñino 🚸 / Badajoz",38.874568,-6.984474,icon-1682-FFD600,"",none,"",RLtToLb7g8C8CLweooL0
"ESTACIÓN BUS 🚍/ Tomar (PO)",39.599304,-8.412547,icon-1532-0288D1,"",none,"",KtGu9Fo2HKnloslUBUb9
"ESTACIÓN BUS 🚍 / Seia (PO)",40.420081,-7.706324,icon-1532-0288D1,"",none,"",qR39ApzQ8GOzKW0rGoUa
"C Y D 🔄 / Aveiro (PO)",40.640905,-8.65604,icon-1826-0F9D58,"",none,"",BjYALBC8DIZCJUHezTCw
"PARKING BUS ✅ / Ovar (PO)",40.870342,-8.62303,icon-1532-7CB342,"",none,"",Ix7TZ5ax43Ur5zss0B1P
"PARKING Isla Mágica 🅿️ / Sevilla",37.409637,-5.997846,icon-1644-0288D1,"",none,"",qnnkr4nSmMdvasSTi2bP
"C Y D (Parque La Draga) 🔄 / Banyoles (Girona)",42.124408,2.759738,icon-1826-0F9D58,"",none,"",Dfu1gKfdZE6PZRI0PAPB
"COLEGIO Argentona 🚸 / Argentona (Barcelona)",41.550444,2.405735,icon-1682-FFD600,"",none,"",mXFnUbWJWjqPmQdQvxpC
"COLEGIO Les Fonts 🚸 / Argentona (Barcelona)",41.549663,2.401303,icon-1682-FFD600,"",none,"",Kvck0II82ws2OHrEOHdi
"C Y D 🔄 / Canet de Mar (Barcelona)",41.589014,2.576115,icon-1826-0F9D58,"",none,"",0Ph8hrrp7GVOaddeSuQO
"INSTITUTO Sunsi Móra 🚸 / Canet de Mar (Barcelona)",41.598768,2.569824,icon-1682-FFD600,"",none,"",QIW1nbTYWmZVFp7pirvR
"ESTACIÓN BUS 🚍 / Tremp (Lérida)",42.167905,0.891962,icon-1532-0288D1,"",none,"",ZCs06lGPBDawN4vdTj8B
"DINOPOLIS  (Parking)🎡 / Teruel",40.332205,-1.081098,icon-1502-C2185B,"",none,"",I44VouH2MFHUpzF4upny
"COLEGIO Las Anejas 🚸 / Teruel",40.352646,-1.112077,icon-1682-FFD600,"",none,"",suBGjHZwzc0NuHRcjg5d
"MONASTERIO De Piedra 📷 /  Nuévalos (Zaragoza)",41.194461,-1.782679,icon-1670-E65100,"",none,"",jGAx1G8GZgS0wMl5MQYV
"ESTACIÓN BUS 🚍 / Tudela (Navarra)",42.058919,-1.597568,icon-1532-0288D1,"",none,"",p3lKBWnk4GqRoKZLm5J1
"PARKING BUS ✅ / Espinho (PO)",41.001981,-8.642712,icon-1532-7CB342,"",none,"",zfBkMsqfWYKvc7aQq3XM
"PARKING 🅿️ / Vila Nova de Gaia (PO)",41.131139,-8.622014,icon-1644-0288D1,"",none,"",ZY3tDkTosmqGCvseDFKq
"C Y D 🔄 / Vila Nova de Gaia (PO)",41.136578,-8.618154,icon-1826-0F9D58,"",none,"",a0FYb4fM2fASeGxBAy9z
"C Y D 🔄 / Orio (Gipuzkoa)",43.276679,-2.124877,icon-1826-0F9D58,"",none,"",Ugp7LyVgO67Rnh3lXAHg
"PARKING 🅿️ / Orio (Gipuzkoa)",43.27612,-2.109738,icon-1644-0288D1,"",none,"",wt0i2GtKRjfX9Vg4agq7
"ZONA DE ESPERA ☕ / Eibar (Gipuzkoa)",43.192132,-2.467585,icon-1534-4E342E,"",none,"",2TgGVzCV7S1PFm1XnUTv
"COLEGIO Ongaraim Hlhi🚸 / Ermua (Vizcaya)",43.190074,-2.507642,icon-1682-FFD600,"",none,"",9DLrqHsusaQtS13wieIr
"PARKING BUS ✅ / Ermua (Vizcaya)",43.189924,-2.508105,icon-1532-7CB342,"",none,"",MWV0G2pjl9a3DXjZmQdN
"ACTIVIDADES Kayac 🚸 / Playa Migjorn (Tarragona)",40.684514,0.853105,icon-1682-673AB7,"",none,"",S5rg526ZXE3geL45uckS
"ALBERGUE Amposta Parc 🚸 / Amposta (Tarragona)",40.716434,0.564811,icon-1682-673AB7,"",none,"",Wvs6dzvUKbeWScJTFZM3
"Lookout Chateaux Lastours / Lastoues (FR)",43.33312,2.372013,icon-1535-757575,"",none,"",BomSIWvjLMXf16vD6wiR
"PARKING 🅿️ / Toulouse (FR)",43.570669,1.47818,icon-1644-0288D1,"",none,"",znzg7jqz2JXDQLNnwQCT
"PARKING BUS ✅ / Toulouse (FR)",43.57376,1.479085,icon-1532-7CB342,"",none,"",WoWdM8fzlvgR7xekvtlE
"PARKING BUS ✅ / Toulouse (FR)",43.571658,1.43457,icon-1532-7CB342,"",none,"",OsXET63cGk5g9B18paIN
"PARKING BUS ✅️ / Olot (Girona)",42.17085,2.484974,icon-1532-7CB342,"",none,"",Y96qopCXGeIkKVmLckgM
"COLEGIO Mestral 🚸 / Hospitalet del Infant (Tarragona)",40.99094,0.919599,icon-1682-FFD600,"",none,"",qiFQxabEONMrz12Oke1Y
"PARKING BUS ✅️ / Hospitalet del Infant (Tarragona)",40.992582,0.920321,icon-1532-7CB342,"",none,"",zdyPT0ubqz9C8nM3bJEn
"C Y D 🔄 / Salou (Tarragona)",41.077411,1.142827,icon-1826-0F9D58,"",none,"",rQv9xoOj3WWqow5jGNoY
"C Y D 🔄 / Lloret de Mar (Girona)",41.696118,2.835431,icon-1826-0F9D58,"",none,"",4queNRFqOZOB71TLVPm2
"C Y D 🔄 / Lloret de Mar  (Girona)",41.699858,2.83921,icon-1826-0F9D58,"",none,"",AivF2aOKq5CuIe4IaxqJ
"C Y D 🔄 / Lloret de Mar (Girona)",41.699736,2.840068,icon-1826-0F9D58,"",none,"",7LztzdV46VcGkQ4ftuu5
"PARKING 🅿️ / Comarruga (Tarragona)",41.187194,1.519894,icon-1644-0288D1,"",none,"",lFimLLrLqVuLwmfxEPLZ
"PARKING 🅿️ / Comarruga (Tarragona)",41.185957,1.51419,icon-1644-0288D1,"",none,"",CqxAdChW3Kvr2o5Xx9FL
"COLEGIO Pla de Mar 🚸 /Comarruga (Tarragona)",41.188486,1.524256,icon-1682-FFD600,"",none,"",khVQeK21sx8v7xL7kt4v
"ESCOLA PIA De Caldes 🚸 / Calded Fe Montbui (Barcelona)",41.626049,2.171078,icon-1682-FFD600,"",none,"",4zYvizIH8PdLCmpy91Ue
"PARKING 🅿️ / Barbate (Cádiz)",36.187093,-5.927726,icon-1644-0288D1,"",none,"",80p7HmlApbTNhiTlpB8p
"LE PETIT Tren Artouste 👌 /  Artouste Fabrèges (FR)",42.878933,-0.39631,icon-1717-3949AB,"",none,"",tGwuJMVcUOfPkQP9Amhq
"PARQUE NATURAL Vall de Sorteny 🧗 / Ordino (AND)",42.625579,1.551953,icon-1542-3949AB,"",none,"",JDkgTI2olybMFt8M2qVW
"PARKING BUS ✅️ / L'Ametlla de Mar (Tarragona)",40.883065,0.803966,icon-1532-7CB342,"",none,"",OrXqTXqPg1EfWODXM1Jw
"PARKING 🅿️ / L'Ametlla de Mar (Tarragona)",40.884651,0.797842,icon-1644-0288D1,"",none,"",GVL12z08xGxgyQpKRVWd
"ALTURA MÁXIMA 3,90M / Vinaroz (Castellón)",40.467808,0.464368,icon-1541-0288D1,"",none,"",myeKKMwqYdtbfDrCfuEX
"CASA COLONIES Can Putxet 🚸 / Sant Celoni (Barcelona)",41.705479,2.470181,icon-1682-673AB7,"",none,"",Ky6jcBxLr3yWr72khBLb
"CAN GUIXOT DE 8 🚸 / Taradell (Barcelona)",41.876196,2.28188,icon-1682-673AB7,"",none,"",d0axu3V4zgx51WVmC9JH
"CASA COLONIES Mas Badó 🚸 / Sant Quirze Safaja (Barcelona)",41.720921,2.157552,icon-1682-673AB7,"",none,"",vPvTcivMeg5ngZ3yQpSA
"COLL D'ESTENALLES 🏕 / Mura (Barcelona)",41.667621,1.992167,icon-1542-3949AB,"",none,"",xnU1FK9guR2jwxGPdHXX
"INSTITUTO Castellar 🚸 / Castellar del Valles (Barcelona)",41.610382,2.083361,icon-1682-FFD600,"",none,"",FpGoGyczOH3EXSqB3cKq
"PARQUE Can cases 🏕 /Martorell (Barcelona)",41.486988,1.900916,icon-1542-3949AB,"",none,"",8Xk2HfBcHVHJlq0hIvQ5
"C Y D 🔄 / Sant Sadurní D'Anoia",41.42577,1.789989,icon-1826-0F9D58,"",none,"",pb3bewN8SRYWNEByYX3d
"PARKING BUS ✅️ / Sant Sadurní D'Anoia (Barcelona)",41.425765,1.789211,icon-1532-7CB342,"",none,"",ud1h3Y9oQCcVGZGoPL23
"CHOCOLATES Simon Coll 📍/  Sant Sadurní D'Anoia (Barcelona)",41.424934,1.787772,icon-1502-C2185B,"",none,"",seFhMWtQ2jPDRGVUuQSU
"COLEGIO Avinyonet🚸 /Avinyonet del Penedès (Barcelona)",41.359964,1.783073,icon-1682-FFD600,"",none,"",YN54ggl2HHcwEUe3Eh1G
"C Y D 🔄 / Sant Salvador (Tarragona)",41.183627,1.540735,icon-1826-0F9D58,"",none,"",7TEVG5x7CBEDWU3EKNYS
"MASIA Canals Casanovas 🍽 /  Lavern (Barcelona)",41.402613,1.764417,icon-1577-795548,"",none,"",zeCCPoMa9MI0Cg9VjWTo
"PARKING BUS ✅️ / Coma-ruga (Tarragona)",41.185306,1.527774,icon-1532-7CB342,"",none,"",fiDYDglvMCNJWjEOJ5xE
"CIUDAD Del Rock🕺 /Arganda del Rey (Madrid)",40.261203,-3.403951,icon-1502-C2185B,"",none,"",togkqlCty0MgndsVZh0b
"C Y D 🔄 / Calella (Barcelona)",,,line-0288D1-5000-nodesc,"",none,"",ILXrkrBj9AwZJcw7ES6b
"ALTURA MAXIMA 3,85M ⚠️  / Madrid",40.421449,-3.71377,icon-1541-E65100,"",none,"",HE146Z44VDzjUGHyb91M
"ALTURA MÁXIMA 3,85 ⚠️ / Madrid",40.422946,-3.711829,icon-1541-E65100,"",none,"",hsszSmbOlaMs2G2ieGHU
"C Y D 🔄 / Lloret de Mar (Girona)",,,line-0288D1-6000,"",none,"",4queNRFqOZOB71TLVPm2
"C Y D 🔄 / Lloret de Mar (Girona)",41.699427,2.830357,icon-1826-0F9D58,"",none,"",EVUhD25YP2hZacf2rror
"C Y D 🔄 / Calella (Barcelona)",41.619809,2.665685,icon-1826-0F9D58,"",none,"",ILXrkrBj9AwZJcw7ES6b
"C Y D 🔄 / Calella (Barcelona)",41.61596,2.65979,icon-1826-0F9D58,"",none,"",jXdhttHqrsxsRWoymAq1
"ESTACIÓN BUS 🚍 /Amposta (Tarragona)",40.70644,0.572099,icon-1532-0288D1,"",none,"",NuZCSUB4vobFaZYLLNJ3
"TERMINAL De Balearia 🛳 /Valencia",39.446132,-0.325456,icon-1622-757575,"",none,"",4za82aBkgJ0YPpFhgxvC
"C Y D (5Min) 🔄 / Valencia",39.47104,-0.37283,icon-1826-E65100,"",none,"",gC2TQ3qexAzfnXPeIVdF
"ESCUELA Vela y Kayak S.Pol / S'Agaró (Girona)",41.79173,3.048391,icon-1536-817717,"",none,"",r48HjazgN470lA6f7NZj
"ECOPARQUE El Juncaral 🎡 / Villanúa (Huesca)",42.665723,-0.550122,icon-1502-C2185B,"",none,"",tx8SblKdUYO8ighjJN18
"PARKING TOYCA 🅿️/ Calella (Barcelona)",41.614266,2.654043,icon-1644-0288D1,"",none,"",fu9PDY5SKLXcishKpyCN
"C Y D 🔄 /Calella (Barcelona)",41.617833,2.662767,icon-1826-0F9D58,"",none,"",ZWeM2coESAZjg232e2hL
"PROHIBICIÓN BUS (Toda la Población) ⛔️ /Sant Pol de Mar (Barcelona)",41.604119,2.625244,icon-1898-C2185B,"",none,"",mUfZNDtZcsXg9o6JSdaV
"PARKING BUS ✅️ / Segovia",40.961325,-4.110666,icon-1532-7CB342,"",none,"",tWXnyFbSmHhSkRkMp2ci
"PARKING 🅿️ / Lloret de Mar  (Girona)",41.697264,2.820599,icon-1644-0288D1,"",none,"",G8HdalZkVga9Xu9Ms3Ns
"MECÁNICO Transifret Aire Acondicionado 🛠 / La Nucía (Alicante)",38.602962,-0.134432,icon-1590-3949AB,"",none,"",kCZ1ilgllozn7oVhqWS0
"PARKING 🅿️ / Santa Pola (Alicante)",38.196343,-0.576436,icon-1644-0288D1,"",none,"",f242Un5bro0x37HbgSlC
"ALTURA MÁXIMA 3,5M ⚠️  /  Braga (PO)",41.5522,-8.381599,icon-1541-E65100,"",none,"",BMZhblTqMaCGjPajjnyn
"C Y D 🔄 / Estella (Navarra)",42.67055,-2.024648,icon-1826-0F9D58,"",none,"",ATeRW2xUKcq6Zkfx7iFP
"ZONA DE ESPERA ☕️/ Estella (Navarra)",42.660694,-2.030194,icon-1534-4E342E,"",none,"",2KDFHxInHLGa1N6scu9D
"PARKING BUS ✅️ / Oporto (PO)",41.143994,-8.622025,icon-1532-7CB342,"",none,"",WXOO2XfWtZpEKu47cCCa
"HOTEL AG Express / Elche",38.309343,-0.606124,icon-1602-9C27B0,"",none,"",VOXHWmXE5wUOVRJdfwqp
"COLEGIO Francisco Candela 🚸/ Crevillente (Alicante)",38.251767,-0.801908,icon-1682-FFD600,"",none,"",Al6zDtgpgw5NOYXxLB9p
"ALTURA MÁXIMA 3,5M ⚠️ /Crevillente (Alicante)",38.249725,-0.812054,icon-1541-E65100,"",none,"",mJxdVrHJiqbvSO1O8xM6
"ESTACIÓN BUS 🚍 / Yecla (Murcia)",38.616555,-1.107184,icon-1532-0288D1,"",none,"",H4WA67cAabvGD0HTh0Km
"PARKING 🅿️ / Coimbra (PO)",40.210958,-8.439356,icon-1644-0288D1,"",none,"",4Bj0CbH7ko0LPSvoyNzx
"PARKING BUS ✅️ / Torrevieja (Alicante)",37.995227,-0.674616,icon-1532-7CB342,"",none,"",FRnNtgyUPRFpR8MgYOXc
"HOTEL Medsur La Ràpita 🛏 / Sant Carles de la Ràpita (Tarragona)",40.615436,0.588992,icon-1602-9C27B0,"",none,"",hN3wSGhUWejH4zefdgLy
"CAMBIO DE SENTIDO ℹ️/ Santa Fé del Montseny",41.773016,2.463426,icon-1770-424242,"",none,"",iqqNVy4eOKoI6SobPmfZ
"C Y D 🔄 / Blanes (Girona)",41.675304,2.800333,icon-1826-0F9D58,"",none,"",Tvxl45iAKyLckXuj6OGw
"CAMPING Els Pins🏕 / Malgrat de Mar (Barcelona)",41.650057,2.76993,icon-1542-3949AB,"",none,"",b94J6bfaU38nA0Pyp5EN
"PARKING 🅿️ / Platja D'Aro (Girona)",41.804276,3.053479,icon-1644-0288D1,"",none,"",8IHeCr7SxOEeKWWYRCcQ
"PARKING BUS ✅️ / Platja D'Aro (Girona)",41.816004,3.05202,icon-1532-7CB342,"",none,"",Vvh8Z3hZ1kmaUBiwEB79
"C Y D 🔄 / Lloret de Mar (Girona)",41.703819,2.852079,icon-1826-0F9D58,"",none,"",7xnKa9vV9WhbE6Wbsz8A
"C Y D 🔄 / Lloret de Mar (Girona)",41.701055,2.855369,icon-1826-0F9D58,"",none,"",7xnKa9vV9WhbE6Wbsz8A
"C Y D 🔄 / Lloret de Mar (Girona)",41.699668,2.851248,icon-1826-0F9D58,"",none,"",7xnKa9vV9WhbE6Wbsz8A
"PARKING 🅿️ / Olvan (Barcelona)",42.072748,1.869972,icon-1644-0288D1,"",none,"",kV8KIQQk20aeLk76i07p
"ÁREA SERVICIO Túnel del Cadí",42.345619,1.834442,icon-1577-795548,"",none,"",rLhUmOultKXfwJ6Pklns
"ESTACIÓN BUS 🚍 / Mondoñedo (Lugo)",43.432939,-7.359841,icon-1532-0288D1,"",none,"",U551c0tFDiuY37dJqPql
"DERCAR 🛠 / Santa Coloma de Farners (Girona)",41.852445,2.682507,icon-1590-1A237E,"",none,"",qkVYmsz7ZCmbohdjb6FB
"NATURPARK 🎡 / Cerdanyola (Barcelona)",41.50159,2.131839,icon-1542-3949AB,"",none,"",JHK6jxUDCq1EJa5txRFt
"C Y D 🔄 / Pineda de Mar (Barcelona)",41.624571,2.69367,icon-1826-0F9D58,"",none,"",rDYwawaN5pFlqo8EG0dD
"C Y D 🔄 / Pineda de Mar (Barcelona)",41.627226,2.691441,icon-1826-0F9D58,"",none,"",V9khP6djEtY6Yzcwp0ab
"C Y D 🔄 / Pineda de Mar (Barcelona)",41.625119,2.693282,icon-1826-0F9D58,"",none,"",OPJB8XoRXx6Hbg3sKtFm
"ALTURA MÁXIMA 3,8M ⚠️ /  Pineda de Mar  (Barcelona)",41.625848,2.682923,icon-1541-E65100,"",none,"",pvnwQafXeZiJtEbawX8P
"C Y D 🔄 / Reus (Tarragona)",41.159789,1.107764,icon-1826-0F9D58,"",none,"",L7paw1JomFbq0LPtCtVX
"PARKING 🅿️ / Villarreal (Castellón)",39.934627,-0.112963,icon-1644-0288D1,"",none,"",H6QzZ1k1Ng1eYE91Nd2W
"PARQUE Sant Salvador 🌳 / Santa Coloma de Farners (Girona)",41.857595,2.661532,icon-1542-3949AB,"",none,"",hijH7erFugzecstQ7fQv
"ALBERGUE Xanascat 🚸 / Cabrera de Mar (Barcelona)",41.535141,2.403873,icon-1682-673AB7,"",none,"",FjkQLeT11HQiawLnWJUx
"FUNDACIÓN Can Parcala 🚸 / Cabrera de Mar (Barcelona)",41.536942,2.407696,icon-1682-673AB7,"",none,"",X3pkQyR6ubGdwxJZTv60
"BODAS Vil·la Minerva 💍 / Sant Andreu de Llavaneras (Barcelona)",41.562614,2.489652,icon-1613-F9A825,"",none,"",ditA14FbYvHr7Lhdu8Hr
"AUTOCARES Plenacosta ☑️ / Santa Coloma de Farners (Girona)",41.856544,2.665225,icon-1532-000000,"",none,"",t1uXDQFuz3WdHtAQ8wLt
"PARKING BUS✅️ / Peniche (PO)",39.353412,-9.379174,icon-1532-7CB342,"",none,"",8ur1yvBhJLROJHYbKhPt
"ZONA DE ESPERA ☕ / Zumaia (Guipúzcoa)",43.2929,-2.250092,icon-1534-4E342E,"",none,"",31W1EBH3NwXDVMoKABRC
"ESTACIÓN BUS 🚍 / Egio (GR)",38.248561,22.08897,icon-1532-0288D1,"",none,"",Zyy2I2pExqmUnexOXloG
"ESTACIÓN BUS 🚍 / Loanina (GR)",39.674316,20.847294,icon-1532-0288D1,"",none,"",COY14xwx1wsz2ktPLN2W
"ESTACIÓN BUS 🚍 / Bielsko-Biała (Polonia)",49.830059,19.042554,icon-1532-0288D1,"",none,"",RKosoosI7QlwL9mgEX7U
"ESTACIÓN BUS 🚍 / Będzin (Polonia)",50.314523,19.136253,icon-1532-0288D1,"",none,"",RHC7wggC67iJ4xaTd9Rj
"ESTACIÓN BUS 🚍 /  Bytom (Polonia)",50.343698,18.913815,icon-1532-0288D1,"",none,"",jNuoUQSQzQa29sXqx2kK
"ESTACIÓN BUS 🚍 / Varsovia (Polonia)",52.291096,20.9271,icon-1532-0288D1,"",none,"",gfyaKxNe5YF3uYhrn2k4
"ESTACIÓN BUS 🚍 / Augustów, (Polonia)",53.843344,22.976943,icon-1532-0288D1,"",none,"",FHYvuxcl2L5vEA9mUil9
"CASA Colonies Dom Bosco 🚸 / Castellnou de Bages (Barcelona)",41.834622,1.837979,icon-1682-673AB7,"",none,"",fgf70Tie0EYiEsAvE8Ci
"C Y D 🔄 / Oporto (PO)",41.140758,-8.617123,icon-1826-0F9D58,"",none,"",67kxCsVk6j3k6gXlZXBu
"C Y D 🔄 / Oporto (PO)",41.144584,-8.606416,icon-1826-0F9D58,"",none,"",3bhEY9OHJ4IBJ1VZmwl7
"PARKING 🅿️ / Vila Nova de Gaia (PO)",41.125992,-8.598428,icon-1644-0288D1,"",none,"",bEU5MBHfW3khkqjOuU1l
"MUSEO Pazo Quiñones  🏛 / Vigo",42.214174,-8.727448,icon-1636-A52714,"",none,"",4zF92w8Z2uWreIuIi0em
"BUS Escolar 🅿️ / Barcelona",41.428469,2.188002,icon-1532-F57C00,"",none,"",88nxaXE06AUCx9BaDOri
"C Y D 🔄 / Benidorm (Alicante)",38.539594,-0.135518,icon-1826-0F9D58,"",none,"",E91z4PDXCFsAPTE95So5
"C Y D 🔄 / Griébal (Huesca)",42.394366,0.197585,icon-1826-0F9D58,"",none,"",qPIezxnnVr2FKYKkbdiG
"C Y D 🔄 / Pamplona",42.816117,-1.648601,icon-1826-0F9D58,"",none,"",OnL8tgDd6gp5Moq2W78Q
"PARKING BUS ✅️ / Sant Cugat (Barcelona)",41.479942,2.076801,icon-1532-7CB342,"",none,"",Vy6yP03Y98cMbJNZh6wG
"PARKING BUS ✅️ / Sant Cugat (Barcelona)",41.469894,2.088711,icon-1532-7CB342,"",none,"",9QNglzcE4E2eH0cy8cA0
"PARKING BUS ✅️ / Sant Cugat (Barcelona)",41.469708,2.087312,icon-1532-7CB342,"",none,"",7ok30mKbR09GouSlDx4y
"C Y D 🔄 / Sant Joan de  Les Abadesses (Girona)",42.232956,2.286877,icon-1826-0F9D58,"",none,"",RMozEOZCaranlTtw9XeU
"Talleres Fravi 🛠 /San Fernando de Henares (Madrid)",40.450214,-3.504624,icon-1590-1A237E,"",none,"",PJT6shT9YPHYNicAdw4h
"Talleres Sierra S.L🛠 / Madrid",40.347919,-3.693246,icon-1590-3949AB,"",none,"",ASkY66hhi4t3F83HbfNF
"ZONA DE ESPERA ☕️ / San Sebastián de los Reyes (Madrid)",40.565166,-3.607489,icon-1534-4E342E,"",none,"",sutfcTjejjqL3Kyl0p33
"C Y D - MICROPOLIX🔄 / San Sebastián de los Reyes (Madrid)",40.56621,-3.608695,icon-1826-0F9D58,"",none,"",3sKENmxCW9hEQfZ9Yipg
"ESTACIÓN BUS 🚍 / Villarrobledo (Albacete)",39.2611,-2.600973,icon-1532-0288D1,"",none,"",wpvdaARJ6GEMdjfbF45o
"AQUOPOLIS 🎡 /Villanueva de la Cañada (Madrid)",40.456578,-3.991642,icon-1502-C2185B,"",none,"",CKhrOTxvXmPeIf4kLlk5
"PARA TI 👌Restaurante El Lagartijo / Villanueva de la Cañada (Madrid)",40.449908,-4.005064,icon-1803-757575,"",none,"",GsEDgamUyqqKkPcrJt0h
"PARKING Lusiberia🅿️ / Badajoz",38.879107,-7.025223,icon-1644-0288D1,"",none,"",tqO41TTuMueJuPVR2iYb
"PARKING 🅿️ / Badajoz",38.872605,-6.99348,icon-1644-0288D1,"",none,"",j364gSxS8cGIWd70H5hT
"C Y D EXPRESS🔄 / Badajoz",38.876411,-6.971881,icon-1826-E65100,"",none,"",7bBsQcym8YIQLene8Od6
"ÁREA SERVICIO Exit La Gineta 🍽  / La Gineta (Albacete)",39.135922,-2.039322,icon-1577-795548,"",none,"",V6kjgbjE49gglgrKEE2P
"AEROPUERTO Valladolid ✈️ / Villanubla (Valladolid)",41.705376,-4.84547,icon-1504-880E4F,"",none,"",PjznRFWVd0Pu2zPsmU6M
"CASTILLO Seimbra 🏰 / Seimbra (PO)",38.451,-9.108343,icon-1598-757575,"",none,"",8iJi0SQb43cT7N6Kir85
"ESTACIÓN BUS 🚍 / Seimbra (PO)",38.445626,-9.099976,icon-1532-0288D1,"",none,"",3Nhx0HnySk4PrgGXlKiT
"ZONA DE ESPERA ☕️ / Almuñécar (Granada)",36.741762,-3.675593,icon-1534-4E342E,"",none,"",PTxYgfXpRcQyLwTimbah
"PARKING 🅿️ / Torre del Mar (Málaga)",36.758306,-4.098716,icon-1644-0288D1,"",none,"",SLTsnmiO595xq0lJEbFc
"C Y D 🔄 / Villanueva del Trabuco (Málaga)",37.026453,-4.341721,icon-1826-0F9D58,"",none,"",xslhZWXU1zTkZJt0Fnlx
"PARKING BUS Caminito del Rey / Ardales (Málaga)",36.914858,-4.806752,icon-1532-7CB342,"",none,"",HhJ2evR2a42qE9hbqA7b
"C Y D 🔄 / Parauta (Málaga)",36.656021,-5.12628,icon-1826-0F9D58,"",none,"",S6KXYonwzQKmuRoxJajV
"PARA TI👌Restaurante Venta "El Menuito" / Sanlúcar de Barrameda  (Cádiz)",36.748738,-6.380983,icon-1803-757575,"",none,"",MZRji6k9kRVModPgo1VC
"C Y D 🔄 / Pineda de Mar (Barcelona)",41.617991,2.669449,icon-1826-0F9D58,"",none,"",ZD7XDRjdgsTPzsOhnDTk
"ESTACIÓN BUS 🚍 / Sant Feliu de Guíxols (Girona)",41.780913,3.022158,icon-1532-0288D1,"",none,"",RegSPQ4V0dFn7mBqkdRm
"ZONA DE ESPERA ☕️ / Sant Feliu de Guíxols (Girona)",41.794989,3.021302,icon-1534-4E342E,"",none,"",GQwpSylj2bm4wrHPiRTf
"CASA COLONIES Mas Gorgoll 🚸 / Palamós (Girona)",41.855495,3.119146,icon-1682-673AB7,"",none,"",tcABejXQrfwBpDb3Pebr
"LIMITACIÓN ALTURA 3,7M ⚠️ / Sant Cugat del V (Barcelona)",41.466801,2.07822,icon-1541-F9A825-nodesc,"",none,"",7Var7n4RJj5GV9ZRMjBu
"LIMITACIÓN ALTURA 3,7M⚠️ / Sant Cugat del V (Barcelona)",41.466761,2.077263,icon-1541-F9A825,"",none,"",k30ItqhV9QGR3qSGk8JT
"HOTEL IBIS (Descanso Chofer) 👍 / Sant Andreu de la Barca (Barcelona)",41.453638,1.974866,icon-1602-9C27B0,"",none,"",FNhfe77J7LS71YweUae4
"ESTACION BUS 🚍 / Vall D´Uixó (Castellón)",39.821183,-0.22941,icon-1532-0288D1,"",none,"",eaGIa8ihmVldzX80L8iW
"ESTACIÓN BUS 🚍 / Xàtiva (Valencia)",38.992814,-0.52175,icon-1532-0288D1,"",none,"",frIYPfCznH13U3amPgV8
"HOTEL Europa 🛏️ / L´Alfàs del Pi (Alicante)",38.577834,-0.076275,icon-1602-9C27B0,"",none,"",nb0NKRpFVPOvJKjesuOJ
"AQUALANDIA Benidorm",38.542337,-0.09466,icon-1502-C2185B,"",none,"",1oPheciaGvkJ10VxkpmW
"PARKING BUS ✅ / Benidorm (Alicante)",38.544976,-0.102087,icon-1532-7CB342,"",none,"",OKxC0U4QknOypNnLMD5O
"PARKING BUS ✅️ / Santa Maria de Huerta (Soria)",41.262532,-2.178974,icon-1532-7CB342,"",none,"",lRUicfYlbelgTQLzJOvB
"HOTEL Arcojalón San Cristóbal 🛏 / Arcos de Jalón (Soria)",41.217208,-2.290334,icon-1602-9C27B0,"",none,"",jo9gsBGm0xgLu5dgWXGW
"ESTACIÓN BUS 🚍 /Villanueva de la Serena (Badajoz)",38.969866,-5.796191,icon-1532-0288D1,"",none,"",friZA7m5kJPc5Ufyt1IG
"PARKING 🅿️ / Monforte (PO)",39.055361,-7.43273,icon-1644-0288D1,"",none,"",5Vz6F3rpXbRK0UGBxuC7
"PARKING BUS ✅️ / Fronteira (PO)",39.051054,-7.647386,icon-1532-7CB342,"",none,"",VVH5eada7ZHQR4SvbJM0
"PARKING BUS ✅️ / Portalegre (PO)",39.302068,-7.433703,icon-1532-7CB342,"",none,"",pjvtJods7qwsJa4Vry0w
"ESTACIÓN BUS 🚍 / Portalegre (PO)",39.297116,-7.432775,icon-1532-0288D1,"",none,"",r63qWlNfmvIX89LVGl6l
"PARKING 🅿️ / Évora (PO)",38.566653,-7.911578,icon-1644-0288D1,"",none,"",9CjLu4kpLb1oFljtsEg6
"C Y D 🔄 / Évora (PO)",38.567648,-7.913259,icon-1826-0F9D58,"",none,"",4rj3cBqmgQHFKWXsipX2
"PARKING 🅿️ / Setúbal (PO)",38.521102,-8.882383,icon-1644-0288D1,"",none,"",hvyq1MJoFW6wGQP1Cy9R
"PARADA NO RECOMENDADA ⛔️ / Hostal Rte. Portugal II y Estación de Servicio Almaraz Km.200",39.79117,-5.696428,icon-1898-C2185B,"",none,"",eylreSwfKuUz8MRYNVQa
"PARKING BUS ✅️ / Fátima (PO)",39.634203,-8.674043,icon-1532-7CB342,"",none,"",1aRgB9D8hj56TnrrOmLg
"ESTACIÓN BUS 🚍 / Peniche (PO)",39.36048,-9.374819,icon-1532-0288D1,"",none,"",Gi80PxDIXbnufzELsFFC
"C Y D 🔄 / Cascais (PO)",38.700724,-9.420828,icon-1826-0F9D58,"",none,"",jHQUiGWAsBoJ2GM3EyBo
"ESTACIÓN BUS 🚍 / Carcavelos (PO)",38.687455,-9.335401,icon-1532-0288D1,"",none,"",rj4GvvmYYc1cE8GX5WvJ
"PARKING 🅿️ / Carcavelos (PO)",38.687276,-9.332112,icon-1644-0288D1,"",none,"",qqOG4ZtvrwjbKDCEx75H
"RESTAURANTE Casa Pío 🍽 / Castiello de Jaca (Huesca)",42.627269,-0.546998,icon-1577-795548,"",none,"",KxkEpXJJ9OempeHXwjGn
"C Y D 🔄 / Pau (FR)",43.294586,-0.372411,icon-1826-0F9D58,"",none,"",4lArjijeAF6n2kshvsuW
"C Y D 🔄 / Bossost (Lérida)",42.785237,0.692671,icon-1826-0F9D58,"",none,"",PNI3NO6XHTa5U031bI8r
"PARKING 🅿️ / Bossost (Lérida)",42.781313,0.690705,icon-1644-0288D1,"",none,"",ysHDJRcqbqSUTKvzaj6L
"PARKING BUS ✅️ / Saint-Bertrand-de-Comminges (FR)",43.026751,0.568969,icon-1532-7CB342,"",none,"",YNhk0gPfSAOgfPk2BZW5
"C Y D 🔄 / Córdoba",37.880661,-4.785008,icon-1826-0F9D58,"",none,"",nCJX0phnFv6kIbejy0V1
"PARKING 🅿️ / Quarteira (PO)",37.080248,-8.119353,icon-1644-0288D1,"",none,"",4GqoEN16iq8L0jcKzv7y
"RESTAURANTE Peña Cruz 🍽 / Malpartida de Cáceres (Cáceres)",39.449417,-6.506304,icon-1577-795548,"",none,"",FAJ2vkipvyBxAPZbvX6Y
"HOTEL Azinheira",39.633491,-8.666703,icon-1602-9C27B0,"",none,"",31zbuUbx1wGukVFcGjeh
"PARKING 🅿️ / Alpalhão (PO)",39.415403,-7.619987,icon-1644-0288D1,"",none,"",XeeKr2VG6ukps1LdtFF5
"PARKING 🅿️ /  Amaiur-Maya, Navarra",43.199602,-1.480104,icon-1644-0288D1,"",none,"",UerNA78NhkXrpwYLGpbQ
"PARKING BUS ✅️ / Tomar (PO)",39.599606,-8.412772,icon-1532-7CB342,"",none,"",dgQEAmPsIBQ2F69t5wBV
"HOTEL Maroli 🛏 / Mikulov (CH)",48.807465,16.627551,icon-1602-9C27B0,"",none,"",SXMdFpCJRUCGQpZT4iqX
"C Y D 🔄 / Mikulov (CH)",48.805807,16.633451,icon-1826-0F9D58,"",none,"",XjdDdi6BTDMHGb7xrsAS
"PARKING BUS ✅️ Valtice (CH)",48.740171,16.761092,icon-1532-7CB342,"",none,"",lBp13mMSQxY3u3Lis6JA
"C Y D 🔄 / Valtice (CH)",48.74266,16.755357,icon-1826-0F9D58,"",none,"",oC50L18O5vTDd7bmcCDx
"PARKING 🅿️ / Nazaré (PO)",39.611924,-9.064005,icon-1644-0288D1,"",none,"",VHn5OWk8tWPKhE7jCFIt
"RUTA PARKING BUS Nazaré (PO)",,,line-FFD600-5000,"",none,"",ptew1Zw829L12PST6O7O
"C Y D 🔄 / Viena (AUS)",48.209455,16.361032,icon-1826-0F9D58,"",none,"",R8rYMy4E2g5nKyva2Ucw
"RESTAURANTE A Valenciana 🍽 / Lisboa (PO)",38.727601,-9.161999,icon-1577-795548,"",none,"",7bwaAbmdp5Du93jI6M4I
"ESTACIÓN BUS 🚍 / Vergara (Guipúzcoa)",43.113543,-2.416434,icon-1532-0288D1,"",none,"",vh3QhX7KlA0YarQFsMfj
"C Y D 🔄 / Vergara (Guipúzcoa)",43.119634,-2.41587,icon-1826-0F9D58,"",none,"",VOLMfADuyHHd97IKIjdl
"GUÍA Turística 🚩/ Lisboa (PO)",38.724963,-9.151006,icon-1899-DB4436,"",none,"",uYFgJYaFqv8q8HhC5rle
"REPSOL Solred - DKV ⛽️ / Fátima  (PO)",39.643074,-8.685229,icon-1581-006064,"",none,"",NJ1fcB0bTKDQW82kGXuH
"SUPERMERCADO ALDI 🛒 / Fátima (PO)",39.631939,-8.665972,icon-1685-A52714,"",none,"",LtalAGWjaY5mxbrordRR
"ZONA ESPERA ☕️ / Lisboa (PO)",38.72783,-9.160367,icon-1534-4E342E,"",none,"",xSQtpq14dz3twKDGgHY5
"SUPERMERCADO 🛒 / Lisboa (PO)",38.726369,-9.162407,icon-1685-A52714,"",none,"",yMZNr0NL3W3k9TyugzSc
"PARADA (15MIN)📸 / Coimbra (PO)",40.209641,-8.419144,icon-1535-757575,"",none,"",NIK68rSLHJa4ajNYSJOW
"C Y D 🔄 / Třebíč, (CH)",49.21686,15.876011,icon-1826-0F9D58,"",none,"",rooprwWN61NmXqQSyXIg
"ZONA DE ESPERA ☕️ / Třebíć (CH)",49.21753,15.870254,icon-1534-4E342E,"",none,"",ysks5yEvU1YpRMLSTBA4
"PARKING BUS ✅️ / Budapest (HU)",47.494472,19.0377,icon-1532-7CB342,"",none,"",qxfAPBHhDXKQMvkzJY4m
"PARKING BUS ✅️ / Coimbra (PO)",40.207607,-8.43105,icon-1532-7CB342,"",none,"",xlnXTKdAdQhh3Z2sdNa2
"PARKING BUS ✅️ / Cullera (Valencia)",39.178563,-0.263333,icon-1532-7CB342,"",none,"",Cz6stBtbv9pqkkAD9lWr
"DEGUSTACIÓN A Garrafeira / Vinos y Licores",39.634036,-8.68239,icon-1769-000000,"",none,"",m2VpNF2KKEObbq1gwfwW
"C Y D 🔄 / Fátima (PO)",39.626285,-8.666989,icon-1826-0F9D58,"",none,"",LSVqothFZ9E4pOhTh3QH
"C Y D 🔄 / Fátima (Portugal)",39.627496,-8.670224,icon-1826-0F9D58,"",none,"",gkAqOzmbwU4RS30o7pjY
"C Y D 🔄 / Fátima (PO)",39.627047,-8.67201,icon-1826-0F9D58,"",none,"",LSVqothFZ9E4pOhTh3QH
"C Y D 🔄 / Fátima (PO)",39.627394,-8.67489,icon-1826-0F9D58,"",none,"",R8oSibICMo6dsa0zrXlv
"C Y D 🔄 / Fátima (PO)",39.627251,-8.675081,icon-1826-0F9D58,"",none,"",W6KoT4I4YWlKIPi9vDnP
"C Y D 🔄 / Fátima (PO)",39.630723,-8.679096,icon-1826-0F9D58,"",none,"",UpP5FDJtRwN2kVFkJZNP
"C Y D 🔄 / Fátima (PO)",39.633056,-8.666622,icon-1826-0F9D58,"",none,"",Qd22efLDOmTDToxAzJB4
"C Y D (RESERVA) / Barcelona",41.403163,2.173624,icon-1826-3949AB,"",none,"",mMXkrpY33XAXvJ5cPLR8
"C Y D 💰 / Barcelona",41.412384,2.172795,icon-1826-3949AB,"",none,"",nGljczxXg5A3yonOmYPz
"PARKING (Pago) SPRO 💰 / Barcelona",41.400385,2.186351,icon-1513-1A237E,"",none,"",ixdCkveIgd81YfhN07hs
"C Y D - C/ Marina,196💰/ Barcelona",41.399834,2.180465,icon-1826-3949AB,"",none,"",czGxQ938lRjaDIxmReyY
"C Y D 💰/ Barcelona",41.366213,2.166007,icon-1826-3949AB,"",none,"",lwfs2GnEN7OUwEGxVu37
"PARKING (Pago) SPRO 💰/ Barcelona",41.365712,2.165682,icon-1513-1A237E,"",none,"",zmmerzx6dv4Iz7O4I0Js
"PARKIN DE PAGO CARO",,,line-0288D1-5000,"",none,"",V1I4AU0ISEMjWdsOih7h
"PARKING (Pago) SPRO 💰/ Barcelona",41.364769,2.157707,icon-1513-1A237E,"",none,"",4vSrCFtL2Jcj928xsA8N
"ÁREA LaTorre 🍽 / Villarobledo (Albacete)",39.20624,-2.70953,icon-1577-795548,"",none,"",VxgrmXxbIrcAQ9qnnQ4b
"ESPAI Laru 🚸 / Mataró (Barcelona)",41.565591,2.435917,icon-1519-01579B,"",none,"",o1DGounAodPAkwjVtWSQ
"BODAS Cal Iborra 💍 / Mataró (Barcelona)",41.566126,2.439169,icon-1613-F9A825,"",none,"",UpffRCmogQZJG7VeaZLO
"COLEGIO La Salle 🚸 / Zarautz  (Guipúzcoa)",43.278663,-2.176079,icon-1682-FFD600,"",none,"",lMnIobWS20hjrVFBjt9y
"C Y D 🔄 / Córdoba",37.87463,-4.776854,icon-1826-0F9D58,"",none,"",ObcQ6izvSK0wDpdsDRpk
"CASA Paco 🍽 / Santa Margarida dels Monjos (Barcelona)",41.323248,1.658277,icon-1577-795548,"",none,"",kzgzjsDvskzdzzyVQ6hk
"PARKING BUS ✅️ /Sant Carles de la Ràpita (Tarragona)",40.617761,0.600839,icon-1532-7CB342,"",none,"",IFfsQLFjzIg1qb48y4Hn
"RESTAURANTE Casa Ramón 🍽 /  Sant Carles de la Ràpita (Tarragona)",40.618766,0.594528,icon-1577-795548,"",none,"",GoWnWWRXxp4QJq5SBszj
"C Y D 🔄 / Castellfollit de la Roca (Barcelona)",42.219502,2.54651,icon-1826-0F9D58,"",none,"",LEPRSUAEJcPUgwtLVuNX
"CALA Galdana 🔄 /  Serpentona (Illes Balears)",39.938995,3.956906,icon-1826-0F9D58,"",none,"",iEeWIeRnLwHGYCjJCD0U
"C Y D 🔄 / Póvoa de Varzim(PO)",41.378905,-8.767632,icon-1826-0F9D58,"",none,"",24wKZgNpfSjYQOsbJMLN
"ESTACIÓN BUS 🚍 / Póvoa de VarIm (PO)",41.389337,-8.759292,icon-1532-0288D1,"",none,"",qW6JwVpxT8pZ1ouuUy5J
"PARKING 🅿️ / Marbella (Málaga)",36.493949,-4.989881,icon-1644-0288D1,"",none,"",okHCN150JkZcSmNQFRfI
"PARKING 🅿️ / Marbella (Málaga)",36.487017,-4.969692,icon-1644-0288D1,"",none,"",FVgmF78SyUu9WXOugh5Z
"PARKING 🅿️ / Póvoa de Varzim (PO)",41.385434,-8.753839,icon-1644-0288D1,"",none,"",YgORbhwbW2t8Xh9B7LFf
"PARKING / C Y D 🅿️🔄/ Almeida (PO)",40.722845,-6.904967,icon-1644-0288D1,"",none,"",QuUO8uYoEYYeIbd4G7N7
"PARKING 🅿️ / Pinhel (PO)",40.776737,-7.056973,icon-1644-0288D1,"",none,"",lKORwSrgioVJ5Qcp8L99
"PARKING 🅿️ / Pinhel (PO)",40.774928,-7.060435,icon-1644-0288D1,"",none,"",BYyr8upzhOnC3wQegOqs
"PARKING BUS ✅️ / Ochagavía (Navarra)",42.905991,-1.087577,icon-1532-7CB342,"",none,"",2LYVuo3FQc3BpIZsjGYG
"PARKING BUS ✅️ / La Ràpita  (Tarragona)",40.620816,0.586802,icon-1532-7CB342,"",none,"",CESX9Rb1u8ZK8INHop1e
"Cova d'en Xoroi 📸 - C Y D / Cala en porter (Illes Balears)",39.86578,4.13325,icon-1502-C2185B,"",none,"",Oe64P1iw7vcX5OH8rgK4
"APARTHOTEL Protur Bonaire 🛏 / Cala Bona ( Illes Balears)",39.617475,3.390178,icon-1602-9C27B0,"",none,"",vhYCEAFPEuCaGXryyleV
"HOTEL Génesis 🛏 / Fátima (PO)",39.628259,-8.67197,icon-1602-9C27B0,"",none,"",6cdswJKzCrT3mouFA4N3
"PROHIBICIÓN 7M ⛔️ / Duilhac-sous-Peyrepertuse (FR)",42.866293,2.552654,icon-1898-C2185B,"",none,"",W8x0Jwcikogi4dr66LUo
"ZONA DE ESPERA ☕ / Setenil de las Bodegas (Cádiz)",36.867451,-5.169189,icon-1534-4E342E,"",none,"",aAMk9caxToUrKsNWomfV
"GASOLINERA Solred Adblue ⛽ / Torrecillas de la Tiesa (Cáceres)",39.56512,-5.832607,icon-1581-006064,"",none,"",D0fJmK7enqtnQsDJCZIv
"RESTAURANTE Puerta de Guadalajara 🍽 / Guadalajara",40.652054,-3.185464,icon-1577-795548,"",none,"",Wm0iLlVI9HnhfFV9SzkK
"COLEGIO SEK 🚸/ La Garriga (Barcelona)",41.695717,2.279592,icon-1682-673AB7,"",none,"",EAK2Sqc8CoFCjyQcTvjf
"ESTACIÓN BUS 🚍 / Fuente el Fresno (Ciudad Real)",39.226497,-3.779573,icon-1532-0288D1,"",none,"",6QKXnsSC6d6mXdY13F9F
"CUEVAS ALTAMIRA Museo 🏛 / Santillana de Mar (Cantabria)",43.377757,-4.12411,icon-1636-A52714,"",none,"",KELEu3UJKol3fhOjkpIW
"PARKING BUS ✅️ / Ax-Les-Thermes (FR)",42.723878,1.835421,icon-1532-7CB342,"",none,"",Wl0rMBZx0V7h4G2sQ4fF
"PARKING BUS ✅️ / Ax-Les-Thermes (FR)",42.72024,1.841448,icon-1532-7CB342,"",none,"",PSCL7uI2ttlVpUotz68u
"PARKING BUS ✅️ / Conil de la Frontera (Cádiz)",36.271643,-6.087638,icon-1532-7CB342,"",none,"",Bq5buysjIHvJ1HCE0khb
"PROHIBICIÓN Autocares 7,5T⛔️ / L'Estartit (Girona)",42.052006,3.19209,icon-1898-C2185B,"",none,"",6PwloaQjmY3z6x2oTh4V
"Restricciòn de paso para Altura superior a 3,70m / Villagrámina (Valladolid)",41.822145,-5.114988,icon-1541-E65100,"",none,"",zFwLttmWrp7raGDDc5XX
"C Y D 🔄 / Lloret de Mar (Girona",41.704209,2.839681,icon-1826-0F9D58,"",none,"",qTImL4XX7qejKWM20mMz
"C Y D 🔄 / Lloret de Mar (Girona)",41.70156,2.840214,icon-1826-0F9D58,"",none,"",7LztzdV46VcGkQ4ftuu5
"C Y D 🔄 / Lloret de Mar (Girona)",41.6995,2.836917,icon-1826-0F9D58,"",none,"",7LztzdV46VcGkQ4ftuu5
"C Y D 🔄 / Lloret de Mar (Girona)",41.699331,2.836167,icon-1826-0F9D58,"",none,"",4queNRFqOZOB71TLVPm2
"C Y D (Max 20Min) 🔄 / Santa Susana (Barcelona",41.63368,2.72217,icon-1826-0F9D58,"",none,"",2Qe39oGmFgAwrkPV6Jrm
"C Y D (Max 20 Min) 🔄 / Malgrat de Mar (Barcelona)",41.638037,2.731671,icon-1826-0F9D58,"",none,"",HsQ2AoUuRZrutPBMIDqO
"C Y D (Max 30 Min) 🔄 / Malgrat de Mar (Barcelona)",41.637466,2.730107,icon-1826-0F9D58,"",none,"",If50X5Zwf8uPyEdzx441
"C Y D (Max 30 Min) 🔄 / Malgrat de Mar (Barcelona)",41.636871,2.728534,icon-1826-0F9D58,"",none,"",zoIjLqTpaEPPQIEldJu1
"Altura Máxima - 4,00 m / Tordera (Barcelona)",41.702268,2.718782,icon-1541-097138,"",none,"",uXHHyCtBPNJTzDLbtxsO
"C Y D (30Min) 🔄 / Malgrat de Mar  (Barcelona)",41.63853,2.725255,icon-1826-0F9D58,"",none,"",6J5MuSbCZGoyOyiNW3ND
"C Y D (30Min) 🔄 / Malgrat de Mar (Barcelona)",41.63673,2.727026,icon-1826-0F9D58,"",none,"",LLInKajp5myoCfWm7KsQ
"PARKING - C Y D 🅿️ 🔄/ Caldes de Malavella (Girona)",41.839263,2.811322,icon-1644-0288D1,"",none,"",eWppVleqpdwE8dwUck0k
"AUTOCARES Mas / Sagalés ☑️ Lloret de Mar (Girona)",41.713223,2.831805,icon-1532-000000,"",none,"",Q4wOVfpqg94OEmlok5Ns
"AUTOCARES Marsel Bus ☑️ / Lloret de Mar (Girona)",41.717132,2.830941,icon-1532-000000,"",none,"",i7VzCyw9dTSE9pK0e9Ow
"AUTOCARES Barrera ☑️ / Tordera (Barcelona)",41.716884,2.732143,icon-1532-000000,"",none,"",E61dXYqIJ1tjaww0IKf8
"PARKING BUS ✅️ / Reus (Tarragona)",41.161882,1.112544,icon-1532-7CB342,"",none,"",BwMR4G1GhnRsQNFZeSR7
"C Y D (15Min) 🔄 / Calella (Barcelona)",41.611832,2.65483,icon-1826-0F9D58,"",none,"",l08W4ufjiuqbZub9mwDE
"HOTEL Esplendid 🛏 / Blanes (Girona)",41.66608,2.780474,icon-1602-9C27B0,"",none,"",8y4GHWRaHb5ix0tpAmZs
"PARKING BUS ✅️ / Blanes (Girona)",41.684734,2.771539,icon-1532-7CB342,"",none,"",2RKCxtn9Y9B2Zfeh9fR3
"PARKING BUS ✅️ /Maçanet de la Selva (Girona)",41.777053,2.728161,icon-1532-7CB342,"",none,"",GyzDYB8gflhNuWomsk1U
"PARKING 🅿️ / Riudarenes (Girona)",41.827549,2.714817,icon-1644-0288D1,"",none,"",qq3FY7cWmXfNVX5raqbu
"MAN Truck & Bus Center Boadella 🛠 / Riudellots de La Selva (Girona)",41.90328,2.788158,icon-1590-1A237E,"",none,"",yfTE6IP2I7bdtWfvs16i
"PARKING 🅿️ / Narbona (FR)",43.175201,2.994305,icon-1644-0288D1,"",none,"",jOtkYnFwceLmYiqSAoxR
"PARKING 🅿️ / Vilamoura (PO)",37.078999,-8.124698,icon-1644-0288D1,"",none,"",ARWS7uQ1hIOjazgXhQlq
"C Y D 🔄 / Vilamoura (PO)",37.074306,-8.117157,icon-1826-0F9D58,"",none,"",jh6nYlKEywInhqy4irhC
"PARKING BUS ✅️ / Amboise (FR)",47.412455,0.979175,icon-1532-7CB342,"",none,"",SaLM8ji5j4LryscomXBT
"COLEGIO Vedruna Tona 🚸 / Tona (Barcelona)",41.851183,2.225286,icon-1682-FFD600,"",none,"",0hNCS8eCvkXx22SP6E82
"RESTAURANTE 4 Carreteres ⛔️ / Tona (Barcelona)",41.845373,2.233118,icon-1898-C2185B,"",none,"",QDRdO7aOd8M0Z4FW99es
"BODAS El Banquet  / Premià de Dalt (Barcelona)",41.500949,2.345971,icon-1613-F9A825,"",none,"",6oI4UoIkk2m1duUtg0mb
"PARKING BUS ✅️ / Aljustrel / Fatima (PO)",39.615867,-8.662408,icon-1532-7CB342,"",none,"",LgnLxN0strVEc9h0EFEW
"PARKING 🅿️ / Ansó (Huesca)",42.756212,-0.825669,icon-1644-0288D1,"",none,"",V8IRQzfaeYTYhNfPPIef
"ESTACIÓN BUS 🚍 / Roquetas de Mar (Almería)",36.76769,-2.616473,icon-1532-0288D1,"",none,"",QHVlMGvUYI3NCQbnRCDK
"ALBERGUE Eurostage 🚸 / Caldes D'Estrac (Barcelona)",41.579981,2.521462,icon-1682-673AB7,"",none,"",A3DgNqiRZ8YHsD5qJ5LS
"COLEGIO Esclavas del Divino Corazón 🚸 / Málaga",36.725228,-4.377161,icon-1682-FFD600,"",none,"",FDKMtVAusN9fsJW5BMAt
"COLEGIO León XIII 🚸/ Málaga",36.728132,-4.374009,icon-1682-FFD600,"",none,"",AAD4BGcVtqQhwk0gJQU1
"COLEGIO Liceo Francés Internacional 🚸 / Málaga",36.72969,-4.383267,icon-1682-FFD600,"",none,"",mCxES7VwDrySMsdKNYto
"PARKING BUS - C Y D 🅿️🔄 Comares / Málaga",36.84796,-4.248094,icon-1532-7CB342,"",none,"",R0giByJqMUk0atsi0v9d
"C Y D 🔄 / Zafarraya (Granada)",36.976448,-4.14537,icon-1826-0F9D58,"",none,"",LNKkLeYpNiKulGTgioya
"PARKING - C Y D 🅿️🔄 / Alhama de Granada (Granada)",37.004778,-3.987932,icon-1644-0288D1,"",none,"",QJLVwkQtCyu215rvrcMQ
"PARKING BUS ✅️ / Saint-Pierre-du-Mont (FR)",43.880472,-0.524492,icon-1532-7CB342,"",none,"",aJiI8Ts3PbC8vi41R0yU
"PARKING BUS ✅️ / Soria",41.762012,-2.470551,icon-1532-7CB342,"",none,"",D0McY81LS6Ryi5ClSCKo
"PARKING 🅿️ / Mont -Louis (FR)",42.507532,2.122879,icon-1644-0288D1,"",none,"",AJMVq5255C1VS8vsOP2y
"IES Premià de Mar 🚸 /( Barcelona)",41.495299,2.371374,icon-1682-FFD600,"",none,"",ZGlYaZm73prt3CF6QgtU
"PARKING (Pago) 💰 / Altafulla (Tarragona)",41.139291,1.365276,icon-1513-1A237E,"",none,"",S7muIrVFdErAbHRtq4xQ
"BUFFET Libre / Altafulla (Tarragona)",41.139744,1.366277,icon-1577-795548,"",none,"",1mtMSnVO3CYgknwrQYkS
"PARKING BUS ✅️ / Hoces de Duratón (Segovia)",41.326923,-3.868864,icon-1532-7CB342,"",none,"",i1Qiaj6q9OazPqly5ZjX
"C Y D - C/ Consejo de Ciento, 536💰/ (Barcelona)",41.402853,2.18145,icon-1826-3949AB,"",none,"",Mn3BKVha2QxVem5f9iqy
"C Y D - C/ Padilla,195💰/ (Barcelona)",41.402902,2.180885,icon-1826-3949AB,"",none,"",Fh9sEnoLJYsQYjvwlIoa
"PARKING BUS Av/ de Rius y Taulet (pago)✅️💰 / (Barcelona)",41.372128,2.152633,icon-1513-1A237E,"",none,"",vazKsodPsCWWUNSMqxpR
"PARKING (Pago)💰 / Encamp ( AND)",42.532513,1.578208,icon-1513-1A237E,"",none,"",E96CXMPkMVIDeDXkMnGV
"PARKING BUS ✅️ / Vallbona de les Monges / Lérida",41.526649,1.087305,icon-1532-7CB342,"",none,"",l73l4M6NlQsLcc5jJt4s
"GASOLINERA Repsol ⛽️ / Sietamo (Huesca)",42.123229,-0.271836,icon-1581-006064,"",none,"",ulz6XboJu14jZc2obcav
"Cafetería-Restaurante Área 341/ Almudévar (Huesca)",42.035757,-0.575775,icon-1577-795548,"",none,"",pWvY8VPBmnTgCY3kXBXX
"PARKING Puerto Sant Feliu de Guíxols/ Girona",41.779476,3.038489,icon-1644-0288D1,"",none,"",bP0SMYmQRHO13iZsB5An
"PARKING 🅿️ / Terrassa (Barcelona)",41.584108,2.015506,icon-1644-0288D1,"",none,"",XLG0igHs7brcV3w0bELR
"PARKING 🅿️ / La Pobla de Vallbona (Valencia)",39.586275,-0.535685,icon-1644-0288D1,"",none,"",q96GtkZQuMgzUHap78ad
"ZONA ESPERA ☕️ / Cádiz",36.522797,-6.235532,icon-1534-4E342E,"",none,"",lde7iGfOd7wrA0MXFtco
"ESTACIÓN BUS 🚍 / Valencia de Alcántara (Extremadura)",39.407431,-7.248033,icon-1532-0288D1,"",none,"",0k3562BDzBu1XdFNIDJr
"VIVERES🛒 /  Ponte de Sor (PO)",39.268201,-8.013301,icon-1685-A52714,"",none,"",lWiyn8DgyS4EUBwhXeKS
"AEROPUERTO El Prat T2 - Acceso Carga y Descarga de Pasajeros",41.304898,2.080449,icon-1504-880E4F,"",none,"",g5uwhnxO43qpEiPAfHpD
"PARKING BUS ✅️/  Ille-sur-Têt (FR)",42.681258,2.622036,icon-1532-7CB342,"",none,"",bswVztQ9NOMW7sslvbBk
"PARKING BUS ✅️ / Céret (FR)",42.489008,2.751785,icon-1532-7CB342,"",none,"",rkHiLcnflugoZNT88BaZ
"CAVAS Byrrh / Thuir (FR)",42.634521,2.758334,icon-1517-F9A825,"",none,"",KxZLAtKpNpQQ9IjTqOBG
"Transports Pagès ✔️ / Thuir (FR)",42.629354,2.765195,icon-1532-000000,"",none,"",yXGf6qjB2wgogAkwoyg9
"CABO De Gata 📸 / Almería",36.722165,-2.19193,icon-1502-C2185B,"",none,"",cfUUgMF59nmVt3xH7Fto
"PASTELERIA Cal Puigfel (Degustación) 😋/ Anglesola (Lérida)",41.657326,1.083237,icon-1769-000000,"",none,"",a5B4cU0TwSjou316qGFq
"HOTEL Prestige Goya Park 🛏 / Roses (Girona)",42.266103,3.15594,icon-1602-9C27B0,"",none,"",Sndb1F1BNXrpsB234kAf
"Hotel Prestige Victoria Elit 🛏 / Roses (Girona)",42.26141,3.150622,icon-1602-9C27B0,"",none,"",30IEXDUdzi0d0hhQ7fGT
"HOTEL Vall de Bas 🛏 / Juanetes (Girona)",42.127061,2.442752,icon-1602-9C27B0,"",none,"",9qZB0g37HJAEanth0c9v
"ÁREA Servicio Cafetería restaurante Sierra de Javalambre 🍽️ / La Puebla de Valverde (Teruel)",40.220316,-0.940224,icon-1577-795548,"",none,"",eOF7usR4pqWutLLDxoLY
"RESTAURANTE Can Morera 🍽 / Les Preses (Girona)",42.143345,2.457462,icon-1577-795548,"",none,"",EA4A74NjLM8HPc7Qqga7
"IES Almera 🚸 / Vilassar de Dalt  (Barcelona)",41.520748,2.360849,icon-1682-FFD600,"",none,"",O8ymuNNPur8lNYkxJTZo
"COLEGIO Las Oliveras 🚸 / Cabrils (Barcelona)",41.521744,2.370202,icon-1682-FFD600,"",none,"",3iFpBZXQCk6w2w2nGc76
"COLEGIO Virgen de La Vega 🚸 / Cobatillas (Murcia)",38.055161,-1.08111,icon-1682-FFD600,"",none,"",XJ4LWKGxrtzBF5Vw3EDr
"COLEGIO Ocata 🚸 / El Masnou (Barcelona)",41.480297,2.316528,icon-1682-FFD600,"",none,"",5glrvSPwxRagKyZXX7SP
"PARKING 🅿️ / Tremp (Lérida)",42.16811,0.89214,icon-1644-0288D1,"",none,"",5rTTxdFSyJNm9WYFP5Xz
"PARKING Bus ✅ / Àger (Lérida)",42.002433,0.760391,icon-1532-7CB342,"",none,"",oWjUkhbJlxFJgQgHz6b3
"PARKING 🅿️ /  Ponte de Sor (PO)",39.268419,-8.013889,icon-1644-0288D1,"",none,"",k1DdjqGp7ZVQ5uHzuogr
"PARKING 🅿️ / Graus (Lérida)",42.195887,0.341248,icon-1644-0288D1,"",none,"",n5AmDzE1RUOmuZjdmnPt
"PARKING 🅿️ / Anglesola (Lérida)",41.659485,1.082327,icon-1644-0288D1,"",none,"",23nvIakU0WNwODTCbcNt
"PARKING 🅿️ / El Parador de las Hortichuelas )Almería)",36.803703,-2.601506,icon-1644-0288D1,"",none,"",ylWYhIjvXfkoNqnZfSp0
"PARKING 🅿️ / Arroba de los Montes (Ciudad Real)",39.151966,-4.544576,icon-1644-0288D1,"",none,"",BmQ1X7gb5uPXsIQpptwk
"ZONA De Espera ☕️ / Barcelona",41.348758,2.138171,icon-1534-4E342E,"",none,"",0GKwGKN1kYW9Q4BtdhOc
"PARKING BUS (pago)💰 MNAC Barcelona",41.368181,2.151748,icon-1513-1A237E,"",none,"",r9Xw40n01vJh1mKz1XCM
"C Y D 🔄 / Málaga",36.71726,-4.419327,icon-1826-0F9D58,"",none,"",xTTebcZgoPZbP0QFysZK
"C Y D 🔄 / Málaga",36.716481,-4.420923,icon-1826-0F9D58,"",none,"",xMQXnTLaT8oBcQ7ogIIf
"ESTACIÓN BUS 🚍 / Málaga",36.715624,-4.42147,icon-1532-0288D1,"",none,"",BN2mIWrxC7ElDG6Mmd8q
"VENTA EL Pan 🍽 / Las Cabezas de San Juan (Sevilla)",36.976087,-5.959993,icon-1577-795548,"",none,"",bvxcJFxc4sfa91L1qvJL
"COLEGIO Puig de les Cadiretes 🚸 / Llagostera (Girona)",41.821606,2.902732,icon-1682-FFD600,"",none,"",F9THUvc9UODykmdiGO6H
"AUTOCARES Dotor ☑️ / Sant Pere Molanta (Barcelona)",41.356878,1.732415,icon-1532-000000,"",none,"",CYSBpS5Bt0ebeD3XShSe
"IES Valerià Pujol 🚸 / Premà de Dalt (Barcelona)",41.501615,2.351005,icon-1682-FFD600,"",none,"",ZoZNgP3AkeNqk742SGJQ
"COLEGIO Maria Manent 🚸 / Premià de Dalt (Barcelona)",41.506466,2.348399,icon-1682-FFD600,"",none,"",zjyLD7G5sokUgqK0NBTE
"PARKING BUS - C Y D 🅿️🔄 / Costa Nova (PO)",40.612706,-8.749722,icon-1532-7CB342,"",none,"",B8CXKr8CEn6MVQs3bTEt
"C Y D 🔄 Monsanto (PO)",40.039955,-7.114005,icon-1826-0F9D58,"",none,"",WECMPop5mCCwrfhq25kQ
"ZONA DE ESPERA ☕️ / Monsanto (PO)",40.04582,-7.11608,icon-1534-4E342E,"",none,"",uAnxkcTOJ0kj4qBpj2Qo
"CASA Colonies La Conrreria 🚸/ Tiana (Barcelona)",41.49177,2.252176,icon-1682-673AB7,"",none,"",ELUA2CQfIfHeduPMcRU0
"CASA Colonies Can Xammar 🚸",41.674164,2.257988,icon-1682-673AB7,"",none,"",EEZCFBZRTd6AVRWpxLjP
"ℹ️ RUTA Parking Casa de Colonies Can Xammar",,,line-FFD600-6000,"",none,"",EPAdYmwY2Dg6OMjSdABl
"CASA Colonies Xanascat 🚸 / Canyamars (Barcelona)",41.595897,2.453389,icon-1682-673AB7,"",none,"",FrDJVlsjqfN136aHTh4I
"C Y D 🔄 / Celanova (Ourense)",42.15011,-7.957026,icon-1826-0F9D58,"",none,"",dU0s7xo7cHGiTkPc6cjk
"ZONA DE ESPERA ☕️ / Celanova (Ourense)",42.157447,-7.95414,icon-1534-4E342E,"",none,"",rmcWxCTr8uBkwaKEmPgE
"C Y D 🔄 / Chaves (PO)",41.74377,-7.47329,icon-1826-0F9D58,"",none,"",nvObBxOuu7mf7cB9O8Qi
"C Y D 🔄 / Chaves (PO)",41.747522,-7.469246,icon-1826-0F9D58,"",none,"",wi9t7Y4AMasHjriej0Y0
"PARKING 🅿️ / Chaves (PO)",41.749239,-7.467596,icon-1644-0288D1,"",none,"",PxqyXSY5n2A7YO29D3pd
"PARKING 🅿️ / Chaves (PO)",41.75271,-7.480602,icon-1644-0288D1,"",none,"",0SOCN1KOmrE0t6EsLSlR
"IES Llavaneres 🚸 / S.Andreu de Llavaneres (Barcelona)",41.570972,2.489026,icon-1682-FFD600,"",none,"",Phvc1diYYVj9QGtAe1ZA
"COLEGIO Sot del Camp 🚸 / Sant Vicent de Montalt (Barcelona)",41.569333,2.51491,icon-1682-FFD600,"",none,"",gPV38idg3r31evIFioaH
"IES Esteve Albert 🚸 / Sant Vicent de Montalt (Barcelona)",41.56931,2.515211,icon-1682-FFD600,"",none,"",yd5cPMEBKBgh25jZZUli
"COLEGIO Sant Feliu 🚸 / Cabrera de Mar (Barcelona)",41.527807,2.393496,icon-1682-FFD600,"",none,"",y7dhfUqymyzUOIru5pMI
"ℹ️SALIDA Colegio Sant Feliu",,,line-F9A825-5000,"",none,"",VoXrVML6Si2zoG4cSLPc
"ℹ️OJO JUEVES MERCADILLO SEMANAL",,,poly-9C27B0-2000-115,"",none,"",
"COLEGIO El Pilar 🚸 / Premià de Mar (Barcelona)",41.493929,2.352672,icon-1682-FFD600,"",none,"",ob7nnIrNL6sMN6wuFzmy
"COLEGIO Mar Nova 🚸 / Premià de Mar (Barcelona)",41.494205,2.370599,icon-1682-FFD600,"",none,"",GOpJ1KeWI8ULrF0kuql2
"PARKING 🅿️ / Vilassar de Mar (Barcelona)",41.511287,2.396156,icon-1644-0288D1,"",none,"",CGRHpxWz0kcwhDCpjDGr
"C Y D 🔄 / Mataró (Barcelona)",41.556326,2.428603,icon-1826-0F9D58,"",none,"",HgSAVNgdTE6v6lXQcS3W
"COLEGIO Sobirans 🚸 / Arenys de Munt (Barcelona)",41.614983,2.532349,icon-1682-FFD600,"",none,"",OicvWFxMDrE9aNNF3e2g
"CASTILLO Can Jalpí 🚸 / Arenys de Mar (Barcelona)",41.599372,2.541599,icon-1542-3949AB,"",none,"",8aJSpB8tkXm80M0bIENc
"IES Domènec Perramon 🚸 / Arenys de Munt (Barcelona)",41.618221,2.537548,icon-1682-FFD600,"",none,"",OlxY7WZCJUFilB3NOjwj
"COLEGIO Turó del Drac 🚸 / Canet de Mar (Barcelona)",41.594613,2.570989,icon-1682-FFD600,"",none,"",JzFVW0QW7pvyXnpk7EhY
"COLEGIO Sant Pau 🚸/ Sant Pol de Mar (Barcelona)",41.602047,2.613942,icon-1682-FFD600,"",none,"",AbQrnkQq1rHVYDP2S1Ps
"COLEGIO Misericòrdia 🚸 / Canet de Mar (Barcelona)",41.59774,2.582664,icon-1682-FFD600,"",none,"",jVvyolSexz9JvDNWtzb2
"ℹ️RUTA Santa Fe del Montseny",,,line-F9A825-6000,"",none,"",dkEgMQHWp1BRtIaeD2rZ
"AUTOCARES Barba ☑️ / Sant Celoni (Barcelona)",41.689658,2.489428,icon-1532-000000,"",none,"",XLJuXqpdBbdPf3pXLsvM
"PARKING 🅿️ / Breda (Girona)",41.754206,2.559884,icon-1644-0288D1,"",none,"",MTmi5uISOa39I2ONTIif
"AULA Rural Can Bosc 🚸 / Breda (Girona)",41.759177,2.550362,icon-1682-673AB7,"",none,"",Jf4H4GuNWbve8iujAv70
"IGLESIA S. Martí de Riells / Riells (Girona)",41.776728,2.512197,icon-1670-E65100,"",none,"",J13AbqLHK99a5imWyVDo
"CASA Colonies Can Sala 🚸 / Montornés del Vallés (Barcelona)",41.53709,2.272826,icon-1682-673AB7,"",none,"",xUKbWf3CIjLSeMHb2Rxi
"IES La Roca 🚸 / La Roca del Vallès  (Barcelona)",41.588336,2.324975,icon-1682-FFD600,"",none,"",rfTHmDS7MSBS5eo7DINa
"COLEGIO Serena Vall 🚸 /Sant Andreu de Llavaneres (Barcelona)",41.567782,2.487449,icon-1682-FFD600,"",none,"",uQBbBlwMffIPLR1gER3h
"C Y D 🔄 / Santa Maria (PO)",38.843484,-7.586688,icon-1826-0F9D58,"",none,"",TrbaAa2aNVqX1aBuSfFV
"C Y D 🔄 / Évora (PO)",38.573641,-7.906487,icon-1826-0F9D58,"",none,"",SvysFZsMkCWTWrT11YsP
"CASA Colonies Les Orenetes 🚸 / Borrassà (Girona)",42.224145,2.946823,icon-1682-673AB7,"",none,"",1ePkg1x3evj3w4wY2K9a
"C Y D 🔄 / Portbou (Girona)",42.426713,3.160362,icon-1826-0F9D58,"",none,"",wXQ3AjIOLEK6mNaj0VyV
"PARKING BUS ✅️ / Cassà de La Selva (Girona)",41.892937,2.873314,icon-1532-7CB342,"",none,"",QvUKaf1aTImp6tJdnUO3
"AUTOCARES Roca ☑️ / Salt (Girona)",41.968056,2.773503,icon-1532-000000,"",none,"",LEDWvMQW2yGZd0kEJvza
"PARKING 🅿️ / Peñiscola (Castellón)",40.366112,0.39701,icon-1644-0288D1,"",none,"",DbnVD5zCczFMU9f4DLt8
"PARKING BUS ✅️ / Peñíscola (Castellón)",40.365281,0.396163,icon-1532-7CB342,"",none,"",aAqciTMt2IyV0X9j8QcM
"PARKING 🅿️ / Peñiscola (Castellón)",40.367779,0.400906,icon-1644-0288D1,"",none,"",FHBqRkaSqJx3JIucbxE6
"HOTEL Tancat de Codorniu",40.530436,0.507257,icon-1602-9C27B0,"",none,"",NbCmqMZXQW6lK4t3z3Qe
"PARKING 🅿️ / Teruel",40.33875,-1.108996,icon-1644-0288D1,"",none,"",LlDMwIEQG62vZZF1aZb5
"Recogida Caminantes / Cerbère (FR)",42.43979,3.175516,icon-1596-1A237E,"",none,"",Ca5RIDGyOOIAHLvITb3u
"PARKING BUS Paulilles ✅️ /  Port-Vendres (FR)",42.499306,3.118115,icon-1532-7CB342,"",none,"",H1AXrs2fHOTsX8H30Z9J
"BODEGAS D.Florencio Pérez 🍷 / Casas de Juan Núñez (Albacete)",39.110266,-1.561489,icon-1798-F9A825,"",none,"",bBNtHskFJnHwxSC3guNp
"GRANJA Escuela La Casita de 🚸 Casas de Juan Núñez (Albacete)",39.083965,-1.550256,icon-1682-673AB7,"",none,"",V96RjAHxDn36wUtSCycC
"PARKING BUS ✅️ / Olot (Girona)",42.18044,2.492497,icon-1532-7CB342,"",none,"",5RmVJQlU9KoqIe5pYSJQ
"PARKING BUS ✅️ / La Fageda d'en Jordà - Santa Pau (Girona)",42.155027,2.516049,icon-1532-7CB342,"",none,"",k0aRaSlvvbhYCXChS7Du
"PARKING BUS ✅️ Volcán Sta Margarita / Sta Pau (Girona)",42.147992,2.543908,icon-1532-7CB342,"",none,"",kw1n8HF39RjGbYVEv5PM
"YOGURES La Fageda / Santa Pau (Girona)",42.139034,2.522296,icon-1502-C2185B,"",none,"",fbcD5FrlziK6n7zJ27A9
"PARKING 🅿️ / Suances (Cantabria)",43.423199,-4.056557,icon-1644-0288D1,"",none,"",VDqKIMJv5IdzqmvLeqUM
"PARKING BUS ✅️ 🔄/ Aracena (Huelva)",37.890273,-6.569117,icon-1532-7CB342,"",none,"",ArCYiYcDSReA75MTXXAa
"IES Euclides 🚸 / Pineda de Mar (Barcelona)",41.619888,2.670312,icon-1682-FFD600,"",none,"",8JWnE85WR1dthBzp94OL
"PARKING BUS ✅️ / Tordera (Barcelona)",41.697345,2.721645,icon-1532-7CB342,"",none,"",rAGaNc1QWJChYOjyl8Zy
"BODAS En La Roureda💍 / Sant Antoni de Vilamajor (Barcelona)",41.678033,2.373406,icon-1613-F9A825,"",none,"",kTY0RzMfJ4yBv0wsDijr
"COLEGIO Torre Roja 🚸 / Sant Pere de Vilamajor (Barcelona)",41.679485,2.396595,icon-1682-FFD600,"",none,"",YCFCGrEx7u58nHWEv3Bf
"ALTURA MÁXIMA 4M /Alhama de Aragón (Zaragoza)",41.295538,-1.894241,icon-1541-097138,"",none,"",PmCUlhscDCV3JMHFAZGC
"BODEGAS Tio Pepe 🍷 / Jerez de Ma Frontera (Cádiz)",36.679332,-6.144594,icon-1798-F9A825,"",none,"",YrnZgdN0e8STKHrEvqXZ
"ALBERGUE Centre Splai🚸 / El Prat de Llobregat (Barcelona)",41.31589,2.082653,icon-1682-673AB7,"",none,"",TXy3au4MFY73tx05O6Ci
"PARKING 🅿️ / Cornellá de Llobregat (Barcelona)",41.345991,2.08375,icon-1644-0288D1,"",none,"",mJOniN4BASNogSwpPqys
"HOTEL Campanile 🛌 / Cornellá (Barcelona)",41.348016,2.082892,icon-1602-9C27B0,"",none,"",nnjiEQqPaRXnuNivLBWV
"C Y D 🔄 / Pontevedra",42.433908,-8.640707,icon-1826-0F9D58,"",none,"",84UVKSAuSUx0KuSczD31
"PARKING 🅿️ / Agramunt (Lérida)",41.783255,1.09335,icon-1644-0288D1,"",none,"",g2PfjKEyJCA3ptNTGFFg
"ESTACIÓN BUS 🚍 / Mollerussa (Lérida)",41.632223,0.89637,icon-1532-0288D1,"",none,"",OLJhHFYCy6yS5Qjg4gvB
"ALTURA MÁXIMA 3M",41.727396,2.57052,icon-1541-E65100,"",none,"",rRCfqjha25GTHxYgPqrJ
"RESTAURANTE Marina 🍽 / Anglesola (Lérida)",41.658729,1.083808,icon-1577-795548,"",none,"",DUynPO04laHaRrDg4RVg
"PARKING 🅿️ / Sallent de Gállego (Huesca)",42.769447,-0.333648,icon-1644-0288D1,"",none,"",kurPp8twBZw3pdjkjeon
"CASA NATURA Can Massaguer 🚸 / Sant Feliu de Buixalleu, Girona",41.768874,2.55211,icon-1682-673AB7,"",none,"",TeooaqdSnMuPrjwaJZCa
"C Y D 🔄/ Canfranc-Estación (Huesca)",42.751635,-0.515155,icon-1826-0F9D58,"",none,"",UND2sykXT5a1MLGzdrk0
"RESTAURANTE Las Esparteras 🍽 / Cadarrubios del Monte (Toledo)",40.184487,-4.134367,icon-1577-795548,"",none,"",kjGJ4cKFWpavqsTyPk9k
"Granja y Quesería Can Xicoy 🚸 / Arenys de Munt (Barcelona)",41.618373,2.546888,icon-1682-673AB7,"",none,"",IhilM3c9L8jYbc8heIc7
"INFO : Entrada a Granja Queseria Can Xicoy.",41.619362,2.547476,icon-1608-3949AB,"",none,"",SQT1NQF0wG0VneSYaXPe
"ACTIVIDADES Ciencias 🚸 / Montseny (Barcelona)",41.741184,2.450448,icon-1682-673AB7,"",none,"",NrFAoFGphyOqCnXrnp2g
"CAMBIO SENTIDO ℹ️ / Montseny (Barcelona)",41.747653,2.445658,icon-1770-424242,"",none,"",tOy4IQbUvN7kVNM1ZG0o
"MUSEO De Les Aigues 🏛/ Cornellá de Llobregat (Barcelona)",41.355959,2.0626,icon-1636-A52714,"",none,"",6hKWscFB7TCY5oSx8Wv4
"CASA Colonies La Marinada 🚸 / Cambrils (Tarragona)",41.0707,1.080036,icon-1682-673AB7,"",none,"",thTI6JKWb9lsLjJbbAxR
"PARKING 🅿️ / Cambrils (Tarragona)",41.06965,1.087833,icon-1644-0288D1,"",none,"",a0cNMjcKVkja6h75qsdK
"ESTACIÓN BUS 🚍 / Beziers (FR)",43.34555,3.217851,icon-1532-0288D1,"",none,"",4BFRVHokvX0UAoNEuvDt
"MUSEO Arqueológico de Alicante MARQ",38.353172,-0.476539,icon-1636-A52714,"",none,"",oNjkywl8uhegvp5rrv5o
"COLEGIO Sta Anna 🚸 / Premià de Dalt (Barcelona)",41.501992,2.360193,icon-1682-FFD600,"",none,"",RPqGaofJPW7xXVqSjs2i
"MUSEO de la Mina Vella 🏛 / Vilassar de Mar (Barcelona)",41.511646,2.38613,icon-1636-A52714,"",none,"",zhcr6PtO5pehuGoBI8zU
"RUTA Salida al Museo",,,line-FFD600-5000,"",none,"",emTf0WD9EKxz7bJVZhbK
"INFO : ENTRADA Museo de la Mina Vella ℹ️ / Vilassar de Mar (Barcelona)",41.511202,2.384989,icon-1608-3949AB,"",none,"",3YQFzjF2TO70A8hILdpe
"MUSEO Del Turrón 🏛 / Jijona",38.514312,-0.48469,icon-1636-A52714,"",none,"",rNpbDtkyqDBUdSpe91K1
"BODEGAS Cruz Conde🍷/ Montilla (Córdoba)",37.580134,-4.640542,icon-1798-F9A825,"",none,"",AmQyiuQeMFuA5lIjbzYk
"ZONA DE ESPERA☕️ / Badalona (Barcelona)",41.451589,2.240389,icon-1534-4E342E,"",none,"",Eipg1Oi8RStGvrmxgZq1
"COLEGIO Fontmartina 🚸 /Santa Maria de Palautordera (Barcelona)",41.699123,2.444359,icon-1682-FFD600,"",none,"",TUU1lAE5X0HrUfHzGdOn
"MUSEO de Las Matemáticas 🏛/ Cornellà de Llobregat (Barcelona)",41.357449,2.089052,icon-1636-A52714,"",none,"",kxG4ervySyA2eHTGYSvS
"C Y D 🔄 C/ Martí i Franquès 21 / Barcelona",41.384034,2.118733,icon-1826-3949AB,"",none,"",1wm5xEmoDX9ue5CiGrXc
"PARKING BUS Pago💰 C/ Martí i Franquès 16C /Barcelona",41.38332,2.119171,icon-1513-1A237E,"",none,"",lwwURMwVi3WHtDMrldrh
"PARKING BUS Pago 💰 Av/ Doctor Marañon / Barcelona",41.382601,2.113192,icon-1513-1A237E,"",none,"",vUahzjKuJdgMb2B8jvHL
"RESTAURANTE Las Bóvedas 🍽 / Badajoz",38.89033,-7.014235,icon-1577-795548,"",none,"",cN998mcZxkX5UnGHVyWH
"RESTAURANTE El Cruce 🍽 / San Serván (Badajoz)",38.878124,-6.452953,icon-1577-795548,"",none,"",2tH3lVXeAbOLy8eX9sYJ
"RESTAURANTE Abades Mérida 🍽",38.938134,-6.361387,icon-1577-795548,"",none,"",qeUbZBZUYqdprNogzqAn
"COLEGIO Agora Internacional 🚸 / Sant Esteve Sesrovires (Barcelona)",41.485396,1.857708,icon-1682-FFD600,"",none,"",p7bt4qXsBaYJn0slQpU4
"ESTACIÓN BUS 🚍 / Pombal (PO)",39.916298,-8.63192,icon-1532-0288D1,"",none,"",BQxVXxNYMKWXig6fc2WU
"C Y D 🔄 / Viseu (PO)",40.660975,-7.908487,icon-1826-0F9D58,"",none,"",RmTZUabc3hjG5Rw1UAvp
"TECNO CRISTAL 🛠 / Sant Just Desvern (Barcelona)",41.382172,2.064603,icon-1590-1A237E,"",none,"",TijpzSFdcaMI0TB1o9oR
"AUTOCARES 6 ✔️ / Sant Feliu de Llobregat (Barcelona)",41.393953,2.034215,icon-1532-000000,"",none,"",K9FMKJjEVjbSC5jlJ8H9
"MERCABARNA Entrada/ Salida (Barcelona)",41.328029,2.11357,icon-1502-C2185B,"",none,"",86xEXS9PWYtAaohH65AF
"MERCABARNA Entrada/ Salida (Barcelona)",41.334731,2.117614,icon-1502-C2185B,"",none,"",HG55ttsHHoQU5FIzldTZ
"ℹ️ PARKING en MercaBarna / Barcelona",41.33365,2.116357,icon-1608-3949AB,"",none,"",boluuKHFMdGJKfvPfJ6z
"ESCUELA Cerámica La Bisbal 🚸/ (Girona)",41.954202,3.051845,icon-1682-673AB7,"",none,"",8MMhiTpE1itQzGGuoCHj
"AUTOCARES Muñoz ✔️/ Mérida (Badajoz)",38.924793,-6.390279,icon-1532-000000,"",none,"",7VQ0y3k000jzGMOdSSYB
"C Y D 🔄 / Villafranche de Conflent (FR)",42.586126,2.36476,icon-1826-0F9D58,"",none,"",UudV8PqKSony68JFkQjY
"C Y D 🔄 / Villefranche-de-Conflent (FR)",42.587765,2.370133,icon-1826-0F9D58,"",none,"",3c4guzhNKUarYRGUZBE3
"PARKING BUS ✅️ / Madrid",40.498118,-3.624609,icon-1532-7CB342,"",none,"",GLxWvn7gF7K0xiscG4M4
"PARKING BUS ✅ / Granollers (Barcelona)",41.600473,2.285376,icon-1532-7CB342,"",none,"",BF6QZdA1r2JwLhFZxRqz
"PARKING 🅿️ / Hostalric (Barcelona)",41.745033,2.630605,icon-1644-0288D1,"",none,"",3ZZNx0xaL6dACHrfwh9a
"PARKING BUS ✅️ / Torrent (Girona)",41.951821,3.128633,icon-1532-7CB342,"",none,"",zFc4kZe0xLAkIEtkk43m
"PARKING BUS ✅️ Feria del Aveto / Espinelves (Girona)",41.867701,2.414557,icon-1532-7CB342,"",none,"",Uk3dCxtLehIA7F9juBY4
"RESTAURANTE Casanova 🍽 / Torreblanca (Castellón)",40.215809,0.187196,icon-1577-795548,"",none,"",hzCQOpeQ5sreB58uqH42
"PARKING BUS - C Y D 🔄 / Castres (FR)",43.602375,2.241113,icon-1532-7CB342,"",none,"",ZYRM4ywGmFKEL5EFNYFD
"HOTEL Mojacar Marina 🛏 / Mójacar (Almería)",37.156746,-1.826958,icon-1602-9C27B0,"",none,"",nb7fYwLnAZe0dlRGtHSb
"ÁREA ABADES SIERRA ESPUÑA LEVANTE ⬇️/ Alhama de Murcia (Murcia)",37.795183,-1.428507,icon-1577-DB4436,"",none,"",Iw24aSCWCGB66hwaXcAk
"Entrada y salida Parking y Carga Descarga a Mojácar",,,line-FFD600-5000,"",none,"",ym3TqqmenRnlntgj7QHV
"C Y D 🔄 / Roquetas de Mar (Almería)",36.754323,-2.60572,icon-1826-0F9D58,"",none,"",WP94v6CIq0BiI8bFZTf7
"PARA TI 👌 / Buena comida",36.755383,-2.607112,icon-1803-757575,"",none,"",txz9rYGLLelp1SjmQF0Y
"PARKING 🅿️ / Roquetas de Mar (Almería)",36.768302,-2.61466,icon-1644-0288D1,"",none,"",5T9bqu0gxsxdEXOet0Yf
"PARKING 🅿️ / Roquetas de Mar (Almería)",36.773188,-2.610758,icon-1644-0288D1,"",none,"",cnu7rOAa0bPDWuMRIumn
"LAVADERO 💧 / Ávila",40.662257,-4.67221,icon-1703-0097A7,"",none,"",eTHw96tN2BnuCCCX5cy1
"PROHIBIDO ⛔️ / Níjar (Almería)",36.963511,-2.206432,icon-1898-C2185B,"",none,"",OLdw3M6k1dphnfUYqS8S
"HOTEL Pueblo 🛏 / Benidorm (Alicante)",38.53939,-0.114351,icon-1602-9C27B0,"",none,"",i2O09eDgZv9RNbmmZW3W
"C Y D / (Pago) 💰 - Av/ Del Estadi (Barcelona)",41.366051,2.154091,icon-1826-3949AB,"",none,"",RxtCm90ff25KNelocteR
"C Y D 🔄 /  Benalmádena (Malaga)",36.596741,-4.57245,icon-1826-0F9D58,"",none,"",SmGSAJl225baViJNmk29
"C Y D 🔄 / Benalmádena (Málaga)",36.597274,-4.571855,icon-1826-0F9D58,"",none,"",YfNFMExx3kS6uJXhBwFW
"SANTUARIO Santa Maria Magdalena 🕍 / Novelda (Alicante)",38.408664,-0.794061,icon-1670-E65100,"",none,"",wtxCNdqItWtR5ipFKuJe
"INSTITUTO Tiana 🚸 / Tiana (Barcelona)",41.4905,2.26165,icon-1682-FFD600,"",none,"",h8cOf7i3NsWXkWg5rUfT
"PARKING BUS ✅️ / Mataró (Barcelona)",41.543624,2.42245,icon-1532-7CB342,"",none,"",2ji71q1miWOny61vknGq
"PARKING BUS ✅ / Parets del Vallès / Barcelona",41.57123,2.235003,icon-1532-7CB342,"",none,"",QPtz9rppjVOZ3p0AxB3L
"C Y D - C/ Consejo de Ciento, 528 (Isleta)💰/ (Barcelona)",41.402183,2.180546,icon-1826-3949AB,"",none,"",glW9hJRqRGIkyBo78C78
"PESEBRE Parets del Vallès 🎅 / (Barcelona)",41.572925,2.234684,icon-1694-006064,"",none,"",3n9VYPtjzqInwxURhF39
"LUCES Navidad Torrejón 🎅",40.449202,-3.479418,icon-1694-006064,"",none,"",J8QwQlXA1m7nzhboaLDs
"MASÍA Ca N'Illa 🍽 / La Garriga (Barcelona)",41.674796,2.283265,icon-1577-795548,"",none,"",DRJctKMh23wD2EBuDx71
"INSTITUTO Vil-la Romana 🚸 / La Garriga (Barcelona)",41.674504,2.285137,icon-1682-FFD600,"",none,"",uIyTSNJL39jYXB2nJYjo
"PARKING BUS  - C Y D ✅️🔄 / Reus (Tarragona)",41.160826,1.101987,icon-1532-7CB342,"",none,"",kP9it0rO9Je67OZSsBdJ
"ALTURA MÁXIMA 3M  ⚠️ / Madrid",40.369348,-3.677214,icon-1541-E65100,"",none,"",vIYlD20jeQdmcdiLGkXO
"ALTURA MÁXIMA 3M ⚠️ / Madrid",40.369322,-3.679594,icon-1541-E65100,"",none,"",Qib7amYE3G8TqoeUJiLo
"PARKING BUS - CYD ✅️ 🔄 / Villena (Alicante)",38.632823,-0.859156,icon-1532-7CB342,"",none,"",VsQ4A2eumXSDFAN1xLnZ
"MAN Truck & Bus Iberia Center Barcelona Gurb",41.94792,2.254916,icon-1590-3949AB,"",none,"",tsBWDqRG70DHmEmsEmYv
"PARKING 🅿️ / Gurb (Barcelona)",41.946065,2.250445,icon-1644-0288D1,"",none,"",49Ou5LvK3BpS7T0f1aow
"IES Alella - Colegio Fabra 🚸 / Alella (Barcelona)",41.495053,2.297417,icon-1682-FFD600,"",none,"",FdllH3NnRm87kqUdIXNC
"RESTAURANTE Font del Grèvol 🍽 / Sant Joan Les Fonts (Girona)",42.213323,2.527075,icon-1577-795548,"",none,"",srFp04ZIigUEnEqVHwQm
"Magdalenas Cal Tuset 👌 / Castellfollit de la Roca (Girona)",42.220195,2.550267,icon-1502-C2185B,"",none,"",FuqzIOsOPvGriMdlQfHO
"Trenecito tricu tricu 🚂 / Sant Joan Les Fonts (Girona)",42.214145,2.515609,icon-1502-C2185B,"",none,"",4C4ASbcVU0DaxCYjeyT3
"MONASTERIO Sant Joan Les Fonts",42.217383,2.514482,icon-1670-E65100,"",none,"",riIl39x3Rs2eW8VbZpc4
"AUTOCARES Mir ☑️ / Ripoll (Girona)",42.217003,2.208651,icon-1532-000000,"",none,"",W2U9hSh4byFMJ6KKjjQ6
"PARKING 🅿️ / Pozuelo de Alarcón (Madrid)",40.397786,-3.787162,icon-1644-0288D1,"",none,"",ZCg5mEvDVYVCA35NgGfe
"MUSEO DE LA CIENCIA 🏛 / Barcelona",41.413503,2.13081,icon-1636-A52714,"",none,"",wxXfSz3WdqyhISDJDMmV
"PARKING BUS ✅️ / Manresa (Barcelona)",41.741978,1.837995,icon-1532-7CB342,"",none,"",HvoBvUJCLZI2CpJSoodV
"PARKING BUS ✅️ / Manresa (Barcelona)",41.740871,1.835768,icon-1532-7CB342,"",none,"",Vc1vG4hNGMpthZoIPvt2
"C Y D 🔄 / Universidad Manresa",41.73682,1.824063,icon-1826-0F9D58,"",none,"",1pVY0PLHYtJa2IgkOSEc
"PARKING BUS ✅️ / Barcena Mayor (Cantabria)",43.146032,-4.195774,icon-1532-7CB342,"",none,"",S2XDfHN9Rn3aIjQYu4L0
"COLEGIO Juan Falcó 🚸 / Valdemorillo (Madrid)",40.501739,-4.065022,icon-1682-FFD600,"",none,"",ygQ6HqVnerQabjuBtCcr
"COLEGIO Antiago Apóstol 🚸 / Villanueva de la Cañada (Madrid)",40.454877,-3.992885,icon-1682-FFD600,"",none,"",vuyHrm6HdI1NRf7KqQMI
"COLEGIO Lycée Français International Molière 🚸/ Villanueva de la Cañada (Madrid)",40.448223,-4.000113,icon-1682-FFD600,"",none,"",OLQfEizQCs6zzE4F08Sh
"CASA Colonies Ridolaina 🚸 / Bellver de Cerdanya (Lérida)",42.353608,1.7245,icon-1682-673AB7,"",none,"",XAOmv9WWk6d0A8wBjydy
"CAMBIO SENTIDO Casa Colonies ℹ️ / Bellver de Cerdanya Lérida)",42.351118,1.726171,icon-1770-424242,"",none,"",rMoROl1tZYUvCwCzU7FW
"INFO PARKING POLÍGONO- FIESTA CALÇOTS / Valls (Tarragona)",41.284611,1.256273,icon-1608-3949AB,"",none,"",8Wu4CnDY1Zwzs25VeKoS
"RESTAURANTE La Blanca Paloma 🍽 / Jerez de la Frontera (Cádiz)",36.723087,-6.148959,icon-1577-795548,"",none,"",iTqsKRtm7JIHmepn0UDb
"LAVADERO 💧/ San Boi de Llobregat (Barcelona)",41.326527,2.038327,icon-1702-0097A7,"",none,"",bIeniQnOjU3kKKnEbEhz
"PARKING 🅿️ / Robledo de Chavela, (Madrid)",40.503252,-4.235666,icon-1644-0288D1,"",none,"",IiDBdPvcM2jNEpx9RhaH
"Colegio Nuestra Señora de Navahonda - Instituto Sabino Fernández Campo 🚸 / Robledo de Chavela (Madrid)",40.499142,-4.233887,icon-1682-FFD600,"",none,"",iogxvzV2Db2dTDVA8iCJ
"ESTACIÓN BUS 🚍 / Porcuna (Jaén)",37.874759,-4.183938,icon-1532-0288D1,"",none,"",pcupY5NwVN80kqZXrP4i
"COLEGIO La Salle Córdoba 🚸",37.908922,-4.801427,icon-1682-FFD600,"",none,"",cFPJoCZHg3DBe3wpXB1K
"MAN🛠 / Parets del Vallès (Barcelona)",41.562767,2.236277,icon-1590-1A237E,"",none,"",BLrz8eSBo34y4F4KvAWu
"INSTITUTO Cal Gravat 🚸 / Manresa (Barcelona)",41.720638,1.846076,icon-1682-FFD600,"",none,"",SyF9sOhnIcJLZerpNsy3
"BASÍLICA Santo Cristo ⛪️ / Balaguer (Lérida)",41.795176,0.805864,icon-1670-E65100,"",none,"",P3Ajl0QFEN1Rx24frOwq
"RESTAURANTE El Faro 🍽 / Balaguer (Lérida)",41.785783,0.829576,icon-1577-795548,"",none,"",NoENcYLIe7Xp7ZKjjmNp
"PARKING BUS ✅️ / Manresa (Barcelona)",41.726089,1.810518,icon-1532-7CB342,"",none,"",Qk6IISr7Aqn1xl8iFkWf
"COLEGIO La Roureda 🚸 / Tordera (Barcelona)",41.708987,2.729564,icon-1682-FFD600,"",none,"",0ePPIHuPgoSPtycwN61K
"INSTITUTO  Manuel Carrasco i Formiguera 🚸 / Sant Feliu de Códices (Barcelona)",41.693052,2.165953,icon-1682-FFD600,"",none,"",QxcUUokekH1KQRvt38xA
"PARKING 🅿️ / La Vajol (Girona)",42.403848,2.801518,icon-1644-0288D1,"",none,"",L5tm0groxrVWbZJVwwkC
"PARKING BUS ✅️ / Madrid",40.414868,-3.717447,icon-1532-7CB342,"",none,"",Am1Vqgo1yncjEWqZvd78
"PARKING BUS ✅️ / Casteil (FR)",42.532837,2.393187,icon-1532-7CB342,"",none,"",yY6xXuYObAiKKvRdjfZt
"PARKING BUS ✅️ / Oviedo",43.376474,-5.86693,icon-1532-7CB342,"",none,"",3BWqUBn23UaCAS3y06GS
"PK Bus Molina de Aragón",,,poly-558B2F-3000-105-nodesc,"",none,"",
"PK Bus La Almunia de Doña Godina",,,poly-558B2F-2000-117-nodesc,"",none,"",
"CIUDAD Deportiva Numancia ⚽",41.781862,-2.508087,icon-1532-7CB342,"",none,"",New3EH547dpTGCgTqMdm
"Ciudad deportiva del CD Numancia",,,poly-558B2F-2000-105-nodesc,"",none,"",
"PARKING 🅿️ / Valencia",39.449983,-0.33621,icon-1644-0288D1,"",none,"",0HtxkHdhuctAIkhi1HXi
"ALBERGUE Xanascat Barcelona 🚸 Barcelona",41.41678,2.14578,icon-1682-673AB7,"",none,"",TEZzMTUJUHM3Px8jFt3m
"PARKING 🅿️ / Granollers (Barcelona)",41.592175,2.275181,icon-1644-0288D1,"",none,"",DDteyt5jIDN9UoOk5pul
"MUSEO Ciencias Naturales 🏛 / Granollers (Barcelona)",41.601862,2.287601,icon-1636-A52714,"",none,"",bxBDG5DwvrXhymt7R1ib
"PARKING BUS ✅️ / Jávea (Alicante)",38.788934,0.178575,icon-1532-7CB342,"",none,"",w8CHteR4JVtaeCsuscCf
"NEUMATICOS JDF 🛠 /Granollers (Barcelona)",41.595678,2.274961,icon-1590-1A237E,"",none,"",s3seg3cWJh5mLinc3r2T
"PARA TI / BAR RESTAURANTE Castelldans 👌 / Granollers (Barcelona)",41.592895,2.274644,icon-1803-757575,"",none,"",HAqmqwlXBQMxgujNS4gw
"CAMBIO SENTIDO ℹ️ / Premià de Dalt (Barcelona)",41.506978,2.348791,icon-1770-424242,"",none,"",zs9A9Un2k6RwQs5rHi4W
"PARKING BUS ✅️ / Madrid",40.454419,-3.60716,icon-1532-7CB342,"",none,"",CGIIHlPi2XMkX6gMFBU5
"PARKING 🅿️ / Monells (Girona)",41.975624,3.00187,icon-1644-0288D1,"",none,"",JEPzJXWYSB6vv4h73TTi
"C Y D  🔄 / Atienza (Guadalajara)",41.201027,-2.871457,icon-1826-0F9D58,"",none,"",9XSOOdb3ZStJxAdWbHBW
"C Y D 🔄 (15Min) C/ Martires de Alcalá/ Madrid",40.427824,-3.713606,icon-1826-0F9D58,"",none,"",lW20S6ITVv4vy6X1yodJ
"C Y D - ANULADA !!!! OJO !!! ℹ️ / Madrid",40.424681,-3.711147,icon-1608-1A237E,"",none,"",hl47Dlt2HWMKnhonBEjx
"PARKING BUS ✅️ / Pas de la Casa (Andorra)",42.54346,1.731636,icon-1532-7CB342,"",none,"",t5aKhdl7amMVCRH5jpAT
"PARKING BUS - C Y D ✅️🔄 / Pas de La Casa (Andorra)",42.543843,1.734825,icon-1532-7CB342,"",none,"",XYnkTFZRLbfk5Qo26MuY
"ESTACIÓN ESQUÍ Aransa ⛷️/ Arànser (Girona)",42.422508,1.637332,icon-1690-BDBDBD,"",none,"",udcKGJw8AwIHl9AlSwO4
"RUTA A LAS PISTAS DE ESQUÍ DE FONDO",,,line-FFD600-5000,"",none,"",gq0WmqqolB36LG3p7AT2
"INFO ℹ️ Paso Estrecho",42.408122,1.662794,icon-1608-3949AB,"",none,"",Dg1uNJAZhluqL4VW6jOM
"C Y D -  C/ D'Ortigosa - Trafalgar 🔄 / Barcelona",41.388867,2.175805,icon-1826-0F9D58,"",none,"",Q3FZUbRB6o1zVAZkPbNA
"PARKING BUS ✅️ / La Bisbal del Penedés (Barcelona)",41.275937,1.489344,icon-1532-7CB342,"",none,"",Rq8zk5zjPH9TmfOZcKhj
"COLEGIO Angels Garriga 🚸 / El Vendrell (Tarragona)",41.214199,1.524044,icon-1682-FFD600,"",none,"",4T3SqgWtSPWPEAzGPiw4
"TUNEL ALTURA MÁXIMA 3,5M ⚠️ / Roc de Sant Gaietà (Tarragona)",41.170466,1.48144,icon-1541-E65100,"",none,"",0Cm7YxP5uYgo1cnWsLvo
"C Y D 🔄 / Tamajón (Guadalajara)",40.997278,-3.247761,icon-1826-0F9D58,"",none,"",gwmtT9nnN55eb3k6cSZr
"ERMITA De La Virgen de los Enabrales⛪️ / Tamajón ((Guadalajara)",41.015578,-3.25557,icon-1670-E65100,"",none,"",dPwaoZZW0zAPL6yXUmAN
"C Y D 🔄 / Campillejo (Guadalajara)",41.063693,-3.289661,icon-1826-0F9D58,"",none,"",2NVX4ElbrvhZniXYjJby
"PARKING 🅿️ / Majaelrayo (Guadalajara)",41.108663,-3.303794,icon-1644-0288D1,"",none,"",d5oqdw47jXKcMSFODisH
"C Y D 🔄 / Majaelrayo (Guadalajara)",41.111554,-3.30307,icon-1826-0F9D58,"",none,"",IA9AL5HnginRyM6EWNsW
"PARKING BUS ✅️ / Erandio (Bizkaia)",43.330592,-2.963398,icon-1532-7CB342,"",none,"",ipZcHAc2vlD4p1oUeyzv
"CONVENTO Sta Clara ⛪️ / Briviesca (Burgos)",42.550004,-3.322409,icon-1670-E65100,"",none,"",NtWIKwL22UksEntDvyu8
"ESTACIÓN BUS 🚍 / Briviesca (Burgos)",42.552061,-3.320413,icon-1532-0288D1,"",none,"",TDjiBuSlE8I3oE9vVpEX
"ZONA DE ESPERA ☕️ / Briviesca (Burgos)",42.55661,-3.320199,icon-1534-4E342E,"",none,"",2QRaeGcAkMcsGfqYQqFV
"PARA TI 👌 La Taverna de Tanín / Burgos",42.3379,-3.696327,icon-1803-757575,"",none,"",F0CXLAaFGfWf5x9D8l2O
"ÁREA SERVICIO La Vega 🍽 / Matamorosa (Cantabria)",42.987105,-4.134691,icon-1577-795548,"",none,"",A3BbtaW3W8rpCC9W2WY6
"PARKING 🅿️ / Boadella D'Empordá (Girona)",42.331706,2.857728,icon-1644-0288D1,"",none,"",8ySaK7DYypZ8zO42kdU1
"PARKING Pago💰 / Villafranche de Conflent (FR)",42.590352,2.370158,icon-1513-1A237E,"",none,"",BhvLCwi0JGuJ0eedbC2m
"HOSPEDIUM Hotel Blu Sondika 🏨 / Asua-Lauroeta (Bizkaia)",43.300764,-2.941668,icon-1602-9C27B0,"",none,"",QECM2QMvVgHbvSUapQd2
"AUTOCARES Arriaga ✔️ / Bidea (Bizkaia)",43.304191,-2.94505,icon-1532-000000,"",none,"",vQhdyGKOzjQlTrWygPWP
"Carrocerías Pareizo S.L.🛠 / Bidea (Bizkaia)",43.304305,-2.945347,icon-1590-1A237E,"",none,"",frXfKRUt4ClGENxFnpHK
"PARQUE Serralada Litoral 🚴 / Premià de Dalt (Barcelona)",41.5171,2.333454,icon-1542-3949AB,"",none,"",MFTIrZLw73vgTBay4Rpj
"IES Gonzalo Anes 🚸 / Collado Mediano (Madrid)",40.69023,-4.041949,icon-1682-FFD600,"",none,"",PVSegFNF158t9drk89Yv
"C Y D 🔄 / Porto Cristo (Islas Baleares)",39.545523,3.3387,icon-1826-0F9D58,"",none,"",EBWkoqBI5NxSvzGPVXrO
"PARKING BUS ✅️ / Porto Cristo (Islas Baleares)",39.540725,3.334614,icon-1532-7CB342,"",none,"",9wcHGeOHKSNDXWt8IJZA
"Cuevas del Drach 📸  / Porto Cristo (Illes Balears)",39.536721,3.329908,icon-1502-C2185B,"",none,"",mFGSgbnvNKZwUWbxg3k1
"PARKING 🅿️ / Manacor (Illes Balears)",39.572888,3.218008,icon-1644-0288D1,"",none,"",iyYc8yG6iyHmRrSakkVR
"C Y D 🔄 / Manacor (Illes Balears)",39.570197,3.203808,icon-1826-0F9D58,"",none,"",XhvIfYqfLV780ApoLT6H
"PARKING BUS ✅️ / Puerto de Alcúdia (Illes Balears)",39.84007,3.122036,icon-1532-7CB342,"",none,"",YM1UGSF02jVOhwinU9Ki
"HOTEL Bahía de Alcudia Hotel & Spa 🛏 / Puerto de Alcúdia (Illes Balears)",39.843137,3.128255,icon-1602-9C27B0,"",none,"",gwyJx9KyLTTMYKhCncUP
"PARKING 🅿️ / Alcúdia (Illes Balears)",39.848171,3.128126,icon-1644-0288D1,"",none,"",EaaYEAL3ApBEUkrjV543
"IES S'Hort Des Fassers 🚸 / Alcúdia (Illes Balears)",39.849237,3.129209,icon-1682-FFD600,"",none,"",8e0yk1nMmozI5dDHDSoK
"PARKING BUS ✅️ / Alcúdia (Illes Balears",39.855378,3.1232,icon-1532-7CB342,"",none,"",3vXUyxDsgqJW7CSheKEG
"PLANCHISTERIA Quim 🛠 / Arbúcies (Girona)",41.809854,2.532244,icon-1590-3949AB,"",none,"",aEAhkdCikwnojmcRcBOh
"AEC Radio 🛠 / Arbúcies (Girona)",41.81009,2.531897,icon-1590-3949AB,"",none,"",lVsPsizpnneH6mmliZKZ
"TAPIZADOS Batallé 🛠 / Arbúcies (Girona)",41.811189,2.530458,icon-1590-3949AB,"",none,"",udb9Pht5duiAHFXV92dR
"CARROCERÍAS AYATS 🛠 / Arbúcies (Girona)",41.809132,2.524503,icon-1769-006064,"",none,"",XOZYcJHpSmvyAAxOt8wV
"CARROCERÍAS INDCAR 🛠 / Arbúcies (Girona)",41.82764,2.512654,icon-1769-006064,"",none,"",nozWrI3FKC7dY6kLy5mG
"CARROCERÍAS BEULAS 🛠 / Arbúcies (Girona)",41.825253,2.513784,icon-1769-006064,"",none,"",KEHN7TGqhPswXJC6MBMa
"RESTAURANTE Exit L' Aldea 🍽 / L'Aldea (Tarragona)",40.753115,0.607232,icon-1577-795548,"",none,"",TwsZR4m1QvD8m0OSwdjP
"PARKING 🅿️ / Moncloa - Aravaca (Madrid)",40.470557,-3.775286,icon-1644-0288D1,"",none,"",YJECfWkSj8F3LPeMIx9D
"COLEGIO EL Tejar 🚸 / Majadahonda (Madrid)",40.476799,-3.85691,icon-1682-FFD600,"",none,"",tFZzm4u8TwgdWR9DuNZW
"C Y D 🔄 / San Sebastián de los Reyes (Madrid)",40.567635,-3.631881,icon-1826-0F9D58,"",none,"",p1JuqAUrT4SZHJAkJv4T
"COLEGIO Internacional SEK-Ciudalcampo 🚸 / Ciudalcampo (Madrid)",40.622504,-3.589465,icon-1682-FFD600,"",none,"",S5XVeDfC3ACLqnSK9ab6
"PARKING 🅿️ / Pedrezuela (Madrid)",40.742674,-3.606486,icon-1644-0288D1,"",none,"",gTITqmgpjfsAuij0jXYt
"COLEGIO Pico de la Miel 🚸 / La cabrera (Madrid)",40.87257,-3.608801,icon-1682-FFD600,"",none,"",omjH4Ubwla8nhZJzYwk3
"IVECO Talleres Leandro 🛠 / Lozoyuela (Madrid)",40.939362,-3.630498,icon-1590-1A237E,"",none,"",p9yzugnVrEiuBLeJ6rS7
"PARKING 🅿️ / Majadahonda (Madrid)",,,line-0288D1-6000,"",none,"",29K1Ml3NwngidLmlfMSE
"PARKING 🅿️ / Majadahonda (Madrid)",40.476027,-3.88256,icon-1644-0288D1,"",none,"",29K1Ml3NwngidLmlfMSE
"GETAFE C.F ⚽️ / Getafe (Madrid)",40.326865,-3.7168,icon-1899-DB4436,"",none,"",URjVvVCEEIdyCmatxrTY
"PARKING 🅿️ / Patones (Madrid)",40.858284,-3.486517,icon-1644-0288D1,"",none,"",TnHvUHuiGd4OLQvVglAr
"INFO ⚠️ /  Patones de Arriba (Madrid)",40.857945,-3.486953,icon-1608-3949AB,"",none,"",Xf3nHMVWjbr93Z0C54Bl
"AUTOCARES Agreda ✔️ / Zaragoza",41.645189,-0.934909,icon-1532-000000,"",none,"",0dlI3upHg1qdIpOAc8jK
"BUS Escolar 🚸 / Moncloa - Aravaca (Madrid)",40.468391,-3.779082,icon-1532-F9A825,"",none,"",xnZKOUbsWaGtCdIhaZju
"The English Montessori School (TEMS)",40.467657,-3.779119,icon-1682-FFD600,"",none,"",lXiT2NtvfDmeEPTbaGAO
"PARKING BUS -Pass Z2  / Paris (FR)",48.860334,2.388818,icon-1513-1A237E,"",none,"",1veXvJIhalc5U0xKJrXE
"NOVOTEL Paris Centre Tour Eiffel / Paris (FR)",48.849563,2.283533,icon-1602-9C27B0,"",none,"",6zGuy4DjVZcSOipfvKXf
"PARKING Índigo (Pago) 💰 / París (FR)",48.861457,2.330458,icon-1513-1A237E,"",none,"",iaThEXETkfhAe2mqqwck
"PARKING 🅿️ / Santoña (Cantabria)",43.449654,-3.457312,icon-1644-0288D1,"",none,"",ay7JgxgybV4JYjDGy3ef
"PK BUS Escolar ✅️ / (Teruel)",40.350734,-1.110674,icon-1532-F9A825,"",none,"",osLIZIeDB7u2U3iliwuM
"IES Segundo de Chomón 🚸 / Teruel",40.327226,-1.098936,icon-1682-FFD600,"",none,"",Cl7qGaC2tGnE98mieBX5
"COCHERAS EMT ✅️ / (Carabanchel) Madrid",40.372481,-3.722912,icon-1532-000000,"",none,"",Oq6146hT1fYbTOK9DU0G
"PARKING 🅿️ / Landete (Cuenca)",39.902342,-1.359012,icon-1644-0288D1,"",none,"",QKnui56X28JFHLGTbWAL
"IES De Ademuz 🚸 / Ademuz (Cuenca)",40.059911,-1.285424,icon-1532-F9A825,"",none,"",3UrrpSRLtt8HQTQEYzBX
"PARKING 🅿️ El Bosque Encantado / San Martín de Valdeiglesias (Madrid)",40.347618,-4.40324,icon-1644-0288D1,"",none,"",VjZi2GTj3MKMsQYwRlfM
"COLEGIO Isabel La Católica 🚸 / Navas del Rey (Madrid)",40.389214,-4.250325,icon-1682-FFD600,"",none,"",JUtMIdiZXLz8uoNlOAqe
"PARKING BUS ✅️ / Florencia (IT)",43.779704,11.283734,icon-1532-7CB342,"",none,"",6GY0nH78RFGSl6xDB6yb
"Mirador Valle de Toledo 📷 / Toledo",39.850328,-4.022462,icon-1535-757575,"",none,"",dKg7WWiC6dkytWNgZLAo
"IES. Jorge Manrique 🚸 / Tres Cantos (Madrid)",40.591828,-3.702946,icon-1682-FFD600,"",none,"",Xhr1aKDSJ54MxmJLAKUW
"CAMPING Doñana 🏕 / Mazagón (Huelva)",37.099931,-6.725591,icon-1542-3949AB,"",none,"",VFSGeJpRAWJiOIdbHqkZ
"La Rocina (Centro visitantes) 📷 / El Rocío (Huelva)",37.123178,-6.49685,icon-1535-757575,"",none,"",7axiiLuLH8edtQMfmYcp
"PARKING BUS Acebrón ✅️ / El Rocío (Huelva)",37.141897,-6.545371,icon-1532-7CB342,"",none,"",dxVbB6ne0NDtanKJvIa9
"El Asperillo (Dunas fósiles) 📷 / Almonte (Huelva)",37.016442,-6.576925,icon-1502-C2185B,"",none,"",wjxthOLKVuoFt59TY6Q5
"ESTACIÓN BUS 🚍 / Moguer (Huelva)",37.277798,-6.833411,icon-1532-0288D1,"",none,"",am6eKGzh20anapTs6T7f
"PARKING 🅿️ / Moguer (Huelva)",37.278923,-6.832493,icon-1644-0288D1,"",none,"",2fUHebJALq6JZmWaazdY
"GASOLINERA Repsol ⛽️ / Palos de la Frontera (Huelva)",37.197381,-6.872991,icon-1581-097138,"",none,"",QphcgazZ5yJj8TL1hKjX
"PARKING BUS ✅️ / Matalascaña (Huelva)",37.044619,-6.566682,icon-1532-7CB342,"",none,"",KPF3XRchd1fjIZQhEYqH
"PARQUE Ciudad de la Infancia 🎡 / Jerez de la Frontera (Cádiz)",36.691866,-6.104808,icon-1502-C2185B,"",none,"",oMUkhQjqhWU4EKlbwuzj
"PARKING 🅿️ / Madrid",40.441691,-3.666586,icon-1644-0288D1,"",none,"",3TYjLyE3X0ZprI94vGrR
"ESTACIÓN BUS 🚍 / Vigo",42.234572,-8.714114,icon-1532-0288D1,"",none,"",Pm1a6gTe5xdGPnI5aac8
"PARA TI👌 Café Di S.Marco / Barcelona",41.41359,2.138579,icon-1803-757575,"",none,"",wH2qiuY6zfyG2P4bx7x5
"GASOLINERA REPSOL⛽️ / Majadahonda (Madrid)",40.450604,-3.88134,icon-1581-006064,"",none,"",5nh4VV6bi7ACO2IkdgnW
"Domaine Preissac 📷 / Castelmaurou (FR)",43.675748,1.505879,icon-1598-757575,"",none,"",1khrVqf19XPy7NzSUQHa
"Colegio Maternelle Publique George Sand 🚸/ Colomiers (FR)",43.623146,1.319027,icon-1682-FFD600,"",none,"",rpNEDUR0OxRIhX0Bow6M
"PARKING (Pago)💰  / Madrid",40.365768,-3.656204,icon-1513-1A237E,"",none,"",YlpCzSaX2jopzrwzuw06
"MUSEO Airbus 🏛️/ Blagnac (FR)",43.659164,1.358994,icon-1636-A52714,"",none,"",knVQ2Ly3Z41UUMYez0c4
"MUSEO Dolmen 🏛️/  Dombate (A Coruña)",43.190048,-8.967463,icon-1636-A52714,"",none,"",Jk6uTA3TR2rY3EJv66uH
"ACUARIO de Lyon ✅ / Lyon (FR)",45.728851,4.815819,icon-1532-7CB342,"",none,"",HaD91p1uSlP4uZF06NUa
"PARKING BUS ✅/ Milán (IT)",45.444468,9.204846,icon-1532-7CB342,"",none,"",3fpAFO1SBl64AfDkesJ6
"PARKING BUS ✅/ Milán (IT)",45.48042,9.122546,icon-1532-7CB342,"",none,"",8WIIpSSvo3or09xMGujN
"PARKING BUS ✅/ Milán (IT)",45.485065,9.238447,icon-1532-7CB342,"",none,"",aDGcBVX8E0tOXheprENX
"PARKING BUS ✅ / Gallipoli (IT)",40.054994,17.996687,icon-1532-7CB342,"",none,"",9jxkfmYEJKH780Bo1Fhe
"PARKING BUS ✅ / Gallipoli (it)",40.057734,17.976268,icon-1532-7CB342,"",none,"",WkA2lVcciqu08LTZInu8
"PARKING BUS ✅/ Monchique (PO)",37.316191,-8.555302,icon-1532-7CB342,"",none,"",O20L2iK7s2L1r3BNIdGq
"ESTACIÓN BUS 🚍/ Taormina (IT)",37.8573,15.288525,icon-1532-0288D1,"",none,"",wuhRWRWnHVvYQt26SLtO
"PARKING (Pago)💰 Centro del Transporte / Gijón",43.530802,-5.704651,icon-1513-1A237E,"",none,"",FDrHMkwU7cz29fFuEppy
"PORTA TRAPANI📷  / Erice (IT)",38.036297,12.582905,icon-1535-757575,"",none,"",3Sq4XFs0K4Q9AJ3wlqbe
"PARKING 🅿️ / Laxe (A Coruña)",43.215847,-9.002807,icon-1644-0288D1,"",none,"",LXZiH1UFjNKyD8YVcQYK
"PARKING 🅿️ / Tarento (IT)",40.481552,17.223784,icon-1644-0288D1,"",none,"",R4xmYJZWdWKSCU33UitV
"PARKING BUS (Checpoint) 💰 /  Lecce (IT)",40.363082,18.168434,icon-1513-1A237E,"",none,"",lULsuouIkMrNL8Yt75YQ
"PARKING BUS ✅️ / Trujillo (Cáceres)",39.45883,-5.871712,icon-1532-7CB342,"",none,"",hLsNFVGv86X1mJPfb1mI
"ZONA DE ESPERA☕  / Monchique (PO)",37.279548,-8.554958,icon-1534-4E342E,"",none,"",DizbekVVa2YO6N2JiuRK
"C Y D 🔁 / Toulouse (FR)",43.610344,1.415254,icon-1826-0F9D58,"",none,"",fX6NqDn9xdpFIL9yWbwY
"C Y D 🔄 / Granada",37.18859,-3.607014,icon-1826-0F9D58,"",none,"",9s70XEHkBx3ozEHZ4RM8
"C Y D 🔁 / Monchique (PO)",37.31818,-8.555432,icon-1826-0F9D58,"",none,"",UsCMtb5mv5SvWwt83nbs
"C Y D 🔁 / Monchique (PO)",37.318195,-8.555668,icon-1826-0F9D58,"",none,"",LMQh5OtMBK6DZpGGmV6h
"PARKING 🅿️/ Monchique (PO)",37.31877,-8.552327,icon-1644-0288D1,"",none,"",03noVUV1SvDEtKrulYA7
"PARKING BUS ✅/ Mirador da Fóia Monchique (PO)",37.316332,-8.592192,icon-1532-7CB342,"",none,"",1XDJhFuSePFHLx7UvjJE
"PARKING BUS ✅/ Mirador da Fóia Monchique (PO)",37.316455,-8.592644,icon-1532-7CB342,"",none,"",Iv9xnwyvvOEJZzRkjdv4
"PARKING BUS ✅ / Faro (PO)",37.025682,-7.945805,icon-1532-7CB342,"",none,"",zt797Sp0orLlXK47puna
"ZONA DE ESPERA ☕/ Albufeira (PO)",37.099279,-8.218064,icon-1534-4E342E,"",none,"",YDUORtE3FPWvKE281lnO
"PARKING 🅿️ / Albufeira (PO)",37.097671,-8.232648,icon-1644-0288D1,"",none,"",CmtCqFxXKVDPakTB8rf3
"PARKING 🅿️ /Albufeira (PO)",37.098064,-8.237993,icon-1644-0288D1,"",none,"",H4V187rX16kjmn5GeEym
"PARKING 🅿️ /Albufeira (PO)",37.097864,-8.241001,icon-1644-0288D1,"",none,"",6GXisW95xSx5Tu6UzmX8
"ZONA ESPERA ☕/ Albufeira (PO)",37.096953,-8.236408,icon-1534-4E342E,"",none,"",gzT2L067pAzA80hLYvzJ
"ZONA DE ESPERA ☕ / Albufeira (PO)",37.090832,-8.2445,icon-1534-4E342E,"",none,"",UlyvfIX25m67L7xPI5eA
"PARKING 🅿️ / Albufeira (PO)",37.082818,-8.273991,icon-1644-0288D1,"",none,"",JnNvOPFw1PkiO4MIP7ri
"PARKING BUS ✅ / Lagos (PO)",37.095385,-8.67042,icon-1532-7CB342,"",none,"",NP0WTnUwOWT0kVF7WLYP
"ESTACIÓN BUS 🚍 / Lagos (PO)",37.107236,-8.67669,icon-1532-0288D1,"",none,"",cliMepTvu6PIXlIOmk4H
"PARKING 🅿️/ Carcavelos (PO)",38.683134,-9.338374,icon-1644-0288D1,"",none,"",ZVf4Toow7qpt8Ouhcuyo
"Farol da Ponta da Piedade📷/ Lagos (PO)",37.081022,-8.66958,icon-1535-757575,"",none,"",vi2iaQg4xcnbmYzOwhGG
"CAMBIO SENTIDO ℹ️ / Ribes de Freser (Girona)",42.302924,2.166881,icon-1770-424242,"",none,"",JberghnTkmsAo86cY6IH
"C Y D 🔁 / Ibiza (Illes Balears)",38.914708,1.435726,icon-1826-0F9D58,"",none,"",xv1CcaVmWpkzR3axmNZ3
"ESTACIÓN BUS 🚍/ Ibiza (Illes Balears)",38.911566,1.42469,icon-1532-0288D1,"",none,"",S0hsOut7L3g9GLQNz5Nn
"ESTACIÓN BUS 🚍 / Santa Eulàlia (Illes Balears)",38.985798,1.532586,icon-1532-0288D1,"",none,"",biQQL8MWteBkEUjgaS6x
"IES Xarc 🚸 / Santa Eulàlia (Illes Balears",38.98868,1.54276,icon-1682-FFD600,"",none,"",erFRUJHhfv5iq9rD79jY
"PARKING BUS ✅ / Es Canar (Illes Balears)",39.001342,1.576903,icon-1532-7CB342,"",none,"",v6cQvSYauKlVm46hYJNG
"ESTACIÓN BUS 🚍 / San Antonio Abad (Illes Balears)",38.981567,1.306463,icon-1532-0288D1,"",none,"",PvkeDZasR13tdK8rLJSQ
"PARKING BUS 💰 / Benidorm (Alicante)",38.564845,-0.090862,icon-1513-1A237E,"",none,"",3CZOyv0g70vOPQYoC3iL
"HOTEL Spa Mirador ⛲ / Jorquera (Albacete)",39.17705,-1.527051,icon-1697-9C27B0,"",none,"",FhUtork7Cl0RidWfJjEm
"HOTEL Balneario Hervideros de Cofrentes ⛲ / Cofrentes (Valencia)",39.234884,-1.08808,icon-1697-9C27B0,"",none,"",tyX5KnQHhDfuwVmCkylA
"Parking Bus EMBARCADERO Júcar ⛴️  / Cofrentes (Valencia)",39.241488,-1.033313,icon-1532-7CB342,"",none,"",JNkfHqYBSSTjmV2pTLts
"ÁREA SERVICIO La Pedresina 🍽 / Fuentes de Oñoro (Salamanc",40.592008,-6.792205,icon-1577-795548,"",none,"",8neiaDtaK1gfy5wKKc97
"CAMINITO Del Rey - Dejar Grupo / Ardales (Málaga)",36.931587,-4.801624,icon-1596-3949AB,"",none,"",CXLz6DXLuwqPKHmyhrza
"CAMBIO SENTIDO ℹ️ Ardales (Málaga)",36.932551,-4.803192,icon-1563-424242,"",none,"",isF4CeiOQq1mG2Q2xV6m
"CAMBIO SENTIDO ℹ️",36.905094,-4.758769,icon-1563-424242,"",none,"",dyEnVKMQlBoYJZhzW6Uk
"ℹ️CAMINITO DEL REY / Ardales (Málaga)",36.883903,-4.845154,icon-1608-3949AB,"",none,"",Fct6ph5iC5kqgaQjppBZ
"MIIRADOR 📷 / Jorquera (Albacete)",39.173059,-1.51578,icon-1535-757575,"",none,"",7RdvT8uywRp6vs3MVp6l
"PARKING BUS (Pago) 💰/ Dublin (IR)",53.333512,-6.223881,icon-1513-1A237E,"",none,"",VHu1xBk6TKZm5jLeCNph
"PARKING BUS (Pago) 💰/ Dublin (IR)",53.333276,-6.247183,icon-1513-1A237E,"",none,"",a9lQ9tDg2dcqrDJyWtsF
"PARKING BUS (Pago)💰/  Dublin (IR)",53.338888,-6.249404,icon-1513-1A237E,"",none,"",41NUpCWIzzKN5MByg57G
"C Y D 🔁 / Dublin (IR)",53.340162,-6.247786,icon-1826-0F9D58,"",none,"",vjfdqAQ6MH499G507RVa
"PARKING BUS ✅️ / Ennis (IR)",52.843855,-8.978955,icon-1532-7CB342,"",none,"",T0EEuFXy8YpUQo8wv8bT
"PARKING BUS ✅️ /Bunratty (IR)",52.698596,-8.810816,icon-1532-7CB342,"",none,"",syqLFsuZ1WDvOxXAma9f
"ESTACIÓN BUS 🚍/ Waterford (IR)",52.263459,-7.116546,icon-1532-0288D1,"",none,"",zgr0VP8gLqj6Xumjty9y
"C Y D 🔁 / Waterford (IR)",52.263726,-7.117731,icon-1826-0F9D58,"",none,"",cB6leWMNjjoqFJujj27K
"PARKING BUS ✅/ Cobh (IR)",51.849307,-8.297562,icon-1532-7CB342,"",none,"",PGl4jl243SgGH9JhmLqP
"PARKING BUS ✅/ Cobh (IR)",51.849041,-8.299199,icon-1532-7CB342,"",none,"",NdNgXgTwcvUm9SvLbWz8
"PARKING BUS ✅ / Cork (IR)",51.901258,-8.46348,icon-1532-7CB342,"",none,"",d53mDJ1DUiaAL5d2WKhE
"PARKING BUS ✅ / Cork (IR)",51.9013,-8.464858,icon-1532-7CB342,"",none,"",DEO3AjPRA1zlAYztuC4v
"C Y D 🔁 / Cork (IR)",51.894756,-8.479384,icon-1826-0F9D58,"",none,"",unDl8fc5Fgl8HLYDiJgd
"MUSEO Cork City Gaol / Radio Museum🏛️  / parking Bus / Cork, Irlanda",51.898857,-8.498975,icon-1636-A52714,"",none,"",ThMOlVbGb00UoRCMY51p
"PARKING BUS ✅ / Blarney (IR)",51.932382,-8.569784,icon-1532-7CB342,"",none,"",WIxrz2mZn7Xn7GWlatuR
"PARKING BUS ✅ / Limerick (IR)",52.658071,-8.630169,icon-1532-7CB342,"",none,"",H8F0pdJf5jjhbnTdUYre
"PARKING BUS ✅ / Limerick (IR)",52.65882,-8.627129,icon-1532-7CB342,"",none,"",H8F0pdJf5jjhbnTdUYre
"ESTACIÓN BUS 🚍/ Limerick (IR)",52.658626,-8.624774,icon-1532-0288D1,"",none,"",U87hNGNUpatpn7vmIgHW
"PARKING BUS ✅ / Limerick (IR)",52.662152,-8.632146,icon-1532-7CB342,"",none,"",H8F0pdJf5jjhbnTdUYre
"PARKING BUS ✅ / Limerick (IR)",52.664634,-8.628962,icon-1532-7CB342,"",none,"",IyTPFtitx52qjahgto24
"PARKING BUS ✅ / Limerick (IR)",52.666125,-8.630752,icon-1532-7CB342,"",none,"",IyTPFtitx52qjahgto24
"PARKING BUS ✅ / Limerick (IR)",52.667293,-8.628482,icon-1532-7CB342,"",none,"",IyTPFtitx52qjahgto24
"PARKING BUS ✅ / Limerick (IR)",52.669487,-8.628073,icon-1532-7CB342,"",none,"",T5wbrxcbKX59DZoY9Fa0
"PARKING BUS ✅ / Limerick (IR)",52.669776,-8.628319,icon-1532-7CB342,"",none,"",T5wbrxcbKX59DZoY9Fa0
"PARKING BUS ✅ / Limerick (IR)",52.670514,-8.624707,icon-1532-7CB342,"",none,"",HofXcJRsEotAKM2ztcBW
"PARKING BUS ✅ / Limerick (IR)",52.666518,-8.623049,icon-1532-7CB342,"",none,"",CUT2v0HsU2Ax2myM7uGl
"PARKING BUS ✅ / Limerick (IR)",52.667473,-8.624019,icon-1532-7CB342,"",none,"",HofXcJRsEotAKM2ztcBW
"C Y D 🔁 / Limerick (IR)",52.665318,-8.626337,icon-1826-0F9D58,"",none,"",nAGKxnwKUQdrUmieh3CV
"PARKING BUS ✅ / Limerick (IR)",52.675366,-8.639643,icon-1532-7CB342,"",none,"",T5wbrxcbKX59DZoY9Fa0
"PARKING BUS ✅ / Limerick (IR)",52.674329,-8.649251,icon-1532-7CB342,"",none,"",T5wbrxcbKX59DZoY9Fa0
"PARKING BUS ✅/ Tullamore (IR)",53.277565,-7.494429,icon-1532-7CB342,"",none,"",ZFVL96IoyoIYcz6Md4hY
"C Y D 🔁 / Sligo (IR)",54.272868,-8.474061,icon-1826-0F9D58,"",none,"",0uD5YmYnujLUZJR93Zt9
"PARKING BUS ✅/ Strandhill (IR)",54.270114,-8.605663,icon-1532-7CB342,"",none,"",tMzRACFeikcOs3cRhdAl
"ÁREA Servicio 175 🍽 / Atalaya del Cañavate (Cuenca)",39.537562,-2.25486,icon-1577-795548,"",none,"",huDk0UrWg1qOTtBvQW7F
"HOTEL Marino 🛏 / Honrubia (Cuenca)",39.595841,-2.281006,icon-1602-9C27B0,"",none,"",OFqty0y1yFCQxyjRlnKv
"HOTEL Saga 🛏 / Manzanares ( Ciudad Real)",39.019322,-3.374052,icon-1602-9C27B0,"",none,"",6aExYdiGk9WrWECOZGJi
"MONASTERIO De Pueyo ⛪️ / Barbastro (Huesca)",42.037185,0.05742,icon-1670-E65100,"",none,"",NTKgmIBsFPrn7MLQRucR
"CASTILLO De Altafulla 🏰 / Altafulla (Tarragona)",41.143264,1.375187,icon-1598-757575,"",none,"",OEvGOizL5XsdYrddOXIa
"PARKING BUS (Pago) 💰 / Cashel (IR)",52.520358,-7.887969,icon-1513-1A237E,"",none,"",M7DwINaGTT4Euzdawrev
"PARKING BUS (Pago) 💰 / Cahir (IR)",52.374244,-7.925924,icon-1513-1A237E,"",none,"",H1lf0CGMknoPdFz3zsxs
"PARKING BUS ✅️ / Bantry (IR)",51.681175,-9.454559,icon-1532-7CB342,"",none,"",EEF10EnmDyZmHTvZNnih
"PARKING BUS (Pago) 💰 / Londonderry (Reino Unido)",54.996532,-7.317552,icon-1513-1A237E,"",none,"",EiZzxvjaKTpevR5L7HyS
"C Y D 🔁 / Londonderry  (Reino Unido)",54.993677,-7.316504,icon-1826-0F9D58,"",none,"",6dxqX1uaanYIGfVkdrAT
"PARKING BUS (Pago) 💰 / Wexford (IR)",52.344526,-6.46904,icon-1513-1A237E,"",none,"",mglpb8GJ4nNbKlXZxU44
"PARKING BUS ✅ / Trim (IR)",53.553954,-6.791928,icon-1532-7CB342,"",none,"",ta6LiSMIOFMQevUgfQxn
"PARKING 🅿️ / Bushmills (Reino Unido)",55.201419,-6.521022,icon-1644-0288D1,"",none,"",aiByLVc5A6QufbiAbgaj
"PARKING BUS ✅ / Bushmills (Reino Unido)",55.20757,-6.523139,icon-1532-7CB342,"",none,"",9Ycdj42AeB4ZkA3N79aP
"PARKING BUS ✅/ Bushmills (Reino Unido)",55.233502,-6.518506,icon-1532-7CB342,"",none,"",BMTdZKkL4GJJDi8yL35R
"PARKING BUS ✅ / Rossaveel (IR)",53.266212,-9.563981,icon-1532-7CB342,"",none,"",zT5aPm2KYMlPNlV6a31E
"PARKING BUS ✅ / Lettershea (IR)",53.479097,-9.912183,icon-1532-7CB342,"",none,"",zj6e2XvymRFPy7vuC8f8
"PARKING BUS ✅ / Clifden (IR)",53.489265,-10.017925,icon-1532-7CB342,"",none,"",l6vWT8wa42wG2FwRRphi
"Connemara National Park Visitor Centre 📷 / Letterfrack (IR)",53.55052,-9.946102,icon-1535-757575,"",none,"",MZVWA6E1K2q6dWXHnAeX
"PARKING BUS ✅ / Kylemore (IR)",53.559571,-9.890547,icon-1532-7CB342,"",none,"",sxVSYG1ZoxZ0d5BsVdEZ
"PARKING 🅿️ / Leenaun (IR)",53.596501,-9.694055,icon-1644-0288D1,"",none,"",flgbLN8mYIPMfA565kWj
"AUTOS Valverde ✔️ / Jerez de la Frontera (Cádiz)",36.68068,-6.156334,icon-1532-000000,"",none,"",hv5KoAgqSsmgmzjcf1Vh
"C Y D 🔄 / Molinaseca (León)",42.5391,-6.522633,icon-1826-0F9D58,"",none,"",YP0WvJP2otVgnQQfmsvZ
"PARKING BUS ✅️ Cong / (IR)",53.541335,-9.284497,icon-1532-7CB342,"",none,"",pKb7YfFFrABXGonDINbb
"C Y D 🔄 / Durham (Reino Unido)",54.779506,-1.577264,icon-1826-0F9D58,"",none,"",Cu4LEnQYUc70CcvHjoCE
"PARKING BUS ✅️ / Durham (Reino Unido)",54.794721,-1.526279,icon-1532-7CB342,"",none,"",f2AB1P7TVCP6KCaWz1Gz
"C Y D Parque De l'Agulla 🔄 / Sant Fruitós de Balles / (Barcelona)",41.748596,1.840841,icon-1826-0F9D58,"",none,"",mitkbyvWCA3tBimWmX1A
"PARKING 🅿️ / Puig-reig (Barcelona)",41.972705,1.87747,icon-1644-0288D1,"",none,"",bLsFHFqhoTvbDysP31nj
"PARKING 🅿️ / Hostalets D ´en Bas (Girona)",42.103503,2.452195,icon-1644-0288D1,"",none,"",4MpNER9GH7N4JB1KdMpz
"ALBERGUE La Vall d´en Bas 🚸/ Vall D´en Bas (Girona)",42.121136,2.45029,icon-1682-673AB7,"",none,"",DJPYAmgiCivgBXsWUiCc
"PARKING BUS ✅/ Arinsal (AND)",42.571359,1.484001,icon-1532-7CB342,"",none,"",X0p36W5kSnwGyoKbMWi0
"MUSEO Jorge Oteiza 🏛️/ Alzuza (Navarra)",42.838512,-1.564866,icon-1636-A52714,"",none,"",pLZ0sGEOLjIfkny4dJHX
"ZONA DE ESPERA ☕/ Elizondo (Navarra)",43.13816,-1.527098,icon-1534-4E342E,"",none,"",cZLRH6CwaevQXkBtIjDU
"C Y D 🔁/ Elizondo (Navarra)",43.146315,-1.516366,icon-1826-0F9D58,"",none,"",pdmwbwelPNMmd9N71sta
"C Y D 🔁/ Pasai Donibane (Gipuzkoa)",43.323638,-1.914837,icon-1826-0F9D58,"",none,"",TpgXZIOLWsPljd1APcZm
"ZONA DE ESPERA ☕/ Pasai Donibane (Gipuzkoa)",43.32396,-1.913083,icon-1534-4E342E,"",none,"",bt2GItOw1lxioRwVPAaV
"C Y D 🔁 / Pasaia (Gipuzkoa)",43.324841,-1.926154,icon-1826-0F9D58,"",none,"",mKOVQ0QSHZJWIafcdHUT
"C Y D 🔁 / Pasaia (Gipuzkoa)",43.32307,-1.930289,icon-1826-0F9D58,"",none,"",cn8H4b7cggzVJ2N7X3kK
"Bar restaurante Boulevard 9 🍽️ / San Sebastián (Gipuzkoa)",43.322389,-1.983036,icon-1577-795548,"",none,"",XaGb5BBOZQhtpwAT0nvo
"PARKING BUS (Pago) 💰 / San Sebastián (Gipuzkoa)",43.305758,-2.007506,icon-1513-1A237E,"",none,"",a6q7gQCRHVwdxXYO8Yjs
"PARKING BUS ✅️ / Tarragona",41.12483,1.274932,icon-1532-7CB342,"",none,"",TQttYmrscoofwUplI2uD
"ÁREA Servicio La Laguna 🍽 / Caudete de las Fuentes (Valencia)",39.552464,-1.271124,icon-1577-795548,"",none,"",XasaK5MSpDAtVTCxmGBs
"LAVADERO 💧/ Caudete de las Fuentes (Valencia)",39.55247,-1.270872,icon-1702-0097A7,"",none,"",YcaU6c8ZEyxjdLKx4EYO
"ADBLUE ⛽️ / San Clemente (Cuenca)",39.395361,-2.408551,icon-1581-006064,"",none,"",Avve8DHVtccWxlp4CAd4
"ADBLUE ⛽️ / San Clemente (Cuenca",39.393647,-2.408453,icon-1581-006064,"",none,"",DQVXPBHEFn46kVajuFAJ
"Quesos Hidalgo ✴️ / Manzanares (Ciudad Real)",39.010192,-3.377787,icon-1651-FF5252,"",none,"",tnPXGv2dZWYoyq16MYSL
"ADBLUE / Gasolinera Repsol ⛽️ / Manzanares (Ciudad Real)",39.02284,-3.373505,icon-1581-006064,"",none,"",enLfUt9CkrqzoPdXcTHY
"PARKING 🅿️ / Ciudad Real",38.973603,-3.918148,icon-1644-0288D1,"",none,"",lrGKRg8FTSeeLoNuDaD5
"PARKING 🅿️ / Manzanares (Ciudad Real)",38.993483,-3.3754,icon-1644-0288D1,"",none,"",AIxX4053NwcC0TEftWmn
"C Y D 🔄 / Manzanares (Ciudad Real)",38.993844,-3.374787,icon-1826-0F9D58,"",none,"",Goi0xjmSqnOtQuOetMgM
"ℹ️ RUTA C Y D Zafra / Zafra (Extremadura)",,,line-FFD600-5000,"",none,"",5x7VpCMaf3j2Pym742e7
"ZONA DE ESPERA☕️ / Zafra (Badajoz)",38.430375,-6.416119,icon-1534-4E342E,"",none,"",pI9DtA0EpoUSoDx50gZd
"PARKING 🅿️ / Zafra (Badajoz)",38.434633,-6.421046,icon-1644-0288D1,"",none,"",8vwi5zayCDdaw9Rb0079
"PARKING 🅿️ / Zafra (Badajoz)",38.429515,-6.420826,icon-1644-0288D1,"",none,"",hkbltDlZtAt69qvJMAY8
"HOTEL Acosta Centro 🛏 / Almendralejo (Badajoz)",38.683475,-6.413846,icon-1602-9C27B0,"",none,"",HGtdowz0xBEKsMQs5Jd5
"C Y D 🔄 / Arazena (Huelva)",37.890949,-6.56767,icon-1826-0F9D58,"",none,"",NW1SxIpPKBH6HHoZwJYk
"AUTOCARES Alcaide ✔️ / Aracena (Huelva)",37.896361,-6.559427,icon-1532-000000,"",none,"",CJlEigJVYEXnDkOxfCKd
"C Y D Hotel Monasterio de S. Miguel ℹ️ / Puerto de Santa Maria (Cádiz)",36.605165,-6.220424,icon-1608-3949AB,"",none,"",CWJDfBK66YFJRbBQosrt
"C Y D 🔄 / Cáceres",39.475829,-6.373764,icon-1826-0F9D58,"",none,"",6KtyjkMUVKQqaq7BuvZJ
"ADBLUE Gasolinera Repsol ⛽️ / Valdepeñas (Ciudad Real)",38.766285,-3.398397,icon-1581-006064,"",none,"",8lOBEIykzd1RApiMHqWO
"ℹ️RUTA Recomendada C Y D Valdepeñas (Ciudad Real)",,,line-FFD600-5000,"",none,"",1eQ1ZyPtpOJV5MKlg63r
"C Y D 🔄 Entrada / Almagro (Ciudad Real)",,,line-FFD600-5000,"",none,"",HTkh8y8C0moNCIaviG4a
"PARKING BUS ✅️ / Alcalá de Henares (Madrid)",40.477153,-3.39045,icon-1532-7CB342,"",none,"",n6ayb1OvTqLnuEOCYUCX
"CASA Colonies Planoles Xanascat 🚸 / Planoles (Girona)",42.313742,2.099664,icon-1682-673AB7,"",none,"",l0nf4UyMqg8MDUNpuN6n
"CASA Colonies Roques Blanques 🚸 / Ribes de Freser (Girona)",42.312533,2.148174,icon-1682-673AB7,"",none,"",UO9WBQq4QdtE1E5lk8nu
"CAMBIO SENTIDO ℹ️ / Ribes de Freser (Girona)",42.313485,2.130372,icon-1770-424242,"",none,"",t3V7YqYB6Q9dMQJoyHXA
"ℹ️RUTA ÚNICA Casa Colonies Planoles / Planoles (Girona)",,,line-FFD600-5000,"",none,"",zToiyoa5NKpO7qvD8lMz
"PARKING BUS - C Y D 🅿️🔄 / Lierganes (Cantabria)",43.344795,-3.74167,icon-1532-7CB342,"",none,"",nAk1mR7YaV5LOOYcE8UZ
"ZONA DE ESPERA ☕️ / Jaén",37.789964,-3.770586,icon-1534-4E342E,"",none,"",8mNh41O3OAdQpNo1qc5m
"C Y D 🔄 / Elche (Alicante)",38.268879,-0.707524,icon-1826-0F9D58,"",none,"",b8YMCltu2igg882M8prC
"BUS Escolar 8h a 18h 🅿️ / Barcelona",41.393582,2.107445,icon-1532-F57C00,"",none,"",Lr5hYh5JOdzfLbMBzqVK
"BUS Escolar 🅿️ / Barcelona",41.393411,2.109189,icon-1532-F57C00,"",none,"",ioq2FvZqkHKk33ZTuGAF
"BUS Escolar 🅿️ / Barcelona",41.388971,2.107641,icon-1532-F57C00,"",none,"",ARdgtyQ5JwbfwH7dFsvO
"BUS Escolar 🅿️ / Barcelona",41.392295,2.105269,icon-1532-F57C00,"",none,"",hXCILmpNfzbrLp303hnB
"PARKING 🅿️ / Premià de Mar (Barcelona)",41.48804,2.34716,icon-1644-0288D1,"",none,"",VgNb8UTnHthgTeZ8RdKS
"PARKING 🅿️ / Premià de Dalt (Barcelona)",41.50056,2.349633,icon-1644-0288D1,"",none,"",OGsShiwJARHzJxs5GbVD
"PARKING 🅿️ / Vilassar de Mar (Barcelona)",41.497247,2.377434,icon-1644-0288D1,"",none,"",rd8pw0h0Tc1TEwFTGYKo
"ITV Argentona 🧐 /Argentona (Barcelona)",41.536117,2.416253,icon-1594-0097A7,"",none,"",COHRzmxR8GSO8wviJnBY
"ZONA DE ESPERA ☕️ / Cáceres",39.4546,-6.384058,icon-1534-4E342E,"",none,"",oiBxyxXTtXIR4D0J0Gnd
"LAVADERO 💧 / Mataró (Barcelona)",41.525977,2.427908,icon-1702-0097A7,"",none,"",r72edWTMFvj3tXKU75Ge
"COCHERAS EMT ✔️ / Patraix (Valencia)",39.452407,-0.406344,icon-1532-000000,"",none,"",LgeI8EaPKdDZCZe6TAQM
"ALTURA MÁXIMA 4 Metros ⚠️",39.453867,-0.407822,icon-1541-097138,"",none,"",H2MO8ZOxkRGrWkgtkHRu
"ALTURA MÁXIMA 2,80M",39.411098,-0.392847,icon-1541-C2185B,"",none,"",bOcJJN85A5lOiQ9uzgHm
"PARKING 🅿️ / Noja (Cantabria)",43.477953,-3.528355,icon-1644-0288D1,"",none,"",4MPW89Xi9pYW48r4zCxV
"PARKING 🅿️ / Cazalla de la Sierra (Sevilla)",37.94357,-5.76062,icon-1644-0288D1,"",none,"",0TkxtikuEa1esgkjxiN9
"C Y D 🔄 / Cazalla de la Sierra (Sevilla)",37.937279,-5.759382,icon-1826-0F9D58,"",none,"",P5hJLvXOmPvi5I82Ocqc
"HOTEL AHC Hoteles 👤 / Cáceres",39.479622,-6.355642,icon-1531-9C27B0,"",none,"",XKqvHPagjL4jD49hrGQ1
"PARKING BUS ✅️ / Amélie-les-Bains-Palalda (FR)",42.472179,2.662302,icon-1532-7CB342,"",none,"",R7qHcDRiTxprAOVaoVtN
"PARKING BUS ✅️ / Arles-sur-Tech, (FR)",42.458304,2.637022,icon-1532-7CB342,"",none,"",hXnx77qp8vdIVuJOioti
"PARKING BUS ✅️ / Pollestres (FR)",42.642476,2.869158,icon-1532-7CB342,"",none,"",mFLWuyN6QuNWEjjLsILe
"ALBERGUE Deportivo Áster 🚸 / L'Hospitalet de L'Infant (Tarragona)",40.992592,0.914691,icon-1682-673AB7,"",none,"",fK6JVW9PcrLwkK1KBDIn
"PARKING 🅿️ / La Vall d'Uixó (Castelló)",39.816739,-0.230559,icon-1644-0288D1,"",none,"",t89PA4pa2kQfmfwpaYr7
"PARKING 🅿️ / La Vall d'Uixó (Castelló)",39.822123,-0.242894,icon-1644-0288D1,"",none,"",WMUQdi1B4ODr7UKqLflJ
"VÍVERES Aldi 🛒/ PARKING 🅿️ / La Vall d'Uixó (Castelló)",39.821008,-0.242584,icon-1685-A52714,"",none,"",el2ECJYSdBGWxoBA3bXd
"Ecocentre Les obagues 🚸 / Juneda (Lérida)",41.558217,0.835157,icon-1682-673AB7,"",none,"",3eb4MtrAVsuYKOdGkmGu
"CASA Colonies El Pinar 🚸 / Canyelles (Barcelona)",41.290727,1.722019,icon-1682-673AB7,"",none,"",yQHEzFJCRBeA45YhBMJS
"CASA Colonies Rocacorba 🚸 /  Sallent (Girona)",42.155461,2.616446,icon-1682-673AB7,"",none,"",rQE9hNFJyJHwj6aI1UPR
"PARKING BUS ✅️ / Vic (Barcelona)",41.939269,2.238018,icon-1532-7CB342,"",none,"",UYDnuUVubVjEqhQ0qWDC
"C Y D 🔄 / Bilbao",43.266571,-2.943342,icon-1826-0F9D58,"",none,"",3vBLrlWw2WfpuTa88Re6
"CASA Colonies La Figuera 🚸 / Castellnou de Bages (Barcelona)",41.836136,1.833135,icon-1682-673AB7,"",none,"",wjGitQQdRxiNhAqXMKpt
"C Y D 🔄 / Nazaré (PO)",39.596742,-9.072093,icon-1826-0F9D58,"",none,"",2U1h0UOQakKYHo2MzWH8
"ESTACIÓN BUS 🚍 / Nazaré (PO)",39.596759,-9.068279,icon-1532-0288D1,"",none,"",qWlkMafIvb8uoGBQHlRA
"SANTUARIO Virgen del Toro ⛪️ / Es Mercadal (Illes Balears)",39.985065,4.112974,icon-1670-E65100,"",none,"",E1dYCZA2XPcpcvAd3ZY8
"PARKING 🅿️ / Moraña (Pontevedra)",42.200884,-8.627956,icon-1644-0288D1,"",none,"",OFDtWdP90gq2rOFaaFpu
"CASA Colonies Can Caballé 🚸 / Estanyol (Girona)",41.932013,2.733305,icon-1682-673AB7,"",none,"",ZA8yiWtUCYGs1SPYWnAy
"PARKING 🅿️ / Vigo",,,line-0288D1-5000,"",none,"",6ci8pruW1ECbONUDPUIz
"PARKING 🅿️ / Vigo",,,line-0288D1-6000,"",none,"",6ci8pruW1ECbONUDPUIz
"PARKING 🅿️ / Vigo",,,line-0288D1-6000,"",none,"",6ci8pruW1ECbONUDPUIz
"ALTURA MÁXIMA 3 Metros ⚠️",38.996248,-7.242043,icon-1541-E65100,"",none,"",nfle876IsO2KZUer72XJ
"ALTURA MÁXIMA 3 Metros ⚠️",38.99593,-7.242229,icon-1541-E65100,"",none,"",zMBLny8hZowY3riGAdSb
"INFO ℹ️ Cambio Sentido / Altura Máxima 3 Metros",38.987956,-7.238936,icon-1608-3949AB,"",none,"",Dcbw2gWeMFXMpjxQLHX0
"INFO ℹ️ Cambio Sentido / Altura Máxima 3 Metros",39.001124,-7.247025,icon-1608-3949AB,"",none,"",rtY9fQifMWXEbelnFjEj
"NO PASAR ALTURA MÁXIMA 3 Metros ⚠️",,,line-9C27B0-6000,"",none,"",tJJqeWVQTBsfY8OQAjc0
"NO PASAR ALTURA MÁXIMA 3 Metros ⚠️",,,line-9C27B0-6000,"",none,"",tJJqeWVQTBsfY8OQAjc0
"PARKING 🅿️ / Irún (Guipúzcoa)",43.345736,-1.790148,icon-1644-0288D1,"",none,"",KVHKncgN30o7UbB2RkNU
"GASOLINERA Repsol ⛽️ /Barcelona",41.392866,2.204261,icon-1581-006064,"",none,"",ytBmoTla4Up0Omdx8ILP
"CENTRO Comercial River 🛒 / Sant Julià de Lòria (AND)",42.453411,1.486815,icon-1769-000000,"",none,"",kDLu87QkdSNBmSdowUEU
"GRANJA Mas Ben 🚸 / Salitja (Girona)",41.907534,2.7425,icon-1682-673AB7,"",none,"",5JlTs4IVmg7ANAfR0g45
"PARKING BUS ✅️ /  Manacor (Illes Balears)",39.570878,3.203409,icon-1532-7CB342,"",none,"",oKZLzwfTNbq6YduERAQY
"COLEGIO La Salle Llíria 🚸 / Llíria (Valencia)",39.642575,-0.631967,icon-1682-FFD600,"",none,"",rd5VnleZZnMCeC45Xmbi
"ACTIVIDADES El Mas de Xetà 🚸 / Llutxent (Valencia)",38.915862,-0.360358,icon-1682-673AB7,"",none,"",Iw5R1Ch3HDiHb2oWg0x7
"ALTURA MÁXIMA 4 Metros / Sabadell (Barcelona)",41.53863,2.109784,icon-1541-097138,"",none,"",1KqGUvFropEHGC7VzfLq
"ALTURA MÁXIMA 4 Metros / Sabadell (Barcelona)",41.537419,2.106523,icon-1541-097138,"",none,"",B9MCYx3fRpyVaeftEGH9