<?xml version="1.0" encoding="utf-8"?>
<kml xmlns="http://www.opengis.net/kml/2.2">
  <Document>
    <Placemark>
      
        
      <name>APARCAMIENTO 🅿️ / Sagunto (Valencia)</name>
      
        
      <description>APARCAMIENTO en linea no Oficial</description>
      
        
      <styleUrl>#icon-1644-0288D1</styleUrl>
      
        
      <Point>
        
          
        <coordinates>
            -0.277889,39.687023,0
          </coordinates>
        
        
      </Point>
      
      
    </Placemark>
    <Placemark>
      
        
      <name>APARCAMIENTO MIXTO 🅿️ / Piscinas Balsa S. Oleguer Sabadell</name>
      
        
      <description>Aqui se puede aparcar sin problema en todo el recinto.</description>
      
        
      <styleUrl>#icon-1644-0288D1</styleUrl>
      
        
      <Point>
        
          
        <coordinates>
            2.123601,41.538114,0
          </coordinates>
        
        
      </Point>
      
      
    </Placemark>
    <Placemark>
      
        
      <name>APARCAMIENTO MIXTO 🅿️ / Queralbs</name>
      
        
      <description>Déjalo encarado para salir para que los ILUMINETIS no te dejen encerrado</description>
      
        
      <styleUrl>#icon-1644-0288D1</styleUrl>
      
        
      <Point>
        
          
        <coordinates>
            2.167089,42.352456,0
          </coordinates>
        
        
      </Point>
      
      
    </Placemark>
    <Placemark>
      
        
      <name>APARCAMIENTO 🅿️ / Valencia</name>
      
        
      <description>Aparcamiento de tierra no vigilado</description>
      
        
      <styleUrl>#icon-1644-0288D1</styleUrl>
      
        
      <Point>
        
          
        <coordinates>
            -0.407081,39.482129,0
          </coordinates>
        
        
      </Point>
      
      
    </Placemark>
    <Placemark>
      
        
      <name>APARCAMIENTO 🅿️ /  Penelles (Lérida)</name>
      
        
      <description>Para visitar pueblo de Penelles y sus grafitis</description>
      
        
      <styleUrl>#icon-1644-0288D1</styleUrl>
      
        
      <Point>
        
          
        <coordinates>
            0.962822,41.757275,0
          </coordinates>
        
        
      </Point>
      
      
    </Placemark>
    <Placemark>
      
        
      <name>APARCAMIENTO 🅿️ / Cadaqués (Girona) </name>
      
        
      <description>Quédate encarado hacia la salida que no te dejen encerrado los ILUMINETIS Carrer Riera de Portlligat, 2, 17488 Cadaqués, Girona www.cadaques.cat</description>
      
        
      <styleUrl>#icon-1644-0288D1</styleUrl>
      
        
      <Point>
        
          
        <coordinates>
            3.286942,42.295297,0
          </coordinates>
        
        
      </Point>
      
      
    </Placemark>
    <Placemark>
      
        
      <name>SANTUARIO NTRA.SRA DE LAS CRUCES / Torralba de Calatrava</name>
      
        
      <description>Santuario de Ntra. Sra. de las Cruces, CR-P-2122, 4, 13160 Torralba de Calatrava, Ciudad Real</description>
      
        
      <styleUrl>#icon-1670-F57C00</styleUrl>
      
        
      <Point>
        
          
        <coordinates>
            -3.755438,39.069546,0
          </coordinates>
        
        
      </Point>
      
      
    </Placemark>
    <Placemark>
      
        
      <name>SANTUARIO COVA S. IGNACI</name>
      
        
      <description>Se puede entrar y dar la vuelta sin problema</description>
      
        
      <styleUrl>#icon-1670-F57C00</styleUrl>
      
        
      <Point>
        
          
        <coordinates>
            1.831516,41.721122,0
          </coordinates>
        
        
      </Point>
      
      
    </Placemark>
    <Placemark>
      
        
      <name>MUSEO Volcanes 🏛 / Olot (Girona)</name>
      
        
      <description>Es de tierra, gratuito y pequeño</description>
      
        
      <styleUrl>#icon-1636-A52714</styleUrl>
      
        
      <Point>
        
          
        <coordinates>
            2.479903,42.172338,0
          </coordinates>
        
        
      </Point>
      
      
    </Placemark>
    <Placemark>
      
        
      <name>AREA SERVICIO Los Chopos Villaherreros ( Palencia)</name>
      
        
      <description>Buen trato, se puede parar también si llevas escolares// 34469 Villaherreros, Palencia</description>
      
        
      <styleUrl>#icon-1577-795548</styleUrl>
      
        
      <Point>
        
          
        <coordinates>
            -4.473779,42.391663,0
          </coordinates>
        
        
      </Point>
      
      
    </Placemark>
    <Placemark>
      
        
      <name>COLEGIO JESUS MARÍA </name>
      
        
      <description>Avinguda Meridiana, 392, 08031 Barcelonawww.jm-santandreu.net+34 933 11 31 11</description>
      
        
      <styleUrl>#icon-1682-9C27B0</styleUrl>
      
        
      <Point>
        
          
        <coordinates>
            2.18342,41.431585,0
          </coordinates>
        
        
      </Point>
      
      
    </Placemark>
    <Placemark>
      
        
      <name>PIONONOS / Cafeteria- Pastelería (STA FE/ GRANADA) </name>
      
        
      <description>LLAMAR PARA RESERVAR NÚMERO PASAJEROS // Km 3.3, A-92G, 18320 Santa Fe, Granada  www.pionono.com. +34 958 51 01 05</description>
      
        
      <styleUrl>#icon-1502-C2185B</styleUrl>
      
        
      <Point>
        
          
        <coordinates>
            -3.703997,37.192509,0
          </coordinates>
        
        
      </Point>
      
      
    </Placemark>
    <Placemark>
      
        
      <name>GALLETAS BIRBA Camprodon</name>
      
        
      <description>Colonia Estabanell, 17867 Camprodon, Girona</description>
      
        
      <styleUrl>#icon-1502-C2185B</styleUrl>
      
        
      <Point>
        
          
        <coordinates>
            2.35904,42.296739,0
          </coordinates>
        
        
      </Point>
      
      
    </Placemark>
    <Placemark>
      
        
      <name>APARCAMIENTO LIBRE/ Tarifa</name>
      
        
      <description>Aparcamiento libre sin problemas, puedes dejarlo en linea .</description>
      
        
      <styleUrl>#icon-1644-0288D1</styleUrl>
      
        
      <Point>
        
          
        <coordinates>
            -5.612524,36.025648,0
          </coordinates>
        
        
      </Point>
      
      
    </Placemark>
    <Placemark>
      
        
      <name>APARCAMIENTO LIBRE / Jerez de la Frontera </name>
      
        
      <description>Estacionamiento a ambos lados enfrente del carrefour</description>
      
        
      <styleUrl>#icon-1644-0288D1</styleUrl>
      
        
      <Point>
        
          
        <coordinates>
            -6.150612,36.674102,0
          </coordinates>
        
        
      </Point>
      
      
    </Placemark>
    <Placemark>
      
        
      <name>CASTILLO DE CARDONA</name>
      
        
      <description>SE RECOMIENDA NO ENTRAR CON 13 Metros. El  12 metros ya va justo haciendo maniobra</description>
      
        
      <styleUrl>#icon-1598-424242</styleUrl>
      
        
      <Point>
        
          
        <coordinates>
            1.685188,41.914812,0
          </coordinates>
        
        
      </Point>
      
      
    </Placemark>
    <Placemark>
      
        
      <name>ESTACIÓN TREN CHAMARTIN / Madrid </name>
      
        
      <description>Aqui puedes dejar a grupos en la estación de Chamartin</description>
      
        
      <styleUrl>#icon-1717-AFB42B</styleUrl>
      
        
      <Point>
        
          
        <coordinates>
            -3.681868,40.471516,0
          </coordinates>
        
        
      </Point>
      
      
    </Placemark>
    <Placemark>
      
        
      <name>APARCAMIENTO LIBRE / LAGOS (P)</name>
      
        
      <description>Aparcamiento en lagos libre mixto de tierra.</description>
      
        
      <styleUrl>#icon-1644-0288D1</styleUrl>
      
        
      <Point>
        
          
        <coordinates>
            -8.679605,37.110098,0
          </coordinates>
        
        
      </Point>
      
      
    </Placemark>
    <Placemark>
      
        
      <name>APARCAMIENTO/ TOLEDO</name>
      
        
      <description>Esplanada de tierra libre de pago. Cuidado que se llena de coches y te puedes quedar encerrado.</description>
      
        
      <styleUrl>#icon-1644-0288D1</styleUrl>
      
        
      <Point>
        
          
        <coordinates>
            -4.034107,39.865584,0
          </coordinates>
        
        
      </Point>
      
      
    </Placemark>
    <Placemark>
      
        
      <name>APARCAMIENTO LIBRE / Olivenza ( Badajoz)</name>
      
        
      <description>Aparcamiento libre de pago. Sin problemas para estacionar. SI ES SABADO ESTE ES EL APARCAMIENTO EL OTRO HACEN MERCADILLO</description>
      
        
      <styleUrl>#icon-1644-0288D1</styleUrl>
      
        
      <Point>
        
          
        <coordinates>
            -7.093033,38.691874,0
          </coordinates>
        
        
      </Point>
      
      
    </Placemark>
    <Placemark>
      
        
      <name><![CDATA[ALBERGUE L' ESPLUGA DE FRANCOLÍ ]]></name>
      
        
      <description><![CDATA[Les Masies, s/n, 43440 L'Espluga de Francolí, Tarragona  xanascat.gencat.cat  +34 977 87 03 56]]></description>
      
        
      <styleUrl>#icon-1682-F9A825</styleUrl>
      
        
      <Point>
        
          
        <coordinates>
            1.091001,41.380166,0
          </coordinates>
        
        
      </Point>
      
      
    </Placemark>
    <Placemark>
      
        
      <name>HOSPEDERIA CISTERCIENSE / STO DOMINGO DE LA CALZADA - La Rioja</name>
      
        
      <description>Regentado por monjitas muy simpáticas. Se come bien aceptan grupos</description>
      
        
      <styleUrl>#icon-1602-9C27B0</styleUrl>
      
        
      <Point>
        
          
        <coordinates>
            -2.950493,42.439906,0
          </coordinates>
        
        
      </Point>
      
      
    </Placemark>
    <Placemark>
      
        
      <name>EMBARCADERO / Ponte de Sil (Lugo)</name>
      
        
      <description>Carretera entretenida OJO !! // LU-903, 18, 27416 Monforte de Lemos, Lugo reservas.rutasembalses.es. +34 982 26 01 96</description>
      
        
      <styleUrl>#icon-1622-757575</styleUrl>
      
        
      <Point>
        
          
        <coordinates>
            -7.444247,42.409324,0
          </coordinates>
        
        
      </Point>
      
      
    </Placemark>
    <Placemark>
      
        
      <name>CUEVAS ENABREJOS/ PRÁDENA ( Segovia)</name>
      
        
      <description>Aparcamiento visita de las cuevas. Travesía Cueva, s/n, 40165 Prádena, Segovia, España  www.cuevadelosenebralejos.es  +34 921 50 71 13</description>
      
        
      <styleUrl>#icon-1598-757575</styleUrl>
      
        
      <Point>
        
          
        <coordinates>
            -3.67812,41.145796,0
          </coordinates>
        
        
      </Point>
      
      
    </Placemark>
    <Placemark>
      
        
      <name>VENTA PASCUAL / HELLIN (Albacete)</name>
      
        
      <description>BUEN SITIO PARA PARAR SE VAS DE ENTRE MURCIA / ALBACETE // Área de Servicio el Tolmo, Autovía de Murcia, Salida 69, 02499 Hellín, Albacete  ventapascual.es. +34 682 24 86 32</description>
      
        
      <styleUrl>#icon-1577-795548</styleUrl>
      
        
      <Point>
        
          
        <coordinates>
            -1.595906,38.465303,0
          </coordinates>
        
        
      </Point>
      
      
    </Placemark>
    <Placemark>
      
        
      <name>INFO ℹ️ / Alcázar de Segovia </name>
      
        
      <description><![CDATA[RUTA ALCAZAR DE SEGOVIA<br>SI NO TIENES AUTORIZACIÓN EXPRESA PARA IR AL ALCAZAR POR EL CENTRO DE SEGOVIA, DEBERAS SEGIR ESTA RUTA.]]></description>
      
        
      <styleUrl>#icon-1608-0288D1</styleUrl>
      
        
      <Point>
        
          
        <coordinates>
            -4.112033,40.919573,0
          </coordinates>
        
        
      </Point>
      
      
    </Placemark>
    <Placemark>
      
        
      <name>AREA PORTES-LÈS- VALENCE (FR)</name>
      
        
      <description>A. du Soleil A7, 26800 Portes-lès-Valence, Francia  www.lacroissanterie.fr  +33 4 75 57 82 00</description>
      
        
      <styleUrl>#icon-1577-795548</styleUrl>
      
        
      <Point>
        
          
        <coordinates>
            4.866643,44.866895,0
          </coordinates>
        
        
      </Point>
      
      
    </Placemark>
    <Placemark>
      
        
      <name>ACCESO A PLAZA MAYOR CUENCA</name>
      
        
      <description>ACCESO A PLAZA MAYOR DE CUENCA SOLO CON AUTORIZACION............... POR EL ARCO SE PASA MUUUUUUUUYYYYYYYY JUSTO. CUIDADO.</description>
      
        
      <styleUrl>#line-9C27B0-5000</styleUrl>
      
        
      <LineString>
        
          
        <tessellate>1</tessellate>
        
          
        <coordinates>
            -2.137372,40.077924,0
            -2.136851,40.077451,0
            -2.136372,40.077058,0
            -2.135742,40.077419,0
            -2.135618,40.077436,0
            -2.134009,40.076224,0
            -2.133914,40.076276,0
            -2.134192,40.076704,0
            -2.134141,40.076744,0
            -2.134072,40.076775,0
            -2.133864,40.076708,0
            -2.133687,40.076622,0
            -2.133347,40.076431,0
            -2.133238,40.076435,0
            -2.133037,40.076398,0
            -2.132895,40.076325,0
            -2.13256,40.076165,0
            -2.131975,40.075824,0
            -2.131757,40.07577,0
            -2.131519,40.075768,0
            -2.131215,40.075813,0
            -2.131092,40.075953,0
            -2.13092,40.076213,0
            -2.130703,40.076448,0
            -2.130213,40.076902,0
            -2.130256,40.077248,0
            -2.130259,40.077633,0
            -2.129981,40.078248,0
          </coordinates>
        
        
      </LineString>
      
      
    </Placemark>
    <Placemark>
      
        
      <name>INFO</name>
      
        
      <description>NO SUBIR POR AQUI AL MIRADOR. TE PUEDES QUEDAR PILLADO Y NO PODRAS DAR LA VUELTA.</description>
      
        
      <styleUrl>#icon-1608-0288D1</styleUrl>
      
        
      <Point>
        
          
        <coordinates>
            -2.137319,40.077878,0
          </coordinates>
        
        
      </Point>
      
      
    </Placemark>
    <Placemark>
      
        
      <name>ARCO PLAZA MAYOR </name>
      
        
      <description>MUY JUSTO!!!!</description>
      
        
      <styleUrl>#poly-9C27B0-7000-77</styleUrl>
      
        
      <Polygon>
        
          
        <outerBoundaryIs>
          
            
          <LinearRing>
            
              
            <tessellate>1</tessellate>
            
              
            <coordinates>
                -2.130275,40.077936,0
                -2.130303,40.077868,0
                -2.130033,40.077795,0
                -2.129987,40.077866,0
                -2.130275,40.077936,0
              </coordinates>
            
            
          </LinearRing>
          
          
        </outerBoundaryIs>
        
        
      </Polygon>
      
      
    </Placemark>
    <Placemark>
      
        
      <name>AREA NAVARRO</name>
      
        
      <description>AMPLIO APARCAMIENTO. AMPLIOS SALONES PARA PARAR CON PASAJEROS PARA COMER. Para desayunos no es muy recomendable parar. Invitan chofer con pasajeros.</description>
      
        
      <styleUrl>#icon-1577-795548</styleUrl>
      
        
      <Point>
        
          
        <coordinates>
            -1.238302,41.539125,0
          </coordinates>
        
        
      </Point>
      
      
    </Placemark>
    <Placemark>
      
        
      <name>APARCAMIENTO/ LÉRIDA </name>
      
        
      <description>Aparcamiento libre en Recinto Ferial, sin vigilancia y libre</description>
      
        
      <styleUrl>#icon-1644-0288D1</styleUrl>
      
        
      <Point>
        
          
        <coordinates>
            0.637129,41.614661,0
          </coordinates>
        
        
      </Point>
      
      
    </Placemark>
    <Placemark>
      
        
      <name>APARCAMIENTO/ CARIÑO (A CORUÑA)</name>
      
        
      <description>Aparcamiento libre mixto en la población de Cariño</description>
      
        
      <styleUrl>#icon-1644-0288D1</styleUrl>
      
        
      <Point>
        
          
        <coordinates>
            -7.867024,43.739514,0
          </coordinates>
        
        
      </Point>
      
      
    </Placemark>
    <Placemark>
      
        
      <name>APARCAMIENTO / PONTEVEDRA </name>
      
        
      <description>Aparcamiento en linea en ambos lados de la calle.</description>
      
        
      <styleUrl>#icon-1644-0288D1</styleUrl>
      
        
      <Point>
        
          
        <coordinates>
            -8.639782,42.438672,0
          </coordinates>
        
        
      </Point>
      
      
    </Placemark>
    <Placemark>
      
        
      <name>INFO MOLINIS CONSUEGRA</name>
      
        
      <description>En inf. Turístico te dan un cartel para acceder de vehículo autorizado, si no lo tienen reservado o pagado, lo hacen allí mismo. Av. Castilla la Mancha, 45700 Consuegra, Toledo  www.consuegra.es  +34 925 47 57 31</description>
      
        
      <styleUrl>#icon-1608-0288D1</styleUrl>
      
        
      <Point>
        
          
        <coordinates>
            -3.606974,39.461652,0
          </coordinates>
        
        
      </Point>
      
      
    </Placemark>
    <Placemark>
      
        
      <name>APARCAMIENTO/ TALAVERA DE LA REINA</name>
      
        
      <description>Aparcamiento en el recinto Ferial</description>
      
        
      <styleUrl>#icon-1644-0288D1</styleUrl>
      
        
      <Point>
        
          
        <coordinates>
            -4.824872,39.959107,0
          </coordinates>
        
        
      </Point>
      
      
    </Placemark>
    <Placemark>
      
        
      <name>AREA DE MONTÉLIMAR (Fr)</name>
      
        
      <description><![CDATA[Area a 50km de Valence. Hay Mac'Donals, Cafeterías y máquinas expendedoras. Amplia y cómoda. """AVISO"""" hay que tener la tarjeta AUTOGRILL para que te inviten.]]></description>
      
        
      <styleUrl>#icon-1577-795548</styleUrl>
      
        
      <Point>
        
          
        <coordinates>
            4.782142,44.517254,0
          </coordinates>
        
        
      </Point>
      
      
    </Placemark>
    <Placemark>
      
        
      <name>AREA BUFFET LIBRE / GUISSONA</name>
      
        
      <description>Gran variedad de carnes // Calle dels Llacs, 4, 25210 Guissona, Lleida www.bonarea.com +34 973 55 11 00</description>
      
        
      <styleUrl>#icon-1577-795548</styleUrl>
      
        
      <Point>
        
          
        <coordinates>
            1.277429,41.781844,0
          </coordinates>
        
        
      </Point>
      
      
    </Placemark>
    <Placemark>
      
        
      <name>APARCAMIENTO / ALMERÍA </name>
      
        
      <description>Aparcamiento libre din vigilancia</description>
      
        
      <styleUrl>#icon-1644-0288D1</styleUrl>
      
        
      <Point>
        
          
        <coordinates>
            -2.443616,36.82526,0
          </coordinates>
        
        
      </Point>
      
      
    </Placemark>
    <Placemark>
      
        
      <name>MUSEO Minero 🏛️ / Riotinto (Huelva)</name>
      
        
      <description>Aqui se aparca para el museo/ Pl. Ernest Lluch, 1, 21660 Minas de Riotinto, Huelva www.parquemineroderiotinto.es +34 959 59 00 25</description>
      
        
      <styleUrl>#icon-1636-A52714</styleUrl>
      
        
      <Point>
        
          
        <coordinates>
            -6.596062,37.693251,0
          </coordinates>
        
        
      </Point>
      
      
    </Placemark>
    <Placemark>
      
        
      <name>APARCAMIENTO / CHIPIONA</name>
      
        
      <description>Aqui puedes aparcar ,sin vigilar</description>
      
        
      <styleUrl>#icon-1644-0288D1</styleUrl>
      
        
      <Point>
        
          
        <coordinates>
            -6.423113,36.737023,0
          </coordinates>
        
        
      </Point>
      
      
    </Placemark>
    <Placemark>
      
        
      <name><![CDATA[APARCAMIENTO / CASTELLAR DE N'HUG]]></name>
      
        
      <description>Unico aparcamiento donde podras aparcar. Dejalo encarado a la salida que no te dejen encerrado los iluminados.</description>
      
        
      <styleUrl>#icon-1644-0288D1</styleUrl>
      
        
      <Point>
        
          
        <coordinates>
            2.016152,42.282003,0
          </coordinates>
        
        
      </Point>
      
      
    </Placemark>
    <Placemark>
      
        
      <name>ℹ️ SUBIDA MOLINOS / Campos de Criptana (Ciudad Real)</name>
      
        
      <description>Ruta recomendada para subir a los Molinos</description>
      
        
      <styleUrl>#line-F9A825-5000</styleUrl>
      
        
      <LineString>
        
          
        <tessellate>1</tessellate>
        
          
        <coordinates>
            -3.113452,39.400988,0
            -3.113857,39.402815,0
            -3.113876,39.404038,0
            -3.11396,39.405269,0
            -3.114034,39.406213,0
            -3.114687,39.406311,0
            -3.115443,39.406385,0
            -3.117443,39.406393,0
            -3.118458,39.40865,0
            -3.118242,39.409628,0
            -3.118378,39.409809,0
            -3.118576,39.409959,0
            -3.118818,39.410022,0
            -3.119039,39.410072,0
            -3.119449,39.410274,0
            -3.119637,39.410383,0
            -3.11978,39.410516,0
            -3.120168,39.410953,0
            -3.12056,39.411186,0
            -3.120951,39.411422,0
            -3.121599,39.411767,0
            -3.1221308,39.4109086,0
            -3.1220197,39.4107849,0
            -3.1219473,39.4106944,0
            -3.1218168,39.4105798,0
            -3.1209692,39.4099439,0
            -3.1205413,39.4096141,0
            -3.1201659,39.4094142,0
            -3.1200835,39.4093624,0
            -3.1200372,39.4092027,0
          </coordinates>
        
        
      </LineString>
      
      
    </Placemark>
    <Placemark>
      
        
      <name>ABADES Pedro Abad ⬇️ / Pedro Abad (Córdoba)</name>
      
        
      <description><![CDATA[Buen trato, amplio rapidos en serivir y buen café , invitación a chofer y guia. / Dirección Madrid-Sevilla, salida 367, 14630 Pedro Abad, Córdoba <br>www.abadesareas.com <br>+34 957 18 72 55]]></description>
      
        
      <styleUrl>#icon-1769-DB4436</styleUrl>
      
        
      <Point>
        
          
        <coordinates>
            -4.457709,37.971487,0
          </coordinates>
        
        
      </Point>
      
      
    </Placemark>
    <Placemark>
      
        
      <name>AEROPUERTO Barcelona / SALIDAS T1</name>
      
        
      <description>Solo Salidas / Aqui de dejan en T1 - seguir indicador SALIDAS.</description>
      
        
      <styleUrl>#icon-1504-880E4F</styleUrl>
      
        
      <Point>
        
          
        <coordinates>
            2.0739779,41.2873552,0
          </coordinates>
        
        
      </Point>
      
      
    </Placemark>
    <Placemark>
      
        
      <name>AEROPUERTO Barcelona LLEGADAS T1</name>
      
        
      <description>Aqui se Recogen pasajeros en la T1 / Seguir indicadores LLEGADAS</description>
      
        
      <styleUrl>#icon-1504-880E4F</styleUrl>
      
        
      <Point>
        
          
        <coordinates>
            2.0732831,41.2872163,0
          </coordinates>
        
        
      </Point>
      
      
    </Placemark>
    <Placemark>
      
        
      <name>PROHIBICIÓN Mataró </name>
      
        
      <description>Prohibido la subida por la urbanización. Te quedas pillado en curva</description>
      
        
      <styleUrl>#icon-1898-C2185B</styleUrl>
      
        
      <Point>
        
          
        <coordinates>
            2.427853,41.5591323,0
          </coordinates>
        
        
      </Point>
      
      
    </Placemark>
    <Placemark>
      
        
      <name>RECORRIDO PARC FORESTAL - BOSC VERTICAL/ Mataró </name>
      
        
      <description>Recorrido a seguir para subir al parque forestal o Bosque Vertical. Camino de tierra</description>
      
        
      <styleUrl>#line-F9A825-4380</styleUrl>
      
        
      <LineString>
        
          
        <tessellate>1</tessellate>
        
          
        <coordinates>
            2.4279478,41.5585879,0
            2.4278525,41.5589536,0
            2.4272409,41.5590392,0
            2.4268535,41.5590606,0
            2.4266453,41.5591748,0
            2.4265111,41.5592587,0
            2.4264574,41.5592961,0
            2.4263704,41.5593595,0
            2.4258451,41.5596615,0
            2.4256416,41.5597583,0
            2.4255263,41.5598159,0
            2.4253777,41.5598324,0
            2.425206,41.5597914,0
            2.4250832,41.5596353,0
            2.4249819,41.5590564,0
            2.4248114,41.558969,0
            2.4246717,41.559002,0
            2.4239251,41.559307,0
            2.423684,41.5593659,0
            2.4234638,41.5592406,0
            2.4233155,41.5590878,0
            2.4232072,41.5589163,0
            2.4230531,41.5585568,0
            2.4228661,41.5583096,0
            2.4226076,41.5582123,0
            2.4224137,41.5582241,0
            2.4222139,41.5583216,0
            2.4220874,41.5585136,0
            2.4219991,41.5587801,0
            2.4220109,41.5588938,0
            2.4225046,41.559215,0
            2.4229255,41.559554,0
            2.4233739,41.5599452,0
            2.4235463,41.560119,0
            2.4235803,41.5602187,0
            2.4235177,41.5603108,0
            2.423392,41.5603815,0
            2.4220932,41.560685,0
            2.4219912,41.5607998,0
            2.4219835,41.5609298,0
            2.4221385,41.5611867,0
            2.4223375,41.5612991,0
            2.4225754,41.5614234,0
            2.4230623,41.5615477,0
            2.4232388,41.5616681,0
            2.4234918,41.5624096,0
            2.423583,41.5624836,0
            2.4237791,41.5626145,0
            2.4239955,41.5627204,0
            2.4253807,41.5632984,0
            2.4255154,41.5633885,0
            2.4257276,41.5637032,0
            2.4257168,41.5640483,0
            2.4256119,41.5645975,0
            2.4257204,41.5647296,0
            2.4258387,41.565215,0
            2.4259651,41.565413,0
            2.426157,41.5655428,0
            2.4265072,41.5655891,0
            2.4271441,41.5655905,0
            2.4272986,41.5655805,0
            2.4274506,41.5656026,0
            2.427585,41.5656623,0
            2.4276801,41.5657514,0
            2.4278894,41.5659212,0
            2.4280644,41.5659509,0
            2.4286227,41.5658737,0
            2.4290628,41.5658356,0
            2.4294754,41.5658279,0
            2.4295783,41.5656536,0
            2.4299149,41.5653963,0
            2.430619,41.5649809,0
          </coordinates>
        
        
      </LineString>
      
      
    </Placemark>
    <Placemark>
      
        
      <name>APARCAMIENTO / Alcalá La Real</name>
      
        
      <description>Aparcamiento en linea en el recinto Ferial de Alcalá La Real </description>
      
        
      <styleUrl>#icon-1644-0288D1</styleUrl>
      
        
      <Point>
        
          
        <coordinates>
            -3.9213623,37.4541407,0
          </coordinates>
        
        
      </Point>
      
      
    </Placemark>
    <Placemark>
      
        
      <name>APARCAMIENTO ALTERNATIVO</name>
      
        
      <description>En principio no dicen nada aparcamiento en linea</description>
      
        
      <styleUrl>#line-0288D1-5254</styleUrl>
      
        
      <LineString>
        
          
        <tessellate>1</tessellate>
        
          
        <coordinates>
            2.2235144,41.41252,0
            2.2245479,41.4137287,0
            2.2251326,41.4143628,0
            2.2255802,41.4150826,0
          </coordinates>
        
        
      </LineString>
      
      
    </Placemark>
    <Placemark>
      
        
      <name>MUSEO Trajes de Papel 🏛/ Mollerussa (Lérida)</name>
      
        
      <description>Reservas para que puedas C Y D y aparcar delante puerra Museo.Ponen conos para poder quedarte.</description>
      
        
      <styleUrl>#icon-1636-A52714</styleUrl>
      
        
      <Point>
        
          
        <coordinates>
            0.897091,41.6300197,0
          </coordinates>
        
        
      </Point>
      
      
    </Placemark>
    <Placemark>
      
        
      <name>AEROPUERTO/ Teruel</name>
      
        
      <description>Polígono de Tiro, 4, 44396 Teruel www.aeropuertodeteruel.com +34 978 61 77 42</description>
      
        
      <styleUrl>#icon-1504-880E4F</styleUrl>
      
        
      <Point>
        
          
        <coordinates>
            -1.2222042,40.4153824,0
          </coordinates>
        
        
      </Point>
      
      
    </Placemark>
    <Placemark>
      
        
      <name>GUIA ATAPUERCA</name>
      
        
      <description>Aquí se recoge al guía antes de ir a los Yacimientos </description>
      
        
      <styleUrl>#icon-1803-1A237E</styleUrl>
      
        
      <Point>
        
          
        <coordinates>
            -3.4973135,42.3794007,0
          </coordinates>
        
        
      </Point>
      
      
    </Placemark>
    <Placemark>
      
        
      <name>INFO - CAMBIO DE SENTIDO / Borja (Zaragoza)</name>
      
        
      <description>Aquí puedes hacer el cambio de sentido si lo necesitaras.</description>
      
        
      <styleUrl>#icon-1608-3949AB</styleUrl>
      
        
      <Point>
        
          
        <coordinates>
            -1.5803893,41.8604622,0
          </coordinates>
        
        
      </Point>
      
      
    </Placemark>
    <Placemark>
      
        
      <name>C Y D / Itálica - Santiponce (Sevilla)</name>
      
        
      <description>Se dejan en este punto para ver el conjunto Arqueológico de Itálica en Santiponce.</description>
      
        
      <styleUrl>#icon-1826-0F9D58</styleUrl>
      
        
      <Point>
        
          
        <coordinates>
            -6.0441452,37.4440301,0
          </coordinates>
        
        
      </Point>
      
      
    </Placemark>
    <Placemark>
      
        
      <name>APARCAMIENTO / San Saturnino (A Coruña)</name>
      
        
      <description>Aparcamiento al lado del Mesón la granja.</description>
      
        
      <styleUrl>#icon-1644-0288D1</styleUrl>
      
        
      <Point>
        
          
        <coordinates>
            -8.0709486,43.529371,0
          </coordinates>
        
        
      </Point>
      
      
    </Placemark>
    <Placemark>
      
        
      <name>ÁREA ABADES SIERRA ESPUÑA LEVANTE ⬇️/ Alhama de Murcia (Murcia)</name>
      
        
      <description>Buen sitio para parar y hacer descanso/ Buen trato invitación / Autovía del Mediterráneo, 30848 Alhama de Murcia, Murcia. www.abadesareas.com +34 968 40 91 56</description>
      
        
      <styleUrl>#icon-1577-DB4436</styleUrl>
      
        
      <Point>
        
          
        <coordinates>
            -1.4273263,37.7949543,0
          </coordinates>
        
        
      </Point>
      
      
    </Placemark>
    <Placemark>
      
        
      <name>TURRONES ROIG 😋 / Agramunt / (Lérida)</name>
      
        
      <description>Aceptan visitas de grupos. / Ctra. L-303, km 19,100, 25310 Agramunt, Lleida www.torronsroig.com +34 973 39 00 36</description>
      
        
      <styleUrl>#icon-1769-000000</styleUrl>
      
        
      <Point>
        
          
        <coordinates>
            1.1110921,41.7808314,0
          </coordinates>
        
        
      </Point>
      
      
    </Placemark>
    <Placemark>
      
        
      <name>TURRONES VICENS y 😋/ Agramunt (Lérida)</name>
      
        
      <description>Los puedes dejar en la entrada y aparcar aquí ,también para la visita del museo del Turrón y el chocolate.</description>
      
        
      <styleUrl>#icon-1769-000000</styleUrl>
      
        
      <Point>
        
          
        <coordinates>
            1.0937576,41.787047,0
          </coordinates>
        
        
      </Point>
      
      
    </Placemark>
    <Placemark>
      
        
      <name><![CDATA[ÁREA SERVICIO ⏸️ / Hospitalet de L' Infant (Tarragona)]]></name>
      
        
      <description>Buen sitio para parar, buen trato invitan a chófer / Autopista Ap-7, Km 283, 43890 Tarragona es.areas.com +34 977 82 32 60</description>
      
        
      <styleUrl>#icon-1577-795548</styleUrl>
      
        
      <Point>
        
          
        <coordinates>
            0.8953456,40.986728,0
          </coordinates>
        
        
      </Point>
      
      
    </Placemark>
    <Placemark>
      
        
      <name>AREA SERVICIO Jardin Des Causses Du Lot Labastide-Murat (FR)</name>
      
        
      <description>Jardin Des Causses Du Lot, 46240 Labastide-Murat, Francia</description>
      
        
      <styleUrl>#icon-1577-795548</styleUrl>
      
        
      <Point>
        
          
        <coordinates>
            1.569121,44.6576044,0
          </coordinates>
        
        
      </Point>
      
      
    </Placemark>
    <Placemark>
      
        
      <name>C Y D / Montpellier (FR)</name>
      
        
      <description>Aqui puedes hacer la C Y D en Montpellier.</description>
      
        
      <styleUrl>#icon-1826-0F9D58</styleUrl>
      
        
      <Point>
        
          
        <coordinates>
            3.867608,43.6120655,0
          </coordinates>
        
        
      </Point>
      
      
    </Placemark>
    <Placemark>
      
        
      <name>FARO DE MESA ROLDÁN</name>
      
        
      <description>Punto donde dejar al grupo para la visita Al Faro de Roldán.</description>
      
        
      <styleUrl>#icon-1535-757575</styleUrl>
      
        
      <Point>
        
          
        <coordinates>
            -1.9074818,36.9424295,0
          </coordinates>
        
        
      </Point>
      
      
    </Placemark>
    <Placemark>
      
        
      <name>APARCAMIENTO/ Aranda de Duero (Burgos)</name>
      
        
      <description>Aparcamiento de tierra cerca de plaza de toros de Aranda.</description>
      
        
      <styleUrl>#icon-1644-0288D1</styleUrl>
      
        
      <Point>
        
          
        <coordinates>
            -3.6838296,41.6768386,0
          </coordinates>
        
        
      </Point>
      
      
    </Placemark>
    <Placemark>
      
        
      <name>APARCAMIENTO / Fuengirola (Málaga)</name>
      
        
      <description>Aparcamiento en Aquamijas. </description>
      
        
      <styleUrl>#icon-1644-0288D1</styleUrl>
      
        
      <Point>
        
          
        <coordinates>
            -4.6339607,36.5377878,0
          </coordinates>
        
        
      </Point>
      
      
    </Placemark>
    <Placemark>
      
        
      <name>ÁREA SERVICIO Canuhe / Guerra de Gállego (Huesca)</name>
      
        
      <description>AUTOVIA A-23 P.K. 332, (SALIDA 332), 22280 Gurrea de Gállego, Huesca area-de-servicios-canuhe.negocio.site +34 976 69 70 77</description>
      
        
      <styleUrl>#icon-1577-795548</styleUrl>
      
        
      <Point>
        
          
        <coordinates>
            -0.6670072,41.9922374,0
          </coordinates>
        
        
      </Point>
      
      
    </Placemark>
    <Placemark>
      
        
      <name>APARCAMIENTO / Saumur (FR)</name>
      
        
      <description>Aparcamiento de tierra mixto libre en Saumur </description>
      
        
      <styleUrl>#icon-1644-0288D1</styleUrl>
      
        
      <Point>
        
          
        <coordinates>
            -0.074456,47.2656002,0
          </coordinates>
        
        
      </Point>
      
      
    </Placemark>
    <Placemark>
      
        
      <name>VInos Dive Bouteille / Saumur (FR)</name>
      
        
      <description>19 Rue Léopold Palustre, 49400 Saumur, Francia www.dive-bouteille.fr </description>
      
        
      <styleUrl>#icon-1798-FBC02D</styleUrl>
      
        
      <Point>
        
          
        <coordinates>
            -0.1060148,47.2714868,0
          </coordinates>
        
        
      </Point>
      
      
    </Placemark>
    <Placemark>
      
        
      <name>ENTRADA ESTE CABÁRCENO / Oregón (Cantabria)</name>
      
        
      <description>Por aquí es la entrada este al Parque de Cabárceno </description>
      
        
      <styleUrl>#icon-1542-1A237E</styleUrl>
      
        
      <Point>
        
          
        <coordinates>
            -3.8220196,43.3584997,0
          </coordinates>
        
        
      </Point>
      
      
    </Placemark>
    <Placemark>
      
        
      <name>ÁREA SERVICIO / Oiartzun (Guipúzcoa)</name>
      
        
      <description>Autovía A-8, Km 10,1, 20180 Oiartzun, Gipuzkoaes.areas.com+34 943 49 00 68</description>
      
        
      <styleUrl>#icon-1577-795548</styleUrl>
      
        
      <Point>
        
          
        <coordinates>
            -1.847706,43.3189376,0
          </coordinates>
        
        
      </Point>
      
      
    </Placemark>
    <Placemark>
      
        
      <name>C Y D / Montseny (Barcelona)</name>
      
        
      <description>Punto donde se dejan para visitar la población del Montseny.</description>
      
        
      <styleUrl>#icon-1826-0F9D58</styleUrl>
      
        
      <Point>
        
          
        <coordinates>
            2.3943057,41.7600497,0
          </coordinates>
        
        
      </Point>
      
      
    </Placemark>
    <Placemark>
      
        
      <name>APARCAMIENTO / El Montseny (Barcelona)</name>
      
        
      <description>Aparcamiento en Montseny. Se puede dar la vuelta si no esta lleno de coches.</description>
      
        
      <styleUrl>#icon-1644-0288D1</styleUrl>
      
        
      <Point>
        
          
        <coordinates>
            2.391703,41.7624616,0
          </coordinates>
        
        
      </Point>
      
      
    </Placemark>
    <Placemark>
      
        
      <name>APARCAMIENTO Sta Fe del Montseny</name>
      
        
      <description>Esplanada de tierra, en fin de semana se llena dejalo encarado a salida.</description>
      
        
      <styleUrl>#icon-1644-0288D1</styleUrl>
      
        
      <Point>
        
          
        <coordinates>
            2.4611872,41.774591,0
          </coordinates>
        
        
      </Point>
      
      
    </Placemark>
    <Placemark>
      
        
      <name>COLEGIO SANT GREGORI / Barcelona </name>
      
        
      <description>C/ de Carles Riba, 11-15, 08035 Barcelona www.santgregori.org +34 932 12 31 08</description>
      
        
      <styleUrl>#icon-1682-FFD600</styleUrl>
      
        
      <Point>
        
          
        <coordinates>
            2.1250441,41.4123165,0
          </coordinates>
        
        
      </Point>
      
      
    </Placemark>
    <Placemark>
      
        
      <name>CRUCERO Ayamonte / (Huelva)</name>
      
        
      <description>Aquí se coge el Barco que va a Vila Real do Santo Antonio ( Portugal) ..sale de Ayamonte, sube hasta el puente del Guadiana y llega hasta el pueblo....a no ser que solo sea recorrido por el Guadiana.</description>
      
        
      <styleUrl>#icon-1622-757575</styleUrl>
      
        
      <Point>
        
          
        <coordinates>
            -7.4098066,37.2153505,0
          </coordinates>
        
        
      </Point>
      
      
    </Placemark>
    <Placemark>
      
        
      <name>FUNICULAR Tibidabo / Barcelona</name>
      
        
      <description><![CDATA[Aqui se dejan los que suban al Tibidabo en Funicular / Plaça del Doctor Andreu, s/n, 08035 Barcelona<br>www.tibidabo.cat<br>+34 932 11 79 42]]></description>
      
        
      <styleUrl>#icon-1533-4E342E</styleUrl>
      
        
      <Point>
        
          
        <coordinates>
            2.1310623,41.4163171,0
          </coordinates>
        
        
      </Point>
      
      
    </Placemark>
    <Placemark>
      
        
      <name>TIBIDABO / Barcelona</name>
      
        
      <description>Aqui se dejan los grupos y se da la vuelta. Solo se puede entrar a la Plaza del Tibidabo con Permiso. </description>
      
        
      <styleUrl>#icon-1502-C2185B</styleUrl>
      
        
      <Point>
        
          
        <coordinates>
            2.1194239,41.4256736,0
          </coordinates>
        
        
      </Point>
      
      
    </Placemark>
    <Placemark>
      
        
      <name>INFO ℹ️ / Tibidabo - Barcelona</name>
      
        
      <description>En esta Plaza se puede entrar y dar la vuelta bien pero solo con Permiso. Los Pivotes no te dejarán entrar sin el permiso.</description>
      
        
      <styleUrl>#icon-1608-3949AB</styleUrl>
      
        
      <Point>
        
          
        <coordinates>
            2.1191486,41.4216389,0
          </coordinates>
        
        
      </Point>
      
      
    </Placemark>
    <Placemark>
      
        
      <name>ÁREA SERVICIO ABADES /La Roda (Sevilla)</name>
      
        
      <description>Buen area de servicio para parar Invitacion y pequeño detalle al chofer.</description>
      
        
      <styleUrl>#icon-1577-795548</styleUrl>
      
        
      <Point>
        
          
        <coordinates>
            -4.7970288,37.1963155,0
          </coordinates>
        
        
      </Point>
      
      
    </Placemark>
    <Placemark>
      
        
      <name>MUSEO DEL QUIJOTE/ Ciudad Real</name>
      
        
      <description>Punto de Bajada y subida de pasajeros para la visita al Museo del Quijote de Ciudad Real.</description>
      
        
      <styleUrl>#icon-1636-A52714</styleUrl>
      
        
      <Point>
        
          
        <coordinates>
            -3.9256462,38.9822967,0
          </coordinates>
        
        
      </Point>
      
      
    </Placemark>
    <Placemark>
      
        
      <name>ÁREA SERVICIO Torres Mancha / La Guardia (Toledo)</name>
      
        
      <description>Area por la A4 antes de coger la M50 / Autovía del Sur, Km 84, 700, 45760 La Guardia, Toledo www.torresmancha.com +34 685 18 93 59</description>
      
        
      <styleUrl>#icon-1577-795548</styleUrl>
      
        
      <Point>
        
          
        <coordinates>
            -3.4799107,39.7662228,0
          </coordinates>
        
        
      </Point>
      
      
    </Placemark>
    <Placemark>
      
        
      <name>COLEGIO ALEMAN / Esplugues</name>
      
        
      <description>Reservado para Line Escolar entradas y salidaa Colegio / (7,30h a 8,30h y de 13,30h a 14,30h) / Puedes aparcar fuera de ese horario/  Esplugues de Llobregat, Barcelona</description>
      
        
      <styleUrl>#icon-1682-FFD600</styleUrl>
      
        
      <Point>
        
          
        <coordinates>
            2.0883885,41.3830119,0
          </coordinates>
        
        
      </Point>
      
      
    </Placemark>
    <Placemark>
      
        
      <name>COLEGIO THAU 🚸 / Barcelona </name>
      
        
      <description><![CDATA[Av. d'Esplugues, 49, 08034 Barcelona www.iccic.edu +34 932 03 01 54]]></description>
      
        
      <styleUrl>#icon-1682-FFD600</styleUrl>
      
        
      <Point>
        
          
        <coordinates>
            2.107389,41.3886996,0
          </coordinates>
        
        
      </Point>
      
      
    </Placemark>
    <Placemark>
      
        
      <name>OBSERVATORIO Fabra / Barcelona </name>
      
        
      <description>SOLO SI TIENES RESERVA / No hay salida te abren la puerta para poder dar la vuelta. / TE PUEDES QUEDAR APARCADO.</description>
      
        
      <styleUrl>#icon-1535-757575</styleUrl>
      
        
      <Point>
        
          
        <coordinates>
            2.1235324,41.4188274,0
          </coordinates>
        
        
      </Point>
      
      
    </Placemark>
    <Placemark>
      
        
      <name>APARCAMIENTO Alternativo / Barcelona</name>
      
        
      <description>Si los has dejado en Tibidabo y no quieres bajar a Sant Cugat / aqui si tienes sitio puedes edtar y dar la vuelta./ dejalo al principio salida que no te dejen encerrado.</description>
      
        
      <styleUrl>#icon-1644-0288D1</styleUrl>
      
        
      <Point>
        
          
        <coordinates>
            2.1175351,41.4278093,0
          </coordinates>
        
        
      </Point>
      
      
    </Placemark>
    <Placemark>
      
        
      <name>INSTITUTO Cardenal Cisneros / Albox (Almería)</name>
      
        
      <description>Instituto de Educación Secundaria Ies Cardenal Cisneros / Av. América, 12, Albox, Almería +34 950 63 99 00</description>
      
        
      <styleUrl>#icon-1682-FFD600</styleUrl>
      
        
      <Point>
        
          
        <coordinates>
            -2.1409902,37.3841891,0
          </coordinates>
        
        
      </Point>
      
      
    </Placemark>
    <Placemark>
      
        
      <name>APARCAMIENTO/ Vitoria - Gasteiz</name>
      
        
      <description>Aparcamiento en Linea Mixto, también aparcan camiones, puedes dejarlo por la noche.</description>
      
        
      <styleUrl>#icon-1644-0288D1</styleUrl>
      
        
      <Point>
        
          
        <coordinates>
            -2.6614457,42.8632244,0
          </coordinates>
        
        
      </Point>
      
      
    </Placemark>
    <Placemark>
      
        
      <name>APARCAMIENTO/ Cerro Muriano (Córdoba)</name>
      
        
      <description>Aparcamiento de tierra mixto a las afueras de la población.</description>
      
        
      <styleUrl>#icon-1644-0288D1</styleUrl>
      
        
      <Point>
        
          
        <coordinates>
            -4.7712876,38.0076546,0
          </coordinates>
        
        
      </Point>
      
      
    </Placemark>
    <Placemark>
      
        
      <name>C Y D / Jardín Castelo Branco</name>
      
        
      <description>C Y D entrada al Jardin por Calle Bartolomeu  da Costa</description>
      
        
      <styleUrl>#icon-1826-0F9D58</styleUrl>
      
        
      <Point>
        
          
        <coordinates>
            -7.4938194,39.8283701,0
          </coordinates>
        
        
      </Point>
      
      
    </Placemark>
    <Placemark>
      
        
      <name>ALBERGUE La Bruna / Bellver de la Cerdanya (Lérida)</name>
      
        
      <description>Pol. Ind. Pla de la Codina, Carretera Nacional 260, km. 198, 25720 Bellver de Cerdanya, Lleida www.alberglabruna.com +34 609 30 70 58</description>
      
        
      <styleUrl>#icon-1682-673AB7</styleUrl>
      
        
      <Point>
        
          
        <coordinates>
            1.7624868,42.3734583,0
          </coordinates>
        
        
      </Point>
      
      
    </Placemark>
    <Placemark>
      
        
      <name>APARCAMIENTO / Campo Ligure (IT)</name>
      
        
      <description>Aparcamiento mixto asfaltado, gratuito sin tiempo.</description>
      
        
      <styleUrl>#icon-1644-0288D1</styleUrl>
      
        
      <Point>
        
          
        <coordinates>
            8.6959777,44.5397935,0
          </coordinates>
        
        
      </Point>
      
      
    </Placemark>
    <Placemark>
      
        
      <name>APARCAMIENTO / Nuoro (IT)</name>
      
        
      <description>Aparcamoento mixto asfaltado, gratuito, dejalo encarado a la salida par que no te quedes encerrado.</description>
      
        
      <styleUrl>#icon-1644-0288D1</styleUrl>
      
        
      <Point>
        
          
        <coordinates>
            9.3261561,40.3152514,0
          </coordinates>
        
        
      </Point>
      
      
    </Placemark>
    <Placemark>
      
        
      <name>APARCAMIENTO / Bosa (IT)</name>
      
        
      <description>Aparcamiento mixto en Bosa, dejalo encardado a la salida para que no te encierren el Frabicho.</description>
      
        
      <styleUrl>#icon-1644-0288D1</styleUrl>
      
        
      <Point>
        
          
        <coordinates>
            8.4989603,40.2946535,0
          </coordinates>
        
        
      </Point>
      
      
    </Placemark>
    <Placemark>
      
        
      <name>AEROPUERTO MALAGA P2</name>
      
        
      <description>Entrada al P2 del Aeropuerto de Málaga.</description>
      
        
      <styleUrl>#icon-1504-880E4F</styleUrl>
      
        
      <Point>
        
          
        <coordinates>
            -4.4893128,36.6764028,0
          </coordinates>
        
        
      </Point>
      
      
    </Placemark>
    <Placemark>
      
        
      <name>APARCAMIENTO 🅿️ / Deltebre (Tarragona)</name>
      
        
      <description>Aparcamiento mixto de tierra mixto gratuito. Sin problemas también de noche</description>
      
        
      <styleUrl>#icon-1644-0288D1</styleUrl>
      
        
      <Point>
        
          
        <coordinates>
            0.7215638,40.7219223,0
          </coordinates>
        
        
      </Point>
      
      
    </Placemark>
    <Placemark>
      
        
      <name>APARCAMIENTO / Fuengirola (Málaga)</name>
      
        
      <description>Aparcamiento sin vigilancia en Fuengirola </description>
      
        
      <styleUrl>#icon-1644-0288D1</styleUrl>
      
        
      <Point>
        
          
        <coordinates>
            -4.6228992,36.5582544,0
          </coordinates>
        
        
      </Point>
      
      
    </Placemark>
    <Placemark>
      
        
      <name>APARCAMIENTO / Fuengirola (Málaga)</name>
      
        
      <description>Esplanada de tierra, Gratuito mixto ,no lo dejes muy encerrado para poder salir.</description>
      
        
      <styleUrl>#icon-1644-0288D1</styleUrl>
      
        
      <Point>
        
          
        <coordinates>
            -4.6329614,36.551411,0
          </coordinates>
        
        
      </Point>
      
      
    </Placemark>
    <Placemark>
      
        
      <name>APARCAMIENTO / Fuengirola (Málaga)</name>
      
        
      <description>Aparcamiento mixto asfaltado, gratuito en Fuengirola </description>
      
        
      <styleUrl>#icon-1644-0288D1</styleUrl>
      
        
      <Point>
        
          
        <coordinates>
            -4.6409788,36.5481131,0
          </coordinates>
        
        
      </Point>
      
      
    </Placemark>
    <Placemark>
      
        
      <name>APARCAMIENTO / Fuengirola (Málaga)</name>
      
        
      <description>CUIDADO !!! SÁBADOS HAY MERCADILLO !! Esplanada de tierra mixto déjalo encarado lo máximo posible a la salida. </description>
      
        
      <styleUrl>#icon-1644-0288D1</styleUrl>
      
        
      <Point>
        
          
        <coordinates>
            -4.6434418,36.5475292,0
          </coordinates>
        
        
      </Point>
      
      
    </Placemark>
    <Placemark>
      
        
      <name>ESTADIO Ramón Sánchez Pizjuan Sevilla C.F / Sevilla</name>
      
        
      <description>C. Sevilla Fútbol Club, s/n, Sevilla www.sevillafc.es +34 954 53 53 53</description>
      
        
      <styleUrl>#icon-1899-DB4436</styleUrl>
      
        
      <Point>
        
          
        <coordinates>
            -5.9716767,37.3841332,0
          </coordinates>
        
        
      </Point>
      
      
    </Placemark>
    <Placemark>
      
        
      <name>ESTADIO Benito Villamarin / REAL BETIS BALONPIE / Sevilla</name>
      
        
      <description>Av de Heliópolis, s/n, Sevilla www.realbetisbalompie.es +34 902 19 19 07</description>
      
        
      <styleUrl>#icon-1899-DB4436</styleUrl>
      
        
      <Point>
        
          
        <coordinates>
            -5.9825576,37.3557645,0
          </coordinates>
        
        
      </Point>
      
      
    </Placemark>
    <Placemark>
      
        
      <name>CASTILLO De Onda 🏰 / Castellón </name>
      
        
      <description>2 Plazas reservadas para la visita al catillo de Onda (Castellón)</description>
      
        
      <styleUrl>#icon-1598-424242</styleUrl>
      
        
      <Point>
        
          
        <coordinates>
            -0.2596598,39.9642761,0
          </coordinates>
        
        
      </Point>
      
      
    </Placemark>
    <Placemark>
      
        
      <name>COLEGIO Maicandil / San Luis de Sabanillas (Málaga)</name>
      
        
      <description>Plazas reservadas delante colegio / Av. de la Paz, 13,San Luis de Sabinillas,  Málaga www.colegiomaicandil.blogspot.com +34 951 27 07 45</description>
      
        
      <styleUrl>#icon-1682-FFD600</styleUrl>
      
        
      <Point>
        
          
        <coordinates>
            -5.2336515,36.3657617,0
          </coordinates>
        
        
      </Point>
      
      
    </Placemark>
    <Placemark>
      
        
      <name>APARCAMIENTO 🅿️ / CASTILLO De Sigüenza (Guadalajara)</name>
      
        
      <description>Aparcamiento so hay mucho turismo y no subes al Castillo de Sigüenza </description>
      
        
      <styleUrl>#icon-1644-0288D1</styleUrl>
      
        
      <Point>
        
          
        <coordinates>
            -2.6416952,41.0627241,0
          </coordinates>
        
        
      </Point>
      
      
    </Placemark>
    <Placemark>
      
        
      <name>TERMINAL Cruceros Grimaldi / Barcelona </name>
      
        
      <description>C Y D pasajeros en Terminal de Grimaldi (Bcn)</description>
      
        
      <styleUrl>#icon-1622-757575</styleUrl>
      
        
      <Point>
        
          
        <coordinates>
            2.1728616,41.3636568,0
          </coordinates>
        
        
      </Point>
      
      
    </Placemark>
    <Placemark>
      
        
      <name>APARCAMIENTO / Peñarroya-Pueblonuevo (Córdoba)</name>
      
        
      <description>Aparcamiento asfaltado libre mixto en Peñarroya - Pueblonuevo </description>
      
        
      <styleUrl>#icon-1644-0288D1</styleUrl>
      
        
      <Point>
        
          
        <coordinates>
            -5.2794932,38.3072283,0
          </coordinates>
        
        
      </Point>
      
      
    </Placemark>
    <Placemark>
      
        
      <name>SANTUÁRIO Virgen de La Cabeza / Andújar (Jaén)</name>
      
        
      <description>Poblado Santuario Virgen Cabeza, 46, 23748 Andújar, Jaén www.santuariovirgencabeza.org +34 953 54 90 15</description>
      
        
      <styleUrl>#icon-1670-E65100</styleUrl>
      
        
      <Point>
        
          
        <coordinates>
            -4.0358969,38.1788616,0
          </coordinates>
        
        
      </Point>
      
      
    </Placemark>
    <Placemark>
      
        
      <name>COLEGIO Cim Teià / Teià (Barcelona)</name>
      
        
      <description>Hay que subir a este punto cuando los policias te lo digan/ No subir si llegas mas tarde de las 16,00h los papis se ponen que no podrias pasar.</description>
      
        
      <styleUrl>#icon-1682-FFD600</styleUrl>
      
        
      <Point>
        
          
        <coordinates>
            2.3186566,41.4952032,0
          </coordinates>
        
        
      </Point>
      
      
    </Placemark>
    <Placemark>
      
        
      <name>MUSEO Batalla del Ebro de Fayón </name>
      
        
      <description>Bajada Fábrica, 14, 50795 Fayón, Zaragoza www.turismofayon.es +34 976 63 59 59 ext. 3</description>
      
        
      <styleUrl>#icon-1636-A52714</styleUrl>
      
        
      <Point>
        
          
        <coordinates>
            0.3344877,41.243014,0
          </coordinates>
        
        
      </Point>
      
      
    </Placemark>
    <Placemark>
      
        
      <name>APARCAMIENTO / Herrera del Duque (Badajoz)</name>
      
        
      <description>Aparcamiento mixto de tierra, dejarlo cerca de la salida para poder salir en caso de que vengan muchos turismos.</description>
      
        
      <styleUrl>#icon-1644-0288D1</styleUrl>
      
        
      <Point>
        
          
        <coordinates>
            -5.0476495,39.1706272,0
          </coordinates>
        
        
      </Point>
      
      
    </Placemark>
    <Placemark>
      
        
      <name>ESTADIO Nuevo Los Cármenes / Granada C.F (Granada)</name>
      
        
      <description>C. Pintor Manuel Maldonado, s/n, 18007 Granada www.granadacf.es +34 958 25 33 00</description>
      
        
      <styleUrl>#icon-1899-DB4436</styleUrl>
      
        
      <Point>
        
          
        <coordinates>
            -3.5957761,37.1540488,0
          </coordinates>
        
        
      </Point>
      
      
    </Placemark>
    <Placemark>
      
        
      <name>ESTADIO La Rosaleda Málaga CF  / Málaga</name>
      
        
      <description>P.º Martiricos, s/n, 29009 Málaga www.malagacf.com +34 952 10 44 88</description>
      
        
      <styleUrl>#icon-1899-DB4436</styleUrl>
      
        
      <Point>
        
          
        <coordinates>
            -4.4274126,36.7335437,0
          </coordinates>
        
        
      </Point>
      
      
    </Placemark>
    <Placemark>
      
        
      <name>MUSEO Puerto de Tarragona</name>
      
        
      <description><![CDATA[2 Plazas en linea Reservadas Visita Museo / Museo del Puerto de Tarragona<br>Moll de la Costa, s/n,Tarragona <br>www.porttarragona.cat <br>+34 977 25 94 34]]></description>
      
        
      <styleUrl>#icon-1636-A52714</styleUrl>
      
        
      <Point>
        
          
        <coordinates>
            1.2449473,41.1099795,0
          </coordinates>
        
        
      </Point>
      
      
    </Placemark>
    <Placemark>
      
        
      <name>ℹ️INFO: Mercadillo Jueves / Premià de Mar (Barcelona)</name>
      
        
      <description>NO PASAR LOS JUEVES!!!! /Jueves de 6:00 h a 16,00h No entrar por C/ Merçe por Mercadillo</description>
      
        
      <styleUrl>#icon-1608-3949AB</styleUrl>
      
        
      <Point>
        
          
        <coordinates>
            2.3592582,41.496968,0
          </coordinates>
        
        
      </Point>
      
      
    </Placemark>
    <Placemark>
      
        
      <name>PROHIBICIÓN Torroella de Montgrí ⛔️(Girona)</name>
      
        
      <description>Prohibido vehículos más de 6,5T</description>
      
        
      <styleUrl>#icon-1898-C2185B</styleUrl>
      
        
      <Point>
        
          
        <coordinates>
            3.1278543,42.042032,0
          </coordinates>
        
        
      </Point>
      
      
    </Placemark>
    <Placemark>
      
        
      <name>PROHIBICIÓN Torroella de Montgrí ⛔️(Girona)</name>
      
        
      <description>Prohibido vehículos más de 6,5T</description>
      
        
      <styleUrl>#icon-1898-C2185B</styleUrl>
      
        
      <Point>
        
          
        <coordinates>
            3.1278853,42.0385377,0
          </coordinates>
        
        
      </Point>
      
      
    </Placemark>
    <Placemark>
      
        
      <name>APARCAMIENTO / Sangüesa (Navarra)</name>
      
        
      <description>Eaplanada de tierra par aparcar sin problemas </description>
      
        
      <styleUrl>#icon-1644-0288D1</styleUrl>
      
        
      <Point>
        
          
        <coordinates>
            -1.2745105,42.5754533,0
          </coordinates>
        
        
      </Point>
      
      
    </Placemark>
    <Placemark>
      
        
      <name>APARCAMIENTO / Cascais (PO)</name>
      
        
      <description>Aparcamiento en Linea en Cascais. Para comer tienes O Pingo Doce</description>
      
        
      <styleUrl>#icon-1644-0288D1</styleUrl>
      
        
      <Point>
        
          
        <coordinates>
            -9.4333169,38.6968846,0
          </coordinates>
        
        
      </Point>
      
      
    </Placemark>
    <Placemark>
      
        
      <name>C Y D / La Albufera (Valencia)</name>
      
        
      <description>Lugar para poder dejar y recoger pasajeros en la Albufera </description>
      
        
      <styleUrl>#icon-1826-0F9D58</styleUrl>
      
        
      <Point>
        
          
        <coordinates>
            -0.3175678,39.3140395,0
          </coordinates>
        
        
      </Point>
      
      
    </Placemark>
    <Placemark>
      
        
      <name><![CDATA[COLEGIO King's College / Roldán (Murcia)]]></name>
      
        
      <description>Urbanización La Torre Golf Resort, Calle Pez Volador, s/n, 30709 Roldán, Murcia  www.murcia.kingscollegeschools.org  +34 968 03 25 00</description>
      
        
      <styleUrl>#icon-1682-FFD600</styleUrl>
      
        
      <Point>
        
          
        <coordinates>
            -1.002881,37.8095309,0
          </coordinates>
        
        
      </Point>
      
      
    </Placemark>
    <Placemark>
      
        
      <name>APARCAMIENTO / Setenil (Cádiz)</name>
      
        
      <description>Aqui se puede aparcar sin problemas al lado  campo de Fútbol.</description>
      
        
      <styleUrl>#icon-1644-0288D1</styleUrl>
      
        
      <Point>
        
          
        <coordinates>
            -5.1734822,36.8643267,0
          </coordinates>
        
        
      </Point>
      
      
    </Placemark>
    <Placemark>
      
        
      <name>CIUDAD DEPORTIVA Valencia CF / Paterna (Valencia)</name>
      
        
      <description>ctra, S/N, 46980 el Mas de Camarena, Valencia www.valenciacf.com +34 961 32 93 00</description>
      
        
      <styleUrl>#icon-1890-1A237E</styleUrl>
      
        
      <Point>
        
          
        <coordinates>
            -0.4523026,39.5418586,0
          </coordinates>
        
        
      </Point>
      
      
    </Placemark>
    <Placemark>
      
        
      <name>PARADOR De Plasencia - C Y D / Plasencia (Extremadura)</name>
      
        
      <description>Punto para dejar los pasajeros su van al Parador de Plasencia.</description>
      
        
      <styleUrl>#icon-1602-9C27B0</styleUrl>
      
        
      <Point>
        
          
        <coordinates>
            -6.0953555,40.0289244,0
          </coordinates>
        
        
      </Point>
      
      
    </Placemark>
    <Placemark>
      
        
      <name>PARA COMER Café Bar Alban 24 👌🏻 / Armilla (Granada)</name>
      
        
      <description>Si tienes que comer aqui se come bastante Bien, el autocar cerca no tendrás que andar mucho para llegar. Av. San Rafael, 8, Armilla, Granada +34 958 34 19 20</description>
      
        
      <styleUrl>#icon-1803-880E4F</styleUrl>
      
        
      <Point>
        
          
        <coordinates>
            -3.6163043,37.1538131,0
          </coordinates>
        
        
      </Point>
      
      
    </Placemark>
    <Placemark>
      
        
      <name>ESTADIO La Nueva Condomina / Murcia CF</name>
      
        
      <description>Rstadio de Fútbol del Real Murcia CF. / Churra, Murcia www.realmurcia.es +34 968 24 28 12</description>
      
        
      <styleUrl>#icon-1899-DB4436</styleUrl>
      
        
      <Point>
        
          
        <coordinates>
            -1.146686,38.0420186,0
          </coordinates>
        
        
      </Point>
      
      
    </Placemark>
    <Placemark>
      
        
      <name>APARCAMIENTO 🅿️ / Júzcar (Málaga)</name>
      
        
      <description>Júcar se conoce por el pueblo de los PITUFOS / Si llegas a Júzcar y está libre puedes dejarlo y recoger aqui</description>
      
        
      <styleUrl>#icon-1644-0288D1</styleUrl>
      
        
      <Point>
        
          
        <coordinates>
            -5.1686736,36.6229261,0
          </coordinates>
        
        
      </Point>
      
      
    </Placemark>
    <Placemark>
      
        
      <name>CAMBIO DE SENTIDO ℹ️ / El Prat de Llobregat (Barcelona)</name>
      
        
      <description>Aquí se tiene que hacer el cambio de sentido. Te puedes quedar aparcado antes de llegar al CRAM</description>
      
        
      <styleUrl>#icon-1770-424242</styleUrl>
      
        
      <Point>
        
          
        <coordinates>
            2.0843817,41.2810016,0
          </coordinates>
        
        
      </Point>
      
      
    </Placemark>
    <Placemark>
      
        
      <name>ESTADIO Anoeta ⚽️/ Real Sociedad</name>
      
        
      <description>Real Sociedad / Donostia, Giuzkoa www.realsociedad.eus +34 943 46 28 33</description>
      
        
      <styleUrl>#icon-1899-DB4436</styleUrl>
      
        
      <Point>
        
          
        <coordinates>
            -1.9724724,43.3022562,0
          </coordinates>
        
        
      </Point>
      
      
    </Placemark>
    <Placemark>
      
        
      <name>RECORRIDO Subida Castillo Peñafiel </name>
      
        
      <description>Entrada desde la Nacional sigue la ruta para no tener problemas para la subida al Castillo</description>
      
        
      <styleUrl>#line-F9A825-4875</styleUrl>
      
        
      <LineString>
        
          
        <tessellate>1</tessellate>
        
          
        <coordinates>
            -4.1295512,41.5989653,0
            -4.1288621,41.5985401,0
            -4.1285439,41.5983582,0
            -4.1283323,41.5982406,0
            -4.127779,41.5979664,0
            -4.1266465,41.5973543,0
            -4.1259996,41.597012,0
            -4.1259235,41.5969445,0
            -4.1260394,41.5954871,0
            -4.1252002,41.5956027,0
            -4.1242771,41.5956396,0
            -4.1226048,41.5956451,0
            -4.1223993,41.5960409,0
            -4.1215967,41.5957749,0
            -4.1208636,41.5955876,0
            -4.1204659,41.5953907,0
            -4.1202539,41.5951924,0
            -4.1200251,41.5945198,0
            -4.1198538,41.5942019,0
            -4.1196257,41.5939396,0
            -4.1196199,41.5938208,0
            -4.1196149,41.5937234,0
            -4.1196099,41.5936259,0
            -4.1191698,41.5932242,0
            -4.1189398,41.592241,0
            -4.1183257,41.592602,0
            -4.1177831,41.5929732,0
            -4.1169929,41.5935206,0
            -4.116614,41.5939123,0
            -4.1162177,41.5945293,0
            -4.1160709,41.5950336,0
            -4.1159175,41.5951289,0
            -4.1155737,41.5950991,0
            -4.1154963,41.5951366,0
            -4.1154206,41.5951439,0
            -4.1147728,41.5950197,0
            -4.1146314,41.595051,0
            -4.1146216,41.595132,0
            -4.1146812,41.5952202,0
            -4.1149015,41.5952821,0
          </coordinates>
        
        
      </LineString>
      
      
    </Placemark>
    <Placemark>
      
        
      <name>INFO Ronda Litoral / Barcelona</name>
      
        
      <description>NO PODEMOS ir por el carril Izquierdo. Carril derecho siempre que no tengas mas remedio </description>
      
        
      <styleUrl>#icon-1608-3949AB</styleUrl>
      
        
      <Point>
        
          
        <coordinates>
            2.2220553,41.4209867,0
          </coordinates>
        
        
      </Point>
      
      
    </Placemark>
    <Placemark>
      
        
      <name>INFO Ronda de Dalt / Barcelona</name>
      
        
      <description><![CDATA[INFO Ronda Litoral / Barcelona<br>NO PODEMOS ir por el carril Izquierdo ni central. Carril derecho siempre que no tengas mas remedio]]></description>
      
        
      <styleUrl>#icon-1608-3949AB</styleUrl>
      
        
      <Point>
        
          
        <coordinates>
            2.193751,41.447938,0
          </coordinates>
        
        
      </Point>
      
      
    </Placemark>
    <Placemark>
      
        
      <name>MUSEO Panteón Hombres Ilustres / Madrid </name>
      
        
      <description>C Y D / Se dejan y recogen en Paseo de la R. Cristina.</description>
      
        
      <styleUrl>#icon-1636-A52714</styleUrl>
      
        
      <Point>
        
          
        <coordinates>
            -3.6837103,40.4067489,0
          </coordinates>
        
        
      </Point>
      
      
    </Placemark>
    <Placemark>
      
        
      <name>VALITE / Cajas de Cambio / Ripollet (Barcelona)</name>
      
        
      <description>VALITE ,técnicas en cajas de Cambio.Mecanica en general. Carretera de la Santiga, 64, 08291 Ripollet, Barcelona www.valite.es +34 674 70 46 83</description>
      
        
      <styleUrl>#icon-1590-1A237E</styleUrl>
      
        
      <Point>
        
          
        <coordinates>
            2.1495967,41.503335,0
          </coordinates>
        
        
      </Point>
      
      
    </Placemark>
    <Placemark>
      
        
      <name>NO SE RECOMIENDA ✖️/ Valencia</name>
      
        
      <description>Mal trato, lentos, café frío y caro. Autovía del Mediterráneo, salida 389, 46270 Castelló, Valencia +34 722 24 88 79</description>
      
        
      <styleUrl>#icon-1898-1A237E</styleUrl>
      
        
      <Point>
        
          
        <coordinates>
            -0.5426329,39.0609668,0
          </coordinates>
        
        
      </Point>
      
      
    </Placemark>
    <Placemark>
      
        
      <name>PARC NOU / El Prat de Llobregat (Barcelona)</name>
      
        
      <description><![CDATA[PARC NOU / El Prat de Llobregat (Barcelona)<br>Parque Nuevo de Llobregat donde se suele llevar los Colegios despues de la Visita al CRAM. Calle amplia con varios carriles te puedes quedar.]]></description>
      
        
      <styleUrl>#icon-1542-3949AB</styleUrl>
      
        
      <Point>
        
          
        <coordinates>
            2.090876,41.3157013,0
          </coordinates>
        
        
      </Point>
      
      
    </Placemark>
    <Placemark>
      
        
      <name>COLEGIO Lola Anglada / Tiana (Barcelona)</name>
      
        
      <description><![CDATA[Reservado en la Puerta. / Escuela Lola Anglada<br>Carrer Castellar, 7, 08391 Tiana, Barcelona<br>www.escolalolaangladatiana.info<br>+34 934 65 56 26]]></description>
      
        
      <styleUrl>#icon-1682-FFD600</styleUrl>
      
        
      <Point>
        
          
        <coordinates>
            2.2689326,41.4781519,0
          </coordinates>
        
        
      </Point>
      
      
    </Placemark>
    <Placemark>
      
        
      <name>PISCINAS Del Montseny / Montseny (Barcelona)</name>
      
        
      <description>Diseminado el Bansell, 18, 08469 Montseny, Barcelona</description>
      
        
      <styleUrl>#icon-1542-3949AB</styleUrl>
      
        
      <Point>
        
          
        <coordinates>
            2.3886879,41.7603565,0
          </coordinates>
        
        
      </Point>
      
      
    </Placemark>
    <Placemark>
      
        
      <name>ALBERGUE Villanúa 🏡 / Villanúa (Huesca)</name>
      
        
      <description>Av. de Francia, 5, 22870 Villanúa, Huesca www.alberguevillanua.es +34 974 37 81 36</description>
      
        
      <styleUrl>#icon-1682-673AB7</styleUrl>
      
        
      <Point>
        
          
        <coordinates>
            -0.5378331,42.6786801,0
          </coordinates>
        
        
      </Point>
      
      
    </Placemark>
    <Placemark>
      
        
      <name>SANTUARIO Mare Deu Dels Angels ✝️ / Sant Martí Vell (Girona)</name>
      
        
      <description>Se puede subir con 13 metros, complicado si hay coches para dar la vuelta. / Si en la esplanada de tierra hay menos coches mejor.</description>
      
        
      <styleUrl>#icon-1670-E65100</styleUrl>
      
        
      <Point>
        
          
        <coordinates>
            2.9093221,41.9843786,0
          </coordinates>
        
        
      </Point>
      
      
    </Placemark>
    <Placemark>
      
        
      <name>APARCAMIENTO 🅿️ / Lérida </name>
      
        
      <description>Aparcamiento gratuito de tierra Mixto, sin problemas para dejarlo por la noche.</description>
      
        
      <styleUrl>#icon-1644-0288D1</styleUrl>
      
        
      <Point>
        
          
        <coordinates>
            0.6098724,41.6223876,0
          </coordinates>
        
        
      </Point>
      
      
    </Placemark>
    <Placemark>
      
        
      <name>CASTILLO Sigüenza 📷 / (Guadalajara)</name>
      
        
      <description>Se puede subir aunque esten los coches se puede dar la vuelta bien. A no ser que sean fiestas </description>
      
        
      <styleUrl>#icon-1598-424242</styleUrl>
      
        
      <Point>
        
          
        <coordinates>
            -2.6409074,41.0647283,0
          </coordinates>
        
        
      </Point>
      
      
    </Placemark>
    <Placemark>
      
        
      <name>PROHIBICIÓN 3,5T 🚫 Premià de Mar (Barcelona)</name>
      
        
      <description>Prohibido más  de 3,5T de entrada </description>
      
        
      <styleUrl>#icon-1899-DB4436</styleUrl>
      
        
      <Point>
        
          
        <coordinates>
            2.3536951,41.4876378,0
          </coordinates>
        
        
      </Point>
      
      
    </Placemark>
    <Placemark>
      
        
      <name>BODEGAS Esteban Martín 🍷 / Alfamén (Zaragoza)</name>
      
        
      <description><![CDATA[Camino Virgen de Lagunas, s/n, 50461 Alfamén, Zaragoza <br>www.estebanmartin.com <br>+34 976 62 84 90]]></description>
      
        
      <styleUrl>#icon-1798-F9A825</styleUrl>
      
        
      <Point>
        
          
        <coordinates>
            -1.2355274,41.4279766,0
          </coordinates>
        
        
      </Point>
      
      
    </Placemark>
    <Placemark>
      
        
      <name>BODEGAS Sommos 🍷 / Barbastro (Huesca)</name>
      
        
      <description>N-240, Km 155, Barbastro, Huesca  www.bodegasommos.com +34 974 26 99 00</description>
      
        
      <styleUrl>#icon-1798-F9A825</styleUrl>
      
        
      <Point>
        
          
        <coordinates>
            0.1534338,41.9907696,0
          </coordinates>
        
        
      </Point>
      
      
    </Placemark>
    <Placemark>
      
        
      <name>ABADES Puerta Andalucía ⬇️ /  Sta Elena (Jaén)</name>
      
        
      <description><![CDATA[Siempre está bien parar en un área de Abades / Autovía A-4, salida 262, A-4, Salida 262, 23213 Santa Elena, Jaén <br>www.abadesareas.com <br>+34 953 66 43 58]]></description>
      
        
      <styleUrl>#icon-1769-DB4436</styleUrl>
      
        
      <Point>
        
          
        <coordinates>
            -3.5699185,38.3146328,0
          </coordinates>
        
        
      </Point>
      
      
    </Placemark>
    <Placemark>
      
        
      <name>APARCAMIENTO 🅿️ / Tarragona </name>
      
        
      <description><![CDATA[Aparcamiento libre de tierra a las afueras , pero cerca de Un "Carreflus" por si tienes mucho tiempo libre.]]></description>
      
        
      <styleUrl>#icon-1644-0288D1</styleUrl>
      
        
      <Point>
        
          
        <coordinates>
            1.2114569,41.1262726,0
          </coordinates>
        
        
      </Point>
      
      
    </Placemark>
    <Placemark>
      
        
      <name>ACEITE Nuñez de Prado 🏺/ Baena (Córdoba)</name>
      
        
      <description>2 Plazas reservadas en La Puerta de Aceites Nuñez de Prado / Av. Cervantes, 5,  Baena, Córdoba www.dobaena.com +34 957 67 01 41</description>
      
        
      <styleUrl>#icon-1803-DB4436</styleUrl>
      
        
      <Point>
        
          
        <coordinates>
            -4.321667,37.6171805,0
          </coordinates>
        
        
      </Point>
      
      
    </Placemark>
    <Placemark>
      
        
      <name>ABADES Bailen ⬇️ / Bailen (Jaén) </name>
      
        
      <description>A-4, Exit 288, 23710 Bailén, Jaén www.abadesareas.com +34 953 63 55 45</description>
      
        
      <styleUrl>#icon-1769-DB4436</styleUrl>
      
        
      <Point>
        
          
        <coordinates>
            -3.7289096,38.1432795,0
          </coordinates>
        
        
      </Point>
      
      
    </Placemark>
    <Placemark>
      
        
      <name>APARCAMIENTO 🅿️ / Sant Feliu de Pallerols (Girona)</name>
      
        
      <description>Aparcamiento mixto asfaltado, gratuito. OJO El Sabado hay mercado semanal.</description>
      
        
      <styleUrl>#icon-1644-0288D1</styleUrl>
      
        
      <Point>
        
          
        <coordinates>
            2.5067472,42.0744032,0
          </coordinates>
        
        
      </Point>
      
      
    </Placemark>
    <Placemark>
      
        
      <name>APARCAMIENTO 🅿️ / Gandía (Valencia)</name>
      
        
      <description>Aparcamiento en C/ dels Degans de Gandía</description>
      
        
      <styleUrl>#icon-1644-0288D1</styleUrl>
      
        
      <Point>
        
          
        <coordinates>
            -0.1672761,38.9938025,0
          </coordinates>
        
        
      </Point>
      
      
    </Placemark>
    <Placemark>
      
        
      <name>PROHIBICIÓN 3,5T</name>
      
        
      <styleUrl>#icon-1899-DB4436-nodesc</styleUrl>
      
        
      <Point>
        
          
        <coordinates>
            2.2602985,41.6721557,0
          </coordinates>
        
        
      </Point>
      
      
    </Placemark>
    <Placemark>
      
        
      <name>ÁREA SERVICIO Villa Orce ⏸️ / Villa-sana (Lérida)</name>
      
        
      <description><![CDATA[Buen trato , buen servicio con chofer y pasajeros /  A-2, km 489,5, 25245 Vila-sana, Lérida<br>+34 973 71 10 78]]></description>
      
        
      <styleUrl>#icon-1577-795548</styleUrl>
      
        
      <Point>
        
          
        <coordinates>
            0.930967,41.6435384,0
          </coordinates>
        
        
      </Point>
      
      
    </Placemark>
    <Placemark>
      
        
      <name>APARCAMIENTO 🅿️ / Fuenlabrada (Madrid)</name>
      
        
      <description>Aparcamiento en C/ de Greta de Fuenlabrada.</description>
      
        
      <styleUrl>#icon-1644-0288D1</styleUrl>
      
        
      <Point>
        
          
        <coordinates>
            -3.8004189,40.2800952,0
          </coordinates>
        
        
      </Point>
      
      
    </Placemark>
    <Placemark>
      
        
      <name>APARCAMIENTO 🅿️ / Punta Umbría </name>
      
        
      <description>Aparcamiento en Punta Umbría </description>
      
        
      <styleUrl>#icon-1644-0288D1</styleUrl>
      
        
      <Point>
        
          
        <coordinates>
            -6.9692884,37.1816059,0
          </coordinates>
        
        
      </Point>
      
      
    </Placemark>
    <Placemark>
      
        
      <name>APARCAMIENTO 🅿️ / Punta Umbría (Cádiz)</name>
      
        
      <description>Aparcamienro en C/ Alan Brace afuerS de Punta Umbría </description>
      
        
      <styleUrl>#icon-1644-0288D1</styleUrl>
      
        
      <Point>
        
          
        <coordinates>
            -6.9818233,37.1913655,0
          </coordinates>
        
        
      </Point>
      
      
    </Placemark>
    <Placemark>
      
        
      <name>APARCAMIENTO 🅿️ / Pontevedra </name>
      
        
      <description>Aparcamiento  de tierra afueras de Pontevedra, </description>
      
        
      <styleUrl>#icon-1644-0288D1</styleUrl>
      
        
      <Point>
        
          
        <coordinates>
            -8.6562381,42.4227831,0
          </coordinates>
        
        
      </Point>
      
      
    </Placemark>
    <Placemark>
      
        
      <name>ACUARIO 🐠 / La Rochelle (FR)</name>
      
        
      <description>Acuario en Rochelle</description>
      
        
      <styleUrl>#icon-1779-1A237E</styleUrl>
      
        
      <Point>
        
          
        <coordinates>
            -1.1500371,46.1531721,0
          </coordinates>
        
        
      </Point>
      
      
    </Placemark>
    <Placemark>
      
        
      <name>APARCAMIENTO </name>
      
        
      <styleUrl>#icon-1644-0288D1-nodesc</styleUrl>
      
        
      <Point>
        
          
        <coordinates>
            -1.1674413,46.1757204,0
          </coordinates>
        
        
      </Point>
      
      
    </Placemark>
    <Placemark>
      
        
      <name>TEATRO La Latina 🎭 / Madrid </name>
      
        
      <description>Teatro La Latina / Subes por C/ Toledo y bajas por Gran Via S.Francisco.</description>
      
        
      <styleUrl>#icon-1709-880E4F</styleUrl>
      
        
      <Point>
        
          
        <coordinates>
            -3.7090265,40.4113553,0
          </coordinates>
        
        
      </Point>
      
      
    </Placemark>
    <Placemark>
      
        
      <name>APARCAMIENTO 🅿️ / Fátima (PO)</name>
      
        
      <description>Aparcamiento gratuito mixto en Fátima </description>
      
        
      <styleUrl>#icon-1644-0288D1</styleUrl>
      
        
      <Point>
        
          
        <coordinates>
            -8.6791068,39.6287028,0
          </coordinates>
        
        
      </Point>
      
      
    </Placemark>
    <Placemark>
      
        
      <name>APARCAMIENTO 🅿️ / Azuqueca de Henares (Madrid)</name>
      
        
      <description>A las afueras de Azuqueca aparcamiento gratuito.</description>
      
        
      <styleUrl>#icon-1644-0288D1</styleUrl>
      
        
      <Point>
        
          
        <coordinates>
            -3.2693207,40.5486929,0
          </coordinates>
        
        
      </Point>
      
      
    </Placemark>
    <Placemark>
      
        
      <name>APARCAMIENTO 🅿️ / Nuevo Baztán (Madrid)</name>
      
        
      <description>Aparcamiento mixto de tierra gratuito</description>
      
        
      <styleUrl>#icon-1644-0288D1</styleUrl>
      
        
      <Point>
        
          
        <coordinates>
            -3.2420048,40.3645626,0
          </coordinates>
        
        
      </Point>
      
      
    </Placemark>
    <Placemark>
      
        
      <name>JAMONES Majada Pedroche 🚩 / Villanueva de Córdoba (Córdoba)</name>
      
        
      <description>Hacen visitas para grupos / C. A, 60, 62, 14440 Villanueva de Córdoba, Córdoba www.jamonesmajadapedroche.es +34 957 12 90 70</description>
      
        
      <styleUrl>#icon-1769-000000</styleUrl>
      
        
      <Point>
        
          
        <coordinates>
            -4.6195327,38.3286636,0
          </coordinates>
        
        
      </Point>
      
      
    </Placemark>
    <Placemark>
      
        
      <name>INFO APARCAMIENTO ℹ️ / Roc de Sant Gaietà (Tarragona)</name>
      
        
      <description>En Temporada Alta se recomienda no dejarlos aquí porque ahí mucho dominguero.</description>
      
        
      <styleUrl>#icon-1608-3949AB</styleUrl>
      
        
      <Point>
        
          
        <coordinates>
            1.4811963,41.1706151,0
          </coordinates>
        
        
      </Point>
      
      
    </Placemark>
    <Placemark>
      
        
      <name>CENTRO COMERCIAL Freeport Fashion Outlet 🛒 / Alcochete (PO)</name>
      
        
      <description>Centro Comercial Alcochete, Portugal www.freeportfashionoutlet.pt +351 21 234 3501</description>
      
        
      <styleUrl>#icon-1685-A52714</styleUrl>
      
        
      <Point>
        
          
        <coordinates>
            -8.9378474,38.7520528,0
          </coordinates>
        
        
      </Point>
      
      
    </Placemark>
    <Placemark>
      
        
      <name>APARCAMIENTO 🅿️ / Pinhal Novo (PO)</name>
      
        
      <description>Esplanada de tierra para poder aparcar en Pinhal Novo, Portugal</description>
      
        
      <styleUrl>#icon-1644-0288D1</styleUrl>
      
        
      <Point>
        
          
        <coordinates>
            -8.917061,38.6341041,0
          </coordinates>
        
        
      </Point>
      
      
    </Placemark>
    <Placemark>
      
        
      <name>APARCAMIENTO 🅿️ / Santiago do Cacém (PO)</name>
      
        
      <description>Aparcamiento al lado auditorio Municipal Antonio Chainho - AMAC</description>
      
        
      <styleUrl>#icon-1644-0288D1</styleUrl>
      
        
      <Point>
        
          
        <coordinates>
            -8.6925456,38.0213174,0
          </coordinates>
        
        
      </Point>
      
      
    </Placemark>
    <Placemark>
      
        
      <name>ÁREA SERVICIO Jaima Park🍽 / Guarromán (Jaén)</name>
      
        
      <description><![CDATA[JAIMA PARK<br>Carretera A4, Km. 283, 23210 Guarromán, Jaén<br>+34 695 81 30 25]]></description>
      
        
      <styleUrl>#icon-1577-795548</styleUrl>
      
        
      <Point>
        
          
        <coordinates>
            -3.6993987,38.1776667,0
          </coordinates>
        
        
      </Point>
      
      
    </Placemark>
    <Placemark>
      
        
      <name>BODAS Can Marial 💍 / Sant Vicenç de Montalt (Barcelona)</name>
      
        
      <description>Can Marial / Se Puede entrar dentro. Ctra. Sant Vicenç, km. 0, 600, 08394 Sant Vicenç de Montalt, Barcelona www.canmarial.net +34 635 87 81 89</description>
      
        
      <styleUrl>#icon-1613-F9A825</styleUrl>
      
        
      <Point>
        
          
        <coordinates>
            2.5182643,41.5696289,0
          </coordinates>
        
        
      </Point>
      
      
    </Placemark>
    <Placemark>
      
        
      <name>CASCADA DE CAOZO DE PIORNAL 📷</name>
      
        
      <description>Se dejan en este punto,más arriba no podrás dar la vuelta.</description>
      
        
      <styleUrl>#icon-1535-757575</styleUrl>
      
        
      <Point>
        
          
        <coordinates>
            -5.8602951,40.1334248,0
          </coordinates>
        
        
      </Point>
      
      
    </Placemark>
    <Placemark>
      
        
      <name>CAJA MÁGICA - C Y D  🔄 / Madrid </name>
      
        
      <description>Punto donde se dejan y recogen para la visita de la Caja Mágica. Te tienes que ir a Aparcar al Planetario o a la C/ Comercio.</description>
      
        
      <styleUrl>#icon-1826-DB4436</styleUrl>
      
        
      <Point>
        
          
        <coordinates>
            -3.6802737,40.3707928,0
          </coordinates>
        
        
      </Point>
      
      
    </Placemark>
    <Placemark>
      
        
      <name>APARCAMIENTO 🅿️ / Marinha Grande (PO)</name>
      
        
      <description>APARCAMIENTO libre en Marinha Grande al lado estadio municipal.</description>
      
        
      <styleUrl>#icon-1644-0288D1</styleUrl>
      
        
      <Point>
        
          
        <coordinates>
            -8.9323639,39.7358219,0
          </coordinates>
        
        
      </Point>
      
      
    </Placemark>
    <Placemark>
      
        
      <name>SANTUARIO De Lourdes ✝️ / La Nou de Berguedà (Barcelona)</name>
      
        
      <description>Se puede entrar hasta el Santuario sin problemas, carretera estrecha entretenida.</description>
      
        
      <styleUrl>#icon-1670-E65100</styleUrl>
      
        
      <Point>
        
          
        <coordinates>
            1.8843299,42.1631607,0
          </coordinates>
        
        
      </Point>
      
      
    </Placemark>
    <Placemark>
      
        
      <name><![CDATA[MUSEO Del Ciment  🏛️ / Castellar de n'Hug  (Barcelona)]]></name>
      
        
      <description>Museo del Ciment, hasta aquí llega el trenecito si lo cogen abajo.Ida y vuelta.</description>
      
        
      <styleUrl>#icon-1636-A52714</styleUrl>
      
        
      <Point>
        
          
        <coordinates>
            1.9788451,42.2603219,0
          </coordinates>
        
        
      </Point>
      
      
    </Placemark>
    <Placemark>
      
        
      <name>APARCAMIENTO 🅿️ / Ejea de los Caballeros (Zaragoza)</name>
      
        
      <description>Aparcamiento mixto de tierra gratuito en Ejea de los Caballeros.</description>
      
        
      <styleUrl>#icon-1644-0288D1</styleUrl>
      
        
      <Point>
        
          
        <coordinates>
            -1.1432356,42.1184925,0
          </coordinates>
        
        
      </Point>
      
      
    </Placemark>
    <Placemark>
      
        
      <name>APARCAMIENTO 🅿️ / Torre del Mar (Málaga)</name>
      
        
      <description>Aparcamiento gratuito de tierra en Torre del Mar.</description>
      
        
      <styleUrl>#icon-1644-0288D1</styleUrl>
      
        
      <Point>
        
          
        <coordinates>
            -4.0966914,36.7539468,0
          </coordinates>
        
        
      </Point>
      
      
    </Placemark>
    <Placemark>
      
        
      <name>APARCAMIENTO 🅿️ / Vinaroz (Castellón)</name>
      
        
      <description>Aparcamiento de tierra gratuito detrás plaza toros de Vinaroz </description>
      
        
      <styleUrl>#icon-1644-0288D1</styleUrl>
      
        
      <Point>
        
          
        <coordinates>
            0.4717316,40.4635423,0
          </coordinates>
        
        
      </Point>
      
      
    </Placemark>
    <Placemark>
      
        
      <name>APARCAMIENTO 🅿️ / Vinaroz (Castellón)</name>
      
        
      <description>Aparcamiento de tierra en Vinaroz </description>
      
        
      <styleUrl>#icon-1644-0288D1</styleUrl>
      
        
      <Point>
        
          
        <coordinates>
            0.4778902,40.4779006,0
          </coordinates>
        
        
      </Point>
      
      
    </Placemark>
    <Placemark>
      
        
      <name>DM REFRIGERACIÓN Transporte S.L. 🛠️ / Villarreal (Castellón)</name>
      
        
      <description>Reparaciones Aires acondicionados  /Camí de la Travessa, 11, 12540 Vila-real, Castellówww.dmrefrigeracion.com+34 964 52 33 32</description>
      
        
      <styleUrl>#icon-1590-1A237E</styleUrl>
      
        
      <Point>
        
          
        <coordinates>
            -0.0892469,39.9457264,0
          </coordinates>
        
        
      </Point>
      
      
    </Placemark>
    <Placemark>
      
        
      <name>TERMINAL EMBARQUE 🛳 / Ajaccio (FR)</name>
      
        
      <description>Terminal de Ajaccio </description>
      
        
      <styleUrl>#icon-1622-757575</styleUrl>
      
        
      <Point>
        
          
        <coordinates>
            8.7396893,41.9224133,0
          </coordinates>
        
        
      </Point>
      
      
    </Placemark>
    <Placemark>
      
        
      <name>Ivars Bilmuseum 🏛/ Hoting (Suecia)
</name>
      
        
      <description>Ivars BilmuseumVästra HOTING 370, 833 51 Hoting, Suecia www.ivarsbilmuseum.se +46 671 102 48 </description>
      
        
      <styleUrl>#icon-1636-A52714</styleUrl>
      
        
      <Point>
        
          
        <coordinates>
            16.1747537,64.1072282,0
          </coordinates>
        
        
      </Point>
      
      
    </Placemark>
    <Placemark>
      
        
      <name>C Y D - Jardín Botánico Marimurtra 🪴 / Blanes (Girona)</name>
      
        
      <description>2 Plazas reservadas, en temporada baja te puedes quedar. Pero piensa en compañer@ que tenga sitio para dejar o recoger grupo.</description>
      
        
      <styleUrl>#icon-1826-0F9D58</styleUrl>
      
        
      <Point>
        
          
        <coordinates>
            2.8052996,41.6777796,0
          </coordinates>
        
        
      </Point>
      
      
    </Placemark>
    <Placemark>
      
        
      <name>PROHIBICIÓN 3,5T ⛔️ / Blanes (Girona)</name>
      
        
      <description>Prohibido tenemo que hacer cambio sentido y salir por donde hemos entrado.</description>
      
        
      <styleUrl>#icon-1899-DB4436</styleUrl>
      
        
      <Point>
        
          
        <coordinates>
            2.8053766,41.6774666,0
          </coordinates>
        
        
      </Point>
      
      
    </Placemark>
    <Placemark>
      
        
      <name>C Y D 🔄 / Faro Cullera (Valencia)</name>
      
        
      <description>Punto donde se dejan y recogen para la visita al Faro de Cullera. No se puede subir.</description>
      
        
      <styleUrl>#icon-1826-0F9D58</styleUrl>
      
        
      <Point>
        
          
        <coordinates>
            -0.2197306,39.1840125,0
          </coordinates>
        
        
      </Point>
      
      
    </Placemark>
    <Placemark>
      
        
      <name>RUTA De Cares 🏞️ / Posada de Valdeón (León)</name>
      
        
      <description>En este punto se dejan los caminantes para hacer la Ruta de Cares.</description>
      
        
      <styleUrl>#icon-1826-0F9D58</styleUrl>
      
        
      <Point>
        
          
        <coordinates>
            -4.9176721,43.1514881,0
          </coordinates>
        
        
      </Point>
      
      
    </Placemark>
    <Placemark>
      
        
      <name>APARCAMIENTO 🅿️ / Requena (Valencia)</name>
      
        
      <description>Aparcamiento de tierra en Requena, cerca de Museo de Arte Contemporáneo, Palacio del Cid, Iglesia de S. Nicolás.</description>
      
        
      <styleUrl>#icon-1644-0288D1</styleUrl>
      
        
      <Point>
        
          
        <coordinates>
            -1.1030553,39.4840672,0
          </coordinates>
        
        
      </Point>
      
      
    </Placemark>
    <Placemark>
      
        
      <name>SANTUARIO Santo Cristo de Limpias / Cantabria </name>
      
        
      <description>Reservado para visitar la Población y el Santuario de Limpias.</description>
      
        
      <styleUrl>#icon-1670-E65100</styleUrl>
      
        
      <Point>
        
          
        <coordinates>
            -3.4176408,43.3647659,0
          </coordinates>
        
        
      </Point>
      
      
    </Placemark>
    <Placemark>
      
        
      <name>APARCAMIENTO 🅿️ / Göteborg (Suecia)</name>
      
        
      <description>Aparcamiento en linea en Göteborg. Suecia.</description>
      
        
      <styleUrl>#icon-1644-0288D1</styleUrl>
      
        
      <Point>
        
          
        <coordinates>
            11.993455,57.6908115,0
          </coordinates>
        
        
      </Point>
      
      
    </Placemark>
    <Placemark>
      
        
      <name>CAMBIO SENTIDO / Vilassar de Dalt (Barcelona)</name>
      
        
      <description>Aqui se hace cambio sentido para bajar la riera.</description>
      
        
      <styleUrl>#icon-1770-424242</styleUrl>
      
        
      <Point>
        
          
        <coordinates>
            2.354757,41.5205297,0
          </coordinates>
        
        
      </Point>
      
      
    </Placemark>
    <Placemark>
      
        
      <name>C Y D 🔄 💰 / Barcelona </name>
      
        
      <description>2 Plazas C y D de Pago / Se puede Usar aplicacion SPRO  o Máquina </description>
      
        
      <styleUrl>#icon-1826-0F9D58</styleUrl>
      
        
      <Point>
        
          
        <coordinates>
            2.1819942,41.3893942,0
          </coordinates>
        
        
      </Point>
      
      
    </Placemark>
    <Placemark>
      
        
      <name>Bodega El Paratge 🍷/ Lloret de Mar (Girona)</name>
      
        
      <description>Visitas para Grupos / Avinguda de les Alegries, S/N, 17310 Lloret de Mar, Girona+34 972 36 83 95</description>
      
        
      <styleUrl>#icon-1798-F9A825</styleUrl>
      
        
      <Point>
        
          
        <coordinates>
            2.8309082,41.7168356,0
          </coordinates>
        
        
      </Point>
      
      
    </Placemark>
    <Placemark>
      
        
      <name>VECTALIA ✔️</name>
      
        
      <description><![CDATA[Cocheras VECTALIA / C. Aparisi Guijarro, 14, 03015 Alicante (Alacant), Alicante <br>www.vectalia.es <br>+34 965 26 93 69]]></description>
      
        
      <styleUrl>#icon-1532-000000</styleUrl>
      
        
      <Point>
        
          
        <coordinates>
            -0.4788155,38.3652041,0
          </coordinates>
        
        
      </Point>
      
      
    </Placemark>
    <Placemark>
      
        
      <name>LAGUNA GLACIARES De Neila / Burgos</name>
      
        
      <description>Aparcamiento Mixto para vositar Lagunas de Neila.</description>
      
        
      <styleUrl>#icon-1542-3949AB</styleUrl>
      
        
      <Point>
        
          
        <coordinates>
            -3.0446774,42.0460894,0
          </coordinates>
        
        
      </Point>
      
      
    </Placemark>
    <Placemark>
      
        
      <name>RENFE Port Aventura🚂 / Salou (Tarragona)</name>
      
        
      <description>Renfe Port Aventura Salou / Av/ de Joan Fuster</description>
      
        
      <styleUrl>#icon-1717-AFB42B</styleUrl>
      
        
      <Point>
        
          
        <coordinates>
            1.1459338,41.0877985,0
          </coordinates>
        
        
      </Point>
      
      
    </Placemark>
    <Placemark>
      
        
      <name>LAVADERO Automático💧 / Córdoba </name>
      
        
      <description>Lavadero en Av. de la Torrecilla, 41, 14013 Córdoba www.cercadeti.cepsa.es  +34 957 84 55 75</description>
      
        
      <styleUrl>#icon-1702-0097A7</styleUrl>
      
        
      <Point>
        
          
        <coordinates>
            -4.7965284,37.8538123,0
          </coordinates>
        
        
      </Point>
      
      
    </Placemark>
    <Placemark>
      
        
      <name>BODEGAS Andrade🍷 / Bollullos Par del Condado / (Huelva</name>
      
        
      <description>Av. de la Coronación, 35, 21710 Bollullos Par del Condado, Huelva www.bodegasandrade.es +34 959 41 01 06</description>
      
        
      <styleUrl>#icon-1798-F9A825</styleUrl>
      
        
      <Point>
        
          
        <coordinates>
            -6.5411078,37.3411199,0
          </coordinates>
        
        
      </Point>
      
      
    </Placemark>
    <Placemark>
      
        
      <name>LAVADO Y ENGRASE Trujillo y Salas S.L 💧🛠 / Huelva </name>
      
        
      <description>Pol. Ind. Tartessos, C/. E. 196, 21007 Huelva www.trujilloysalas.com +34 670 20 20 78</description>
      
        
      <styleUrl>#icon-1702-0097A7</styleUrl>
      
        
      <Point>
        
          
        <coordinates>
            -6.874603,37.3082001,0
          </coordinates>
        
        
      </Point>
      
      
    </Placemark>
    <Placemark>
      
        
      <name>TERMINAL Cruceros🛳 / Barcelona </name>
      
        
      <description>Terminal Cruceros Transmediterranea</description>
      
        
      <styleUrl>#icon-1622-757575</styleUrl>
      
        
      <Point>
        
          
        <coordinates>
            2.1780839,41.3725056,0
          </coordinates>
        
        
      </Point>
      
      
    </Placemark>
    <Placemark>
      
        
      <name>C Y D 🔄 / Virje (Croacia)</name>
      
        
      <description>Punto donde podras hacer La C Y D en Virje * Croacia)</description>
      
        
      <styleUrl>#icon-1826-0F9D58</styleUrl>
      
        
      <Point>
        
          
        <coordinates>
            16.9893333,46.0656046,0
          </coordinates>
        
        
      </Point>
      
      
    </Placemark>
    <Placemark>
      
        
      <name>ULLALS DE BALTASAR 📷</name>
      
        
      <description>Camino de tierra para ver mirador / Se puese entrar y dar la vuelta.</description>
      
        
      <styleUrl>#icon-1542-3949AB</styleUrl>
      
        
      <Point>
        
          
        <coordinates>
            0.5927172,40.6728478,0
          </coordinates>
        
        
      </Point>
      
      
    </Placemark>
    <Placemark>
      
        
      <name>C Y D 🔄 / Amposta (Tarragona)</name>
      
        
      <description>Aqui puedes C Y D  para que vayan a ver el Puente Colgante de Amposta.</description>
      
        
      <styleUrl>#icon-1826-0F9D58</styleUrl>
      
        
      <Point>
        
          
        <coordinates>
            0.5834207,40.7128029,0
          </coordinates>
        
        
      </Point>
      
      
    </Placemark>
    <Placemark>
      
        
      <name>PARQUE DEL LABERINTO 📷 / Barcelona </name>
      
        
      <description>Parque del Laberinto.te quedas en medio encarado para salir.</description>
      
        
      <styleUrl>#icon-1542-3949AB</styleUrl>
      
        
      <Point>
        
          
        <coordinates>
            2.1469166,41.4386917,0
          </coordinates>
        
        
      </Point>
      
      
    </Placemark>
    <Placemark>
      
        
      <name>LAVADERO Cataluña y Aragón 💧/ Soses (Lérida)</name>
      
        
      <description>Lavadero/  Máquina  de lavado A2 Soses. Lérida </description>
      
        
      <styleUrl>#icon-1702-0097A7</styleUrl>
      
        
      <Point>
        
          
        <coordinates>
            0.4769709,41.5451862,0
          </coordinates>
        
        
      </Point>
      
      
    </Placemark>
    <Placemark>
      
        
      <name>LAVADERO Automático 💧 / Madrid </name>
      
        
      <description>Lavadero entrada por Av/ Real de Pinto.</description>
      
        
      <styleUrl>#icon-1702-0097A7</styleUrl>
      
        
      <Point>
        
          
        <coordinates>
            -3.7141648,40.3321552,0
          </coordinates>
        
        
      </Point>
      
      
    </Placemark>
    <Placemark>
      
        
      <name>C Y D 🔄💰 / Barcelona</name>
      
        
      <description>C Y D Av/ Diagonal 355. DE PAGO / Max10Min. Aplicación SPRO</description>
      
        
      <styleUrl>#icon-1826-3949AB</styleUrl>
      
        
      <Point>
        
          
        <coordinates>
            2.1641,41.3976634,0
          </coordinates>
        
        
      </Point>
      
      
    </Placemark>
    <Placemark>
      
        
      <name><![CDATA[ALBERGUE L' Orri de Pallars 🚸 / Montardit de Baix Lleida(Lérida)]]></name>
      
        
      <description>Albergue donde se suele llevar escolares / Basses s/n,  Montardit de Baix, Lleida www.orridelpallars.cat +34 973 62 12 92</description>
      
        
      <styleUrl>#icon-1682-673AB7</styleUrl>
      
        
      <Point>
        
          
        <coordinates>
            1.115219,42.3840587,0
          </coordinates>
        
        
      </Point>
      
      
    </Placemark>
    <Placemark>
      
        
      <name>ROC ROI Adventure 🛶 / Llavorsí (Lérida)</name>
      
        
      <description>RAFTING / Hort de Rei s/n, 25595 Llavorsí, Lérida www.rocroi.com +34 973 62 20 35</description>
      
        
      <styleUrl>#icon-1536-817717</styleUrl>
      
        
      <Point>
        
          
        <coordinates>
            1.206382,42.4809801,0
          </coordinates>
        
        
      </Point>
      
      
    </Placemark>
    <Placemark>
      
        
      <name><![CDATA[ROC ROI Adventure 🛶 / La Guingueta D'Aneu (Lérida)
]]></name>
      
        
      <description><![CDATA[Pantà de la Torrasa, C-13, La Guingueta D'Aneu Lérida<br>www.rocroi.com<br>+34 973 62 20 35]]></description>
      
        
      <styleUrl>#icon-1536-817717</styleUrl>
      
        
      <Point>
        
          
        <coordinates>
            1.1334868,42.585223,0
          </coordinates>
        
        
      </Point>
      
      
    </Placemark>
    <Placemark>
      
        
      <name>INFO : NO Pasar con 15m</name>
      
        
      <description>Carretera CV-589  Si Vas al Camping El Teularet IMPOSIBLE con un 15m en este punto te quedas pillado.</description>
      
        
      <styleUrl>#icon-1608-3949AB</styleUrl>
      
        
      <Point>
        
          
        <coordinates>
            -0.7752697,38.8919757,0
          </coordinates>
        
        
      </Point>
      
      
    </Placemark>
    <Placemark>
      
        
      <name>PARA TI👌 Codfish Tavern / Fátima (PO)</name>
      
        
      <description>Si vas Solo, sin Grupo /si tienes día o tiempo libre / R. Francisco Marto 28, 2495-448 Fátima, Portugal www.tabernadobacalhau.pt +351 249 538 420</description>
      
        
      <styleUrl>#icon-1803-757575</styleUrl>
      
        
      <Point>
        
          
        <coordinates>
            -8.666859,39.6274793,0
          </coordinates>
        
        
      </Point>
      
      
    </Placemark>
    <Placemark>
      
        
      <name>PARA TI 👌 O Portal / Fátima (PO)</name>
      
        
      <description>Si vas Solo, sin Grupo /si tienes día o tiempo libre / R. da Rainha Santa Isabel C, 2495-424 Fátima, Portugal+351 249 531 689</description>
      
        
      <styleUrl>#icon-1803-757575</styleUrl>
      
        
      <Point>
        
          
        <coordinates>
            -8.6708231,39.6286205,0
          </coordinates>
        
        
      </Point>
      
      
    </Placemark>
    <Placemark>
      
        
      <name>PARA TI 👌  O Benfiquista /  Fátima (PO)</name>
      
        
      <description>Si vas Solo, sin Grupo /si tienes día o tiempo libre / O BenfiquistaR. Jacinta Marto 3, 2495-450 Fátima, Portugal+351 919 541 169</description>
      
        
      <styleUrl>#icon-1803-757575</styleUrl>
      
        
      <Point>
        
          
        <coordinates>
            -8.6767083,39.6312594,0
          </coordinates>
        
        
      </Point>
      
      
    </Placemark>
    <Placemark>
      
        
      <name>COLEGIO San Jose JESUITAS 🚸 / Valencia </name>
      
        
      <description>Av. de les Corts Valencianes, 1, 46015 València, Valencia www.escuelassj.com +34 963 49 90 11</description>
      
        
      <styleUrl>#icon-1682-FFD600</styleUrl>
      
        
      <Point>
        
          
        <coordinates>
            -0.3974055,39.4870533,0
          </coordinates>
        
        
      </Point>
      
      
    </Placemark>
    <Placemark>
      
        
      <name>MUSEO De La Pell 🏛 / Igualada (Barcelona)</name>
      
        
      <description>Punto donde se pueden dejar para la visita del Museo. / Se recomienda no pasar con coche grande.Ronda del Rec , Igualada.</description>
      
        
      <styleUrl>#icon-1636-A52714</styleUrl>
      
        
      <Point>
        
          
        <coordinates>
            1.6130419,41.575906,0
          </coordinates>
        
        
      </Point>
      
      
    </Placemark>
    <Placemark>
      
        
      <name>ÁREA SERVICIO 🍽️ / Altube (Álava)</name>
      
        
      <description>Autopista Ap-68, Km. 36 Dir, 01139 Bilbao, Álava smarttravelers.areas.com +34 945 43 01 50</description>
      
        
      <styleUrl>#icon-1577-795548</styleUrl>
      
        
      <Point>
        
          
        <coordinates>
            -2.8693378,42.966246,0
          </coordinates>
        
        
      </Point>
      
      
    </Placemark>
    <Placemark>
      
        
      <name>ENTRADA Y SALIDA Mont de Sant Benet</name>
      
        
      <description>Se entra y se sale por aquí/ Antes no se podía por la barandilla del puente, Pero eso ya está solucionado.</description>
      
        
      <styleUrl>#line-FFD600-4035</styleUrl>
      
        
      <LineString>
        
          
        <tessellate>1</tessellate>
        
          
        <coordinates>
            1.8925457,41.756264,0
            1.8925773,41.7561567,0
            1.8926528,41.7556005,0
            1.8927224,41.7550878,0
            1.8926216,41.7547108,0
            1.8924243,41.7541003,0
            1.8923571,41.7538299,0
            1.8920599,41.7537885,0
            1.8919425,41.7537549,0
            1.8918489,41.7536777,0
            1.8917997,41.7534137,0
            1.8917933,41.753314,0
            1.8917472,41.7529393,0
            1.8916964,41.7525326,0
            1.891658,41.7517186,0
            1.8916927,41.7514816,0
            1.8917663,41.7513264,0
            1.8918733,41.7511693,0
            1.8919409,41.7510292,0
            1.8923714,41.7504067,0
            1.8926539,41.7500146,0
            1.8928928,41.749693,0
            1.8934779,41.7492068,0
            1.8940842,41.7487864,0
            1.8944321,41.7485729,0
            1.8948484,41.748387,0
            1.8953335,41.7481705,0
            1.895793,41.7480532,0
            1.8963187,41.7478923,0
            1.8967079,41.747783,0
            1.8970649,41.7476817,0
            1.8973414,41.7476439,0
            1.8975273,41.747591,0
            1.8979116,41.747408,0
            1.8982076,41.7471844,0
            1.8983279,41.746975,0
            1.8985889,41.7468371,0
            1.8988394,41.7467323,0
            1.8990934,41.746616,0
            1.8992358,41.7465719,0
            1.899404,41.7465428,0
            1.8995781,41.7465476,0
            1.8999763,41.7466117,0
            1.9003479,41.746701,0
            1.9007373,41.7456317,0
            1.9010949,41.7445833,0
            1.9011928,41.7442617,0
            1.9013573,41.7442505,0
            1.9017662,41.7446326,0
            1.9019633,41.7447226,0
            1.9022029,41.7447793,0
            1.9023073,41.7447822,0
            1.9023979,41.744795,0
            1.9024445,41.7447651,0
          </coordinates>
        
        
      </LineString>
      
      
    </Placemark>
    <Placemark>
      
        
      <name>INFO: Entrada / Salida Mont de Sant Benet</name>
      
        
      <description>YA NO ESTÁ LA BARANDILLA DEL PUENTE QUE HACIA QUE NO PUDIÉRAMOS PASAR. Ahora se pasa sin problema </description>
      
        
      <styleUrl>#icon-1608-3949AB</styleUrl>
      
        
      <Point>
        
          
        <coordinates>
            1.892564,41.7562103,0
          </coordinates>
        
        
      </Point>
      
      
    </Placemark>
    <Placemark>
      
        
      <name>AEROPUERTO de Kuusamo ✈️ / Kuusamo (Finlandia)</name>
      
        
      <description>Lentokentäntie, 93600 Kuusamo, Finlandiawww.finavia.fi +358 20 7088801</description>
      
        
      <styleUrl>#icon-1504-880E4F</styleUrl>
      
        
      <Point>
        
          
        <coordinates>
            29.2274764,65.9965986,0
          </coordinates>
        
        
      </Point>
      
      
    </Placemark>
    <Placemark>
      
        
      <name>EUROMASTER Torrejón 🛠 / Madrid </name>
      
        
      <description><![CDATA[Tambien se desplazan / II, C. Sierra de Guadarrama, 8, 28830 Pol. Ind. San Fernando, Madrid <br>www.euromaster-neumaticos.es <br>+34 910 88 46 22]]></description>
      
        
      <styleUrl>#icon-1590-1A237E</styleUrl>
      
        
      <Point>
        
          
        <coordinates>
            -3.5088223,40.449221,0
          </coordinates>
        
        
      </Point>
      
      
    </Placemark>
    <Placemark>
      
        
      <name>COLEGIO Enxaneta 🚸 / Terrassa (Barcelona)</name>
      
        
      <description>Se recogen escilares en Av/ de Bejar de Terrassa. www.agora.xtec.cat+34 937 34 94 25</description>
      
        
      <styleUrl>#icon-1682-FFD600</styleUrl>
      
        
      <Point>
        
          
        <coordinates>
            2.0109934,41.5798146,0
          </coordinates>
        
        
      </Point>
      
      
    </Placemark>
    <Placemark>
      
        
      <name>IES Rodríguez Moñino 🚸 / Badajoz</name>
      
        
      <description>Instituto Rodríguez Moñino C / Doroteo Morales Benítez </description>
      
        
      <styleUrl>#icon-1682-FFD600</styleUrl>
      
        
      <Point>
        
          
        <coordinates>
            -6.9844741,38.8745675,0
          </coordinates>
        
        
      </Point>
      
      
    </Placemark>
    <Placemark>
      
        
      <name>COLEGIO Argentona 🚸 / Argentona (Barcelona)</name>
      
        
      <description>Se recogen en Av/ Països Catalans / Al final de la calle se puede hacer el cambio de sentido.</description>
      
        
      <styleUrl>#icon-1682-FFD600</styleUrl>
      
        
      <Point>
        
          
        <coordinates>
            2.4057353,41.5504436,0
          </coordinates>
        
        
      </Point>
      
      
    </Placemark>
    <Placemark>
      
        
      <name>INSTITUTO Sunsi Móra 🚸 / Canet de Mar (Barcelona)</name>
      
        
      <description>Punto de C Y D del Instituto Sunsi Móra de Canet, se hace el cambio de sentido sin problema.</description>
      
        
      <styleUrl>#icon-1682-FFD600</styleUrl>
      
        
      <Point>
        
          
        <coordinates>
            2.5698239,41.5987683,0
          </coordinates>
        
        
      </Point>
      
      
    </Placemark>
    <Placemark>
      
        
      <name>ACTIVIDADES Kayac 🚸 / Playa Migjorn (Tarragona)</name>
      
        
      <description>Punto donde se dejan Grupos para las Actividades en Kayac, en la Playa Migjorn</description>
      
        
      <styleUrl>#icon-1682-673AB7</styleUrl>
      
        
      <Point>
        
          
        <coordinates>
            0.8531049,40.6845136,0
          </coordinates>
        
        
      </Point>
      
      
    </Placemark>
    <Placemark>
      
        
      <name>Lookout Chateaux Lastours / Lastoues (FR)</name>
      
        
      <description>Le Belvédère, 11600 Lastours, www.Franciachateaux-de-lastours.fr +33 9 62 54 56 01</description>
      
        
      <styleUrl>#icon-1535-757575</styleUrl>
      
        
      <Point>
        
          
        <coordinates>
            2.3720127,43.3331196,0
          </coordinates>
        
        
      </Point>
      
      
    </Placemark>
    <Placemark>
      
        
      <name>COLEGIO Pla de Mar 🚸 /Comarruga (Tarragona)</name>
      
        
      <description>Resevado colegio, puedes aparcar fuera del horario escolar 1 Plaza.</description>
      
        
      <styleUrl>#icon-1682-FFD600</styleUrl>
      
        
      <Point>
        
          
        <coordinates>
            1.5242565,41.1884858,0
          </coordinates>
        
        
      </Point>
      
      
    </Placemark>
    <Placemark>
      
        
      <name>CAN GUIXOT DE 8 🚸 / Taradell (Barcelona)</name>
      
        
      <description><![CDATA[Aparcas en la puerta / Can Guixot, s/n, 08552 Taradell, Barcelona <br>www.guixotde8.com ]]></description>
      
        
      <styleUrl>#icon-1682-673AB7</styleUrl>
      
        
      <Point>
        
          
        <coordinates>
            2.2818797,41.8761963,0
          </coordinates>
        
        
      </Point>
      
      
    </Placemark>
    <Placemark>
      
        
      <name>PARQUE Can cases 🏕 /Martorell (Barcelona)</name>
      
        
      <description>Parque donde se suele llevar escolares para pasar el dia.</description>
      
        
      <styleUrl>#icon-1542-3949AB</styleUrl>
      
        
      <Point>
        
          
        <coordinates>
            1.9009162,41.4869883,0
          </coordinates>
        
        
      </Point>
      
      
    </Placemark>
    <Placemark>
      
        
      <name>COLEGIO Avinyonet🚸 /Avinyonet del Penedès (Barcelona)</name>
      
        
      <description>Escuela de Avinyonet del C/ Cabories Barcelona www.escolaavinyonet.org  +34 608 10 64 00</description>
      
        
      <styleUrl>#icon-1682-FFD600</styleUrl>
      
        
      <Point>
        
          
        <coordinates>
            1.7830734,41.3599635,0
          </coordinates>
        
        
      </Point>
      
      
    </Placemark>
    <Placemark>
      
        
      <name>C Y D 🔄 / Calella (Barcelona)</name>
      
        
      <styleUrl>#line-0288D1-4448-nodesc</styleUrl>
      
        
      <LineString>
        
          
        <tessellate>1</tessellate>
        
          
        <coordinates>
            2.6513209,41.6104689,0
            2.6518204,41.6105985,0
            2.6534893,41.6110032,0
            2.6536217,41.6110324,0
          </coordinates>
        
        
      </LineString>
      
      
    </Placemark>
    <Placemark>
      
        
      <name>TERMINAL De Balearia 🛳 /Valencia </name>
      
        
      <description>Andenes para Dejar o recoger pasajeros en la Terminal de Balearia.  Puerto Valencia</description>
      
        
      <styleUrl>#icon-1622-757575</styleUrl>
      
        
      <Point>
        
          
        <coordinates>
            -0.3254561,39.4461315,0
          </coordinates>
        
        
      </Point>
      
      
    </Placemark>
    <Placemark>
      
        
      <name><![CDATA[ESCUELA Vela y Kayak S.Pol / S'Agaró (Girona)]]></name>
      
        
      <description>Puntonpara dejar grupos para los Kayaks / Escuela de vela y kayak Sant Pol - Costa Brava</description>
      
        
      <styleUrl>#icon-1536-817717</styleUrl>
      
        
      <Point>
        
          
        <coordinates>
            3.0483912,41.7917301,0
          </coordinates>
        
        
      </Point>
      
      
    </Placemark>
    <Placemark>
      
        
      <name>MECÁNICO Transifret Aire Acondicionado 🛠 / La Nucía (Alicante)</name>
      
        
      <description>Pol.Ind. La Alberca., C. Villajoyosa, 9, 03530 La Nucía, Alicante www.transifret.com +34 966 89 79 70</description>
      
        
      <styleUrl>#icon-1590-3949AB</styleUrl>
      
        
      <Point>
        
          
        <coordinates>
            -0.1344318,38.6029618,0
          </coordinates>
        
        
      </Point>
      
      
    </Placemark>
    <Placemark>
      
        
      <name>COLEGIO Francisco Candela 🚸/ Crevillente (Alicante)</name>
      
        
      <description>C. Manuel Sanchis Guarner, 3, 03330 Crevillente, Alicante www.fcandela.edu.gva.es +34 966 91 53 95</description>
      
        
      <styleUrl>#icon-1682-FFD600</styleUrl>
      
        
      <Point>
        
          
        <coordinates>
            -0.8019083,38.2517672,0
          </coordinates>
        
        
      </Point>
      
      
    </Placemark>
    <Placemark>
      
        
      <name>CAMBIO DE SENTIDO ℹ️/ Santa Fé del Montseny </name>
      
        
      <description>Lugar para poder hacer el cambio de sentido indicado con señales.</description>
      
        
      <styleUrl>#icon-1770-424242</styleUrl>
      
        
      <Point>
        
          
        <coordinates>
            2.4634258,41.7730155,0
          </coordinates>
        
        
      </Point>
      
      
    </Placemark>
    <Placemark>
      
        
      <name>ÁREA SERVICIO Túnel del Cadí</name>
      
        
      <description>Después de Pasar y Pagar el Túnel esta el área.</description>
      
        
      <styleUrl>#icon-1577-795548</styleUrl>
      
        
      <Point>
        
          
        <coordinates>
            1.8344415,42.3456193,0
          </coordinates>
        
        
      </Point>
      
      
    </Placemark>
    <Placemark>
      
        
      <name>DERCAR 🛠 / Santa Coloma de Farners (Girona)</name>
      
        
      <description>Reparaciones Chapa- Pintura / Aire Acondicionado.  Polígon Can Simón, Carrer Can Simón n°4 17430, 17430 Santa Coloma de Farners, Girona www.dercar.cat +34 937 65 02 41</description>
      
        
      <styleUrl>#icon-1590-1A237E</styleUrl>
      
        
      <Point>
        
          
        <coordinates>
            2.6825066,41.8524453,0
          </coordinates>
        
        
      </Point>
      
      
    </Placemark>
    <Placemark>
      
        
      <name>ALBERGUE Xanascat 🚸 / Cabrera de Mar (Barcelona)</name>
      
        
      <description>Se puede entrar / Se dejan en este punto, cuidado al hacer la maniobra con el árbol. / Este albergue tambien se conoce como Santa Elena.</description>
      
        
      <styleUrl>#icon-1682-673AB7</styleUrl>
      
        
      <Point>
        
          
        <coordinates>
            2.4038726,41.5351414,0
          </coordinates>
        
        
      </Point>
      
      
    </Placemark>
    <Placemark>
      
        
      <name>FUNDACIÓN Can Parcala 🚸 / Cabrera de Mar (Barcelona)</name>
      
        
      <description>Se puede entrar y hacer maniobra sin problemas.</description>
      
        
      <styleUrl>#icon-1682-673AB7</styleUrl>
      
        
      <Point>
        
          
        <coordinates>
            2.4076964,41.5369424,0
          </coordinates>
        
        
      </Point>
      
      
    </Placemark>
    <Placemark>
      
        
      <name>C Y D 🔄 / Griébal (Huesca)</name>
      
        
      <description>Aqui se dejan y aqui se recojen no se puede llegar. A Griébal Scout center</description>
      
        
      <styleUrl>#icon-1826-0F9D58</styleUrl>
      
        
      <Point>
        
          
        <coordinates>
            0.1975852,42.3943662,0
          </coordinates>
        
        
      </Point>
      
      
    </Placemark>
    <Placemark>
      
        
      <name>Talleres Fravi 🛠 /San Fernando de Henares (Madrid)</name>
      
        
      <description>Reparaciones en General, lunas, Neumáticos / . Sierra de Guadarrama, 26, San Fernando de Henares, Madrid+34 916 77 07 14</description>
      
        
      <styleUrl>#icon-1590-1A237E</styleUrl>
      
        
      <Point>
        
          
        <coordinates>
            -3.5046243,40.4502144,0
          </coordinates>
        
        
      </Point>
      
      
    </Placemark>
    <Placemark>
      
        
      <name>Talleres Sierra S.L🛠 / Madrid </name>
      
        
      <description>Talleres vehículos industriales/. de Andalucía,  Madrid www.talleressierra.com +34 917 96 73 15</description>
      
        
      <styleUrl>#icon-1590-3949AB</styleUrl>
      
        
      <Point>
        
          
        <coordinates>
            -3.6932457,40.3479187,0
          </coordinates>
        
        
      </Point>
      
      
    </Placemark>
    <Placemark>
      
        
      <name>AEROPUERTO Valladolid ✈️ / Villanubla (Valladolid)</name>
      
        
      <description>Punto donde puedes dejar pasajeros en Aeropuerto</description>
      
        
      <styleUrl>#icon-1504-880E4F</styleUrl>
      
        
      <Point>
        
          
        <coordinates>
            -4.84547,41.7053762,0
          </coordinates>
        
        
      </Point>
      
      
    </Placemark>
    <Placemark>
      
        
      <name>AQUALANDIA Benidorm</name>
      
        
      <description><![CDATA[Sierra Helada, s/n, 03503 Benidorm, Alicante<br>www.aqualandia.net<br>+34 965 86 01 00]]></description>
      
        
      <styleUrl>#icon-1502-C2185B</styleUrl>
      
        
      <Point>
        
          
        <coordinates>
            -0.0946596,38.5423372,0
          </coordinates>
        
        
      </Point>
      
      
    </Placemark>
    <Placemark>
      
        
      <name>GUÍA Turística 🚩/ Lisboa (PO)
</name>
      
        
      <description><![CDATA[Punto de encuentro para recoger Guia en Lisboa.<br>GUÍA Turística 🚩/ Lisboa (PO)<br>Punto de encuentro.]]></description>
      
        
      <styleUrl>#icon-1899-DB4436</styleUrl>
      
        
      <Point>
        
          
        <coordinates>
            -9.1510064,38.7249634,0
          </coordinates>
        
        
      </Point>
      
      
    </Placemark>
    <Placemark>
      
        
      <name>SUPERMERCADO ALDI 🛒 / Fátima (PO)</name>
      
        
      <description>Para reponer Nevera, puedes aparcar en la Calle de Al lado.</description>
      
        
      <styleUrl>#icon-1685-A52714</styleUrl>
      
        
      <Point>
        
          
        <coordinates>
            -8.6659719,39.6319386,0
          </coordinates>
        
        
      </Point>
      
      
    </Placemark>
    <Placemark>
      
        
      <name>DEGUSTACIÓN A Garrafeira / Vinos y Licores</name>
      
        
      <description>Degustacion para Grupos de vinos y licores detalle con Chofer y Guía. Teléfono +351 249 539 260</description>
      
        
      <styleUrl>#icon-1769-000000</styleUrl>
      
        
      <Point>
        
          
        <coordinates>
            -8.6823903,39.6340358,0
          </coordinates>
        
        
      </Point>
      
      
    </Placemark>
    <Placemark>
      
        
      <name>ÁREA LaTorre 🍽 / Villarobledo (Albacete)</name>
      
        
      <description><![CDATA[Perfecto para descansos de 15' / 30' / 45. CM-3111, Villarrobledo, Albacete +34 926 53 92 45 ' ]]></description>
      
        
      <styleUrl>#icon-1577-795548</styleUrl>
      
        
      <Point>
        
          
        <coordinates>
            -2.7095301,39.2062396,0
          </coordinates>
        
        
      </Point>
      
      
    </Placemark>
    <Placemark>
      
        
      <name>ESPAI Laru 🚸 / Mataró (Barcelona)</name>
      
        
      <description>Se puede entrar, estrecho pero bien.Riera Can Gener, 20, 08304 </description>
      
        
      <styleUrl>#icon-1519-01579B</styleUrl>
      
        
      <Point>
        
          
        <coordinates>
            2.4359174,41.5655907,0
          </coordinates>
        
        
      </Point>
      
      
    </Placemark>
    <Placemark>
      
        
      <name>BODAS Cal Iborra 💍 / Mataró (Barcelona)</name>
      
        
      <description>Sw puede entrar pero hay que salir de culo hasta la curva / De noche OJO que no se ve mucho</description>
      
        
      <styleUrl>#icon-1613-F9A825</styleUrl>
      
        
      <Point>
        
          
        <coordinates>
            2.4391694,41.5661261,0
          </coordinates>
        
        
      </Point>
      
      
    </Placemark>
    <Placemark>
      
        
      <name>COLEGIO La Salle 🚸 / Zarautz  (Guipúzcoa)</name>
      
        
      <description>Plazas Colegio La Salle Kalea, 2, 20800 Zarautz, Gipuzkoa</description>
      
        
      <styleUrl>#icon-1682-FFD600</styleUrl>
      
        
      <Point>
        
          
        <coordinates>
            -2.1760788,43.2786626,0
          </coordinates>
        
        
      </Point>
      
      
    </Placemark>
    <Placemark>
      
        
      <name>COLEGIO SEK 🚸/ La Garriga (Barcelona)</name>
      
        
      <description>Entrada al Colegio Internacional SEK-Catalunya / C  y D  Rutas escolares y excursiones.</description>
      
        
      <styleUrl>#icon-1682-673AB7</styleUrl>
      
        
      <Point>
        
          
        <coordinates>
            2.2795924,41.6957173,0
          </coordinates>
        
        
      </Point>
      
      
    </Placemark>
    <Placemark>
      
        
      <name>BODAS El Banquet  / Premià de Dalt (Barcelona)</name>
      
        
      <description>Se puede entrar dentro y dar la vuelta sin problemas.Carretera de Premià de mar a Premia de Dalt 70, 08338 Premià de Dalt, Barcelona+34 937 54 71 72</description>
      
        
      <styleUrl>#icon-1613-F9A825</styleUrl>
      
        
      <Point>
        
          
        <coordinates>
            2.3459706,41.5009488,0
          </coordinates>
        
        
      </Point>
      
      
    </Placemark>
    <Placemark>
      
        
      <name><![CDATA[ALBERGUE Eurostage 🚸 / Caldes D'Estrac (Barcelona)]]></name>
      
        
      <description><![CDATA[Albergue en Riera OJO !! Al hacer cambio df sentido / o dube marcha atras desde el cruce / Carrer Riera Dinora, S-N, 08350 Caldes d'Estrac, Barcelona es.eurostage.cat +34 937 91 24 ]]></description>
      
        
      <styleUrl>#icon-1682-673AB7</styleUrl>
      
        
      <Point>
        
          
        <coordinates>
            2.5214619,41.5799808,0
          </coordinates>
        
        
      </Point>
      
      
    </Placemark>
    <Placemark>
      
        
      <name>COLEGIO Esclavas del Divino Corazón 🚸 / Málaga</name>
      
        
      <description><![CDATA[Calle sin salida  C Y D Colegio. / Esclavas del Divino Corazón Provincia España Sur Curia Provincial.<br>Callejón De Valera, 0 S/N, 29018 Málaga<br>+34 952 29 09 34]]></description>
      
        
      <styleUrl>#icon-1682-FFD600</styleUrl>
      
        
      <Point>
        
          
        <coordinates>
            -4.3771612,36.7252283,0
          </coordinates>
        
        
      </Point>
      
      
    </Placemark>
    <Placemark>
      
        
      <name>COLEGIO León XIII 🚸/ Málaga </name>
      
        
      <description><![CDATA[Se entra dentro / C. Fernández Shaw, 88, 29018 Málaga <br>www.colegioleonxiii.com <br>+34 952 29 11 45]]></description>
      
        
      <styleUrl>#icon-1682-FFD600</styleUrl>
      
        
      <Point>
        
          
        <coordinates>
            -4.3740092,36.7281324,0
          </coordinates>
        
        
      </Point>
      
      
    </Placemark>
    <Placemark>
      
        
      <name>VIVERES🛒 /  Ponte de Sor (PO)</name>
      
        
      <description>Supermercado para comprar con facil aparcamiento al lado.</description>
      
        
      <styleUrl>#icon-1685-A52714</styleUrl>
      
        
      <Point>
        
          
        <coordinates>
            -8.0133012,39.2682009,0
          </coordinates>
        
        
      </Point>
      
      
    </Placemark>
    <Placemark>
      
        
      <name>Transports Pagès ✔️ / Thuir (FR)</name>
      
        
      <description>2 Rue de la Salanque, 66300 Thuir, Francia+33 4 68 53 17 57</description>
      
        
      <styleUrl>#icon-1532-000000</styleUrl>
      
        
      <Point>
        
          
        <coordinates>
            2.7651953,42.6293543,0
          </coordinates>
        
        
      </Point>
      
      
    </Placemark>
    <Placemark>
      
        
      <name>CABO De Gata 📸 / Almería </name>
      
        
      <description>Antes no se podia subir ahora Se puede subir sin problema./Faro de, AL-3115, 04150 Cabo de Gata, Almería www.juntadeandalucia.es</description>
      
        
      <styleUrl>#icon-1502-C2185B</styleUrl>
      
        
      <Point>
        
          
        <coordinates>
            -2.19193,36.7221646,0
          </coordinates>
        
        
      </Point>
      
      
    </Placemark>
    <Placemark>
      
        
      <name>PASTELERIA Cal Puigfel (Degustación) 😋/ Anglesola (Lérida)</name>
      
        
      <description>Aceptan Grupos / Degustación / Regalan cajita de pastelitos al chofer y al Guia.  Av. Catalunya, 39, 25320 Anglesola, Lleida www.calpuigfel.com +34 973 30 80 90</description>
      
        
      <styleUrl>#icon-1769-000000</styleUrl>
      
        
      <Point>
        
          
        <coordinates>
            1.0832367,41.6573263,0
          </coordinates>
        
        
      </Point>
      
      
    </Placemark>
    <Placemark>
      
        
      <name>IES Almera 🚸 / Vilassar de Dalt  (Barcelona)</name>
      
        
      <description>Entrada por La Riera Targa y subir por C /Rafart .Quedate al princioio de la calle si no tienes sitio / para salir ultima calle de la subida a la derecha. No te metas por otra que te quedas pillado.</description>
      
        
      <styleUrl>#icon-1682-FFD600</styleUrl>
      
        
      <Point>
        
          
        <coordinates>
            2.3608486,41.5207477,0
          </coordinates>
        
        
      </Point>
      
      
    </Placemark>
    <Placemark>
      
        
      <name>VENTA EL Pan 🍽 / Las Cabezas de San Juan (Sevilla)</name>
      
        
      <description>Buen sitio para hacer un descanso de 15 o 30 o 45 minutos/ Buen trato con chofer y pasajeros.</description>
      
        
      <styleUrl>#icon-1577-795548</styleUrl>
      
        
      <Point>
        
          
        <coordinates>
            -5.959993,36.9760871,0
          </coordinates>
        
        
      </Point>
      
      
    </Placemark>
    <Placemark>
      
        
      <name>IES Llavaneres 🚸 / S.Andreu de Llavaneres (Barcelona)</name>
      
        
      <description>Punto de Recogida de Instituto, Rotonda cojonera. Con Pendiente y papis aparcados.</description>
      
        
      <styleUrl>#icon-1682-FFD600</styleUrl>
      
        
      <Point>
        
          
        <coordinates>
            2.4890257,41.570972,0
          </coordinates>
        
        
      </Point>
      
      
    </Placemark>
    <Placemark>
      
        
      <name>ℹ️SALIDA Colegio Sant Feliu </name>
      
        
      <description>Ruta a seguir hay algun tramo estrecho pero se pasa con un 13 Metros. 15m NO!!</description>
      
        
      <styleUrl>#line-F9A825-4586</styleUrl>
      
        
      <LineString>
        
          
        <tessellate>1</tessellate>
        
          
        <coordinates>
            2.3934633,41.5278612,0
            2.3934743,41.5279889,0
            2.3934724,41.5281491,0
            2.3934514,41.5282941,0
            2.3934022,41.5284165,0
            2.3933446,41.5286748,0
            2.3932968,41.5288306,0
            2.3932176,41.5290031,0
            2.3931276,41.5290966,0
            2.3929898,41.5291604,0
            2.3928132,41.5292671,0
            2.3927707,41.5293396,0
            2.3927597,41.5293986,0
            2.3927464,41.5294688,0
            2.3927997,41.5295992,0
            2.3929101,41.5299484,0
            2.3929011,41.5300674,0
            2.3928881,41.5301074,0
            2.3929301,41.5302857,0
            2.3929775,41.5303352,0
            2.3930373,41.5303575,0
            2.3930912,41.5303392,0
            2.393137,41.5302828,0
            2.3931748,41.5301133,0
            2.3932056,41.5300423,0
            2.3933288,41.529886,0
            2.3934199,41.5298183,0
            2.3936167,41.5297589,0
            2.3936949,41.5297116,0
            2.3939687,41.5294218,0
            2.3941081,41.5293185,0
            2.3942372,41.5292563,0
            2.3945748,41.5291284,0
            2.3946464,41.5291256,0
            2.3950284,41.5293861,0
            2.3952611,41.5295321,0
            2.395544,41.5297022,0
            2.3959327,41.5299307,0
            2.3962062,41.5300412,0
            2.3964505,41.530085,0
            2.3965639,41.5301013,0
            2.3970055,41.5300067,0
            2.3971104,41.5299775,0
            2.3973875,41.5299211,0
            2.3975736,41.5298275,0
            2.3976986,41.529749,0
            2.3979446,41.5297033,0
            2.3980764,41.5297162,0
            2.3983122,41.5297786,0
            2.3986573,41.5298616,0
            2.398778,41.52987,0
            2.3991581,41.5298229,0
            2.3994138,41.529753,0
            2.3995515,41.529815,0
            2.3996436,41.5299165,0
            2.3997656,41.5301471,0
            2.3998219,41.5304384,0
            2.3998639,41.5305487,0
            2.3999345,41.5306145,0
            2.4004511,41.5310066,0
            2.4008924,41.5313707,0
            2.4010531,41.5314961,0
            2.4012643,41.5317012,0
            2.4013371,41.5317994,0
            2.4013846,41.5321329,0
            2.4014218,41.5321929,0
            2.4016531,41.5324407,0
            2.4016941,41.5324851,0
            2.4019125,41.5327168,0
            2.4020187,41.532754,0
            2.402199,41.5327455,0
            2.4024029,41.5326431,0
            2.4025153,41.5325358,0
            2.4026188,41.5321352,0
            2.4026745,41.5319037,0
            2.403146,41.5320017,0
            2.404175,41.5323116,0
            2.4042514,41.5322967,0
            2.404514,41.5319377,0
            2.4047452,41.5314128,0
            2.4050932,41.5309765,0
            2.4054602,41.5306744,0
            2.4057645,41.5304994,0
          </coordinates>
        
        
      </LineString>
      
      
    </Placemark>
    <Placemark>
      
        
      <name>ℹ️OJO JUEVES MERCADILLO SEMANAL</name>
      
        
      <description>No entrar por Calle Merçe porque no podreis pasar por el Mercadillo  TODOS LOS JUEVES!!</description>
      
        
      <styleUrl>#poly-9C27B0-1358-115</styleUrl>
      
        
      <Polygon>
        
          
        <outerBoundaryIs>
          
            
          <LinearRing>
            
              
            <tessellate>1</tessellate>
            
              
            <coordinates>
                2.351982,41.4963661,0
                2.3520833,41.4961255,0
                2.3524935,41.4953126,0
                2.3525485,41.4951619,0
                2.3526779,41.494689,0
                2.3528731,41.4940512,0
                2.353126,41.4933562,0
                2.3532134,41.4930983,0
                2.3533503,41.4925434,0
                2.3534724,41.4919634,0
                2.3535467,41.491516,0
                2.3535693,41.4914384,0
                2.3536439,41.4914637,0
                2.3535227,41.4919742,0
                2.3534123,41.4925519,0
                2.3532713,41.493115,0
                2.3532301,41.4932478,0
                2.3531883,41.4933782,0
                2.3529316,41.4940782,0
                2.3527463,41.4947114,0
                2.352672,41.4949597,0
                2.3526012,41.4952255,0
                2.3525525,41.4953367,0
                2.3523752,41.4956856,0
                2.3521264,41.4961901,0
                2.3520325,41.4963896,0
                2.351982,41.4963661,0
              </coordinates>
            
            
          </LinearRing>
          
          
        </outerBoundaryIs>
        
        
      </Polygon>
      
      
    </Placemark>
    <Placemark>
      
        
      <name>COLEGIO El Pilar 🚸 / Premià de Mar (Barcelona)</name>
      
        
      <description>Aqui se recogen los del colegio El Pilar, delante cole imposible. PERO OJO!!!! Los Jueves se recogen delante Pabellón Cami del Mig, 62.</description>
      
        
      <styleUrl>#icon-1682-FFD600</styleUrl>
      
        
      <Point>
        
          
        <coordinates>
            2.3526722,41.4939292,0
          </coordinates>
        
        
      </Point>
      
      
    </Placemark>
    <Placemark>
      
        
      <name>COLEGIO Sant Pau 🚸/ Sant Pol de Mar (Barcelona)</name>
      
        
      <description>Calle sin salida entrar de culo al Colegio Sant Pau. Al lado campo fútbol de Sant Pol.</description>
      
        
      <styleUrl>#icon-1682-FFD600</styleUrl>
      
        
      <Point>
        
          
        <coordinates>
            2.6139415,41.6020468,0
          </coordinates>
        
        
      </Point>
      
      
    </Placemark>
    <Placemark>
      
        
      <name>ℹ️RUTA Santa Fe del Montseny </name>
      
        
      <description>Es calle estrecha y el giro también pero es la ruta a seguir para ir a Santa Fé del Montseny.</description>
      
        
      <styleUrl>#line-F9A825-5128</styleUrl>
      
        
      <LineString>
        
          
        <tessellate>1</tessellate>
        
          
        <coordinates>
            2.4891196,41.689883,0
            2.4894762,41.6894985,0
            2.4898115,41.6891195,0
            2.4900582,41.6888959,0
            2.4905129,41.6884822,0
            2.4910604,41.6879272,0
            2.4903937,41.6875798,0
            2.4893907,41.6870112,0
            2.4885232,41.6865498,0
            2.4881982,41.6863536,0
          </coordinates>
        
        
      </LineString>
      
      
    </Placemark>
    <Placemark>
      
        
      <name>IGLESIA S. Martí de Riells / Riells (Girona)</name>
      
        
      <description>Punto donde se dejan grupos para pasar el dia en montaña.</description>
      
        
      <styleUrl>#icon-1670-E65100</styleUrl>
      
        
      <Point>
        
          
        <coordinates>
            2.5121966,41.7767284,0
          </coordinates>
        
        
      </Point>
      
      
    </Placemark>
    <Placemark>
      
        
      <name>Recogida Caminantes / Cerbère (FR)</name>
      
        
      <description>Punto donde recoger excursionistas que se dejan en Porbou.</description>
      
        
      <styleUrl>#icon-1596-1A237E</styleUrl>
      
        
      <Point>
        
          
        <coordinates>
            3.1755158,42.4397899,0
          </coordinates>
        
        
      </Point>
      
      
    </Placemark>
    <Placemark>
      
        
      <name>C Y D 🔄 / Pontevedra</name>
      
        
      <description>C Y D 🔄 / Máximo15 Min. Pontevedra. Ya no se pueden dejar al lado de la plaza de toros.</description>
      
        
      <styleUrl>#icon-1826-0F9D58</styleUrl>
      
        
      <Point>
        
          
        <coordinates>
            -8.6407071,42.4339081,0
          </coordinates>
        
        
      </Point>
      
      
    </Placemark>
    <Placemark>
      
        
      <name>Granja y Quesería Can Xicoy 🚸 / Arenys de Munt (Barcelona)</name>
      
        
      <description>Se puede entrar pero si vienes de Arenys el giro no lo puedes dar. Hay que ir a S.Iscle a hacer cambio sentido. www.canxicoy.com +34 629 41 45 034.7</description>
      
        
      <styleUrl>#icon-1682-673AB7</styleUrl>
      
        
      <Point>
        
          
        <coordinates>
            2.5468878,41.6183731,0
          </coordinates>
        
        
      </Point>
      
      
    </Placemark>
    <Placemark>
      
        
      <name>INFO : Entrada a Granja Queseria Can Xicoy.</name>
      
        
      <description>OJO!!!!  SI VIENES DE ARENYS NO SE PUEDE GIRAR. VES A ENTRADA POBLACIÓN DE SANT ISCLE DE VALLALTA PARA CAMBIO SENTIDO.</description>
      
        
      <styleUrl>#icon-1608-3949AB</styleUrl>
      
        
      <Point>
        
          
        <coordinates>
            2.5474757,41.619362,0
          </coordinates>
        
        
      </Point>
      
      
    </Placemark>
    <Placemark>
      
        
      <name>CAMBIO SENTIDO ℹ️ / Montseny (Barcelona)</name>
      
        
      <description>Aqui podrás hacer el cambio de sentido cuando dejes al grupo en el cruce. </description>
      
        
      <styleUrl>#icon-1770-424242</styleUrl>
      
        
      <Point>
        
          
        <coordinates>
            2.4456579,41.7476528,0
          </coordinates>
        
        
      </Point>
      
      
    </Placemark>
    <Placemark>
      
        
      <name>MUSEO De Les Aigues 🏛/ Cornellá de Llobregat (Barcelona)</name>
      
        
      <description>Se puede entrar y quedarte dentro. Abren puerta para poder entrar sin problemas. </description>
      
        
      <styleUrl>#icon-1636-A52714</styleUrl>
      
        
      <Point>
        
          
        <coordinates>
            2.0626004,41.3559592,0
          </coordinates>
        
        
      </Point>
      
      
    </Placemark>
    <Placemark>
      
        
      <name>COLEGIO Sta Anna 🚸 / Premià de Dalt (Barcelona)</name>
      
        
      <description>Punto donde se recogen escolares del Colegio Santa Anna de Premià de Dalt. Para hacer cambio sentido mas adelante sin problemas.</description>
      
        
      <styleUrl>#icon-1682-FFD600</styleUrl>
      
        
      <Point>
        
          
        <coordinates>
            2.360193,41.5019919,0
          </coordinates>
        
        
      </Point>
      
      
    </Placemark>
    <Placemark>
      
        
      <name>RUTA Salida al Museo </name>
      
        
      <description>Seguir esta Ruta para salir del museo de la Mina Vella de Vilassar.</description>
      
        
      <styleUrl>#line-FFD600-4696</styleUrl>
      
        
      <LineString>
        
          
        <tessellate>1</tessellate>
        
          
        <coordinates>
            2.3841421,41.5130184,0
            2.3846163,41.5127541,0
            2.3846215,41.5126878,0
            2.3845666,41.5126313,0
            2.3841632,41.51233,0
            2.384813,41.5113208,0
            2.3849175,41.5111677,0
            2.3850282,41.511026,0
            2.3855024,41.5104938,0
            2.3866989,41.5110475,0
            2.3867063,41.5111394,0
            2.3862527,41.5114745,0
            2.3861722,41.5115529,0
          </coordinates>
        
        
      </LineString>
      
      
    </Placemark>
    <Placemark>
      
        
      <name>INFO : ENTRADA Museo de la Mina Vella ℹ️ / Vilassar de Mar (Barcelona)</name>
      
        
      <description>Es una entrada estrecha pero entras bien, dentro sin problemas para aparcar o maniobrar.</description>
      
        
      <styleUrl>#icon-1608-3949AB</styleUrl>
      
        
      <Point>
        
          
        <coordinates>
            2.3849889,41.5112023,0
          </coordinates>
        
        
      </Point>
      
      
    </Placemark>
    <Placemark>
      
        
      <name>MUSEO Del Turrón 🏛 / Jijona </name>
      
        
      <description>Visitas concertadas. Polígono Industrial Ciudad del Turrón (Espartal II), 03100, Alicante www.museodelturron.com +34 965 61 07 12</description>
      
        
      <styleUrl>#icon-1636-A52714</styleUrl>
      
        
      <Point>
        
          
        <coordinates>
            -0.4846901,38.5143116,0
          </coordinates>
        
        
      </Point>
      
      
    </Placemark>
    <Placemark>
      
        
      <name>BODEGAS Cruz Conde🍷/ Montilla (Córdoba)</name>
      
        
      <description>Visitas concertadas / C. Rda. del Canillo, 4, 14550 Montilla, Córdoba  www.bodegascruzconde.es +34 957 65 12 50</description>
      
        
      <styleUrl>#icon-1798-F9A825</styleUrl>
      
        
      <Point>
        
          
        <coordinates>
            -4.6405415,37.5801338,0
          </coordinates>
        
        
      </Point>
      
      
    </Placemark>
    <Placemark>
      
        
      <name>COLEGIO Fontmartina 🚸 /Santa Maria de Palautordera (Barcelona)</name>
      
        
      <description>Passeig de les Escoles, 3, 08460 Santa Maria de Palautordera, Barcelona www.escolafontmartina.cat +34 938 48 00 28</description>
      
        
      <styleUrl>#icon-1682-FFD600</styleUrl>
      
        
      <Point>
        
          
        <coordinates>
            2.4443593,41.6991232,0
          </coordinates>
        
        
      </Point>
      
      
    </Placemark>
    <Placemark>
      
        
      <name>MUSEO de Las Matemáticas 🏛/ Cornellà de Llobregat (Barcelona)</name>
      
        
      <description>El Museo se encuentra dentro del Parque Can Mercader. Aquí puedes dejar y recoger ocupando carril NO hay otro sitio mas cerca.Delante del parque solo hay un carril.</description>
      
        
      <styleUrl>#icon-1636-A52714</styleUrl>
      
        
      <Point>
        
          
        <coordinates>
            2.0890518,41.3574491,0
          </coordinates>
        
        
      </Point>
      
      
    </Placemark>
    <Placemark>
      
        
      <name>TECNO CRISTAL 🛠 / Sant Just Desvern (Barcelona)</name>
      
        
      <description>Reparación Cristales Autocar / Carrer de Ponce de León, 6, 08960 Sant Just Desvern, Barcelona www.tecnocristalautos.com +34 630 31 29 48</description>
      
        
      <styleUrl>#icon-1590-1A237E</styleUrl>
      
        
      <Point>
        
          
        <coordinates>
            2.0646031,41.3821716,0
          </coordinates>
        
        
      </Point>
      
      
    </Placemark>
    <Placemark>
      
        
      <name>MERCABARNA Entrada/ Salida (Barcelona)</name>
      
        
      <description>Aqui se suele ir con colegios para visitar Mercabarna. El Aparcamiento es en la Nave de Pescado/ llevate ambientador porque el olor se queda dentro para rato.</description>
      
        
      <styleUrl>#icon-1502-C2185B</styleUrl>
      
        
      <Point>
        
          
        <coordinates>
            2.1135701,41.3280292,0
          </coordinates>
        
        
      </Point>
      
      
    </Placemark>
    <Placemark>
      
        
      <name>MERCABARNA Entrada/ Salida (Barcelona)</name>
      
        
      <description>Aqui se suele ir con colegios para visitar Mercabarna. El Aparcamiento es en la Nave de Pescado/ llevate ambientador porque el olor se queda dentro para rato.</description>
      
        
      <styleUrl>#icon-1502-C2185B</styleUrl>
      
        
      <Point>
        
          
        <coordinates>
            2.1176143,41.3347311,0
          </coordinates>
        
        
      </Point>
      
      
    </Placemark>
    <Placemark>
      
        
      <name>ESCUELA Cerámica La Bisbal 🚸/ (Girona)</name>
      
        
      <description><![CDATA[Se puede entrar y dar la vuelta.Carrer Fonteta, s/n, 17111 La Bisbal d'Empordà, Girona  www.esceramicbisbal.com+34 972 64 25 14]]></description>
      
        
      <styleUrl>#icon-1682-673AB7</styleUrl>
      
        
      <Point>
        
          
        <coordinates>
            3.0518449,41.9542024,0
          </coordinates>
        
        
      </Point>
      
      
    </Placemark>
    <Placemark>
      
        
      <name>ÁREA ABADES SIERRA ESPUÑA LEVANTE ⬇️/ Alhama de Murcia (Murcia)
</name>
      
        
      <description><![CDATA[ÁREA ABADES SIERRA ESPUÑA LEVANTE / Alhama de Murcia (Murcia)<br>Buen sitio para parar y hacer descanso/ Buen trato invitación / Autovía del Mediterráneo, 30848 Alhama de Murcia, Murcia. www.abadesareas.com +34 968 40 91 56]]></description>
      
        
      <styleUrl>#icon-1577-DB4436</styleUrl>
      
        
      <Point>
        
          
        <coordinates>
            -1.4285071,37.7951826,0
          </coordinates>
        
        
      </Point>
      
      
    </Placemark>
    <Placemark>
      
        
      <name>PARA TI 👌 / Buena comida</name>
      
        
      <description>LOS PESCADORES / Av. Antonio Machado, 30, 04740 Roquetas de Mar, Almería+34 665 57 11 06</description>
      
        
      <styleUrl>#icon-1803-757575</styleUrl>
      
        
      <Point>
        
          
        <coordinates>
            -2.6071123,36.7553826,0
          </coordinates>
        
        
      </Point>
      
      
    </Placemark>
    <Placemark>
      
        
      <name>LAVADERO 💧 / Ávila </name>
      
        
      <description>Tren De lavado en Ávila/ Entrada por Avenida Juan Carlos I</description>
      
        
      <styleUrl>#icon-1703-0097A7</styleUrl>
      
        
      <Point>
        
          
        <coordinates>
            -4.6722095,40.6622574,0
          </coordinates>
        
        
      </Point>
      
      
    </Placemark>
    <Placemark>
      
        
      <name>SANTUARIO Santa Maria Magdalena 🕍 / Novelda (Alicante)</name>
      
        
      <description>4 Plazas reservadas para La visita al Monasterio</description>
      
        
      <styleUrl>#icon-1670-E65100</styleUrl>
      
        
      <Point>
        
          
        <coordinates>
            -0.7940613,38.4086637,0
          </coordinates>
        
        
      </Point>
      
      
    </Placemark>
    <Placemark>
      
        
      <name>INSTITUTO Vil-la Romana 🚸 / La Garriga (Barcelona)</name>
      
        
      <description>Plazas reservadas para Instituto Calle Sta Maria del Camí.</description>
      
        
      <styleUrl>#icon-1682-FFD600</styleUrl>
      
        
      <Point>
        
          
        <coordinates>
            2.2851369,41.6745044,0
          </coordinates>
        
        
      </Point>
      
      
    </Placemark>
    <Placemark>
      
        
      <name>IES Alella - Colegio Fabra 🚸 / Alella (Barcelona)</name>
      
        
      <description>Punto donde recoger y dejar Instituto y colegio Fabra de Alella. C/ Miquel de Calderó</description>
      
        
      <styleUrl>#icon-1682-FFD600</styleUrl>
      
        
      <Point>
        
          
        <coordinates>
            2.2974169,41.4950528,0
          </coordinates>
        
        
      </Point>
      
      
    </Placemark>
    <Placemark>
      
        
      <name>Magdalenas Cal Tuset 👌 / Castellfollit de la Roca (Girona)</name>
      
        
      <description>Degustaciones de Magdalenas para grupos detalle de un par de magdalenas para chofer y guia.  C/ de Girona, 17, 17856 Castellfollit de la Roca, Girona www.caltuset.com +34 972 29 44 96</description>
      
        
      <styleUrl>#icon-1502-C2185B</styleUrl>
      
        
      <Point>
        
          
        <coordinates>
            2.5502669,42.2201948,0
          </coordinates>
        
        
      </Point>
      
      
    </Placemark>
    <Placemark>
      
        
      <name>Trenecito tricu tricu 🚂 / Sant Joan Les Fonts (Girona)</name>
      
        
      <description>Punto de encuentro para coger trenecito tricu tricu  tf 660954971 Pitu.</description>
      
        
      <styleUrl>#icon-1502-C2185B</styleUrl>
      
        
      <Point>
        
          
        <coordinates>
            2.5156089,42.2141454,0
          </coordinates>
        
        
      </Point>
      
      
    </Placemark>
    <Placemark>
      
        
      <name>MONASTERIO Sant Joan Les Fonts </name>
      
        
      <description>Visitas al monasterio / Se puede dar la vuelta dentro </description>
      
        
      <styleUrl>#icon-1670-E65100</styleUrl>
      
        
      <Point>
        
          
        <coordinates>
            2.5144821,42.2173828,0
          </coordinates>
        
        
      </Point>
      
      
    </Placemark>
    <Placemark>
      
        
      <name>MUSEO DE LA CIENCIA 🏛 / Barcelona </name>
      
        
      <description>Se dejan y se recogen en C/ Isaac Newton antes de llegar al Museo.</description>
      
        
      <styleUrl>#icon-1636-A52714</styleUrl>
      
        
      <Point>
        
          
        <coordinates>
            2.1308098,41.4135032,0
          </coordinates>
        
        
      </Point>
      
      
    </Placemark>
    <Placemark>
      
        
      <name>C Y D 🔄 / Universidad Manresa</name>
      
        
      <description>Punto de recogida y dejada de escolares visita universidad de Manresa. Ocupando carril.</description>
      
        
      <styleUrl>#icon-1826-0F9D58</styleUrl>
      
        
      <Point>
        
          
        <coordinates>
            1.8240632,41.7368204,0
          </coordinates>
        
        
      </Point>
      
      
    </Placemark>
    <Placemark>
      
        
      <name>COLEGIO Juan Falcó 🚸 / Valdemorillo (Madrid)</name>
      
        
      <description>Darsenas colegio Juan Falcó Av/ Segovia Valdemorillo.</description>
      
        
      <styleUrl>#icon-1682-FFD600</styleUrl>
      
        
      <Point>
        
          
        <coordinates>
            -4.0650219,40.5017389,0
          </coordinates>
        
        
      </Point>
      
      
    </Placemark>
    <Placemark>
      
        
      <name>COLEGIO La Salle Córdoba 🚸</name>
      
        
      <description>C. San Juan Bautista de la Salle, 7, Nte. Sierra, 14012 Córdoba www.asallecordoba.es +34 957 27 57 00</description>
      
        
      <styleUrl>#icon-1682-FFD600</styleUrl>
      
        
      <Point>
        
          
        <coordinates>
            -4.8014268,37.9089225,0
          </coordinates>
        
        
      </Point>
      
      
    </Placemark>
    <Placemark>
      
        
      <name>MAN🛠 / Parets del Vallès (Barcelona)</name>
      
        
      <description>MAN TopUsed Center Barcelona /Passeig Fluvial, 30, b, 08150 Parets del Vallès, Barcelona www.topused.man.eu  +34 935 73 87 54</description>
      
        
      <styleUrl>#icon-1590-1A237E</styleUrl>
      
        
      <Point>
        
          
        <coordinates>
            2.2362772,41.5627666,0
          </coordinates>
        
        
      </Point>
      
      
    </Placemark>
    <Placemark>
      
        
      <name>INSTITUTO  Manuel Carrasco i Formiguera 🚸 / Sant Feliu de Códices (Barcelona)</name>
      
        
      <description>Puedes dar la vuelta con cuidado con los coches aparcados -  C/ Consell de Cent, 1, 08182 Sant Feliu de Codines, Barcelona www.agora.xtec.cat+34 938 66 27 55</description>
      
        
      <styleUrl>#icon-1682-FFD600</styleUrl>
      
        
      <Point>
        
          
        <coordinates>
            2.1659527,41.693052,0
          </coordinates>
        
        
      </Point>
      
      
    </Placemark>
    <Placemark>
      
        
      <name>Ciudad deportiva del CD Numancia</name>
      
        
      <styleUrl>#poly-558B2F-1200-105-nodesc</styleUrl>
      
        
      <Polygon>
        
          
        <outerBoundaryIs>
          
            
          <LinearRing>
            
              
            <tessellate>1</tessellate>
            
              
            <coordinates>
                -2.5082617,41.7819582,0
                -2.5081856,41.7818149,0
                -2.5079399,41.7817686,0
                -2.5080042,41.7818996,0
                -2.5082617,41.7819582,0
              </coordinates>
            
            
          </LinearRing>
          
          
        </outerBoundaryIs>
        
        
      </Polygon>
      
      
    </Placemark>
    <Placemark>
      
        
      <name>ALBERGUE Xanascat Barcelona 🚸 Barcelona </name>
      
        
      <description>Hay que llamar para que te abran la puerta www.xanascat.gencat.cat</description>
      
        
      <styleUrl>#icon-1682-673AB7</styleUrl>
      
        
      <Point>
        
          
        <coordinates>
            2.1457798,41.4167802,0
          </coordinates>
        
        
      </Point>
      
      
    </Placemark>
    <Placemark>
      
        
      <name>NEUMATICOS JDF 🛠 /Granollers (Barcelona)</name>
      
        
      <description><![CDATA[Neumáticos y Mecánica JDF / Av. de Sant Julià, 62, 08403 Granollers, Barcelona <br>www.totguia.com <br>+34 938 40 05 02 ]]></description>
      
        
      <styleUrl>#icon-1590-1A237E</styleUrl>
      
        
      <Point>
        
          
        <coordinates>
            2.2749612,41.5956784,0
          </coordinates>
        
        
      </Point>
      
      
    </Placemark>
    <Placemark>
      
        
      <name>CAMBIO SENTIDO ℹ️ / Premià de Dalt (Barcelona)</name>
      
        
      <description>Cambio de sentido para bajar por donde has subido </description>
      
        
      <styleUrl>#icon-1770-424242</styleUrl>
      
        
      <Point>
        
          
        <coordinates>
            2.3487906,41.5069776,0
          </coordinates>
        
        
      </Point>
      
      
    </Placemark>
    <Placemark>
      
        
      <name>ESTACIÓN ESQUÍ Aransa ⛷️/ Arànser (Girona)</name>
      
        
      <description>Estación de Esquí  de Fondo. Aquí haces el cambio de sentido quédate ya encarado para poder salir.</description>
      
        
      <styleUrl>#icon-1690-BDBDBD</styleUrl>
      
        
      <Point>
        
          
        <coordinates>
            1.6373317,42.422508,0
          </coordinates>
        
        
      </Point>
      
      
    </Placemark>
    <Placemark>
      
        
      <name>RUTA A LAS PISTAS DE ESQUÍ DE FONDO</name>
      
        
      <description>Ojo!!!! Bastante estrecho ábrete bien antes de entrar a la calle.</description>
      
        
      <styleUrl>#line-FFD600-4929</styleUrl>
      
        
      <LineString>
        
          
        <tessellate>1</tessellate>
        
          
        <coordinates>
            1.6625001,42.4090964,0
            1.6624946,42.408695,0
            1.6625368,42.4084277,0
            1.6626266,42.4081967,0
            1.6627724,42.4081761,0
            1.6628571,42.4081733,0
            1.6629485,42.4081471,0
            1.6629437,42.4080763,0
            1.6628653,42.4080567,0
            1.6627329,42.4080474,0
            1.6625616,42.4079271,0
            1.6624511,42.407991,0
            1.6621614,42.4081671,0
            1.6622881,42.4083248,0
            1.6623316,42.4083935,0
            1.6623437,42.40847,0
            1.6622345,42.4087837,0
            1.661871,42.4092508,0
          </coordinates>
        
        
      </LineString>
      
      
    </Placemark>
    <Placemark>
      
        
      <name>ÁREA SERVICIO La Vega 🍽 / Matamorosa (Cantabria)</name>
      
        
      <description>Aceptan gruposA-67, Km 133.4, 39200 Matamorosa, Cantabria+34 942 75 13 31 </description>
      
        
      <styleUrl>#icon-1577-795548</styleUrl>
      
        
      <Point>
        
          
        <coordinates>
            -4.1346912,42.9871053,0
          </coordinates>
        
        
      </Point>
      
      
    </Placemark>
    <Placemark>
      
        
      <name>Carrocerías Pareizo S.L.🛠 / Bidea (Bizkaia)</name>
      
        
      <description>Chapisteria/ Pintura  Mecanica Carrocwrias Pareizo / Errementari Bidea, 2, 48180 Loiu, Bizkaia www.pareizo.com +34 944 53 31 01</description>
      
        
      <styleUrl>#icon-1590-1A237E</styleUrl>
      
        
      <Point>
        
          
        <coordinates>
            -2.9453466,43.3043049,0
          </coordinates>
        
        
      </Point>
      
      
    </Placemark>
    <Placemark>
      
        
      <name><![CDATA[IES S'Hort Des Fassers 🚸 / Alcúdia (Illes Balears)]]></name>
      
        
      <description>Plazas reservadas para Instituto. Puedes probar de aparcar fuera de horario escolar.</description>
      
        
      <styleUrl>#icon-1682-FFD600</styleUrl>
      
        
      <Point>
        
          
        <coordinates>
            3.1292092,39.8492367,0
          </coordinates>
        
        
      </Point>
      
      
    </Placemark>
    <Placemark>
      
        
      <name>CARROCERÍAS AYATS 🛠 / Arbúcies (Girona)</name>
      
        
      <description>Fabricante Carrocería AYATS / Paratge Can Call km 1, 17401 Arbúcies, Girona www.ayats.es +34 972 86 00 29</description>
      
        
      <styleUrl>#icon-1769-006064</styleUrl>
      
        
      <Point>
        
          
        <coordinates>
            2.524503,41.8091322,0
          </coordinates>
        
        
      </Point>
      
      
    </Placemark>
    <Placemark>
      
        
      <name>CARROCERÍAS INDCAR 🛠 / Arbúcies (Girona)</name>
      
        
      <description>Fabrica Carrocerias INDCAR / Polígono Industrial, Carrer Torres Pujals, 4, 17401 Arbúcies, Girona www.indcar.es +34 972 86 01 65</description>
      
        
      <styleUrl>#icon-1769-006064</styleUrl>
      
        
      <Point>
        
          
        <coordinates>
            2.512654,41.8276402,0
          </coordinates>
        
        
      </Point>
      
      
    </Placemark>
    <Placemark>
      
        
      <name>CARROCERÍAS BEULAS 🛠 / Arbúcies (Girona)</name>
      
        
      <description>Fábrica Carrocerias BEULAS. C/ Riera Xica, s/n Polígon Industrial, 17401, Girona www.beulas.net +34 972 86 01 00</description>
      
        
      <styleUrl>#icon-1769-006064</styleUrl>
      
        
      <Point>
        
          
        <coordinates>
            2.5137845,41.8252531,0
          </coordinates>
        
        
      </Point>
      
      
    </Placemark>
    <Placemark>
      
        
      <name>COLEGIO Internacional SEK-Ciudalcampo 🚸 / Ciudalcampo (Madrid)</name>
      
        
      <description><![CDATA[Plazas Reservadas Colegio SEK. C/ Del Flamenco y Av/de las Encinas. Urbanización, P.º de las Perdices, Ciudalcampo, Madrid <br>www.ciudalcampo.sek.es<br>+34 916 59 63 03]]></description>
      
        
      <styleUrl>#icon-1682-FFD600</styleUrl>
      
        
      <Point>
        
          
        <coordinates>
            -3.5894648,40.6225044,0
          </coordinates>
        
        
      </Point>
      
      
    </Placemark>
    <Placemark>
      
        
      <name>IVECO Talleres Leandro 🛠 / Lozoyuela (Madrid)</name>
      
        
      <description>Talleres Leandro IVECO / A-1, Kilometro 69, C. del Altillo, 28752 Lozoyuela, Madrid www.talleresleandro.com+34 918 69 44 04</description>
      
        
      <styleUrl>#icon-1590-1A237E</styleUrl>
      
        
      <Point>
        
          
        <coordinates>
            -3.6304975,40.9393621,0
          </coordinates>
        
        
      </Point>
      
      
    </Placemark>
    <Placemark>
      
        
      <name>IES Segundo de Chomón 🚸 / Teruel</name>
      
        
      <description>IES Segundo de Chomón C/Pablo Monguio /  Teruelwww.iesch.net+34 978 60 13 21</description>
      
        
      <styleUrl>#icon-1682-FFD600</styleUrl>
      
        
      <Point>
        
          
        <coordinates>
            -1.0989365,40.3272255,0
          </coordinates>
        
        
      </Point>
      
      
    </Placemark>
    <Placemark>
      
        
      <name>COCHERAS EMT ✅️ / (Carabanchel) Madrid </name>
      
        
      <description>Cocheras EMT Sur CarabanchelAv. de los Poblados, 120, Carabanchel, 28054 Madrid</description>
      
        
      <styleUrl>#icon-1532-000000</styleUrl>
      
        
      <Point>
        
          
        <coordinates>
            -3.7229118,40.3724806,0
          </coordinates>
        
        
      </Point>
      
      
    </Placemark>
    <Placemark>
      
        
      <name>Mirador Valle de Toledo 📷 / Toledo</name>
      
        
      <description>Reservado para hacer la típica Foto de Toledo</description>
      
        
      <styleUrl>#icon-1535-757575</styleUrl>
      
        
      <Point>
        
          
        <coordinates>
            -4.0224625,39.8503278,0
          </coordinates>
        
        
      </Point>
      
      
    </Placemark>
    <Placemark>
      
        
      <name>IES. Jorge Manrique 🚸 / Tres Cantos (Madrid)</name>
      
        
      <description>Punto ede C y D  Instituto Jorge Manrique.C. del C/ del Bolillero Tres Cantos, Madrid www.educa2.madrid.org +34 918 04 09 64</description>
      
        
      <styleUrl>#icon-1682-FFD600</styleUrl>
      
        
      <Point>
        
          
        <coordinates>
            -3.7029457,40.5918279,0
          </coordinates>
        
        
      </Point>
      
      
    </Placemark>
    <Placemark>
      
        
      <name>CAMPING Doñana 🏕 / Mazagón (Huelva)</name>
      
        
      <description>Ctra. San Juan del Puerto - Matalascañas, Km 35.5, 21130 Mazagón, Huelva www.campingdonana.com +34 959 53 62 81</description>
      
        
      <styleUrl>#icon-1542-3949AB</styleUrl>
      
        
      <Point>
        
          
        <coordinates>
            -6.7255909,37.0999311,0
          </coordinates>
        
        
      </Point>
      
      
    </Placemark>
    <Placemark>
      
        
      <name>El Asperillo (Dunas fósiles) 📷 / Almonte (Huelva)</name>
      
        
      <description>Punto C Y D para ver las Dunas del Asterillo / El acantilado del Asperillo es un sistema de dunas fósiles en el que se ven de forma visual la vida humana a través de pinturas que se extienden a lo largo de doce hectáreas de costa entre las playas</description>
      
        
      <styleUrl>#icon-1502-C2185B</styleUrl>
      
        
      <Point>
        
          
        <coordinates>
            -6.5769253,37.0164422,0
          </coordinates>
        
        
      </Point>
      
      
    </Placemark>
    <Placemark>
      
        
      <name>PARA TI👌 Café Di S.Marco / Barcelona</name>
      
        
      <description>Si estás en Cosmocaixa puedes venir aquí para desayunar o comer. Menú o Pizza. Se come bien promedio de 15€ </description>
      
        
      <styleUrl>#icon-1803-757575</styleUrl>
      
        
      <Point>
        
          
        <coordinates>
            2.1385791,41.4135903,0
          </coordinates>
        
        
      </Point>
      
      
    </Placemark>
    <Placemark>
      
        
      <name>Colegio Maternelle Publique George Sand 🚸/ Colomiers (FR)</name>
      
        
      <description><![CDATA[All. de la Colombe, 31770 Colomiers, Francia<br>+33 5 61 63 50 40]]></description>
      
        
      <styleUrl>#icon-1682-FFD600</styleUrl>
      
        
      <Point>
        
          
        <coordinates>
            1.319027,43.6231459,0
          </coordinates>
        
        
      </Point>
      
      
    </Placemark>
    <Placemark>
      
        
      <name>MUSEO Dolmen 🏛️/  Dombate (A Coruña)</name>
      
        
      <description><![CDATA[Dombate, 1, 15119, La Coruña<br>www.dacoruna.gal <br>+34 618 57 54 81]]></description>
      
        
      <styleUrl>#icon-1636-A52714</styleUrl>
      
        
      <Point>
        
          
        <coordinates>
            -8.9674631,43.1900475,0
          </coordinates>
        
        
      </Point>
      
      
    </Placemark>
    <Placemark>
      
        
      <name>C Y D 🔁 / Toulouse (FR)</name>
      
        
      <description><![CDATA[Embarque Port de l'Embouchure, 31000 Toulouse, Francia <br>www.toulouse-embarque.fr <br>+33 6 63 29 18 87]]></description>
      
        
      <styleUrl>#icon-1826-0F9D58</styleUrl>
      
        
      <Point>
        
          
        <coordinates>
            1.415254,43.6103436,0
          </coordinates>
        
        
      </Point>
      
      
    </Placemark>
    <Placemark>
      
        
      <name>Farol da Ponta da Piedade📷/ Lagos (PO)</name>
      
        
      <description>Se puede llegar a este punto para visitar el Faro. Hay lavabos publicos y cafetería</description>
      
        
      <styleUrl>#icon-1535-757575</styleUrl>
      
        
      <Point>
        
          
        <coordinates>
            -8.6695804,37.0810222,0
          </coordinates>
        
        
      </Point>
      
      
    </Placemark>
    <Placemark>
      
        
      <name>CAMBIO SENTIDO ℹ️ / Ribes de Freser (Girona)</name>
      
        
      <description>Aquí puedes hacer el cambio de sentido si vas a la estación del Cremallera. Pillas entrada encarado.</description>
      
        
      <styleUrl>#icon-1770-424242</styleUrl>
      
        
      <Point>
        
          
        <coordinates>
            2.1668813,42.3029235,0
          </coordinates>
        
        
      </Point>
      
      
    </Placemark>
    <Placemark>
      
        
      <name>ÁREA SERVICIO La Pedresina 🍽 / Fuentes de Oñoro (Salamanc</name>
      
        
      <description>Ctra Burgos-Portugal Km 348,200, 37480 Fuentes de Oñoro, Salamanca www. pedresina.com</description>
      
        
      <styleUrl>#icon-1577-795548</styleUrl>
      
        
      <Point>
        
          
        <coordinates>
            -6.7922046,40.5920084,0
          </coordinates>
        
        
      </Point>
      
      
    </Placemark>
    <Placemark>
      
        
      <name>CAMBIO SENTIDO ℹ️ Ardales (Málaga)</name>
      
        
      <description>Aqui haces el cambio de sentido / Pantano Del Chorro / Ardales, Málaga</description>
      
        
      <styleUrl>#icon-1563-424242</styleUrl>
      
        
      <Point>
        
          
        <coordinates>
            -4.8031916,36.9325513,0
          </coordinates>
        
        
      </Point>
      
      
    </Placemark>
    <Placemark>
      
        
      <name>CAMBIO SENTIDO ℹ️</name>
      
        
      <description>Aqui puedes hacer otro cambio de sentido, si fuera necesario</description>
      
        
      <styleUrl>#icon-1563-424242</styleUrl>
      
        
      <Point>
        
          
        <coordinates>
            -4.7587694,36.9050936,0
          </coordinates>
        
        
      </Point>
      
      
    </Placemark>
    <Placemark>
      
        
      <name>MIIRADOR 📷 / Jorquera (Albacete)</name>
      
        
      <description>Mirador para hacer tipica foto a la población de Jorquera </description>
      
        
      <styleUrl>#icon-1535-757575</styleUrl>
      
        
      <Point>
        
          
        <coordinates>
            -1.5157804,39.1730593,0
          </coordinates>
        
        
      </Point>
      
      
    </Placemark>
    <Placemark>
      
        
      <name>ÁREA Servicio 175 🍽 / Atalaya del Cañavate (Cuenca)</name>
      
        
      <description>Autovía del Este, Km. 175, 16710 Atalaya del Cañavate, Cuenca +34 969 38 13 20</description>
      
        
      <styleUrl>#icon-1577-795548</styleUrl>
      
        
      <Point>
        
          
        <coordinates>
            -2.2548595,39.5375625,0
          </coordinates>
        
        
      </Point>
      
      
    </Placemark>
    <Placemark>
      
        
      <name>MONASTERIO De Pueyo ⛪️ / Barbastro (Huesca)</name>
      
        
      <description>Este es el Punto donde se dejan para Visitar el Monasterio de Pueyo / tienen 500 Metros andando. </description>
      
        
      <styleUrl>#icon-1670-E65100</styleUrl>
      
        
      <Point>
        
          
        <coordinates>
            0.0574197,42.0371849,0
          </coordinates>
        
        
      </Point>
      
      
    </Placemark>
    <Placemark>
      
        
      <name>MUSEO Jorge Oteiza 🏛️/ Alzuza (Navarra)</name>
      
        
      <description><![CDATA[Punto de dejada y recogida para la visita al Museo Jorge Oteiza en Alzuza, Navarra <br>www.museooteiza.org <br>+34 948 33 20 74]]></description>
      
        
      <styleUrl>#icon-1636-A52714</styleUrl>
      
        
      <Point>
        
          
        <coordinates>
            -1.5648663,42.8385116,0
          </coordinates>
        
        
      </Point>
      
      
    </Placemark>
    <Placemark>
      
        
      <name>ÁREA Servicio La Laguna 🍽 / Caudete de las Fuentes (Valencia)</name>
      
        
      <description><![CDATA[Área  de Servicio perfecto para hacer el descanso de 15' 30' 45'  / invitan al chófer y al guía. / Caudete de las Fuentes (Valencia)]]></description>
      
        
      <styleUrl>#icon-1577-795548</styleUrl>
      
        
      <Point>
        
          
        <coordinates>
            -1.2711244,39.5524639,0
          </coordinates>
        
        
      </Point>
      
      
    </Placemark>
    <Placemark>
      
        
      <name>LAVADERO 💧/ Caudete de las Fuentes (Valencia)</name>
      
        
      <description>Lavadero manual en el Área de servicio / Caudete de las Fuentes, Valencia</description>
      
        
      <styleUrl>#icon-1702-0097A7</styleUrl>
      
        
      <Point>
        
          
        <coordinates>
            -1.2708716,39.5524697,0
          </coordinates>
        
        
      </Point>
      
      
    </Placemark>
    <Placemark>
      
        
      <name>Quesos Hidalgo ✴️ / Manzanares (Ciudad Real)</name>
      
        
      <description><![CDATA[Venta de quesos / atienden grupos / Autovía Madrid-Andalucía A-4, Km. 172.5, 13200 Manzanares, Ciudad Real  <br>www.quesoselhidalgo.com <br>+34 926 61 05 53]]></description>
      
        
      <styleUrl>#icon-1651-FF5252</styleUrl>
      
        
      <Point>
        
          
        <coordinates>
            -3.3777868,39.0101924,0
          </coordinates>
        
        
      </Point>
      
      
    </Placemark>
    <Placemark>
      
        
      <name>ℹ️ RUTA C Y D Zafra / Zafra (Extremadura)</name>
      
        
      <description>Ruta recomendada para dejar pasajeros para la visita a Zafra. También salida</description>
      
        
      <styleUrl>#line-FFD600-4911</styleUrl>
      
        
      <LineString>
        
          
        <tessellate>1</tessellate>
        
          
        <coordinates>
            -6.41607,38.4240122,0
            -6.4160686,38.4238342,0
            -6.416011,38.4237565,0
            -6.4160005,38.423675,0
            -6.4160457,38.4236322,0
            -6.4160843,38.4236111,0
            -6.4161181,38.423624,0
            -6.4161863,38.4236671,0
            -6.4161934,38.4237444,0
            -6.4161294,38.4238619,0
            -6.4161345,38.4241381,0
            -6.4162209,38.4245065,0
            -6.4162888,38.4246887,0
            -6.4164168,38.425022,0
            -6.4165244,38.425329,0
            -6.4166422,38.4256802,0
            -6.4167909,38.42598,0
            -6.4169845,38.4264005,0
            -6.4173509,38.4270004,0
            -6.4174347,38.427064,0
            -6.4179561,38.4273273,0
            -6.4181926,38.4274496,0
            -6.418631,38.4277034,0
            -6.4189041,38.427812,0
            -6.4193276,38.4280027,0
            -6.4196239,38.4281578,0
            -6.4202838,38.4284016,0
            -6.4203965,38.4284229,0
            -6.4210517,38.4282673,0
            -6.4216247,38.4281334,0
            -6.4217365,38.4281583,0
            -6.4219825,38.4284129,0
            -6.4222903,38.4287824,0
            -6.4227068,38.4292292,0
            -6.4230156,38.4295245,0
            -6.4237285,38.4302302,0
            -6.42449,38.4310362,0
            -6.4247869,38.4313076,0
            -6.4252245,38.4316287,0
            -6.4254411,38.4317913,0
            -6.4261068,38.4322222,0
            -6.4262962,38.432357,0
            -6.4267647,38.432553,0
            -6.4273436,38.4327257,0
            -6.4282217,38.4329391,0
            -6.4284473,38.4328233,0
            -6.4286703,38.4327683,0
            -6.4288972,38.4328544,0
            -6.4290426,38.4329583,0
            -6.429067,38.433163,0
            -6.4290069,38.4332533,0
            -6.4286177,38.4333832,0
            -6.4284382,38.433324,0
            -6.4283105,38.4332245,0
            -6.4282336,38.4330701,0
            -6.4276946,38.4328816,0
            -6.4271745,38.4328379,0
            -6.4267454,38.432889,0
            -6.4260612,38.433109,0
            -6.4234639,38.4342932,0
          </coordinates>
        
        
      </LineString>
      
      
    </Placemark>
    <Placemark>
      
        
      <name>CAMBIO SENTIDO ℹ️ / Ribes de Freser (Girona)</name>
      
        
      <description>Cambio de sentido eb cruce de Ventolà, si fuera necesario. Levantalo es justo pero se puede hacer bien. </description>
      
        
      <styleUrl>#icon-1770-424242</styleUrl>
      
        
      <Point>
        
          
        <coordinates>
            2.1303721,42.3134851,0
          </coordinates>
        
        
      </Point>
      
      
    </Placemark>
    <Placemark>
      
        
      <name>ITV Argentona 🧐 /Argentona (Barcelona)</name>
      
        
      <description><![CDATA[ITV de Argentona suelen ser menos tocahuevos. Vienen empresas de otras poblaciones a pasar la ITV aquí... será por algo. Llamar pedir cita / Polígono Industrial El Cros Sur, N, Argentona, Barcelona <br>www.applusiteuve.com <br>+34 902 93 02 00]]></description>
      
        
      <styleUrl>#icon-1594-0097A7</styleUrl>
      
        
      <Point>
        
          
        <coordinates>
            2.4162529,41.5361167,0
          </coordinates>
        
        
      </Point>
      
      
    </Placemark>
    <Placemark>
      
        
      <name><![CDATA[ALBERGUE Deportivo Áster 🚸 / L'Hospitalet de L'Infant (Tarragona)]]></name>
      
        
      <description><![CDATA[Camí de Genessies, 3, 43890 L'Hospitalet de l'Infant, Tarragona www.hospitaletalberg.cat +34 977 82 34 40]]></description>
      
        
      <styleUrl>#icon-1682-673AB7</styleUrl>
      
        
      <Point>
        
          
        <coordinates>
            0.9146907,40.9925917,0
          </coordinates>
        
        
      </Point>
      
      
    </Placemark>
    <Placemark>
      
        
      <name>Ecocentre Les obagues 🚸 / Juneda (Lérida)</name>
      
        
      <description><![CDATA[Punto dejar y recoger Grupos en Ecocentre Les obagues / Camp d'Aprenentatge de Juneda / La Lleteria / ]]></description>
      
        
      <styleUrl>#icon-1682-673AB7</styleUrl>
      
        
      <Point>
        
          
        <coordinates>
            0.8351568,41.5582172,0
          </coordinates>
        
        
      </Point>
      
      
    </Placemark>
    <Placemark>
      
        
      <name>GRANJA Mas Ben 🚸 / Salitja (Girona)</name>
      
        
      <description>Granja Colegios y grupos / Carrer Mas Bes, s/n, 17184 Salitja, Girona www.masbes.com+34 639 01 42 69</description>
      
        
      <styleUrl>#icon-1682-673AB7</styleUrl>
      
        
      <Point>
        
          
        <coordinates>
            2.7424999,41.9075342,0
          </coordinates>
        
        
      </Point>
      
      
    </Placemark>
    <Placemark>
      
        
      <name>COLEGIO La Salle Llíria 🚸 / Llíria (Valencia)</name>
      
        
      <description>Colegio La Salle / CV-35, Km. 30, 46160 Liria, Valencialliria.lasalle.es+34 962 79 06 42</description>
      
        
      <styleUrl>#icon-1682-FFD600</styleUrl>
      
        
      <Point>
        
          
        <coordinates>
            -0.6319666,39.6425748,0
          </coordinates>
        
        
      </Point>
      
      
    </Placemark>
    <Placemark>
      
        
      <name>CAVAS Llopart 🍾 / Els Casots (Barcelona)</name>
      
        
      <description>Se puede entrar dentro / Carretera de Sant Sadurní a Ordal, Km 4, 08739 Els Casots, Barcelona www.llopart.com +34 938 99 31 25</description>
      
        
      <styleUrl>#icon-1798-F9A825</styleUrl>
      
        
      <Point>
        
          
        <coordinates>
            1.8036814,41.4081595,0
          </coordinates>
        
        
      </Point>
      
      
    </Placemark>
    <Placemark>
      
        
      <name>PROHIBICIÓN Ambos sentidos</name>
      
        
      <description>Prohibido la entrada por edta calle en ambos sentidos de la circulación. </description>
      
        
      <styleUrl>#line-9C27B0-6626</styleUrl>
      
        
      <LineString>
        
          
        <tessellate>1</tessellate>
        
          
        <coordinates>
            3.1555187,41.9104741,0
            3.1553382,41.9103338,0
            3.1549475,41.9099707,0
            3.1547527,41.9097547,0
            3.1545024,41.9095422,0
            3.1544237,41.9094747,0
            3.1542701,41.9093222,0
            3.1538322,41.9088845,0
            3.1537798,41.9088434,0
            3.1536211,41.908716,0
            3.1535039,41.9086579,0
            3.153167,41.9085565,0
            3.152226,41.9082969,0
            3.1519397,41.9082356,0
            3.1518178,41.9082418,0
            3.151689,41.9082303,0
            3.1516153,41.9081882,0
            3.1515065,41.9081667,0
            3.1500681,41.9082171,0
            3.1482351,41.9082352,0
            3.1480385,41.908239,0
            3.147939,41.9082206,0
            3.1475988,41.9081525,0
          </coordinates>
        
        
      </LineString>
      
      
    </Placemark>
    <Placemark>
      
        
      <name>RUTA GRANJA Escuela Mas del Capellá ℹ️ / Olocau (Valencia)</name>
      
        
      <description><![CDATA[Ruta Recimendada para llegar a la Granja escuela Más del Capellá / s/n Partida Mas del Capella, 46169 Olocau, Valencia <br>www.masdelcapella.com  <br>+34 962 13 30 32]]></description>
      
        
      <styleUrl>#line-FFD600-5146</styleUrl>
      
        
      <LineString>
        
          
        <tessellate>1</tessellate>
        
          
        <coordinates>
            -0.5451173,39.6703268,0
            -0.545209,39.6702582,0
            -0.5452732,39.670213,0
            -0.5466794,39.6691787,0
            -0.5486899,39.6677271,0
            -0.5488177,39.668077,0
            -0.549339,39.6690056,0
            -0.5495234,39.6693329,0
            -0.5495789,39.6694452,0
            -0.5507344,39.6717756,0
            -0.5507665,39.6718931,0
            -0.5508881,39.6720841,0
            -0.5515111,39.6723787,0
            -0.5516291,39.6725925,0
            -0.5516877,39.6728473,0
            -0.5517808,39.6733804,0
            -0.5518125,39.6740079,0
            -0.5518822,39.6744658,0
            -0.5520154,39.6747386,0
            -0.5522671,39.6751596,0
            -0.5537862,39.6777122,0
          </coordinates>
        
        
      </LineString>
      
      
    </Placemark>
    <Placemark>
      
        
      <name>GRANJA ESCUELA Mas del Capellá 🚸 / Olocau (Valencia)

</name>
      
        
      <description><![CDATA[s/n Partida Mas del Capella, 46169 Olocau, Valencia<br>www.masdelcapella.com<br>+34 962 13 30 32]]></description>
      
        
      <styleUrl>#icon-1682-673AB7</styleUrl>
      
        
      <Point>
        
          
        <coordinates>
            -0.5451173,39.6703268,0
          </coordinates>
        
        
      </Point>
      
      
    </Placemark>
    <Placemark>
      
        
      <name>RUTA C Y D </name>
      
        
      <styleUrl>#line-FFD600-5796-nodesc</styleUrl>
      
        
      <LineString>
        
          
        <tessellate>1</tessellate>
        
          
        <coordinates>
            -6.3767214,39.471745,0
            -6.376176,39.4724949,0
            -6.3760377,39.4725977,0
            -6.3757249,39.4727788,0
            -6.3754403,39.4730837,0
            -6.3752683,39.4732456,0
            -6.3750976,39.4733222,0
            -6.3748429,39.4734529,0
            -6.3746551,39.4736562,0
            -6.3741266,39.4741825,0
            -6.3739302,39.4743271,0
            -6.3736652,39.4745685,0
            -6.3735641,39.4747521,0
            -6.3734977,39.4749217,0
            -6.3734542,39.4750021,0
            -6.3733878,39.475318,0
            -6.3734358,39.4754811,0
            -6.3735362,39.4756306,0
            -6.3736355,39.4757453,0
          </coordinates>
        
        
      </LineString>
      
      
    </Placemark>
    <Placemark>
      
        
      <name>ÁREA SERVICIO ☕️ / Majadas (Cáceres)</name>
      
        
      <description><![CDATA[Área de servicio para hacer los 45 Minutos. / Área Qm "Portal De Monfragüe]]></description>
      
        
      <styleUrl>#icon-1577-795548</styleUrl>
      
        
      <Point>
        
          
        <coordinates>
            -5.7587777,39.9199824,0
          </coordinates>
        
        
      </Point>
      
      
    </Placemark>
    <Placemark>
      
        
      <name>Diverlanhoso | Adventure Park 🎡 / Oliveira (PO)</name>
      
        
      <description>Tirilinas Lugar de Porto de Bois, 4830-602 Oliveira, Portugal www.diverlanhoso.pt  +351 253 635 763</description>
      
        
      <styleUrl>#icon-1502-C2185B</styleUrl>
      
        
      <Point>
        
          
        <coordinates>
            -8.218223,41.5949901,0
          </coordinates>
        
        
      </Point>
      
      
    </Placemark>
    <Placemark>
      
        
      <name><![CDATA[IES Turó d'en Baldiri 🚸 / Teià (Barcelona)]]></name>
      
        
      <description><![CDATA[Punto donde se cogen y se dejan a los alumnos del Instituto Turó d'en Baldiri. Hacer rotonda y recoger de bajada.]]></description>
      
        
      <styleUrl>#icon-1682-FFD600</styleUrl>
      
        
      <Point>
        
          
        <coordinates>
            2.3280209,41.4990717,0
          </coordinates>
        
        
      </Point>
      
      
    </Placemark>
    <Placemark>
      
        
      <name>TirolinasGo Madrid 🎡 / Guadarrama (Madrid)</name>
      
        
      <description>Puedes llegar a este punto, hasta la señal de solo autorizados aqui haces el cambio de sentido / llevate comida o baja al pueblo </description>
      
        
      <styleUrl>#icon-1502-C2185B</styleUrl>
      
        
      <Point>
        
          
        <coordinates>
            -4.1105349,40.6774805,0
          </coordinates>
        
        
      </Point>
      
      
    </Placemark>
    <Placemark>
      
        
      <name>Carmelitas Misioneras Provincia de Santa Teresa de Jesús Curia Provincial 🕍 / Ávila </name>
      
        
      <description>Se puede entrar y hacer el cambio de sentido. Av. de la Inmaculada, 1, 05005 Ávila+34 920 22 87 73</description>
      
        
      <styleUrl>#icon-1670-E65100</styleUrl>
      
        
      <Point>
        
          
        <coordinates>
            -4.6887402,40.6613997,0
          </coordinates>
        
        
      </Point>
      
      
    </Placemark>
    <Placemark>
      
        
      <name>Albergue La Molina Xanascat 🚸 / La Molina (Girona)</name>
      
        
      <description>Aquí puedes entrar para dejar o recoger / recomendado entrar de culo para salir sin problemas a la carretera.</description>
      
        
      <styleUrl>#icon-1682-673AB7</styleUrl>
      
        
      <Point>
        
          
        <coordinates>
            1.957611,42.3404573,0
          </coordinates>
        
        
      </Point>
      
      
    </Placemark>
    <Placemark>
      
        
      <name>PROHIBICIÓN 3,5T ⛔️ / Puigcerdà (Girona)</name>
      
        
      <description>No se permite vehículos de más de 3,5T.</description>
      
        
      <styleUrl>#icon-1898-C2185B</styleUrl>
      
        
      <Point>
        
          
        <coordinates>
            1.9369571,42.433017,0
          </coordinates>
        
        
      </Point>
      
      
    </Placemark>
    <Placemark>
      
        
      <name>PROHIBICIÓN 3,5T ⛔️ / Les Eacaldes (AND)</name>
      
        
      <description>Prohibido entrar en el túnel más se 3,5T.</description>
      
        
      <styleUrl>#icon-1898-C2185B</styleUrl>
      
        
      <Point>
        
          
        <coordinates>
            1.5335231,42.5102227,0
          </coordinates>
        
        
      </Point>
      
      
    </Placemark>
    <Placemark>
      
        
      <name>Londres | Pestana Chelsea Bridge | 354 Queenstown Rd, London SW11 8AE, Reino Unido
www.pestana.com
+44 20 7062 8000</name>
      
        
      <description><![CDATA[Londres | Pestana Chelsea Bridge | 354 Queenstown Rd, London SW11 8AE, Reino Unido<br>www.pestana.com<br>+44 20 7062 8000 ]]></description>
      
        
      <styleUrl>#icon-1602-9C27B0</styleUrl>
      
        
      <Point>
        
          
        <coordinates>
            -0.148169,51.481388,0
          </coordinates>
        
        
      </Point>
      
      
    </Placemark>
    <Placemark>
      
        
      <name>Marina Dor</name>
      
        
      <description>aparcamiento autorizado por la policia</description>
      
        
      <styleUrl>#line-3F5BA9-4000</styleUrl>
      
        
      <LineString>
        
          
        <tessellate>1</tessellate>
        
          
        <coordinates>
            0.149002,40.116398,0
            0.148444,40.114922,0
          </coordinates>
        
        
      </LineString>
      
      
    </Placemark>
    <Placemark>
      
        
      <name>PARA TI  / Milán (IT)</name>
      
        
      <description>Pizzas Ricas ricas , si sales a cenar Recomendado </description>
      
        
      <styleUrl>#icon-1803-757575</styleUrl>
      
        
      <Point>
        
          
        <coordinates>
            9.197287,45.480576,0
          </coordinates>
        
        
      </Point>
      
      
    </Placemark>
    <Placemark>
      
        
      <name>Eurotunnel Calais / Coquelles (FR)
</name>
      
        
      <description><![CDATA[Calais | Eurotunnel | 62231 Coquelles, Francia<br>www.eurotunnel.com]]></description>
      
        
      <styleUrl>#icon-1502-C2185B</styleUrl>
      
        
      <Point>
        
          
        <coordinates>
            1.814884,50.935912,0
          </coordinates>
        
        
      </Point>
      
      
    </Placemark>
    <Placemark>
      
        
      <name>Xtracold Icebar / Amsterdam (Países Bajos)</name>
      
        
      <description><![CDATA[Amsterdam | Xtracold Icebar Amsterdam | Amstel 194-196, 1017 AG Amsterdam, Países Bajos<br>www.xtracold.com<br>+31 20 320 5700]]></description>
      
        
      <styleUrl>#icon-1577-795548</styleUrl>
      
        
      <Point>
        
          
        <coordinates>
            4.900015,52.366456,0
          </coordinates>
        
        
      </Point>
      
      
    </Placemark>
    <Placemark>
      
        
      <name>AEROPUERTO/ Genova (IT)</name>
      
        
      <description><![CDATA[Via Pionieri e Aviatori d'Italia, 1, 16154 Genova GE, Italia www.aeroportodigenova.it +39 010 60151]]></description>
      
        
      <styleUrl>#icon-1504-880E4F</styleUrl>
      
        
      <Point>
        
          
        <coordinates>
            8.8520413,44.4150462,0
          </coordinates>
        
        
      </Point>
      
      
    </Placemark>
    <Placemark>
      
        
      <name>C Y D / Vannes (FR)</name>
      
        
      <description>C Y D Vannes. No te puedes quedar aparcado</description>
      
        
      <styleUrl>#icon-1826-0F9D58</styleUrl>
      
        
      <Point>
        
          
        <coordinates>
            -2.7232552,47.6497098,0
          </coordinates>
        
        
      </Point>
      
      
    </Placemark>
    <Placemark>
      
        
      <name>COLEGIO CHOISEUL /</name>
      
        
      <description>7 Rue du 8 Mai 1945, 37400 Amboise, Franciaclg-choiseul-amboise.tice.ac-orleans-tours.fr+33 2 47 23 66 00</description>
      
        
      <styleUrl>#icon-1682-F9A825</styleUrl>
      
        
      <Point>
        
          
        <coordinates>
            0.9833073,47.3990314,0
          </coordinates>
        
        
      </Point>
      
      
    </Placemark>
    <Placemark>
      
        
      <name>Transdev / Le Havre (FR)</name>
      
        
      <description>31 Rte de la Chênaie, 76930 Octeville-sur-Mer, Francia www.transports-lia.fr +33 2 35 22 35 3</description>
      
        
      <styleUrl>#icon-1532-0288D1</styleUrl>
      
        
      <Point>
        
          
        <coordinates>
            0.1044042,49.5307155,0
          </coordinates>
        
        
      </Point>
      
      
    </Placemark>
    <Placemark>
      
        
      <name>AEROPUERTO/ Nápoles (IT)</name>
      
        
      <description>Viale F. Ruffo di Calabria, 80144 Napoli NA, Italia www.aeroportodinapoli.it +39 081 789 6111</description>
      
        
      <styleUrl>#icon-1504-880E4F</styleUrl>
      
        
      <Point>
        
          
        <coordinates>
            14.282762,40.877732,0
          </coordinates>
        
        
      </Point>
      
      
    </Placemark>
    <Placemark>
      
        
      <name>AEROPUERTO/ Paris (FR)</name>
      
        
      <description>Aeropuerto de París - Orly ( FR)</description>
      
        
      <styleUrl>#icon-1504-880E4F</styleUrl>
      
        
      <Point>
        
          
        <coordinates>
            2.3642269,48.7307038,0
          </coordinates>
        
        
      </Point>
      
      
    </Placemark>
    <Placemark>
      
        
      <name>APARCAMIENTO / Madrid</name>
      
        
      <description>Aparcamiento libre perfecto para hacer tiempo si los has dejado en museo de las Matemáticas o cerca, si no tienes en el Planetario esta es otra opción.</description>
      
        
      <styleUrl>#icon-1644-0288D1</styleUrl>
      
        
      <Point>
        
          
        <coordinates>
            -3.7323777,40.4533552,0
          </coordinates>
        
        
      </Point>
      
      
    </Placemark>
    <Placemark>
      
        
      <name>MUSEO MATEMÁTICAS / Madrid</name>
      
        
      <description>C Y D Museo de las Matemáticas  C/;De José Antonio Novias ,12</description>
      
        
      <styleUrl>#icon-1636-A52714</styleUrl>
      
        
      <Point>
        
          
        <coordinates>
            -3.7249794,40.4486038,0
          </coordinates>
        
        
      </Point>
      
      
    </Placemark>
    <Placemark>
      
        
      <name>CASTILLO De Peñarroya /  Argamasilla de Alba (Ciudad Real)</name>
      
        
      <description>Se suele parar un rato para hacer unas fotitos del Castillo y el embalse de Peñarroya /  CM-3115, 21, 13710 Argamasilla de Alba, Ciudad Real</description>
      
        
      <styleUrl>#icon-1598-424242</styleUrl>
      
        
      <Point>
        
          
        <coordinates>
            -3.0070217,39.0619324,0
          </coordinates>
        
        
      </Point>
      
      
    </Placemark>
    <Placemark>
      
        
      <name>ÁREA SERVICIO / Dettingen an der Iller (Alemania)
</name>
      
        
      <description>BAB7, 88451 Dettingen an der Iller, Alemania www.serways.de +49 7354 8343</description>
      
        
      <styleUrl>#icon-1577-795548</styleUrl>
      
        
      <Point>
        
          
        <coordinates>
            10.1097228,48.1279174,0
          </coordinates>
        
        
      </Point>
      
      
    </Placemark>
    <Placemark>
      
        
      <name>INFO JUZCAR ℹ️ </name>
      
        
      <description>Oficina turismo Juzcar/ Alfredo 633 80 89 29 llama a este número para que te Guarden aparcamiento, te dirá cómo dar la vuelta. Mucho cuidado con la carretera, Paciencia.</description>
      
        
      <styleUrl>#icon-1608-3949AB</styleUrl>
      
        
      <Point>
        
          
        <coordinates>
            -5.1694907,36.623519,0
          </coordinates>
        
        
      </Point>
      
      
    </Placemark>
    <Placemark>
      
        
      <name>Unnamed Road, Farrannakilla, Dingle, Co. Kerry, Irlanda</name>
      
        
      <description>Unnamed Road, Farrannakilla, Dingle, Co. Kerry, Irlanda</description>
      
        
      <styleUrl>#icon-1622-757575</styleUrl>
      
        
      <Point>
        
          
        <coordinates>
            -10.2755274,52.1390995,0
          </coordinates>
        
        
      </Point>
      
      
    </Placemark>
    <Placemark>
      
        
      <name>ÁREA SERVICIOS KFC Gretna Green Services</name>
      
        
      <description>KFC Gretna Green Services</description>
      
        
      <styleUrl>#icon-1577-795548</styleUrl>
      
        
      <Point>
        
          
        <coordinates>
            -3.0825148,55.0075471,0
          </coordinates>
        
        
      </Point>
      
      
    </Placemark>
    <Placemark>
      
        
      <name>AEROPUERTO ✈️ / Praga (Chequia)</name>
      
        
      <description>Darsenas en aeropuerto de Praga</description>
      
        
      <styleUrl>#icon-1504-880E4F</styleUrl>
      
        
      <Point>
        
          
        <coordinates>
            14.2686552,50.1053444,0
          </coordinates>
        
        
      </Point>
      
      
    </Placemark>
    <Placemark>
      
        
      <name>C Y D🔁 / Ciudad Real </name>
      
        
      <description>Punto lo mas cerca a la Plaza Mayor.Se suele dejar y recoger los grupos para la visita a Ciudad Real. </description>
      
        
      <styleUrl>#icon-1826-0F9D58</styleUrl>
      
        
      <Point>
        
          
        <coordinates>
            -3.925728,38.9824205,0
          </coordinates>
        
        
      </Point>
      
      
    </Placemark>
    <Placemark>
      
        
      <name>RECORRIDO Entrasa/ Salida Cuevas del Toll</name>
      
        
      <description>Recorrido para entrar y salir de las cuevas del Toll. Lleva comida, y película no hay ni cobertura.</description>
      
        
      <styleUrl>#line-F9A825-4261</styleUrl>
      
        
      <LineString>
        
          
        <tessellate>1</tessellate>
        
          
        <coordinates>
            2.1527048,41.8169086,0
            2.1526934,41.8168144,0
            2.1525672,41.8166225,0
            2.1524614,41.8164718,0
            2.1523316,41.8163159,0
            2.1519972,41.8160512,0
            2.1513616,41.8155343,0
            2.1511245,41.8153404,0
            2.1510066,41.8152011,0
            2.1509269,41.8150511,0
            2.1508927,41.8148555,0
            2.1507985,41.8144637,0
            2.1507532,41.8141852,0
            2.1507736,41.8139878,0
            2.1507975,41.8131433,0
            2.1508188,41.812997,0
            2.1508143,41.8128981,0
            2.1506204,41.8125038,0
            2.1503697,41.8118886,0
            2.1502294,41.8114002,0
            2.1501512,41.8112062,0
            2.1500682,41.8110689,0
            2.1500318,41.8109518,0
            2.1499981,41.8106939,0
            2.1499488,41.8105087,0
            2.1498164,41.8103939,0
            2.1495141,41.8102767,0
            2.1492394,41.810192,0
            2.1490647,41.8100911,0
            2.1484726,41.8096224,0
            2.1475907,41.8089827,0
            2.1471319,41.8086133,0
            2.1470487,41.8084879,0
            2.1470256,41.8083182,0
            2.1470404,41.8080203,0
            2.1471923,41.806941,0
            2.1472157,41.8065886,0
            2.1471315,41.8064193,0
            2.1465447,41.8055141,0
            2.14633,41.8052842,0
            2.1458309,41.8047205,0
            2.1457398,41.8045801,0
            2.1457132,41.8043795,0
            2.1456521,41.8042358,0
            2.1456986,41.8041571,0
            2.1458102,41.8041258,0
            2.146212,41.8043173,0
            2.1466037,41.8044511,0
            2.1469962,41.8046197,0
            2.1472713,41.804719,0
            2.1475989,41.8048234,0
            2.1480597,41.8049877,0
            2.1481909,41.8049849,0
            2.1482562,41.8049077,0
            2.1481211,41.8048167,0
            2.1479705,41.8046715,0
            2.148053,41.8046181,0
            2.1488116,41.8046521,0
            2.1489555,41.8046897,0
            2.1490037,41.8047977,0
            2.149012,41.8048895,0
            2.148913,41.8051816,0
            2.1489773,41.8052876,0
            2.1492936,41.8054345,0
            2.1494915,41.8055137,0
            2.1498238,41.8055344,0
            2.1500667,41.805496,0
            2.1501862,41.8055118,0
          </coordinates>
        
        
      </LineString>
      
      
    </Placemark>
    <Placemark>
      
        
      <name>ÁREA Servicio De La Caridad  🍽 / La Caridad (Asturias)</name>
      
        
      <description>Nueva Área de Servicio de la Caridad. Perfecto para hacer los 45 Minutos.</description>
      
        
      <styleUrl>#icon-1577-795548</styleUrl>
      
        
      <Point>
        
          
        <coordinates>
            -6.8454428,43.5433221,0
          </coordinates>
        
        
      </Point>
      
      
    </Placemark>
    <Placemark>
      
        
      <name>EMBARCADERO Riaño C Y D ⛴️ / Riaño (León)</name>
      
        
      <description>Punto donde se dejan y recogen los grupos para el Paseo en Barco en Riaño.</description>
      
        
      <styleUrl>#icon-1622-757575</styleUrl>
      
        
      <Point>
        
          
        <coordinates>
            -5.0010323,42.973805,0
          </coordinates>
        
        
      </Point>
      
      
    </Placemark>
    <Placemark>
      
        
      <name>ÁREA Servicio La Pausa 🍽 / Ponferrada (León)</name>
      
        
      <description><![CDATA[Área de servicio La Pausa Buen Trato / perfecto para hacer los 15" 30" o 44 minutos / A-6, Km. 390, 24400 Ponferrada, León <br>www.smarttravelers.areas.com <br>+34 987 41 23 24]]></description>
      
        
      <styleUrl>#icon-1577-795548</styleUrl>
      
        
      <Point>
        
          
        <coordinates>
            -6.6252932,42.5844118,0
          </coordinates>
        
        
      </Point>
      
      
    </Placemark>
    <Placemark>
      
        
      <name>BODAS Masia Cal Riera 💍/ Puig-Reig (Barcelona)</name>
      
        
      <description><![CDATA[Bodas / Se puede subir sin problemas / Hay sitio para hacer cambio sentido. <br>Masia Cal Riera<br>C-1411z, 480, 08692 Puig-reig, Barcelona<br>+34 628 70 79 81]]></description>
      
        
      <styleUrl>#icon-1613-F9A825</styleUrl>
      
        
      <Point>
        
          
        <coordinates>
            1.8753581,41.9361589,0
          </coordinates>
        
        
      </Point>
      
      
    </Placemark>
    <Placemark>
      
        
      <name>BODAS Castillo De Sant Marçal 💍 / Cerdanyola del Vallès (Barcelona)</name>
      
        
      <description>Bodas en el Castillo de Sant Marçal, camino estrecho hasta llegar aquí. Tierra.</description>
      
        
      <styleUrl>#icon-1613-F9A825</styleUrl>
      
        
      <Point>
        
          
        <coordinates>
            2.1149308,41.4911933,0
          </coordinates>
        
        
      </Point>
      
      
    </Placemark>
    <Placemark>
      
        
      <name>MUSEO Màgic Mon del Tren 🏛 / Santa Eugenia de Berga (Barcelona)</name>
      
        
      <description>Si no quieres entrar en la calle los dejas en la esquina que anden 50 metros, que andar es bueno para la salud.</description>
      
        
      <styleUrl>#icon-1636-A52714</styleUrl>
      
        
      <Point>
        
          
        <coordinates>
            2.2818436,41.9053807,0
          </coordinates>
        
        
      </Point>
      
      
    </Placemark>
    <Placemark>
      
        
      <name>CEO Maresme 🚸 / Mataró (Barcelona)</name>
      
        
      <description>Se puede entrar arriba del todo puedes hacer cambio sentido sin problema. Sales por el mismo sitio.</description>
      
        
      <styleUrl>#icon-1682-FFD600</styleUrl>
      
        
      <Point>
        
          
        <coordinates>
            2.4250846,41.5568233,0
          </coordinates>
        
        
      </Point>
      
      
    </Placemark>
    <Placemark>
      
        
      <name>INSTITUTO Cinc Sénies 🚸 / Mataró (Barcelona)</name>
      
        
      <description>Punto donde se recogen Instituto Cinc Sénies Rotonda amplia los coches pasan bien. </description>
      
        
      <styleUrl>#icon-1682-FFD600</styleUrl>
      
        
      <Point>
        
          
        <coordinates>
            2.4488282,41.5523472,0
          </coordinates>
        
        
      </Point>
      
      
    </Placemark>
    <Placemark>
      
        
      <name>SANTUARIO Mare de Deu de la Serra 🕍 / Montblanc (Tarragona)</name>
      
        
      <description>Convent de la Serra, Plaça de la Serra, 1, 43400 Montblanc, Tarragona www.santamariamontblanc.cat +34 977 86 01 10</description>
      
        
      <styleUrl>#icon-1670-E65100</styleUrl>
      
        
      <Point>
        
          
        <coordinates>
            1.1575594,41.3786026,0
          </coordinates>
        
        
      </Point>
      
      
    </Placemark>
    <Placemark>
      
        
      <name>COLEGIO Castell de Dosrius 🚸 / Dosrius (Barcelona)</name>
      
        
      <description>Punto de recoger y dejar escolares / Cortan la calle a la hora de entrada y salida. </description>
      
        
      <styleUrl>#icon-1682-FFD600</styleUrl>
      
        
      <Point>
        
          
        <coordinates>
            2.4082514,41.5941845,0
          </coordinates>
        
        
      </Point>
      
      
    </Placemark>
    <Placemark>
      
        
      <name>RUTA Entrada Colegio Castellón de Dosrius </name>
      
        
      <description>Unica Ruta para entrar al colegio Castell de Dosrius.</description>
      
        
      <styleUrl>#line-F9A825-5236</styleUrl>
      
        
      <LineString>
        
          
        <tessellate>1</tessellate>
        
          
        <coordinates>
            2.4090595,41.5977029,0
            2.4089888,41.5973633,0
            2.4089773,41.5970824,0
            2.4100675,41.5970161,0
            2.4097906,41.5932495,0
            2.409122,41.59329,0
            2.4083639,41.5933043,0
            2.4082608,41.5933269,0
            2.4081658,41.5933654,0
            2.4082289,41.5941059,0
          </coordinates>
        
        
      </LineString>
      
      
    </Placemark>
    <Placemark>
      
        
      <name>CCAMINO De tierra ℹ️</name>
      
        
      <description>Aquí empieza el camino de tierra, paciencia y calma.</description>
      
        
      <styleUrl>#icon-1608-01579B</styleUrl>
      
        
      <Point>
        
          
        <coordinates>
            2.4245455,41.6270788,0
          </coordinates>
        
        
      </Point>
      
      
    </Placemark>
    <Placemark>
      
        
      <name>COLEGIO Martinet 🚸 / Cornellà (Barcelona)</name>
      
        
      <description>No tiene xona reservada / se ocupa carril en C/del Silici / Cornellà de Llobregat, Barcelonaescolamartinet.cat+34 933 77 67 54</description>
      
        
      <styleUrl>#icon-1682-FFD600</styleUrl>
      
        
      <Point>
        
          
        <coordinates>
            2.0920055,41.3546049,0
          </coordinates>
        
        
      </Point>
      
      
    </Placemark>
    <Placemark>
      
        
      <name>MINAS Arqueològic Gavà 🏛 / Gavà (Barcelona)</name>
      
        
      <description>Parc Arqueològic Mines de Gavà / Se dejan y recogen en la rotonda. Después puedes ir a aparcar cerca del centro comercial Barnasud.</description>
      
        
      <styleUrl>#icon-1636-A52714</styleUrl>
      
        
      <Point>
        
          
        <coordinates>
            2.0015458,41.3093054,0
          </coordinates>
        
        
      </Point>
      
      
    </Placemark>
    <Placemark>
      
        
      <name>RUTA Castillo de Sigüenza ℹ️ / Sigüenza (Guadalajara)</name>
      
        
      <description>Se sube por la C/ Bajada de San Jerónimo y sigues por C/ Valencia. </description>
      
        
      <styleUrl>#line-F9A825-5037</styleUrl>
      
        
      <LineString>
        
          
        <tessellate>1</tessellate>
        
          
        <coordinates>
            -2.6462977,41.0668743,0
            -2.6459286,41.0664288,0
            -2.6455977,41.0661559,0
            -2.6454009,41.0659974,0
            -2.6451764,41.0658601,0
            -2.6446436,41.0655783,0
            -2.6441663,41.065348,0
            -2.6436883,41.0651433,0
            -2.6435386,41.0651974,0
            -2.6427993,41.064105,0
            -2.6424231,41.0635815,0
            -2.6422873,41.0634997,0
            -2.6421576,41.0635713,0
            -2.6421696,41.0642281,0
            -2.6421621,41.0644234,0
            -2.6417924,41.0645467,0
            -2.6416411,41.06471,0
            -2.6414384,41.0648653,0
            -2.641197,41.064955,0
            -2.641103,41.0648093,0
          </coordinates>
        
        
      </LineString>
      
      
    </Placemark>
    <Placemark>
      
        
      <name>TMB Depósito de Horta ✔️/ Barcelona</name>
      
        
      <description><![CDATA[Entrada a cochera de TMB Horta / Camí de Cal Notari, 110, Horta-Guinardó, 08035 Barcelona<br>+34 932 98 70 00]]></description>
      
        
      <styleUrl>#icon-1532-000000</styleUrl>
      
        
      <Point>
        
          
        <coordinates>
            2.1559834,41.4400334,0
          </coordinates>
        
        
      </Point>
      
      
    </Placemark>
    <Placemark>
      
        
      <name><![CDATA[TMB Cocheras Poniente ✔️ / L'Hospitalet  (Barcelona)]]></name>
      
        
      <description><![CDATA[Cocheras TMB Cocheras Poniente / TMB Cocheras PonienteAvinguda de la Granvia de l’Hospitalet, 146, 08907 L'Hospitalet de Llobregat, Barcelona]]></description>
      
        
      <styleUrl>#icon-1532-000000</styleUrl>
      
        
      <Point>
        
          
        <coordinates>
            2.1065148,41.3423135,0
          </coordinates>
        
        
      </Point>
      
      
    </Placemark>
    <Placemark>
      
        
      <name>Hipica la Cerdanya a Quatre Potes 🐴 / Prullans (Lérida)</name>
      
        
      <description>Punto para dejar y recoger grupos para la Hipica la Cerdanya a Quatre Potes. MAL sitio para parar pero no hay otro. Ellos pasan por subterráneo </description>
      
        
      <styleUrl>#icon-1601-817717</styleUrl>
      
        
      <Point>
        
          
        <coordinates>
            1.7381449,42.3724042,0
          </coordinates>
        
        
      </Point>
      
      
    </Placemark>
    <Placemark>
      
        
      <name>TRAMO Etrecho para los 12 Metros ℹ️</name>
      
        
      <description>NO Está indicado pero este tramo es muy estrecho para 12 Metros imposible para lo 13. Hay que subir o bajar por San Corneli para ir al Espai actiu de Vallcebre. </description>
      
        
      <styleUrl>#line-C2185B-4544</styleUrl>
      
        
      <LineString>
        
          
        <tessellate>1</tessellate>
        
          
        <coordinates>
            1.8041636,42.2013719,0
            1.8042179,42.2015453,0
            1.8042778,42.2016422,0
            1.804373,42.201679,0
            1.8045727,42.201734,0
            1.8046951,42.201804,0
            1.8048015,42.2019267,0
            1.8048762,42.2020612,0
            1.8049262,42.2021599,0
            1.8049821,42.2022335,0
            1.8050806,42.20232,0
            1.8051686,42.2024222,0
            1.805225,42.202541,0
            1.8052413,42.2026704,0
            1.8052031,42.2029594,0
            1.8052011,42.2031139,0
            1.8051425,42.2032382,0
            1.8051402,42.2034484,0
            1.8051691,42.2035636,0
            1.8051981,42.2038165,0
            1.8052473,42.203914,0
            1.8052838,42.2041114,0
            1.805363,42.2043137,0
            1.8054825,42.20455,0
            1.8055918,42.2046499,0
            1.805749,42.2047772,0
            1.8058757,42.2048437,0
            1.8059856,42.2048157,0
            1.8060593,42.2047324,0
            1.8061159,42.2044433,0
            1.8061578,42.2043474,0
            1.8060548,42.2042762,0
            1.805885,42.2042015,0
            1.8058564,42.2041024,0
            1.8058498,42.2040829,0
            1.8058627,42.2039722,0
            1.8059816,42.2037853,0
            1.8062605,42.2033721,0
            1.8063295,42.2032904,0
            1.8064233,42.2032308,0
            1.8065264,42.2032292,0
            1.806585,42.203229,0
            1.8067525,42.2033216,0
            1.8068557,42.2033883,0
            1.8069242,42.203413,0
            1.8070986,42.2034433,0
            1.8073038,42.2034693,0
            1.8076688,42.2034551,0
            1.8078652,42.2034205,0
            1.8083724,42.2032258,0
            1.8088295,42.2030102,0
            1.8089339,42.2029115,0
            1.8091074,42.2027391,0
            1.8092764,42.2026204,0
            1.8094857,42.2025398,0
            1.8097706,42.2025028,0
            1.8105653,42.2023262,0
            1.8110829,42.2022491,0
            1.8114958,42.2022145,0
            1.812016,42.2021634,0
            1.8122971,42.2020784,0
            1.8129934,42.2019067,0
            1.8132674,42.201808,0
            1.8133272,42.2017333,0
            1.8132599,42.2016484,0
            1.813019,42.2014229,0
            1.8130393,42.2012369,0
            1.8131283,42.2011752,0
            1.8134311,42.2011819,0
            1.8139625,42.2012247,0
            1.8142034,42.2013081,0
            1.8145714,42.2014202,0
            1.8147904,42.2015047,0
            1.8149174,42.2016522,0
            1.8150795,42.2019492,0
            1.8151944,42.2022504,0
            1.8152672,42.2024485,0
            1.8153449,42.2025904,0
            1.8155097,42.202697,0
            1.8157044,42.202758,0
            1.8162987,42.2027815,0
            1.8168944,42.2028291,0
            1.8171263,42.2028783,0
            1.8175529,42.2030189,0
            1.8177319,42.2031254,0
          </coordinates>
        
        
      </LineString>
      
      
    </Placemark>
    <Placemark>
      
        
      <name>Caminatas / Parcours aventure Tyrovol 🌲 / Porté-Puymorens (FR)</name>
      
        
      <description>Punto para dejar y recoger caminantes y si va a las tirolinas Tyrovol. NO e puede llegar limitado 3,5T.</description>
      
        
      <styleUrl>#icon-1596-1A237E</styleUrl>
      
        
      <Point>
        
          
        <coordinates>
            1.834854,42.5473048,0
          </coordinates>
        
        
      </Point>
      
      
    </Placemark>
    <Placemark>
      
        
      <name>PUNTO Para cambiar País en Tacógrafo ℹ️ / Ur (FR)</name>
      
        
      <description>Aquí puedes parar sin problemas para cambiar el País en el Tacógrafo si has entrado por Puigcerdà.</description>
      
        
      <styleUrl>#icon-1608-3949AB</styleUrl>
      
        
      <Point>
        
          
        <coordinates>
            1.9357829,42.4587441,0
          </coordinates>
        
        
      </Point>
      
      
    </Placemark>
    <Placemark>
      
        
      <name>Caminantes Cuevas de Anes 🌲 / Bellver de la Cerdanya (Lérida)</name>
      
        
      <description>Aquí puedes dejar y recoger grupos si van a visitar las cuevas de Anes.</description>
      
        
      <styleUrl>#icon-1596-1A237E</styleUrl>
      
        
      <Point>
        
          
        <coordinates>
            1.7602599,42.3733286,0
          </coordinates>
        
        
      </Point>
      
      
    </Placemark>
    <Placemark>
      
        
      <name>COLEGIO San Luis Gozaga 🚸 / La Garriga (Barcelona)</name>
      
        
      <description>Se recogen en la C/ Guifré, porque al cole no se puede llegar. Vienen andando que es saludable.www.escolasantlluis.cat +34 938 71 49 44</description>
      
        
      <styleUrl>#icon-1682-FFD600</styleUrl>
      
        
      <Point>
        
          
        <coordinates>
            2.2896456,41.6762325,0
          </coordinates>
        
        
      </Point>
      
      
    </Placemark>
    <Placemark>
      
        
      <name>Can Nan (Humor Amarillo) 🚸 / Arenys de Munt (Barcelona)</name>
      
        
      <description>Puedes entrar y dar la vuelta si no hay mucho coche / dejalo encarado para poder salir sin problemas.</description>
      
        
      <styleUrl>#icon-1682-673AB7</styleUrl>
      
        
      <Point>
        
          
        <coordinates>
            2.5361081,41.6190748,0
          </coordinates>
        
        
      </Point>
      
      
    </Placemark>
    <Placemark>
      
        
      <name>ÁREA Servicio Castillo El Burgo  🍴/ El Burgo Ranero (León)</name>
      
        
      <description><![CDATA[Área para hacer los 15" 30" o 45" / Invita si dices que eres el chófer /  A-231, km 34, 24343 El Burgo Ranero, León www.castillogrupo.com +34 987 33 04 03]]></description>
      
        
      <styleUrl>#icon-1577-795548</styleUrl>
      
        
      <Point>
        
          
        <coordinates>
            -5.2150152,42.4172531,0
          </coordinates>
        
        
      </Point>
      
      
    </Placemark>
    <Placemark>
      
        
      <name>LAVADERO 💧/ El Burgo Ranero (León)</name>
      
        
      <description><![CDATA[Lavadero a mano A-231, A-231, 24303 El Burgo Ranero, León <br>www.aviaenergias.es <br>+34 980 63 79 18]]></description>
      
        
      <styleUrl>#icon-1702-0097A7</styleUrl>
      
        
      <Point>
        
          
        <coordinates>
            -5.2156983,42.4180384,0
          </coordinates>
        
        
      </Point>
      
      
    </Placemark>
    <Placemark>
      
        
      <name>TALLER Alsa 🛠️ / Gijón (Asturias)</name>
      
        
      <description>Polígono Industrial Promosa, Gijon-Oeste, 33201 Gijón, Asturias</description>
      
        
      <styleUrl>#icon-1590-3949AB</styleUrl>
      
        
      <Point>
        
          
        <coordinates>
            -5.6919801,43.5303409,0
          </coordinates>
        
        
      </Point>
      
      
    </Placemark>
    <Placemark>
      
        
      <name>Chófer / HOSTAL El Paraiso (Chófer)👤 / Don Benito (Badajoz)</name>
      
        
      <description><![CDATA[Hostal para nosotros / Buen Trato, Buen precio. Llamar para reservar decir que sois conductores . ,Av. de Las Vegas Altas, 45, 06400 Don Benito, Badajoz, España <br>www.hostalparaisodb.es <br>+34 924 80 34 59]]></description>
      
        
      <styleUrl>#icon-1531-9C27B0</styleUrl>
      
        
      <Point>
        
          
        <coordinates>
            -5.842468,38.9631622,0
          </coordinates>
        
        
      </Point>
      
      
    </Placemark>
    <Placemark>
      
        
      <name>PROHIBIDO 3,5T ⛔ / Lanjarón (Granada)</name>
      
        
      <description>Prohibido circulación centro Lanjarón.</description>
      
        
      <styleUrl>#icon-1899-DB4436</styleUrl>
      
        
      <Point>
        
          
        <coordinates>
            -3.4878398,36.9184566,0
          </coordinates>
        
        
      </Point>
      
      
    </Placemark>
    <Placemark>
      
        
      <name>Hostal Durán</name>
      
        
      <styleUrl>#icon-1899-0288D1-nodesc</styleUrl>
      
        
      <Point>
        
          
        <coordinates>
            -4.7069404,36.822189,0
          </coordinates>
        
        
      </Point>
      
      
    </Placemark>
    <Placemark>
      
        
      <name>INFO. Túnel de 3,4 Metros ℹ️ / Pontevedra </name>
      
        
      <description>A 300 Metros túnel de 3,4 Metros / NO SE PUEDE PASAR. Está bien señalizado.</description>
      
        
      <styleUrl>#icon-1608-0288D1</styleUrl>
      
        
      <Point>
        
          
        <coordinates>
            -8.649814,42.4701634,0
          </coordinates>
        
        
      </Point>
      
      
    </Placemark>
    <Placemark>
      
        
      <name>IES Aquis Cenis 🚸 / Caldas de Reis (Pontevedra)</name>
      
        
      <description>[IES] Instituto de Educación Secundaria Aquis Celenis</description>
      
        
      <styleUrl>#icon-1682-FFD600</styleUrl>
      
        
      <Point>
        
          
        <coordinates>
            -8.638111,42.6034914,0
          </coordinates>
        
        
      </Point>
      
      
    </Placemark>
    <Placemark>
      
        
      <name>LAVADERO 💦 / Ribarroja de Turia (Valencia)</name>
      
        
      <description><![CDATA[LAVADERO Vehículos industriales C. Polígono Oliveral, 46394 Ribarroja de Turia, Valencia<br>+34 649 99 26 03 ]]></description>
      
        
      <styleUrl>#icon-1703-0097A7</styleUrl>
      
        
      <Point>
        
          
        <coordinates>
            -0.5479158,39.4753885,0
          </coordinates>
        
        
      </Point>
      
      
    </Placemark>
    <Placemark>
      
        
      <name>MMT Electric 2005 🛠️ / Benahadux (Almería)</name>
      
        
      <description><![CDATA[Reparaciones Aire acondicionado, tacógrafos calefactores, video... N-340a, 125, 04410 Benahadux, Almería<br>www.mmtelectric.com<br>+34 950 31 09 96]]></description>
      
        
      <styleUrl>#icon-1590-1A237E</styleUrl>
      
        
      <Point>
        
          
        <coordinates>
            -2.4527218,36.9089655,0
          </coordinates>
        
        
      </Point>
      
      
    </Placemark>
    <Placemark>
      
        
      <name>ÁREA Servicio La vianda 🍴 / Castillejo de Iniesta (Cuenca)</name>
      
        
      <description><![CDATA[Buen Área para los 15" 30" o 45" Invitación chófer y Guía / Castillejo de Iniesta, Cuenca]]></description>
      
        
      <styleUrl>#icon-1577-795548</styleUrl>
      
        
      <Point>
        
          
        <coordinates>
            -1.7521072,39.5198417,0
          </coordinates>
        
        
      </Point>
      
      
    </Placemark>
    <Placemark>
      
        
      <name>CASTILLO De Cullera 🏰 / Cullera (Valencia)</name>
      
        
      <description>Plaza reservada visita Castillo de Cullera. Das la vuelta y te quedas de bajada Pujada del Castell, s/n, 46400 Cullera, Valencia www.culleraturismo.com +34 961 73 26 43</description>
      
        
      <styleUrl>#icon-1598-424242</styleUrl>
      
        
      <Point>
        
          
        <coordinates>
            -0.2492989,39.1658477,0
          </coordinates>
        
        
      </Point>
      
      
    </Placemark>
    <Placemark>
      
        
      <name>BARCO Dofijet⛵ / Lloret de Mar (Girona)</name>
      
        
      <description>Punto donde se Dejan grupos para el Barco de LLloret a Tossa </description>
      
        
      <styleUrl>#icon-1502-C2185B</styleUrl>
      
        
      <Point>
        
          
        <coordinates>
            2.8362576,41.6952715,0
          </coordinates>
        
        
      </Point>
      
      
    </Placemark>
    <Placemark>
      
        
      <name>RECORRIDO Jardín Botánico MariMurtra</name>
      
        
      <description>Por aquí se llega al Jardín Botánico / Por aquí tienes que volver a salir </description>
      
        
      <styleUrl>#line-F9A825-5960</styleUrl>
      
        
      <LineString>
        
          
        <tessellate>1</tessellate>
        
          
        <coordinates>
            2.8020535,41.6888717,0
            2.8021539,41.6886662,0
            2.8021761,41.6884097,0
            2.80218,41.6882823,0
            2.8019346,41.6881041,0
            2.8017035,41.6880013,0
            2.8009953,41.6879266,0
            2.80086,41.6879027,0
            2.8007806,41.6877662,0
            2.8008018,41.6876589,0
            2.800859,41.6875608,0
            2.8011573,41.6873913,0
            2.8015091,41.6871571,0
            2.8015856,41.6870613,0
            2.8015824,41.6868918,0
            2.8014677,41.686767,0
            2.8010805,41.686441,0
            2.8009684,41.6863,0
            2.800911,41.6861493,0
            2.8009535,41.6860313,0
            2.8010462,41.6859118,0
            2.8012241,41.6858276,0
            2.801507,41.6857774,0
            2.8017873,41.6857083,0
            2.8018977,41.6856444,0
            2.801983,41.6854651,0
            2.8021357,41.6851224,0
            2.8025499,41.6842914,0
            2.8026928,41.6839899,0
            2.8027804,41.6837872,0
            2.8027786,41.6835872,0
            2.8027068,41.6834234,0
            2.8021614,41.682859,0
            2.8019825,41.6826247,0
            2.801966,41.6825091,0
            2.802061,41.6823971,0
            2.8023069,41.6821765,0
            2.8022684,41.6821305,0
            2.8022445,41.6820408,0
            2.8019889,41.6817827,0
            2.8018206,41.6816494,0
            2.8015557,41.6815522,0
            2.8010844,41.6814434,0
            2.8006628,41.6813437,0
            2.8005805,41.6812948,0
            2.8005493,41.6812254,0
            2.8005465,41.6811736,0
            2.8005766,41.6811267,0
            2.8006688,41.6810068,0
            2.8008742,41.6810132,0
            2.8017122,41.6811303,0
            2.8018926,41.681203,0
            2.8023027,41.6813918,0
            2.8026623,41.6815398,0
            2.8029015,41.68157,0
            2.8029733,41.6815565,0
            2.8030082,41.6815052,0
            2.8030051,41.6814141,0
            2.8024311,41.6809911,0
            2.8018901,41.680517,0
            2.8017464,41.680374,0
            2.8017984,41.680239,0
            2.8019343,41.6801508,0
            2.8021371,41.680175,0
            2.8024371,41.6803389,0
            2.8028019,41.6804885,0
            2.8031659,41.6806253,0
            2.8034747,41.6807555,0
            2.8037433,41.6808509,0
            2.8041219,41.6808858,0
            2.8044051,41.6808805,0
            2.8048434,41.6807697,0
            2.8055364,41.6806255,0
            2.8063007,41.680506,0
            2.8071359,41.6803958,0
            2.8080413,41.6802774,0
            2.8082241,41.6802189,0
            2.8083047,41.6801041,0
            2.808244,41.68001,0
            2.8080041,41.6798881,0
            2.8074873,41.6798056,0
            2.8070435,41.6797925,0
            2.8062335,41.6798878,0
            2.8044156,41.6801075,0
            2.8042039,41.6801114,0
            2.8040274,41.6800757,0
            2.8038474,41.6799524,0
            2.8037442,41.6797997,0
            2.8037202,41.6796924,0
            2.8037581,41.6795991,0
            2.8038661,41.6794813,0
            2.8041481,41.6793571,0
            2.8044282,41.6792664,0
            2.8045681,41.6791253,0
            2.8047135,41.6789388,0
            2.8048748,41.6786148,0
            2.8052294,41.6778797,0
            2.8052701,41.6778236,0
          </coordinates>
        
        
      </LineString>
      
      
    </Placemark>
    <Placemark>
      
        
      <name>EMBARCADERO Vega del Terron 🚢 / La Fregeneda  (Salamanca)</name>
      
        
      <description>Muelle de Vega terron, La Fregeneda, Salamanca</description>
      
        
      <styleUrl>#icon-1569-757575</styleUrl>
      
        
      <Point>
        
          
        <coordinates>
            -6.9299487,41.0282508,0
          </coordinates>
        
        
      </Point>
      
      
    </Placemark>
    <Placemark>
      
        
      <name>BODAS Espai Can Pages💍 / Ametlla del Vallès (Barcelona)</name>
      
        
      <description><![CDATA[Aqui se dejan y recogen los invitados de la boda. Esplanada amplia de tierra se puede entrar y hacer el cambio sentido / Se entra por BV -1439. L'Ametlla del Vallès,  Barcelona <br>www.espaicanpages.com <br>+34 629 78 37 83]]></description>
      
        
      <styleUrl>#icon-1613-F9A825</styleUrl>
      
        
      <Point>
        
          
        <coordinates>
            2.2721898,41.6392043,0
          </coordinates>
        
        
      </Point>
      
      
    </Placemark>
    <Placemark>
      
        
      <name>CAMBIO SENTIDO ℹ️ / Boí (Lleida)</name>
      
        
      <description>Si entras de cara aquí puedes dar la vuelta / está señalizado en el suelo para que no aparquen los domingueros.</description>
      
        
      <styleUrl>#icon-1770-424242</styleUrl>
      
        
      <Point>
        
          
        <coordinates>
            0.8352743,42.5210412,0
          </coordinates>
        
        
      </Point>
      
      
    </Placemark>
    <Placemark>
      
        
      <name>Columpio de Riaño 📸 / Riaño (León)</name>
      
        
      <description>Aqui se dejan y recogen los pasajeros que quieran subir a ver el Columpiobde Riaño . Cementerio de  Riaño. / Puedes hacer cambio sentido sin problema.</description>
      
        
      <styleUrl>#icon-1502-C2185B</styleUrl>
      
        
      <Point>
        
          
        <coordinates>
            -4.9927018,42.9780311,0
          </coordinates>
        
        
      </Point>
      
      
    </Placemark>
    <Placemark>
      
        
      <name>TRAMO para aparcar </name>
      
        
      <description>Puedes  encuentrar sitio para aparcar P°de los castaños y P° de los Olmos</description>
      
        
      <styleUrl>#line-0288D1-5125</styleUrl>
      
        
      <LineString>
        
          
        <tessellate>1</tessellate>
        
          
        <coordinates>
            -2.5710147,36.8086704,0
            -2.5712181,36.808763,0
            -2.5714661,36.8089033,0
            -2.5717732,36.8090349,0
            -2.5718761,36.8090813,0
            -2.5720423,36.8091508,0
            -2.5723394,36.8092673,0
            -2.5726812,36.8094028,0
            -2.5729336,36.809456,0
            -2.5730086,36.8094673,0
            -2.573071,36.8095325,0
            -2.572978,36.8096253,0
            -2.5729488,36.8096732,0
            -2.5728172,36.8097413,0
            -2.572606,36.8098572,0
            -2.5723628,36.8099923,0
            -2.572112,36.8101445,0
            -2.5719477,36.8102883,0
            -2.5717817,36.8104755,0
            -2.5716666,36.8105991,0
            -2.5715428,36.8106813,0
            -2.5713553,36.8107914,0
            -2.5711649,36.8109214,0
            -2.5709979,36.8110662,0
            -2.5708588,36.8112111,0
            -2.5707375,36.8113652,0
            -2.5706113,36.8115776,0
            -2.5705738,36.8116611,0
          </coordinates>
        
        
      </LineString>
      
      
    </Placemark>
    <Placemark>
      
        
      <name>LAVADERO 💧 / Benabarre (Huesca)</name>
      
        
      <description>Lavadero Manual  a las afueras de Benabarre </description>
      
        
      <styleUrl>#icon-1703-0097A7</styleUrl>
      
        
      <Point>
        
          
        <coordinates>
            0.4983592,42.106565,0
          </coordinates>
        
        
      </Point>
      
      
    </Placemark>
    <Placemark>
      
        
      <name>MUSEO de la Pagesia de Fogars de la Selva 🏛️ / Fogars de la Selva (Barcelona)</name>
      
        
      <description>Plaça Serra de Marina, s/n, 08495 Fogars de la Selva, Barcelona www.museupagesiafogars.wordpress.com +34 937 64 42 88 </description>
      
        
      <styleUrl>#icon-1636-A52714</styleUrl>
      
        
      <Point>
        
          
        <coordinates>
            2.6752069,41.7226043,0
          </coordinates>
        
        
      </Point>
      
      
    </Placemark>
    <Placemark>
      
        
      <name>BUFFET Libre Escudero 🍴 / La Jonquera (Girona)</name>
      
        
      <description>Se puede entrar y aparcar, te guardan sitio. Entras y das la vuelta cuando los dejes. N-2, 13, 17700 La Jonquera, Girona </description>
      
        
      <styleUrl>#icon-1577-795548</styleUrl>
      
        
      <Point>
        
          
        <coordinates>
            2.8675014,42.4277961,0
          </coordinates>
        
        
      </Point>
      
      
    </Placemark>
    <Placemark>
      
        
      <name>Entrada Salida Buffet ℹ️ / La Jonquera (Girona)</name>
      
        
      <description>Puedes pasar sin problemas</description>
      
        
      <styleUrl>#line-F9A825-5645</styleUrl>
      
        
      <LineString>
        
          
        <tessellate>1</tessellate>
        
          
        <coordinates>
            2.867538,42.4274529,0
            2.8676171,42.4272712,0
            2.8677,42.4269454,0
            2.8677489,42.4268417,0
            2.8681156,42.4265323,0
            2.86812,42.4264479,0
            2.8678268,42.4261686,0
            2.867666,42.4260465,0
            2.867382,42.4259037,0
            2.8673867,42.4257298,0
            2.8677315,42.4255012,0
          </coordinates>
        
        
      </LineString>
      
      
    </Placemark>
    <Placemark>
      
        
      <name>DAF Selva Diesel 🛠️ / Riudellots de la Selva (Girona)</name>
      
        
      <description>DAF / El Polígon Industrial de Girona, Carrer del Romaní, 0, 17457 Riudellots de la Selva, Girona www.garatgeselvadiesel.cat +34 972 47 62 26</description>
      
        
      <styleUrl>#icon-1590-1A237E</styleUrl>
      
        
      <Point>
        
          
        <coordinates>
            2.7901076,41.9019675,0
          </coordinates>
        
        
      </Point>
      
      
    </Placemark>
    <Placemark>
      
        
      <name>AD Bosch Industrial 🛠️ / Girona </name>
      
        
      <description>Recambios Industrial. C/ Joan Torró Cabratosa, 22 D Pol. Ind. Mas Xirgu, 17005 Girona</description>
      
        
      <styleUrl>#icon-1590-1A237E</styleUrl>
      
        
      <Point>
        
          
        <coordinates>
            2.8047221,41.9603919,0
          </coordinates>
        
        
      </Point>
      
      
    </Placemark>
    <Placemark>
      
        
      <name>RADSA - Recambios 🛠️ / Girona </name>
      
        
      <description>Recambio  C/ Maria Aurèlia Capmany, 16, 17180 girona, Girona +34 972 24 36 38 </description>
      
        
      <styleUrl>#icon-1590-1A237E</styleUrl>
      
        
      <Point>
        
          
        <coordinates>
            2.8002403,41.947678,0
          </coordinates>
        
        
      </Point>
      
      
    </Placemark>
    <Placemark>
      
        
      <name>BATALLA Del Ebro (Trincheras Las Deveas)💥 / La Fatarella (Tarragona)</name>
      
        
      <description>Visita trincheras de La Fatarella Las Deveas / Dejas y recoges en este punto. Cambio sentido a 30metros cruce (En caso de ser necesario)</description>
      
        
      <styleUrl>#icon-1564-880E4F</styleUrl>
      
        
      <Point>
        
          
        <coordinates>
            0.4917752,41.1373682,0
          </coordinates>
        
        
      </Point>
      
      
    </Placemark>
    <Placemark>
      
        
      <name>ENTRADA Y SALIDA C Y D 🔄 / Pals (Girona)</name>
      
        
      <description>Ruta para dejar o recoger grupos para visitar Pals / Está bien indicado. Pasas bien sin problemas.</description>
      
        
      <styleUrl>#line-F9A825-5694</styleUrl>
      
        
      <LineString>
        
          
        <tessellate>1</tessellate>
        
          
        <coordinates>
            3.1465346,41.9697793,0
            3.1466102,41.9697626,0
            3.1466588,41.9697321,0
            3.1468186,41.9696233,0
            3.1469694,41.9695856,0
            3.1471406,41.9695543,0
            3.1472849,41.9695522,0
            3.1476888,41.9695858,0
            3.147722,41.9695914,0
            3.1475308,41.9707634,0
            3.1474875,41.971083,0
            3.1474781,41.9711328,0
            3.1476343,41.9717401,0
            3.1476695,41.9717557,0
            3.1479937,41.971713,0
            3.1482945,41.9716917,0
            3.1484492,41.9716885,0
            3.1489025,41.9716759,0
            3.148962,41.9716992,0
            3.1490466,41.9721528,0
            3.1491337,41.9726027,0
            3.1491868,41.9728323,0
            3.1493635,41.9731743,0
            3.1495379,41.9733508,0
            3.1500301,41.9737818,0
          </coordinates>
        
        
      </LineString>
      
      
    </Placemark>
    <Placemark>
      
        
      <name>RUTA Alternativa ℹ️ / Peñafiel (Valladolid)</name>
      
        
      <description>Ruta Alternativa para ir al Castillo de Peñafiel en el caso que no se pueda por el Puente.</description>
      
        
      <styleUrl>#line-9C27B0-5554</styleUrl>
      
        
      <LineString>
        
          
        <tessellate>1</tessellate>
        
          
        <coordinates>
            -4.1260164,41.5954129,0
            -4.1262153,41.5918985,0
            -4.1262815,41.5908766,0
            -4.1263068,41.5900472,0
            -4.1263329,41.589158,0
            -4.1263784,41.5879501,0
            -4.1264149,41.5872412,0
            -4.1264638,41.5859519,0
            -4.1265898,41.5834354,0
            -4.126645,41.581743,0
            -4.1266446,41.5816458,0
            -4.1265912,41.5815611,0
            -4.1243575,41.5824829,0
            -4.1237078,41.5830801,0
            -4.123223,41.5839506,0
            -4.1231244,41.5840483,0
            -4.123232,41.5848554,0
            -4.123063,41.585483,0
            -4.1219223,41.587587,0
            -4.1196211,41.5917486,0
            -4.1189973,41.592223,0
          </coordinates>
        
        
      </LineString>
      
      
    </Placemark>
    <Placemark>
      
        
      <name>LAVADERO💧 / El Rebollar Requena  (Valencia)</name>
      
        
      <description>Lavadero a pistola. en Área servicio el Rebollar</description>
      
        
      <styleUrl>#icon-1702-0097A7</styleUrl>
      
        
      <Point>
        
          
        <coordinates>
            -1.010792,39.471826,0
          </coordinates>
        
        
      </Point>
      
      
    </Placemark>
    <Placemark>
      
        
      <name>ÁREA Servicio El Rebollar 🍽️ / Requena (Valencia)</name>
      
        
      <description>Área servicio El Rebollar / Diseminado Diseminados, 881, 46391 Requena, Valencia+34 962 30 09 82 </description>
      
        
      <styleUrl>#icon-1577-795548</styleUrl>
      
        
      <Point>
        
          
        <coordinates>
            -1.009627,39.4721148,0
          </coordinates>
        
        
      </Point>
      
      
    </Placemark>
    <Placemark>
      
        
      <name>PARA TI 👌🏻El Rincón de María / Sierra Nevada (Granada)</name>
      
        
      <description>Aquí en el Rincón de María puedes comer, tienen menú conductores  +34 958 48 07 17</description>
      
        
      <styleUrl>#icon-1803-757575</styleUrl>
      
        
      <Point>
        
          
        <coordinates>
            -3.3988505,37.093753,0
          </coordinates>
        
        
      </Point>
      
      
    </Placemark>
    <Placemark>
      
        
      <name>CIRCO DEL SOL ✨ / Madrid </name>
      
        
      <description>Punto más cercano para dejar y recoger grupos que vayan al Circo del Sol. Para aparcar puedes ir al parque de atracciones.</description>
      
        
      <styleUrl>#icon-1502-C2185B</styleUrl>
      
        
      <Point>
        
          
        <coordinates>
            -3.7344687,40.4175486,0
          </coordinates>
        
        
      </Point>
      
      
    </Placemark>
    <Placemark>
      
        
      <name>PROHIBIDO ⛔ / Barcelona </name>
      
        
      <description>PARA IR AL TIBIDABO NO SE SUBE POR AQUI // OJO! Si pones subir al Tibidabo te manda por aquí.</description>
      
        
      <styleUrl>#icon-1898-C2185B</styleUrl>
      
        
      <Point>
        
          
        <coordinates>
            2.1398646,41.420619,0
          </coordinates>
        
        
      </Point>
      
      
    </Placemark>
    <Placemark>
      
        
      <name>RUCS Fuives 🐴 / Olvan (Barcelona)</name>
      
        
      <description>Visitas a los Rucs . Camino estrecho asfaltado. Pasas con un 13metros. En este punto aparcas.</description>
      
        
      <styleUrl>#icon-1502-C2185B</styleUrl>
      
        
      <Point>
        
          
        <coordinates>
            1.8917542,42.0710579,0
          </coordinates>
        
        
      </Point>
      
      
    </Placemark>
    <Placemark>
      
        
      <name>RUTA Entrada y salida Visita Rucs Fuives</name>
      
        
      <description>Ruta para entrar y salir de la visita de los Rucs Fuives</description>
      
        
      <styleUrl>#line-F9A825-6492</styleUrl>
      
        
      <LineString>
        
          
        <tessellate>1</tessellate>
        
          
        <coordinates>
            1.8916743,42.0711073,0
            1.8913421,42.0710662,0
            1.8911905,42.0710285,0
            1.8910596,42.070932,0
            1.8910213,42.0708448,0
            1.8908824,42.0707523,0
            1.89067,42.0704946,0
            1.8903943,42.070287,0
            1.8901947,42.0701035,0
            1.8900491,42.0700116,0
            1.8899217,42.0699801,0
            1.889545,42.0699182,0
            1.8891348,42.0699129,0
            1.8889832,42.0698839,0
            1.8887247,42.0698141,0
            1.8883841,42.0696632,0
            1.8879741,42.0694776,0
            1.8876418,42.0693078,0
            1.887477,42.0692615,0
            1.8874346,42.0692407,0
            1.8873793,42.0692038,0
            1.8873526,42.0691211,0
            1.8875897,42.0688445,0
            1.8878737,42.0685968,0
            1.8883296,42.0682215,0
            1.8886462,42.0680356,0
            1.8887143,42.0679784,0
            1.888715,42.0679088,0
            1.8885316,42.0675877,0
            1.8883275,42.0673918,0
            1.8880057,42.0671286,0
            1.8877134,42.0669553,0
            1.8875375,42.0668065,0
            1.8874302,42.0666941,0
            1.8873522,42.0666179,0
            1.8867833,42.0664656,0
            1.8864688,42.0663748,0
            1.8862703,42.0663154,0
            1.8858337,42.0660893,0
            1.8856431,42.066025,0
            1.8854382,42.0659106,0
            1.8852955,42.0657876,0
          </coordinates>
        
        
      </LineString>
      
      
    </Placemark>
    <Placemark>
      
        
      <name>SALA Cabanyes 🎭 / Mataró (Barcelona)</name>
      
        
      <description>Aquí podrás dejar o recoger grupos que van a la sala Cabanyes/ es complicado no molestar no te puedes quedar y si hay coches estorbarás donde te pongas.</description>
      
        
      <styleUrl>#icon-1709-880E4F</styleUrl>
      
        
      <Point>
        
          
        <coordinates>
            2.4441824,41.5419971,0
          </coordinates>
        
        
      </Point>
      
      
    </Placemark>
    <Placemark>
      
        
      <name>TEATRO Monumental 🎭 / Mataró (Barcelona)</name>
      
        
      <description>Lo mejor es dejarlos en el parque central. Pero si llueve o son muy pequeños aquí se puede. Justo donde empieza los dos carriles. Para llegar aquí se hace desde la nacional / C/ Sant Pere - C / del Hospital - C/ de la Coma.</description>
      
        
      <styleUrl>#icon-1709-880E4F</styleUrl>
      
        
      <Point>
        
          
        <coordinates>
            2.4425331,41.5439445,0
          </coordinates>
        
        
      </Point>
      
      
    </Placemark>
    <Placemark>
      
        
      <name>CAMBIO DE SENTIDO ⭕ / Montsoriu (Girona)</name>
      
        
      <description>Aquí podrás hacer el cambio de sentido en caso que necesites hacerlo. </description>
      
        
      <styleUrl>#icon-1770-424242</styleUrl>
      
        
      <Point>
        
          
        <coordinates>
            2.5356923,41.782447,0
          </coordinates>
        
        
      </Point>
      
      
    </Placemark>
    <Placemark>
      
        
      <name>COLEGIO Josep Miquel Céspedes 🚸 / Sant Adrià de Besòs (Barcelona)</name>
      
        
      <description><![CDATA[Aquí puedes  recoger y dejar escolares del colegio Josep Miquel Céspedes.<br>C/ Olímpic, 5, 08930 Sant Adrià de Besòs, Barcelona <br>www.escolabressolcespedes.wordpress.com <br>+34 933 81 05 59]]></description>
      
        
      <styleUrl>#icon-1682-FFD600</styleUrl>
      
        
      <Point>
        
          
        <coordinates>
            2.2200517,41.427226,0
          </coordinates>
        
        
      </Point>
      
      
    </Placemark>
    <Placemark>
      
        
      <name>COLEGIO Jaume Llull 🚸 / Sant Andreu de Llavaneres (Barcelona)</name>
      
        
      <description>Aquí se recogen y se dejan alumnos  Colegio Jaume Llull / Camí Contrabandistes, 0, 08392 Sant Andreu de Llavaneres, Barcelona www.agora.xtec.catb +34 937 92 69 95</description>
      
        
      <styleUrl>#icon-1682-FFD600</styleUrl>
      
        
      <Point>
        
          
        <coordinates>
            2.4766993,41.5728169,0
          </coordinates>
        
        
      </Point>
      
      
    </Placemark>
    <Placemark>
      
        
      <name>COLEGIO CEIP Valeriano López 🚸 / Estepona (Málaga)</name>
      
        
      <description>Plaza reservada Colegio. / NO aparcar en horario de entrada y salida para no molestar a los compañeros de ruta. / C. Cam. a los Pinsapos, s/n, 29680 Estepona, Málaga  www.blogsaverroes.juntadeandalucia.es  +34 951 27 05 96</description>
      
        
      <styleUrl>#icon-1682-FFD600</styleUrl>
      
        
      <Point>
        
          
        <coordinates>
            -5.1497619,36.4373534,0
          </coordinates>
        
        
      </Point>
      
      
    </Placemark>
    <Placemark>
      
        
      <name>COLEGIO Sierra Bermeja 🚸 / Estepona (Málaga)</name>
      
        
      <description>Plaza reservada Colegio Sierra Bermeja.NO aparcar en horario de entrada y salida colegios  Av/ Segovia . Estepona, Málaga+34 951 27 09 98</description>
      
        
      <styleUrl>#icon-1682-FFD600</styleUrl>
      
        
      <Point>
        
          
        <coordinates>
            -5.1384,36.4312689,0
          </coordinates>
        
        
      </Point>
      
      
    </Placemark>
    <Placemark>
      
        
      <name>ÁREA SERVICIO 🍽️ /Cafestore Ugaldebieta / Ciérvana (Vizcaya)</name>
      
        
      <description><![CDATA[Buen are apara descansos de 15" 30" o 45" invitación a chófer y guía. / Biscay, Autovía del Cantábrico, P.K. 131,00 I, 48500 Abanto y Ciérvana, Vizcaya+34 946 36 37 43]]></description>
      
        
      <styleUrl>#icon-1577-795548</styleUrl>
      
        
      <Point>
        
          
        <coordinates>
            -3.0694463,43.3274671,0
          </coordinates>
        
        
      </Point>
      
      
    </Placemark>
    <Placemark>
      
        
      <name>ÁREA SERVICIO Ugaldebieta La Pausa 🍽️ / Ciérvana (Vizcaya)</name>
      
        
      <description><![CDATA[Buen sitio para hacer los 15" 30" o 45" . Invitación sa chófer y guia / Autovía del Cantábrico, Km. 131, 48500 Abanto y Ciérvana, Vizcaya  www.smarttravelers.areas.com +34 946 36 10 07]]></description>
      
        
      <styleUrl>#icon-1577-795548</styleUrl>
      
        
      <Point>
        
          
        <coordinates>
            -3.0671044,43.3280596,0
          </coordinates>
        
        
      </Point>
      
      
    </Placemark>
    <Placemark>
      
        
      <name>LAVADERO My Truck Wash Bilbao💧🫧 / Ciérvana (Vizcaya)</name>
      
        
      <description>Lavadero vehículos industriales / 48500 Abanto y Ciérvana, Vizcaya www.mytruckwasheuropa.com +34 946 36 23 29</description>
      
        
      <styleUrl>#icon-1703-0097A7</styleUrl>
      
        
      <Point>
        
          
        <coordinates>
            -3.0698382,43.3267046,0
          </coordinates>
        
        
      </Point>
      
      
    </Placemark>
    <Placemark>
      
        
      <name>INFO ℹ️ /Setenil de la Frontera (Cádiz)</name>
      
        
      <description>En Setenil hay tren turístico que baja y sube a los clientes  tf : 625445350</description>
      
        
      <styleUrl>#icon-1608-3949AB</styleUrl>
      
        
      <Point>
        
          
        <coordinates>
            -5.170436,36.8624029,0
          </coordinates>
        
        
      </Point>
      
      
    </Placemark>
    <Placemark>
      
        
      <name>GRANJA RURAL CAN TURRÓ 🚸 / Santa María de Palau Tordera (Barcelona)</name>
      
        
      <description>Se puede entrar  / Masia Can Turró, 08460 Santa Maria de Palautordera, Barcelona www.canturro.net +34 938 67 54 01 </description>
      
        
      <styleUrl>#icon-1682-673AB7</styleUrl>
      
        
      <Point>
        
          
        <coordinates>
            2.4693294,41.6824082,0
          </coordinates>
        
        
      </Point>
      
      
    </Placemark>
    <Placemark>
      
        
      <name>Estiula Aventura 🧗🏻‍♂️. / Campdevànol (Girona)</name>
      
        
      <description>Punto exacto donde se dejan los grupos. NO SE PUEDE ENTRAR. Si vienes desde Campdevànol, a 1,5Kms puedes hacer cambio de sentido para no dejarlos tocando la carretera.  Girona www.estiulaventura.cat  +34 649 64 00 39</description>
      
        
      <styleUrl>#icon-1502-C2185B</styleUrl>
      
        
      <Point>
        
          
        <coordinates>
            2.1332654,42.2305385,0
          </coordinates>
        
        
      </Point>
      
      
    </Placemark>
    <Placemark>
      
        
      <name>CAMBIO SENTIDO ⭕ / El Empalme (Girona)</name>
      
        
      <description>Aquí puedes hacer cambio sentido para dejarlos en Estiula Aventura.</description>
      
        
      <styleUrl>#icon-1770-424242</styleUrl>
      
        
      <Point>
        
          
        <coordinates>
            2.1176708,42.2382388,0
          </coordinates>
        
        
      </Point>
      
      
    </Placemark>
    <Placemark>
      
        
      <name>TALLERES El Portazgo S L 🛠️ / San Juan de Mozarrifar (Zaragoza)</name>
      
        
      <description><![CDATA[TALLERES El Portazgo S L 🛠️ / San Juan de Mozarrifar (Zaragoza)<br>Taller electricidad y Mecánica/ Calle Limite Sur Nº22 Polígono Industrial, Calle Cdad. del Transporte, Cdad. del Transporte, 50820 San Juan de Mozarrifar, Zaragoza www.tallereselportazgo.com +34 976 58 76 41]]></description>
      
        
      <styleUrl>#icon-1590-1A237E</styleUrl>
      
        
      <Point>
        
          
        <coordinates>
            -0.854946,41.715716,0
          </coordinates>
        
        
      </Point>
      
      
    </Placemark>
    <Placemark>
      
        
      <name>Madrid | Aparcamiento | Parque de Atracciones | Regulado por Gorrillas</name>
      
        
      <description>Madrid | Aparcamiento | Parque de Atracciones | Regulado por Gorrillas</description>
      
        
      <styleUrl>#icon-1644-0288D1</styleUrl>
      
        
      <Point>
        
          
        <coordinates>
            -3.751621,40.413586,0
          </coordinates>
        
        
      </Point>
      
      
    </Placemark>
    <Placemark>
      
        
      <name>APARCAMIENTO / San Sebastián </name>
      
        
      <description>Donosti | Aparcamiento Habilitado |Garbera Bidea, 2806, 20017 Donostia, Gipuzkoa, España</description>
      
        
      <styleUrl>#icon-1644-0288D1</styleUrl>
      
        
      <Point>
        
          
        <coordinates>
            -1.94472,43.307122,0
          </coordinates>
        
        
      </Point>
      
      
    </Placemark>
    <Placemark>
      
        
      <name>RUTA APARACAMIENTO / Águilas  </name>
      
        
      <description>NO EXISTE LA ENTRADA DESDE LA CARRETERA HAY QUE IR ALA ROTONDA PASANDO POR DELANTE DE LOS BOMBEROS Y POLICIA MUNICIPAL</description>
      
        
      <styleUrl>#line-FFD600-4122</styleUrl>
      
        
      <LineString>
        
          
        <tessellate>1</tessellate>
        
          
        <coordinates>
            -1.591867,37.416246,0
            -1.590416,37.416696,0
            -1.588943,37.417056,0
            -1.58752,37.417337,0
            -1.58621,37.417505,0
            -1.586058,37.417407,0
            -1.585957,37.417266,0
            -1.586012,37.416862,0
            -1.586025,37.416674,0
            -1.586032,37.416607,0
            -1.586066,37.416545,0
            -1.587986,37.416621,0
            -1.588941,37.416687,0
            -1.589482,37.416711,0
            -1.589917,37.416629,0
            -1.590126,37.416538,0
            -1.590276,37.416401,0
          </coordinates>
        
        
      </LineString>
      
      
    </Placemark>
    <Placemark>
      
        
      <name>APARCAMIENTO/ Cascais / (PO)</name>
      
        
      <description>Si vas con gente el aparcamiento es gratis.</description>
      
        
      <styleUrl>#icon-1532-7CB342</styleUrl>
      
        
      <Point>
        
          
        <coordinates>
            -9.419982,38.69241,0
          </coordinates>
        
        
      </Point>
      
      
    </Placemark>
    <Placemark>
      
        
      <name>Cambados | Aparcamiento Libre </name>
      
        
      <description>aparcamiento libre, sin problemas.</description>
      
        
      <styleUrl>#icon-1644-0288D1</styleUrl>
      
        
      <Point>
        
          
        <coordinates>
            -8.816206,42.522218,0
          </coordinates>
        
        
      </Point>
      
      
    </Placemark>
    <Placemark>
      
        
      <name>APARCAMIENTO / O grove</name>
      
        
      <description>Aparcamiento acuario esplanada tierra</description>
      
        
      <styleUrl>#icon-1644-0288D1</styleUrl>
      
        
      <Point>
        
          
        <coordinates>
            -8.890643,42.483998,0
          </coordinates>
        
        
      </Point>
      
      
    </Placemark>
    <Placemark>
      
        
      <name>BOCA DEL INFIERNO / Cascais (PO)</name>
      
        
      <description>Aparcamiento máximo 30 minutos</description>
      
        
      <styleUrl>#icon-1502-C2185B</styleUrl>
      
        
      <Point>
        
          
        <coordinates>
            -9.428179,38.690618,0
          </coordinates>
        
        
      </Point>
      
      
    </Placemark>
    <Placemark>
      
        
      <name>Marina Dor</name>
      
        
      <description>aparcamiento autorizado por la policia</description>
      
        
      <styleUrl>#line-3F5BA9-4000</styleUrl>
      
        
      <LineString>
        
          
        <tessellate>1</tessellate>
        
          
        <coordinates>
            0.149002,40.116398,0
            0.148444,40.114922,0
          </coordinates>
        
        
      </LineString>
      
      
    </Placemark>
    <Placemark>
      
        
      <name>Los Chorros de Navafria - Ruta</name>
      
        
      <description>como llegar sin complicaciones a los chorros de navafria.</description>
      
        
      <styleUrl>#line-3F5BA9-5000</styleUrl>
      
        
      <LineString>
        
          
        <tessellate>1</tessellate>
        
          
        <coordinates>
            -3.822985,41.041459,0
            -3.822427,41.042009,0
            -3.821998,41.043077,0
            -3.820882,41.044307,0
            -3.820324,41.045764,0
            -3.819981,41.049324,0
            -3.818736,41.049971,0
            -3.820667,41.05146,0
            -3.818049,41.055602,0
            -3.817277,41.056476,0
            -3.815517,41.058029,0
            -3.812556,41.060456,0
            -3.811526,41.061265,0
            -3.811569,41.066701,0
            -3.812942,41.068287,0
            -3.814616,41.068934,0
          </coordinates>
        
        
      </LineString>
      
      
    </Placemark>
    <Placemark>
      
        
      <name>APARCAMIENTO / Ribadeo</name>
      
        
      <description>Lugar para poder aparcar.</description>
      
        
      <styleUrl>#icon-1644-0288D1</styleUrl>
      
        
      <Point>
        
          
        <coordinates>
            -7.042129,43.53094,0
          </coordinates>
        
        
      </Point>
      
      
    </Placemark>
    <Placemark>
      
        
      <name>APARCAMIENTO / Peralada</name>
      
        
      <description>Aparcamiento en Peralada. Explanada de tierra.</description>
      
        
      <styleUrl>#icon-1644-0288D1</styleUrl>
      
        
      <Point>
        
          
        <coordinates>
            3.013902,42.306435,0
          </coordinates>
        
        
      </Point>
      
      
    </Placemark>
    <Placemark>
      
        
      <name>APARCAMIENTO/ Besalú (Girona)</name>
      
        
      <description>Si puedes entrar déjalo encarado a la salida que no te cierren</description>
      
        
      <styleUrl>#icon-1644-0288D1</styleUrl>
      
        
      <Point>
        
          
        <coordinates>
            2.702696,42.197715,0
          </coordinates>
        
        
      </Point>
      
      
    </Placemark>
    <Placemark>
      
        
      <name>APARCAMIENTO/ Zarautz (Guipúzcoa)</name>
      
        
      <description>Zarautz | Aparcamiento Polígono Abendaño | Libre</description>
      
        
      <styleUrl>#icon-1644-0288D1</styleUrl>
      
        
      <Point>
        
          
        <coordinates>
            -2.172353,43.277526,0
          </coordinates>
        
        
      </Point>
      
      
    </Placemark>
    <Placemark>
      
        
      <name>CASTILLO de Coca / (Segovia)</name>
      
        
      <description>Coca | Aparcamiento en linea frente al Castillo de Coca</description>
      
        
      <styleUrl>#icon-1598-424242</styleUrl>
      
        
      <Point>
        
          
        <coordinates>
            -4.524785,41.215026,0
          </coordinates>
        
        
      </Point>
      
      
    </Placemark>
    <Placemark>
      
        
      <name>Puerto Navacerrada ⛰️| Aparcamiento Habilitado </name>
      
        
      <description>Puerto Navacerrada | Aparcamiento Habilitado</description>
      
        
      <styleUrl>#icon-1634-0F9D58</styleUrl>
      
        
      <Point>
        
          
        <coordinates>
            -4.002239,40.789181,0
          </coordinates>
        
        
      </Point>
      
      
    </Placemark>
    <Placemark>
      
        
      <name>Puerto De La Morcuera ⛰️| Aparcamiento Compartido </name>
      
        
      <description>Puerto De La Morcuera | Aparcamiento Compartido</description>
      
        
      <styleUrl>#icon-1634-0F9D58</styleUrl>
      
        
      <Point>
        
          
        <coordinates>
            -3.830098,40.828191,0
          </coordinates>
        
        
      </Point>
      
      
    </Placemark>
    <Placemark>
      
        
      <name>APARCAMIENTO/ Santiago Bernabéu </name>
      
        
      <description>INFO: Ahora en obras puede que no se pueda // Madrid | Bernabéu | Aparcamiento Autorizado | Con Tiempo Limite | PROHIBIDO EN EVENTOS</description>
      
        
      <styleUrl>#icon-1644-0288D1</styleUrl>
      
        
      <Point>
        
          
        <coordinates>
            -3.68948,40.453169,0
          </coordinates>
        
        
      </Point>
      
      
    </Placemark>
    <Placemark>
      
        
      <name>APARCAMIENTO/ Tusela</name>
      
        
      <description>Tudela | Aparcamiento Libre Gratuito</description>
      
        
      <styleUrl>#icon-1644-0288D1</styleUrl>
      
        
      <Point>
        
          
        <coordinates>
            -1.610806,42.057928,0
          </coordinates>
        
        
      </Point>
      
      
    </Placemark>
    <Placemark>
      
        
      <name>AEROPUERTO MADRID T4 | Aparcamiento larga estancia barajas </name>
      
        
      <description>Madrid Barajas T4 | Aparcamiento larga estancia barajas</description>
      
        
      <styleUrl>#icon-1504-880E4F</styleUrl>
      
        
      <Point>
        
          
        <coordinates>
            -3.59366,40.48195,0
          </coordinates>
        
        
      </Point>
      
      
    </Placemark>
    <Placemark>
      
        
      <name>PARQUE DE ATAPUERCA</name>
      
        
      <description><![CDATA[Parque Arqueológico Atapuerca | Aparcamiento de Tierra a la entrada del parque arqueológico | 09199 Atapuerca, Burgos, España<br>www.atapuerca.org<br>+34 947 42 10 00]]></description>
      
        
      <styleUrl>#icon-1636-A52714</styleUrl>
      
        
      <Point>
        
          
        <coordinates>
            -3.497558,42.37928,0
          </coordinates>
        
        
      </Point>
      
      
    </Placemark>
    <Placemark>
      
        
      <name>APARCAMIENTO |  La Nuncia (Polideportivo)</name>
      
        
      <description><![CDATA[La Nucia | Aparcamiento Habilitado | Polideportivo Municipal Camilo Cano | Partida Muixara, s/n, 03530 La Nucia, Alicante, Alicante, <br>ciudaddeportivacamilocano.com <br>+34 966 89 65 64]]></description>
      
        
      <styleUrl>#icon-1644-0288D1</styleUrl>
      
        
      <Point>
        
          
        <coordinates>
            -0.126622,38.60354,0
          </coordinates>
        
        
      </Point>
      
      
    </Placemark>
    <Placemark>
      
        
      <name>APARCAMIENTO Lagun Negra Urbión / Viniesa (Soria)</name>
      
        
      <description>Laguna Negra de Urbion | Aparcamiento</description>
      
        
      <styleUrl>#icon-1644-0288D1</styleUrl>
      
        
      <Point>
        
          
        <coordinates>
            -2.843263,41.998735,0
          </coordinates>
        
        
      </Point>
      
      
    </Placemark>
    <Placemark>
      
        
      <name>GRUTAS DE CRISTAL 📸 / Teruel</name>
      
        
      <description>Grutas de Cristal | Aparcamiento para Visita</description>
      
        
      <styleUrl>#icon-1535-757575</styleUrl>
      
        
      <Point>
        
          
        <coordinates>
            -0.450273,40.793961,0
          </coordinates>
        
        
      </Point>
      
      
    </Placemark>
    <Placemark>
      
        
      <name>MONASTERIO DE UCLÉS / Uclés (Cuenca) </name>
      
        
      <description>Ucles | esplanada de tierra delante Puerta del Monasterio</description>
      
        
      <styleUrl>#icon-1670-E65100</styleUrl>
      
        
      <Point>
        
          
        <coordinates>
            -2.863679,39.979907,0
          </coordinates>
        
        
      </Point>
      
      
    </Placemark>
    <Placemark>
      
        
      <name>MONASTERIO DE LEYRE / Yesa (Navarra)</name>
      
        
      <description>Monasterio Leyre | Aparcamiento Asfaltado para la visita del Monasterio</description>
      
        
      <styleUrl>#icon-1670-E65100</styleUrl>
      
        
      <Point>
        
          
        <coordinates>
            -1.171144,42.63622,0
          </coordinates>
        
        
      </Point>
      
      
    </Placemark>
    <Placemark>
      
        
      <name>APARCAMIENTO/ Brihuega</name>
      
        
      <description>Briuhega | Aparcamiento Explanada junto Polideportivo y Colegio | Cuidado no quedarse encerrado por Turismos</description>
      
        
      <styleUrl>#icon-1644-0288D1</styleUrl>
      
        
      <Point>
        
          
        <coordinates>
            -2.873665,40.764795,0
          </coordinates>
        
        
      </Point>
      
      
    </Placemark>
    <Placemark>
      
        
      <name>RECORRIDO APARCAMIENTO Lerma (Burgos)</name>
      
        
      <description>Lerma | Indicaciones de LLEGADA al Aparcamiento de Lerma | Compartido con Turismos | Asfaltado y Gratuito</description>
      
        
      <styleUrl>#line-FFD600-5000</styleUrl>
      
        
      <LineString>
        
          
        <tessellate>1</tessellate>
        
          
        <coordinates>
            -3.754696,42.020127,0
            -3.754803,42.02035,0
            -3.754996,42.020701,0
            -3.755093,42.021092,0
            -3.755146,42.021426,0
            -3.755103,42.021681,0
            -3.754996,42.02204,0
            -3.754824,42.022335,0
            -3.754642,42.022781,0
            -3.754492,42.0231,0
            -3.754363,42.023498,0
            -3.754202,42.023801,0
            -3.754073,42.024009,0
            -3.753859,42.024009,0
            -3.753623,42.024048,0
            -3.753312,42.024168,0
            -3.752936,42.024264,0
            -3.752271,42.024399,0
          </coordinates>
        
        
      </LineString>
      
      
    </Placemark>
    <Placemark>
      
        
      <name>Lerma | Aparcamiento de Lerma | Compartido con Turismos | Asfaltado y Gratuito </name>
      
        
      <description>Lerma | Aparcamiento de Lerma | Compartido con Turismos | Asfaltado y Gratuito</description>
      
        
      <styleUrl>#poly-4186F0-4501-112</styleUrl>
      
        
      <Polygon>
        
          
        <outerBoundaryIs>
          
            
          <LinearRing>
            
              
            <tessellate>1</tessellate>
            
              
            <coordinates>
                -3.752547,42.024381,0
                -3.7515538,42.0245111,0
                -3.751453,42.024533,0
                -3.751466,42.024584,0
                -3.751517,42.02463,0
                -3.751651,42.024686,0
                -3.752287,42.024766,0
                -3.752547,42.024381,0
              </coordinates>
            
            
          </LinearRing>
          
          
        </outerBoundaryIs>
        
        
      </Polygon>
      
      
    </Placemark>
    <Placemark>
      
        
      <name>APARCAMIENTO / Cabañas (A Coruña)</name>
      
        
      <description>Cabañas | Aparcamiento Libre</description>
      
        
      <styleUrl>#icon-1644-0288D1</styleUrl>
      
        
      <Point>
        
          
        <coordinates>
            -8.167907,43.412893,0
          </coordinates>
        
        
      </Point>
      
      
    </Placemark>
    <Placemark>
      
        
      <name>SANTUARIO NUESTRA SRA DE LOS REMEDIOS/ Lamego (PO)</name>
      
        
      <description>Lamego | Aparcamiento visita Santuario Nuestra Señora de los Remedios | 10 dársenas / pt.wikipedia.org +351 254 655 318</description>
      
        
      <styleUrl>#icon-1670-E65100</styleUrl>
      
        
      <Point>
        
          
        <coordinates>
            -7.817106,41.090717,0
          </coordinates>
        
        
      </Point>
      
      
    </Placemark>
    <Placemark>
      
        
      <name>APARCAMIENTO / Leira (PO)</name>
      
        
      <description>Amplio asfaltado en Leiria | Aparcamiento lado campo de futbol | 39.750805,-8.810901</description>
      
        
      <styleUrl>#icon-1644-0288D1</styleUrl>
      
        
      <Point>
        
          
        <coordinates>
            -8.810901,39.750805,0
          </coordinates>
        
        
      </Point>
      
      
    </Placemark>
    <Placemark>
      
        
      <name>APARCAMIENTO / Rute (Sevilla)</name>
      
        
      <description>Rute | Esplanada de Tierra aparcamiento amplio sin problema</description>
      
        
      <styleUrl>#icon-1644-0288D1</styleUrl>
      
        
      <Point>
        
          
        <coordinates>
            -4.361782,37.326103,0
          </coordinates>
        
        
      </Point>
      
      
    </Placemark>
    <Placemark>
      
        
      <name>TERMINAL CRUCEROS / El Ferrol</name>
      
        
      <description>Terminal de cruceros de Ferrol</description>
      
        
      <styleUrl>#icon-1622-757575</styleUrl>
      
        
      <Point>
        
          
        <coordinates>
            -8.248887,43.484213,0
          </coordinates>
        
        
      </Point>
      
      
    </Placemark>
    <Placemark>
      
        
      <name>ESTACIÓN TREN La Garena / Alcalá de Henares</name>
      
        
      <styleUrl>#icon-1717-AFB42B-nodesc</styleUrl>
      
        
      <Point>
        
          
        <coordinates>
            -3.393429,40.48101,0
          </coordinates>
        
        
      </Point>
      
      
    </Placemark>
    <Placemark>
      
        
      <name>AEROPUERTO / Lisboa (PO)</name>
      
        
      <description>Recogidas Aeropuerto de Lisboa</description>
      
        
      <styleUrl>#icon-1504-880E4F</styleUrl>
      
        
      <Point>
        
          
        <coordinates>
            -9.128226,38.768493,0
          </coordinates>
        
        
      </Point>
      
      
    </Placemark>
    <Placemark>
      
        
      <name>AERÓDROMO/ 4 Vientos (Madrid)</name>
      
        
      <description><![CDATA[Aerodromo de Cuatro Vientos | Ctra. Barrio de la Fortuna, s/n, 28054 Madrid, España<br>www.aena.es<br>+34 913 21 10 00]]></description>
      
        
      <styleUrl>#icon-1504-880E4F</styleUrl>
      
        
      <Point>
        
          
        <coordinates>
            -3.77862,40.36764,0
          </coordinates>
        
        
      </Point>
      
      
    </Placemark>
    <Placemark>
      
        
      <name>AEROPUERTO / A Coruña </name>
      
        
      <description><![CDATA[Aeropuerto de A Coruña | 15174, A Coruña, España<br>www.aena.es<br>+34 981 18 73 15]]></description>
      
        
      <styleUrl>#icon-1504-880E4F</styleUrl>
      
        
      <Point>
        
          
        <coordinates>
            -8.382227,43.30258,0
          </coordinates>
        
        
      </Point>
      
      
    </Placemark>
    <Placemark>
      
        
      <name>AEROPUERTO DE ASTURIAS </name>
      
        
      <description><![CDATA[Aeropuerto de Asturias | Castriḷḷón, Asturias, España <br>aena.mobi<br>+34 985 12 75 00]]></description>
      
        
      <styleUrl>#icon-1504-880E4F</styleUrl>
      
        
      <Point>
        
          
        <coordinates>
            -6.031129,43.558425,0
          </coordinates>
        
        
      </Point>
      
      
    </Placemark>
    <Placemark>
      
        
      <name>AEROPUERTO / San Sebastián </name>
      
        
      <description><![CDATA[Aeropuerto de San Sebastian | Kalea Gabarrari, 22, 20280 Hondarribia, Gipuzkoa, España<br>www.aena.es<br>+34 913 21 10 00]]></description>
      
        
      <styleUrl>#icon-1504-880E4F</styleUrl>
      
        
      <Point>
        
          
        <coordinates>
            -1.793529,43.356393,0
          </coordinates>
        
        
      </Point>
      
      
    </Placemark>
    <Placemark>
      
        
      <name>AEROPUERTO/ Sabadell</name>
      
        
      <description><![CDATA[Aeropuerto de Sabadell | Carr. de Bellaterra, s/n, 08205 Sabadell, Barcelona, España<br>aeroclub.es<br>+34 913 21 10 00]]></description>
      
        
      <styleUrl>#icon-1504-880E4F</styleUrl>
      
        
      <Point>
        
          
        <coordinates>
            2.106902,41.524202,0
          </coordinates>
        
        
      </Point>
      
      
    </Placemark>
    <Placemark>
      
        
      <name>ESTACIÓN TREN / Oporto (PO)</name>
      
        
      <description>São Bento Station</description>
      
        
      <styleUrl>#icon-1717-BDBDBD</styleUrl>
      
        
      <Point>
        
          
        <coordinates>
            -8.610835,41.145659,0
          </coordinates>
        
        
      </Point>
      
      
    </Placemark>
    <Placemark>
      
        
      <name>ESTACIÓN Tren /  Cadiz</name>
      
        
      <description>Estación Tren Cadiz</description>
      
        
      <styleUrl>#icon-1716-757575</styleUrl>
      
        
      <Point>
        
          
        <coordinates>
            -6.287484,36.527993,0
          </coordinates>
        
        
      </Point>
      
      
    </Placemark>
    <Placemark>
      
        
      <name>APARCAMIENTO / Beceite (Teruel)</name>
      
        
      <description>Beceite | Aparcamiento Asfaltado Compartido a la Entrada de Beceite</description>
      
        
      <styleUrl>#icon-1644-0288D1</styleUrl>
      
        
      <Point>
        
          
        <coordinates>
            0.179966,40.832722,0
          </coordinates>
        
        
      </Point>
      
      
    </Placemark>
    <Placemark>
      
        
      <name>AEROPUERTO / Valencia</name>
      
        
      <description><![CDATA[Aeropuerto de Valencia | Carretera del Aeropuerto, s/n, 46940 Manises, Valencia, España<br>www.aena.es<br>+34 902 40 47 04]]></description>
      
        
      <styleUrl>#icon-1504-880E4F</styleUrl>
      
        
      <Point>
        
          
        <coordinates>
            -0.473385,39.492123,0
          </coordinates>
        
        
      </Point>
      
      
    </Placemark>
    <Placemark>
      
        
      <name>APARCAMIENTO / Almansa</name>
      
        
      <description>Almansa | Aparcamiento gratuito compartido | No oficial - Sin vigilancia</description>
      
        
      <styleUrl>#icon-1644-0288D1</styleUrl>
      
        
      <Point>
        
          
        <coordinates>
            -1.090154,38.874905,0
          </coordinates>
        
        
      </Point>
      
      
    </Placemark>
    <Placemark>
      
        
      <name>APARCAMIENTO / Almansa</name>
      
        
      <description>libre de tierra sin vigilancia / Aparcamiento Mixto</description>
      
        
      <styleUrl>#icon-1644-0288D1</styleUrl>
      
        
      <Point>
        
          
        <coordinates>
            -1.098745,38.879675,0
          </coordinates>
        
        
      </Point>
      
      
    </Placemark>
    <Placemark>
      
        
      <name>APARCAMIENTO / Pitarque (Teruel)</name>
      
        
      <description>Aparcamiento se entra de culo en la calle</description>
      
        
      <styleUrl>#icon-1644-0288D1</styleUrl>
      
        
      <Point>
        
          
        <coordinates>
            -0.591284,40.649206,0
          </coordinates>
        
        
      </Point>
      
      
    </Placemark>
    <Placemark>
      
        
      <name>AERÓDROMO / Mutxamel (Alicante)</name>
      
        
      <description><![CDATA[Aerodromo de Mutxamel | Partida de L'Almaina, 92, 03110 Mutxamel, Alicante, España<br>www.aeroclubalicante.es<br>+34 965 95 08 82]]></description>
      
        
      <styleUrl>#icon-1504-880E4F</styleUrl>
      
        
      <Point>
        
          
        <coordinates>
            -0.471251,38.441155,0
          </coordinates>
        
        
      </Point>
      
      
    </Placemark>
    <Placemark>
      
        
      <name>AEROPUERTO Ciudad Real</name>
      
        
      <description>Autovía Cdad. Real-Puertollano, Salida 178, 13434, Ciudad Real</description>
      
        
      <styleUrl>#icon-1504-880E4F</styleUrl>
      
        
      <Point>
        
          
        <coordinates>
            -3.991018,38.867175,0
          </coordinates>
        
        
      </Point>
      
      
    </Placemark>
    <Placemark>
      
        
      <name>AEROPUERTO / Región de Murcia</name>
      
        
      <description><![CDATA[Av. de España, 101, 30154 Lo Jurado, Murcia<br>www.aena.es<br>+34 913 21 10 00]]></description>
      
        
      <styleUrl>#icon-1504-880E4F</styleUrl>
      
        
      <Point>
        
          
        <coordinates>
            -1.130232,37.807303,0
          </coordinates>
        
        
      </Point>
      
      
    </Placemark>
    <Placemark>
      
        
      <name>AEROPUERTO / Almería</name>
      
        
      <description><![CDATA[Carretera Nijar - Alquián, 04130 Almería<br>www.aena.es<br>+34 913 21 10 00]]></description>
      
        
      <styleUrl>#icon-1504-880E4F</styleUrl>
      
        
      <Point>
        
          
        <coordinates>
            -2.3708,36.848349,0
          </coordinates>
        
        
      </Point>
      
      
    </Placemark>
    <Placemark>
      
        
      <name>AEROPUERTO ✈️/ Faro (PO)</name>
      
        
      <description><![CDATA[Rrcogida Pasajeros / Aeropuerto de Faro, 8006-901 Faro, Portugal<br>www.synlab.pt]]></description>
      
        
      <styleUrl>#icon-1504-880E4F</styleUrl>
      
        
      <Point>
        
          
        <coordinates>
            -7.970702,37.020961,0
          </coordinates>
        
        
      </Point>
      
      
    </Placemark>
    <Placemark>
      
        
      <name>APARCAMIENTO / Rota</name>
      
        
      <description>Aparcamiento libre mixto en Rota</description>
      
        
      <styleUrl>#icon-1644-0288D1</styleUrl>
      
        
      <Point>
        
          
        <coordinates>
            -6.358168,36.628452,0
          </coordinates>
        
        
      </Point>
      
      
    </Placemark>
    <Placemark>
      
        
      <name>APARCAMIENTO / Setenil de las Bodegas</name>
      
        
      <description>Aparcamiento en esplanada de tierra</description>
      
        
      <styleUrl>#icon-1644-0288D1</styleUrl>
      
        
      <Point>
        
          
        <coordinates>
            -5.17054,36.862512,0
          </coordinates>
        
        
      </Point>
      
      
    </Placemark>
    <Placemark>
      
        
      <name>AEROPUERTO / Badajoz </name>
      
        
      <description>Carretera Badajoz - Balboa, s/n, 06195 Badajoz, España</description>
      
        
      <styleUrl>#icon-1504-880E4F</styleUrl>
      
        
      <Point>
        
          
        <coordinates>
            -6.817763,38.893665,0
          </coordinates>
        
        
      </Point>
      
      
    </Placemark>
    <Placemark>
      
        
      <name>AEROPUERTO / Córdoba </name>
      
        
      <description>Ctra. Nacional 437, Km. 5, 8, 14005 Córdoba</description>
      
        
      <styleUrl>#icon-1504-880E4F</styleUrl>
      
        
      <Point>
        
          
        <coordinates>
            -4.843067,37.844491,0
          </coordinates>
        
        
      </Point>
      
      
    </Placemark>
    <Placemark>
      
        
      <name>AEROPUERTO ✈️/ Salamanca </name>
      
        
      <description>Ctra. Madrid, Km. 14, 37181 Matacán, Salamanca</description>
      
        
      <styleUrl>#icon-1504-880E4F</styleUrl>
      
        
      <Point>
        
          
        <coordinates>
            -5.501504,40.940778,0
          </coordinates>
        
        
      </Point>
      
      
    </Placemark>
    <Placemark>
      
        
      <name>AEROPUERTO Barcelona LLEGADAS T1</name>
      
        
      <description>Aqui tambien aho darsenas de Recogida en T1 Indicadores de LLEGADAS</description>
      
        
      <styleUrl>#icon-1504-880E4F</styleUrl>
      
        
      <Point>
        
          
        <coordinates>
            2.0721312,41.2891669,0
          </coordinates>
        
        
      </Point>
      
      
    </Placemark>
    <Placemark>
      
        
      <name>APARCAMIENTO Coimbra (PO)</name>
      
        
      <description>Aparcamiento en linea en Coimbra, libre sin limite de tiempo</description>
      
        
      <styleUrl>#icon-1644-0288D1</styleUrl>
      
        
      <Point>
        
          
        <coordinates>
            -8.438404,40.208523,0
          </coordinates>
        
        
      </Point>
      
      
    </Placemark>
    <Placemark>
      
        
      <name>AEROPUERTO/ Ibiza</name>
      
        
      <description>Aeropuerto de Ibiza -San Jose | 07818 Sant Jordi de ses Salines, Illes Balears, España www.aena.es +34 913 21 10 00</description>
      
        
      <styleUrl>#icon-1504-880E4F</styleUrl>
      
        
      <Point>
        
          
        <coordinates>
            1.369988,38.877947,0
          </coordinates>
        
        
      </Point>
      
      
    </Placemark>
    <Placemark>
      
        
      <name>AEROPUERTO / Girona</name>
      
        
      <description><![CDATA[Aeropuerto de Girona | 17185 Vilobí d'Onyar, Girona, España www.aena.es +34 913 21 10 00]]></description>
      
        
      <styleUrl>#icon-1504-880E4F</styleUrl>
      
        
      <Point>
        
          
        <coordinates>
            2.765438,41.896762,0
          </coordinates>
        
        
      </Point>
      
      
    </Placemark>
    <Placemark>
      
        
      <name>GALLETAS TRIAS 👌 / STA Coloma de Farners </name>
      
        
      <description>Visitas a grupos / llamar para pedir hora. Ctra. de Sils, 36, 17430 Santa Coloma de Farners, Girona www.triasbiscuits.com +34 972 84 12 13</description>
      
        
      <styleUrl>#icon-1502-C2185B</styleUrl>
      
        
      <Point>
        
          
        <coordinates>
            2.674465,41.857271,0
          </coordinates>
        
        
      </Point>
      
      
    </Placemark>
    <Placemark>
      
        
      <name>AVENTURA AMAZONIA / Pelayos de la Presa (Madrid)</name>
      
        
      <description>Pelayos de la Presa | Amazonia Aventura Pelayos | Aparcamiento www.aventura-amazonia.com</description>
      
        
      <styleUrl>#icon-1644-0288D1</styleUrl>
      
        
      <Point>
        
          
        <coordinates>
            -4.322887,40.366538,0
          </coordinates>
        
        
      </Point>
      
      
    </Placemark>
    <Placemark>
      
        
      <name>AEROPUERTO Lerida</name>
      
        
      <description>Aeropuerto de Lleida Alguaire | Carretera del Aeropuerto, s/n, 25125 Alguaire, Lleida, España www.aeroportlleida.cat +34 973 03 27 00</description>
      
        
      <styleUrl>#icon-1504-880E4F</styleUrl>
      
        
      <Point>
        
          
        <coordinates>
            0.5445876,41.7285359,0
          </coordinates>
        
        
      </Point>
      
      
    </Placemark>
    <Placemark>
      
        
      <name>APARCAMIENTO / Orihuela</name>
      
        
      <description>Aparcamiento libre en Orihuela</description>
      
        
      <styleUrl>#icon-1644-0288D1</styleUrl>
      
        
      <Point>
        
          
        <coordinates>
            -1.5992308,42.0520008,0
          </coordinates>
        
        
      </Point>
      
      
    </Placemark>
    <Placemark>
      
        
      <name>AEROPUERTO / Zaragoza </name>
      
        
      <description>Aeropuerto de Zaragoza | Ctra. Aeropuerto, s/n, 50190 Zaragoza, España www.aena.es +34 976 71 23 00</description>
      
        
      <styleUrl>#icon-1504-880E4F</styleUrl>
      
        
      <Point>
        
          
        <coordinates>
            -1.0083539,41.6641017,0
          </coordinates>
        
        
      </Point>
      
      
    </Placemark>
    <Placemark>
      
        
      <name>AEROPUERTO Logroño </name>
      
        
      <description>Ctra. Logroño-Zaragoza, s/n, 26160 Recajo, La Rioja, España</description>
      
        
      <styleUrl>#icon-1504-880E4F</styleUrl>
      
        
      <Point>
        
          
        <coordinates>
            -2.3148115,42.4557326,0
          </coordinates>
        
        
      </Point>
      
      
    </Placemark>
    <Placemark>
      
        
      <name>APARCAMIENTO / Najera</name>
      
        
      <description>Najera | Aparcamiento | Junto Plaza Toros | Libre</description>
      
        
      <styleUrl>#icon-1644-0288D1</styleUrl>
      
        
      <Point>
        
          
        <coordinates>
            -2.7326748,42.4126409,0
          </coordinates>
        
        
      </Point>
      
      
    </Placemark>
    <Placemark>
      
        
      <name>APARCAMIENTO/ Cuéllar </name>
      
        
      <description>Aparcamiento en las afueras de la población, también de noche.</description>
      
        
      <styleUrl>#icon-1644-0288D1</styleUrl>
      
        
      <Point>
        
          
        <coordinates>
            -4.317943,41.4075906,0
          </coordinates>
        
        
      </Point>
      
      
    </Placemark>
    <Placemark>
      
        
      <name>APARCAMIENTO/ La Bañeza (León) </name>
      
        
      <description>Aparcamiento mixto a las afueras de La Bañeza. Asfaltado libre</description>
      
        
      <styleUrl>#icon-1644-0288D1</styleUrl>
      
        
      <Point>
        
          
        <coordinates>
            -5.9123083,42.3054749,0
          </coordinates>
        
        
      </Point>
      
      
    </Placemark>
    <Placemark>
      
        
      <name>Línea 618</name>
      
        
      <styleUrl>#line-0288D1-4638-nodesc</styleUrl>
      
        
      <LineString>
        
          
        <tessellate>1</tessellate>
        
          
        <coordinates>
            -0.4223565,42.1347961,0
            -0.4221509,42.1348725,0
            -0.4219447,42.1349462,0
            -0.4215636,42.1350669,0
            -0.4211935,42.1351962,0
            -0.4209959,42.1352649,0
            -0.4207879,42.1353363,0
            -0.4204933,42.1354149,0
            -0.4204838,42.1354165,0
          </coordinates>
        
        
      </LineString>
      
      
    </Placemark>
    <Placemark>
      
        
      <name>APARCAMIENTO / Huesca</name>
      
        
      <description>Aparcamiento libre mixto. Déjalo encarado a la salida que no te dejen encerrado los listos.</description>
      
        
      <styleUrl>#icon-1644-0288D1</styleUrl>
      
        
      <Point>
        
          
        <coordinates>
            -0.3982278,42.1306156,0
          </coordinates>
        
        
      </Point>
      
      
    </Placemark>
    <Placemark>
      
        
      <name>AEROPUERTO ✈️ /Burgos</name>
      
        
      <description>Aeropuerto de Villafria -Burgos | Carretera de Logroño, Km 107, 09007 Burgos, España www.aena.es. +34 947 47 85 88</description>
      
        
      <styleUrl>#icon-1504-880E4F</styleUrl>
      
        
      <Point>
        
          
        <coordinates>
            -3.6227233,42.3551065,0
          </coordinates>
        
        
      </Point>
      
      
    </Placemark>
    <Placemark>
      
        
      <name>AEROPUERTO / Vigo</name>
      
        
      <description>Aeropuerto de Vigo | Apdo. de Correos, 1553, 36200 Vigo, Pontevedra, España www.aena.es +34 902 40 47 04</description>
      
        
      <styleUrl>#icon-1504-880E4F</styleUrl>
      
        
      <Point>
        
          
        <coordinates>
            -8.6333272,42.2256155,0
          </coordinates>
        
        
      </Point>
      
      
    </Placemark>
    <Placemark>
      
        
      <name>APARCAMIENTO / Cangas (Pontevedra)</name>
      
        
      <description>Aparcamiento en linea en esta calle de Cangas</description>
      
        
      <styleUrl>#icon-1644-0288D1</styleUrl>
      
        
      <Point>
        
          
        <coordinates>
            -8.76564,42.2644033,0
          </coordinates>
        
        
      </Point>
      
      
    </Placemark>
    <Placemark>
      
        
      <name>AEROPUERTO Menorca </name>
      
        
      <description>Aeropuerto de Menorca | Carretera de Sant Climent, s/n, 07712 Maó, Illes Balears, www.aena.es +34 971 15 70 00</description>
      
        
      <styleUrl>#icon-1504-880E4F</styleUrl>
      
        
      <Point>
        
          
        <coordinates>
            4.2263823,39.8642034,0
          </coordinates>
        
        
      </Point>
      
      
    </Placemark>
    <Placemark>
      
        
      <name>PLAYA DE LA LANZADA</name>
      
        
      <description><![CDATA[Nuestra Señora de Lanzada<br>A Lanzada, Pontevedra,  Aparcamiento de tierra antes de llegar a la ermita. Déjalo mirando a la salida que no cierren.]]></description>
      
        
      <styleUrl>#icon-1644-0288D1</styleUrl>
      
        
      <Point>
        
          
        <coordinates>
            -8.8759535,42.4296152,0
          </coordinates>
        
        
      </Point>
      
      
    </Placemark>
    <Placemark>
      
        
      <name>INFO UCLES</name>
      
        
      <description>Giro al Monasterio complicado, ves hasta la fuente y la pillas de cara</description>
      
        
      <styleUrl>#line-C2185B-5525</styleUrl>
      
        
      <LineString>
        
          
        <tessellate>1</tessellate>
        
          
        <coordinates>
            -2.8643982,39.9819026,0
            -2.8638017,39.9818742,0
            -2.8634321,39.9818791,0
            -2.8631836,39.9819181,0
            -2.8629815,39.9819002,0
            -2.8630743,39.9818128,0
            -2.8632049,39.9816364,0
            -2.8634039,39.9815032,0
          </coordinates>
        
        
      </LineString>
      
      
    </Placemark>
    <Placemark>
      
        
      <name>CAMBIO SENTIDO Monasterio de Uclés ℹ️</name>
      
        
      <description>Aquí puedes hacer la maniobra para coger bien la carretera que sube al Monasterio de Uclés.</description>
      
        
      <styleUrl>#icon-1563-424242</styleUrl>
      
        
      <Point>
        
          
        <coordinates>
            -2.8594505,39.9814894,0
          </coordinates>
        
        
      </Point>
      
      
    </Placemark>
    <Placemark>
      
        
      <name>APARCAMIENTO Parque de las Ciencias / A Coruña </name>
      
        
      <description>Aparcamiento libre para la visita al parque de las ciencias de A Coruña </description>
      
        
      <styleUrl>#icon-1636-A52714</styleUrl>
      
        
      <Point>
        
          
        <coordinates>
            -8.4128482,43.3619042,0
          </coordinates>
        
        
      </Point>
      
      
    </Placemark>
    <Placemark>
      
        
      <name>AEROPUERTO/ Santiago de Compostela </name>
      
        
      <description>Aeropuerto de Santiago | Lavacolla, S/N, 15820 Santiago de Compostela, A Coruña, España www.aena.es +34 981 54 75 01</description>
      
        
      <styleUrl>#icon-1504-880E4F</styleUrl>
      
        
      <Point>
        
          
        <coordinates>
            -8.4213277,42.8927775,0
          </coordinates>
        
        
      </Point>
      
      
    </Placemark>
    <Placemark>
      
        
      <name>CASTILLO DE MOECHE / S.Juan de Moeche (A Coruña)</name>
      
        
      <description>Punto donde se dejan para visitar el Castillo de Moeche</description>
      
        
      <styleUrl>#icon-1598-424242</styleUrl>
      
        
      <Point>
        
          
        <coordinates>
            -7.9934387,43.5489861,0
          </coordinates>
        
        
      </Point>
      
      
    </Placemark>
    <Placemark>
      
        
      <name>ESTADIO NUEVO NALÓN ⚽/ S.Martín del Rey Aurelio (Asturias)</name>
      
        
      <description>17, Av. del Parque, 13, 33948 San Martín del Rey Aurelio, Asturias</description>
      
        
      <styleUrl>#icon-1696-006064</styleUrl>
      
        
      <Point>
        
          
        <coordinates>
            -5.6487243,43.2872585,0
          </coordinates>
        
        
      </Point>
      
      
    </Placemark>
    <Placemark>
      
        
      <name>APARCAMIENTO / Santa Pola de Siero (Asturias)</name>
      
        
      <description>Gran Aparcamiento mixto asfaltado en esta población Libre sin tiempo .</description>
      
        
      <styleUrl>#icon-1644-0288D1</styleUrl>
      
        
      <Point>
        
          
        <coordinates>
            -5.6530983,43.3900152,0
          </coordinates>
        
        
      </Point>
      
      
    </Placemark>
    <Placemark>
      
        
      <name>AEROPUERTO Bilbao</name>
      
        
      <description>Aeropuerto de Bilbao - Loiu | 48180 Loiu, Bizkaia, www.aena.es +34 913 21 10 00</description>
      
        
      <styleUrl>#icon-1504-880E4F</styleUrl>
      
        
      <Point>
        
          
        <coordinates>
            -2.9053197,43.3052745,0
          </coordinates>
        
        
      </Point>
      
      
    </Placemark>
    <Placemark>
      
        
      <name>BASILICA - Santuario de Covadonga ⛪/ (Asturias)</name>
      
        
      <description>Basílica de Covadonga /  la linea que sube y baja a los lagos es ALSA son los que suben y bajan los pasajeros a los lagos.A la hora indicada subes a recogerlos</description>
      
        
      <styleUrl>#icon-1670-E65100</styleUrl>
      
        
      <Point>
        
          
        <coordinates>
            -5.0554054,43.3085524,0
          </coordinates>
        
        
      </Point>
      
      
    </Placemark>
    <Placemark>
      
        
      <name>APARCAMIENTO / Lanes (Asturias)</name>
      
        
      <description>Aparcamiento mixto asfaltado gratuito en Llanes (Asturias).</description>
      
        
      <styleUrl>#icon-1644-0288D1</styleUrl>
      
        
      <Point>
        
          
        <coordinates>
            -4.7670274,43.423806,0
          </coordinates>
        
        
      </Point>
      
      
    </Placemark>
    <Placemark>
      
        
      <name>IES Llanes / (Asturias)</name>
      
        
      <description>C. Celso Amieva, 11, 33500 Llanes, Asturiasaloja web.educastur.es +34 985 40 11 18</description>
      
        
      <styleUrl>#icon-1682-FFD600</styleUrl>
      
        
      <Point>
        
          
        <coordinates>
            -4.7592288,43.4238816,0
          </coordinates>
        
        
      </Point>
      
      
    </Placemark>
    <Placemark>
      
        
      <name>APARCAMIENTO / Villaescusa (Cantabria)</name>
      
        
      <description>Villanueva de Villaescusa | Aparcamiento en Explanada | Junto Ayuntamiento y Campo de Futbol</description>
      
        
      <styleUrl>#icon-1644-0288D1</styleUrl>
      
        
      <Point>
        
          
        <coordinates>
            -3.8570737,43.3706418,0
          </coordinates>
        
        
      </Point>
      
      
    </Placemark>
    <Placemark>
      
        
      <name>AEROPUERTO / Santander </name>
      
        
      <description>Carretera del Aeropuerto, s/n, 39600 Maliaño, Cantabria, España</description>
      
        
      <styleUrl>#icon-1504-880E4F</styleUrl>
      
        
      <Point>
        
          
        <coordinates>
            -3.8228785,43.4221801,0
          </coordinates>
        
        
      </Point>
      
      
    </Placemark>
    <Placemark>
      
        
      <name>AEROPUERTO / Pamplona </name>
      
        
      <description><![CDATA[Aeropuerto de Pamplona | Carr. del Aeropuerto, 5, 31110 Noáin, Navarra, <br>www.aena.es <br>+34 913 21 10 00]]></description>
      
        
      <styleUrl>#icon-1504-880E4F</styleUrl>
      
        
      <Point>
        
          
        <coordinates>
            -1.6397579,42.7679737,0
          </coordinates>
        
        
      </Point>
      
      
    </Placemark>
    <Placemark>
      
        
      <name>ÁREA Comedor de la Mancha</name>
      
        
      <description><![CDATA[COMEDOR DE LA MANCHA<br> “”AREA COMEDOR DE LA MANCHA””<br> 926 64 4216 / 686 93 02 82 / 686 88 18 31<br>Madrid - Cordoba salida km 161/ Cordoba - Madrid salida km 160 <br> ( Llanos del Caudillo )<br>Tu Satisfacción y la de tus Pasajeros, ]]></description>
      
        
      <styleUrl>#icon-1577-4E342E</styleUrl>
      
        
      <Point>
        
          
        <coordinates>
            -3.377792,39.108639,0
          </coordinates>
        
        
      </Point>
      
      
    </Placemark>
    <Placemark>
      
        
      <name>REY DE LAS TARTAS Mondoñedo (Lugo)</name>
      
        
      <description>O Rei das Tartas, Mondoñedo. Vale la pena salir allí desde la autovia porque no hay muchos más sitios.Muy buen trato, servicio rápido.Nos dan un paquete de magdalenas caseras y 5€. INVITACIÓN CHOFER. /Carretera 634, Pedrido, 0 S N, 27740 Mondoñedo, Lugo www.oreidastartas.com </description>
      
        
      <styleUrl>#icon-1769-000000</styleUrl>
      
        
      <Point>
        
          
        <coordinates>
            -7.345991,43.448004,0
          </coordinates>
        
        
      </Point>
      
      
    </Placemark>
    <Placemark>
      
        
      <name>AREA PINA DE EBRO</name>
      
        
      <description><![CDATA["PASAR POR LA PASARELA AL OTRO LADO". Amplio aparcamiento y amplios servicios. MENU DEL DÍA (INVITACION) "ATENCION" avisar al cajero /a cuando llegues a pagar para que te de la hoja de registro profesional firmes el ticket de invitación. SI NO LO AVISAS TE COBRARÁN.]]></description>
      
        
      <styleUrl>#icon-1577-795548</styleUrl>
      
        
      <Point>
        
          
        <coordinates>
            -0.39686,41.526026,0
          </coordinates>
        
        
      </Point>
      
      
    </Placemark>
    <Placemark>
      
        
      <name>AREA EL CASERIO / Aguadulce</name>
      
        
      <description><![CDATA[AREA DE SERVICIO CON 25.000 METROS DE APARCAMIENTO. CAMARAS DE VIGILANCIA, GUARDA NOCTURNO, COMEDOR PRIVADO PARA CONDUCTORES, "DETALLE PARA CHOFER", 20% DTO. EN MULTICENTRO COMERCIAL, CHARCUTERIA Y DULCES. DISPONEN DE DUCHAS.]]></description>
      
        
      <styleUrl>#icon-1577-795548</styleUrl>
      
        
      <Point>
        
          
        <coordinates>
            -4.986012,37.257172,0
          </coordinates>
        
        
      </Point>
      
      
    </Placemark>
    <Placemark>
      
        
      <name>ÁREA ABADES Lodares SERCICIO ALSA ⬇️ / Lodares (Soria)</name>
      
        
      <description>Estación de servicio de ALSA. Programa de puntos EXITT con la tarjeta de fidelidad e invitación al chofer.</description>
      
        
      <styleUrl>#icon-1532-DB4436</styleUrl>
      
        
      <Point>
        
          
        <coordinates>
            -2.40386,41.190685,0
          </coordinates>
        
        
      </Point>
      
      
    </Placemark>
    <Placemark>
      
        
      <name>Buffet El Area </name>
      
        
      <description><![CDATA[Buffet El Area  /Autovía de la Meseta Sur, 16190 Chillarón de Cuenca,  Cuenca<br>+34 969 27 30 65]]></description>
      
        
      <styleUrl>#icon-1577-795548</styleUrl>
      
        
      <Point>
        
          
        <coordinates>
            -2.201021,40.084655,0
          </coordinates>
        
        
      </Point>
      
      
    </Placemark>
    <Placemark>
      
        
      <name>Bon Area</name>
      
        
      <description><![CDATA[bonArea Jorba<br>Buen precio de menú y calidad. Wifi, Duchas, Lavado de vehículo industrial con pistola a presión, supermercado barato para cualquier compra.]]></description>
      
        
      <styleUrl>#icon-1577-795548</styleUrl>
      
        
      <Point>
        
          
        <coordinates>
            1.54094,41.603016,0
          </coordinates>
        
        
      </Point>
      
      
    </Placemark>
    <Placemark>
      
        
      <name>ÁREA SERVICIO Compostela</name>
      
        
      <description>Area de servicio Compostela en autopista A-9, Km 81-Teo - A Coruña -981805514 - Buen trato a los conductores, suelen dar regalo, piden cubrir una hoja con datos del conductor, empresa y destino.</description>
      
        
      <styleUrl>#icon-1577-795548</styleUrl>
      
        
      <Point>
        
          
        <coordinates>
            -8.586438,42.810798,0
          </coordinates>
        
        
      </Point>
      
      
    </Placemark>
    <Placemark>
      
        
      <name>ÁREA SERVICIO Puerta de la Montaña/ Becerril del Carpio (Palencia)</name>
      
        
      <description><![CDATA[Buen servicio, rapidez y detalle para los conductores. A-67, Salida 94, 34487 Becerril del Carpio, Palencia, España<br>+34 979 13 36 44]]></description>
      
        
      <styleUrl>#icon-1577-795548</styleUrl>
      
        
      <Point>
        
          
        <coordinates>
            -4.291599,42.718532,0
          </coordinates>
        
        
      </Point>
      
      
    </Placemark>
    <Placemark>
      
        
      <name>AREA PINA DE EBRO</name>
      
        
      <description><![CDATA[Amplio aparcamiento y amplios servicios. MENU DEL DÍA (INVITACION) "ATENCION" avisar al cajero /a cuando llegues a pagar para que te de la hoja de registro profesional firmes el ticket de invitación. SI NO LO AVISAS TE COBRARAN.]]></description>
      
        
      <styleUrl>#icon-1577-795548</styleUrl>
      
        
      <Point>
        
          
        <coordinates>
            -0.396731,41.523969,0
          </coordinates>
        
        
      </Point>
      
      
    </Placemark>
    <Placemark>
      
        
      <name>ÁREA Montelimar-Francia</name>
      
        
      <description><![CDATA[Area a 50km de Valence. Hay Mac'Donals, Cafeterías y máquinas expendedoras. Amplia y cómoda. """AVISO"""" hay que tener la tarjeta AUTOGRILL para que te inviten.]]></description>
      
        
      <styleUrl>#icon-1577-795548</styleUrl>
      
        
      <Point>
        
          
        <coordinates>
            4.782545,44.514613,0
          </coordinates>
        
        
      </Point>
      
      
    </Placemark>
    <Placemark>
      
        
      <name>AREA VEN Y VEN</name>
      
        
      <description><![CDATA[Autovía del Este, km 186, 16710 Tébar, Cuenca<br>+34 969 38 14 70]]></description>
      
        
      <styleUrl>#icon-1577-795548</styleUrl>
      
        
      <Point>
        
          
        <coordinates>
            -2.158591,39.48392,0
          </coordinates>
        
        
      </Point>
      
      
    </Placemark>
    <Placemark>
      
        
      <name>ÁREA 103 / Almadrones (Guadalajara)</name>
      
        
      <description>(Dirección Madrid)AMPLIO APARCAMIENTO, BUEN SERVICIO Y TRATO A CHOFERES. EN AMBOS SENTIDOS.</description>
      
        
      <styleUrl>#icon-1577-795548</styleUrl>
      
        
      <Point>
        
          
        <coordinates>
            -2.7602433,40.8972936,0
          </coordinates>
        
        
      </Point>
      
      
    </Placemark>
    <Placemark>
      
        
      <name>ÁREA 103 / Almadrones (Guadalajara)</name>
      
        
      <description>( Dirección Zaragoza) AMPLIO APARCAMIENTO, BUEN SERVICIO Y TRATO A CHOFERES. EN AMBOS SENTIDOS.</description>
      
        
      <styleUrl>#icon-1577-795548</styleUrl>
      
        
      <Point>
        
          
        <coordinates>
            -2.7604253,40.8962209,0
          </coordinates>
        
        
      </Point>
      
      
    </Placemark>
    <Placemark>
      
        
      <name>ÁREA SERVICIO Guitiriz </name>
      
        
      <description>Área de servicio de La Pausa</description>
      
        
      <styleUrl>#icon-1577-795548</styleUrl>
      
        
      <Point>
        
          
        <coordinates>
            -7.9270028,43.1883232,0
          </coordinates>
        
        
      </Point>
      
      
    </Placemark>
    <Placemark>
      
        
      <name>ÁREA SERVICIO / Guitiriz</name>
      
        
      <description>Área de la Pausa / A-6, Km 538, 27309 Guitiriz, Lugo es.areas.com +34 982 37 03 39</description>
      
        
      <styleUrl>#icon-1577-795548</styleUrl>
      
        
      <Point>
        
          
        <coordinates>
            -7.9293071,43.1873751,0
          </coordinates>
        
        
      </Point>
      
      
    </Placemark>
    <Placemark>
      
        
      <name>AREA Los Potros ⬇️ / La Campana</name>
      
        
      <description>area recomendada por conductores profesionales.954 83 83 28. Muy buen trato a conductores salida 487 De la A4 direccion Madrid</description>
      
        
      <styleUrl>#icon-1769-000000</styleUrl>
      
        
      <Point>
        
          
        <coordinates>
            -5.441296,37.504717,0
          </coordinates>
        
        
      </Point>
      
      
    </Placemark>
    <Placemark>
      
        
      <name>APARCAMIENTO/ Torrelavega ( (Cantabria)</name>
      
        
      <description>Aparcamiento en Torrelavega asfaltado gratuito.</description>
      
        
      <styleUrl>#icon-1644-0288D1</styleUrl>
      
        
      <Point>
        
          
        <coordinates>
            -4.0541637,43.3549561,0
          </coordinates>
        
        
      </Point>
      
      
    </Placemark>
    <Placemark>
      
        
      <name>APARCAMIENTO/ Jaca (Huesca)</name>
      
        
      <description>Aparcamiento libre en Polígono de Jaca / lo puedes dejar aparcado por la noche sin problema.</description>
      
        
      <styleUrl>#icon-1644-0288D1</styleUrl>
      
        
      <Point>
        
          
        <coordinates>
            -0.5687838,42.5636543,0
          </coordinates>
        
        
      </Point>
      
      
    </Placemark>
    <Placemark>
      
        
      <name>APARCAMIENTO / Moraleja (Cáceres)</name>
      
        
      <description>Aparcamiento en linea  libre en Moraleja </description>
      
        
      <styleUrl>#icon-1644-0288D1</styleUrl>
      
        
      <Point>
        
          
        <coordinates>
            -6.6532789,40.0657894,0
          </coordinates>
        
        
      </Point>
      
      
    </Placemark>
    <Placemark>
      
        
      <name>APARCAMIENTO / Cebreiro (Lugo)</name>
      
        
      <description>Aparcamiento en la población de el Cebreiro poco más.</description>
      
        
      <styleUrl>#icon-1644-0288D1</styleUrl>
      
        
      <Point>
        
          
        <coordinates>
            -7.042335,42.7081157,0
          </coordinates>
        
        
      </Point>
      
      
    </Placemark>
    <Placemark>
      
        
      <name>APARCAMIENTO / Puente de Lima (PO)</name>
      
        
      <description>Esplanada de tierra al lado campo fútbol </description>
      
        
      <styleUrl>#icon-1644-0288D1</styleUrl>
      
        
      <Point>
        
          
        <coordinates>
            -8.5758541,41.7666842,0
          </coordinates>
        
        
      </Point>
      
      
    </Placemark>
    <Placemark>
      
        
      <name>APARCAMIENTO 🅿️ / Sant Llorenç de Morunys (Lérida)</name>
      
        
      <description>Aparcamiento mixto aquí se dejan pasajeros para la visita. Te quedas aparcado.</description>
      
        
      <styleUrl>#icon-1644-0288D1</styleUrl>
      
        
      <Point>
        
          
        <coordinates>
            1.592456,42.1362757,0
          </coordinates>
        
        
      </Point>
      
      
    </Placemark>
    <Placemark>
      
        
      <name>APARCAMIENTO / Daimiel (Ciudad Real)</name>
      
        
      <description>Aparcamiento en Recinto Ferial, bastante alejado del centro.</description>
      
        
      <styleUrl>#icon-1644-0288D1</styleUrl>
      
        
      <Point>
        
          
        <coordinates>
            -3.6035418,39.0754388,0
          </coordinates>
        
        
      </Point>
      
      
    </Placemark>
    <Placemark>
      
        
      <name>ESTADIO SAN MAMÉS ⚽ / Athletic  Club de Bilbao</name>
      
        
      <description>Entrada al Museo Tour / Rafael Moreno Pitxitxi s/n, Puerta 20, 48013 Bilbo, Bizkaia www.sanmames.athletic-club.eus +34 944 66 11 00</description>
      
        
      <styleUrl>#icon-1899-DB4436</styleUrl>
      
        
      <Point>
        
          
        <coordinates>
            -2.9473579,43.2637978,0
          </coordinates>
        
        
      </Point>
      
      
    </Placemark>
    <Placemark>
      
        
      <name>APARCAMIENTO 🅿️ / San Sebastián </name>
      
        
      <description>Aparcamiento en Anoeta Arena. Se puede dejar durante el día sin problema.De noche mejor no.</description>
      
        
      <styleUrl>#icon-1644-0288D1</styleUrl>
      
        
      <Point>
        
          
        <coordinates>
            -1.972768,43.3001825,0
          </coordinates>
        
        
      </Point>
      
      
    </Placemark>
    <Placemark>
      
        
      <name><![CDATA[APARCAMIENTO 🅿️ / Esterri d'Àneu, (Lérida)]]></name>
      
        
      <description><![CDATA[Aparcamiento al lado bomberos en Esterri d'Àneu, Lérida]]></description>
      
        
      <styleUrl>#icon-1644-0288D1</styleUrl>
      
        
      <Point>
        
          
        <coordinates>
            1.1261434,42.6249705,0
          </coordinates>
        
        
      </Point>
      
      
    </Placemark>
    <Placemark>
      
        
      <name>PERFUMES Fragonard 🚩 / Èze (FR)</name>
      
        
      <description>Para llevar grupos a la visita de los Perfumes, Te dan una buena Propina y un bote de perfume hombre o mujer lo que quieras.</description>
      
        
      <styleUrl>#icon-1769-000000</styleUrl>
      
        
      <Point>
        
          
        <coordinates>
            7.3635651,43.7294326,0
          </coordinates>
        
        
      </Point>
      
      
    </Placemark>
    <Placemark>
      
        
      <name>ELECTROMECÀNICA MARTISA S.L. 🛠️ / San Vicente del Raspeig (Alicante)</name>
      
        
      <description>C. del Zinc, 4, 03690 San Vicente del Raspeig, Alicante+34 965 66 08 28</description>
      
        
      <styleUrl>#icon-1590-1A237E</styleUrl>
      
        
      <Point>
        
          
        <coordinates>
            -0.511633,38.3894685,0
          </coordinates>
        
        
      </Point>
      
      
    </Placemark>
    <Placemark>
      
        
      <name>APARCAMIENTO 🅿️ / Alicante</name>
      
        
      <description>Aparcamiento de tierra gratuito mixto sin vigilar.</description>
      
        
      <styleUrl>#icon-1644-0288D1</styleUrl>
      
        
      <Point>
        
          
        <coordinates>
            -0.5011233,38.3644253,0
          </coordinates>
        
        
      </Point>
      
      
    </Placemark>
    <Placemark>
      
        
      <name>LAVADERO Pulpi 💦 / Pulpí (Almería)</name>
      
        
      <description>Lavadero a Presión/ Carretera Pulpí los Lobos, s/n, 04640 Pulpí, Almería+34 950 46 50 18</description>
      
        
      <styleUrl>#icon-1702-0097A7</styleUrl>
      
        
      <Point>
        
          
        <coordinates>
            -1.7490861,37.3836583,0
          </coordinates>
        
        
      </Point>
      
      
    </Placemark>
    <Placemark>
      
        
      <name>APARCAMIENTO 🅿️ / Huéscar (Granada)</name>
      
        
      <description>Aparcamiento de tierra afueras de Huéscar.</description>
      
        
      <styleUrl>#icon-1644-0288D1</styleUrl>
      
        
      <Point>
        
          
        <coordinates>
            -2.5451907,37.8098542,0
          </coordinates>
        
        
      </Point>
      
      
    </Placemark>
    <Placemark>
      
        
      <name>APARCAMIENTO 🅿️ / Ballota (Asturias)</name>
      
        
      <description>Aparcamiento en Ballota libre mixto</description>
      
        
      <styleUrl>#icon-1644-0288D1</styleUrl>
      
        
      <Point>
        
          
        <coordinates>
            -6.3359479,43.5523084,0
          </coordinates>
        
        
      </Point>
      
      
    </Placemark>
    <Placemark>
      
        
      <name>CASTILLO Gibralfaro 🏰 / Málaga 
</name>
      
        
      <description>Castillo Gibralfaro | Aparcamiento | Hay que dar la vuelta al final de la carretera y entrar de culo para aparcar</description>
      
        
      <styleUrl>#icon-1598-424242</styleUrl>
      
        
      <Point>
        
          
        <coordinates>
            -4.4100858,36.7237038,0
          </coordinates>
        
        
      </Point>
      
      
    </Placemark>
    <Placemark>
      
        
      <name>Dejar Pasajeros Aeropuerto Faro (Po)</name>
      
        
      <description>Solo dejar pasajeros / Gratis 10 Minutos PRECIOS:  10Minutos Gratis / 20Minutos 2€ / 30Minutos 4€ /  40Minutos 6€ / 50Minutos 8€ / 1 hora 10€.</description>
      
        
      <styleUrl>#icon-1504-880E4F</styleUrl>
      
        
      <Point>
        
          
        <coordinates>
            -7.9696073,37.0210496,0
          </coordinates>
        
        
      </Point>
      
      
    </Placemark>
    <Placemark>
      
        
      <name>DAF Manzanares 🛠 / Manzanares (Ciudad Real)</name>
      
        
      <description>Taññerws Dani / Servicio DAF , C. II, 125, 13200 Manzanares, Ciudad Real www.talleres-daniel.com +34 926 62 29 71</description>
      
        
      <styleUrl>#icon-1590-1A237E</styleUrl>
      
        
      <Point>
        
          
        <coordinates>
            -3.3583464,39.0087591,0
          </coordinates>
        
        
      </Point>
      
      
    </Placemark>
    <Placemark>
      
        
      <name>RUTA C Y D / Vitoria</name>
      
        
      <description>Entrada para dejar o recoger a los pasajeros por C/ Magdalena</description>
      
        
      <styleUrl>#line-FFD600-5170</styleUrl>
      
        
      <LineString>
        
          
        <tessellate>1</tessellate>
        
          
        <coordinates>
            -2.6787294,42.8463295,0
            -2.6782881,42.846191,0
            -2.6778098,42.8460108,0
            -2.6775068,42.8459018,0
            -2.6772368,42.8458644,0
            -2.6768911,42.8458352,0
            -2.6763854,42.8457334,0
            -2.6762076,42.8456795,0
            -2.6760124,42.8456617,0
            -2.6759426,42.8456306,0
            -2.6758971,42.845569,0
            -2.6759528,42.8455016,0
            -2.6765552,42.8450478,0
            -2.6774108,42.8444604,0
          </coordinates>
        
        
      </LineString>
      
      
    </Placemark>
    <Placemark>
      
        
      <name>C Y D 🔄 / Port de Sóller (Illes Balears)</name>
      
        
      <description>Punto donde podrás dejar y recoger pasajeros para la visita a Sóller.</description>
      
        
      <styleUrl>#icon-1826-0F9D58</styleUrl>
      
        
      <Point>
        
          
        <coordinates>
            2.7005253,39.7986974,0
          </coordinates>
        
        
      </Point>
      
      
    </Placemark>
    <Placemark>
      
        
      <name>CAMBIO SENTIDO (Si fuera necesario) ℹ️ / Abeleda (Ourense)</name>
      
        
      <description>Aquí puedes hacer un cambio de sentido si fuera necesario volver al Embarcadero.</description>
      
        
      <styleUrl>#icon-1770-424242</styleUrl>
      
        
      <Point>
        
          
        <coordinates>
            -7.4437461,42.3944798,0
          </coordinates>
        
        
      </Point>
      
      
    </Placemark>
    <Placemark>
      
        
      <name>Electromóbil Agustí 🛠️ / Cabrera de Mar (Barcelona)</name>
      
        
      <description>Revisiones instalaciones Tacógrafos / Rda. Narcís Monturiol, 42, 44, 08349 Cabrera de Mar, Barcelona www.electromobilagusti.com +34 937 54 03 60</description>
      
        
      <styleUrl>#icon-1590-1A237E</styleUrl>
      
        
      <Point>
        
          
        <coordinates>
            2.4160117,41.5306368,0
          </coordinates>
        
        
      </Point>
      
      
    </Placemark>
    <Placemark>
      
        
      <name><![CDATA[FABRICA DE ESPADAS " LOS HIERROS2]]></name>
      
        
      <description><![CDATA[Como los conductores lo llamamos "LOS HIERROS". Fabrica de herraduras, espadas y demás menesteres de la época, que si tienes suerte y compran, TE LLEVAS UN BUEN SOBRE.]]></description>
      
        
      <styleUrl>#icon-1502-C2185B</styleUrl>
      
        
      <Point>
        
          
        <coordinates>
            -4.029751,39.862085,0
          </coordinates>
        
        
      </Point>
      
      
    </Placemark>
    <Placemark>
      
        
      <name>APARCAMIENTO Estadio R.Madrid</name>
      
        
      <description>Con las obras puede que no te dejen aparcar</description>
      
        
      <styleUrl>#line-0288D1-4000</styleUrl>
      
        
      <LineString>
        
          
        <tessellate>1</tessellate>
        
          
        <coordinates>
            -3.689446,40.453966,0
            -3.689558,40.452374,0
          </coordinates>
        
        
      </LineString>
      
      
    </Placemark>
    <Placemark>
      
        
      <name>Granja San Ildefonso</name>
      
        
      <description>EN TODA LA CALLE</description>
      
        
      <styleUrl>#line-DB4436-4358</styleUrl>
      
        
      <LineString>
        
          
        <tessellate>1</tessellate>
        
          
        <coordinates>
            -4.005525,40.903985,0
            -4.008486,40.90122,0
          </coordinates>
        
        
      </LineString>
      
      
    </Placemark>
    <Placemark>
      
        
      <name>CAMBIO DE SENTIDO </name>
      
        
      <description>PARA DAR LA VUELTA DE FORMA SEGURA.</description>
      
        
      <styleUrl>#icon-1608-3949AB</styleUrl>
      
        
      <Point>
        
          
        <coordinates>
            0.527183,42.611886,0
          </coordinates>
        
        
      </Point>
      
      
    </Placemark>
    <Placemark>
      
        
      <name>PONER CADENAS / Benasque </name>
      
        
      <description>ANCHO ESPECIAL EN LA CARRETERA PARA PONER CADENAS DE NIEVE EN CASO DE TENER QUE UTILIZARLAS ANTES DE SUBIR A PISTAS.</description>
      
        
      <styleUrl>#icon-1608-3949AB</styleUrl>
      
        
      <Point>
        
          
        <coordinates>
            0.535584,42.61761,0
          </coordinates>
        
        
      </Point>
      
      
    </Placemark>
    <Placemark>
      
        
      <name><![CDATA[MARTINEZ DE COS "DEGUSTACION"]]></name>
      
        
      <description><![CDATA["TIENDA" DEGUSTACION DE ORUJO ( 5 SABORES ), MIEL Y VINO. PRODUCTOS DE HORTALIZAS Y LEGUMBRES. PRODUCTOS TIPICO DE LIÉBENA. 10% SOBRE LA VENTA ( DINERO o PRODUCTO )  TEL. 639292727 ( ANGEL )]]></description>
      
        
      <styleUrl>#icon-1769-000000</styleUrl>
      
        
      <Point>
        
          
        <coordinates>
            -4.623431,43.15345,0
          </coordinates>
        
        
      </Point>
      
      
    </Placemark>
    <Placemark>
      
        
      <name>RESIDENCIAL MARISELA / Lisboa</name>
      
        
      <description><![CDATA[LISBOA"Residencial Marisela Habitación.  R. Filipe Folque 19, 1050-111 Lisboa, Portugal]]></description>
      
        
      <styleUrl>#icon-1602-9C27B0</styleUrl>
      
        
      <Point>
        
          
        <coordinates>
            -9.149573,38.73236,0
          </coordinates>
        
        
      </Point>
      
      
    </Placemark>
    <Placemark>
      
        
      <name>CHECK-POINT / Venecia (IT)</name>
      
        
      <description>Via dei Petroli, 5, 30175 Venezia VE, Italia avm.avmspa.it +39 041 532 2926</description>
      
        
      <styleUrl>#icon-1657-795548</styleUrl>
      
        
      <Point>
        
          
        <coordinates>
            12.266353,45.467001,0
          </coordinates>
        
        
      </Point>
      
      
    </Placemark>
    <Placemark>
      
        
      <name>PERFUMERIA Julia (Detalle)</name>
      
        
      <description>Comisión de venta en productos de perfumería. Si llevas a tus pasajeros a comprar a esta tienda te realizan una tarjeta cliente donde aparte de la comisión te dan puntos.</description>
      
        
      <styleUrl>#icon-1769-000000</styleUrl>
      
        
      <Point>
        
          
        <coordinates>
            1.52976,42.506472,0
          </coordinates>
        
        
      </Point>
      
      
    </Placemark>
    <Placemark>
      
        
      <name>EMBARCADERO BELESAR</name>
      
        
      <description>Embarcadero de Belesar. Muy dificil dar vuelta, mas de 12m imposible. Se da Vuelta en el puente pero tiene barandillas que perjudican la maniobra.</description>
      
        
      <styleUrl>#icon-1622-757575</styleUrl>
      
        
      <Point>
        
          
        <coordinates>
            -7.72518,42.59307,0
          </coordinates>
        
        
      </Point>
      
      
    </Placemark>
    <Placemark>
      
        
      <name>GRANJA ESCUELA KiriKo / Fornelos de Montes (Pontevedra)</name>
      
        
      <description>Granja escuela Kiriko. Campamentos escolares y visitas didacticas</description>
      
        
      <styleUrl>#icon-1682-673AB7</styleUrl>
      
        
      <Point>
        
          
        <coordinates>
            -8.470416,42.34313,0
          </coordinates>
        
        
      </Point>
      
      
    </Placemark>
    <Placemark>
      
        
      <name>Arosa-Granja Ecologica Xanceda</name>
      
        
      <description>Granja de productos ecolojicos. Frecuentada por escolares. Detalle, de regalo unos yogures.</description>
      
        
      <styleUrl>#icon-1682-9C27B0</styleUrl>
      
        
      <Point>
        
          
        <coordinates>
            -8.257556,43.081537,0
          </coordinates>
        
        
      </Point>
      
      
    </Placemark>
    <Placemark>
      
        
      <name>CASCADA  DE ÉZARO</name>
      
        
      <description><![CDATA[IMPRESIONANTE CASCADA NATURAL. OFICINA DE TURISMO: Calle Río do Barco, s/n, 15297 Ézaro, A Coruña, España<br>www.dumbria.com<br>662 34 69 27]]></description>
      
        
      <styleUrl>#icon-1535-757575</styleUrl>
      
        
      <Point>
        
          
        <coordinates>
            -9.124457,42.911971,0
          </coordinates>
        
        
      </Point>
      
      
    </Placemark>
    <Placemark>
      
        
      <name>EMBARCADERO S.ESTEVO / Embarcadero Mayor</name>
      
        
      <description><![CDATA[Salida catamaran del nautico de San estevo. Acceso dificil pero sin problemas. Embarcadero de Santo Estevo,Ourense, España<br>www.riosil.com<br>988 21 51 00]]></description>
      
        
      <styleUrl>#icon-1622-757575</styleUrl>
      
        
      <Point>
        
          
        <coordinates>
            -7.642901,42.406633,0
          </coordinates>
        
        
      </Point>
      
      
    </Placemark>
    <Placemark>
      
        
      <name>NOVAS ERAS / Souvenirs </name>
      
        
      <description><![CDATA[Almacen de venta de vinos souvenis etc. Te dan comision segun ventas / R. Nossa Sra. de Fátima 11, 2495, Portugal<br>+351 916 768 567]]></description>
      
        
      <styleUrl>#icon-1769-000000</styleUrl>
      
        
      <Point>
        
          
        <coordinates>
            -8.717308,39.635043,0
          </coordinates>
        
        
      </Point>
      
      
    </Placemark>
    <Placemark>
      
        
      <name>MIRADOR CUROTA 📸 / Puebla del Caramiñal (A Coruña)</name>
      
        
      <description>La mejor panoramica de la ria de Arousa tramo final de carretera dificil pero accesible y sin problemas para dar vuelta </description>
      
        
      <styleUrl>#icon-1535-757575</styleUrl>
      
        
      <Point>
        
          
        <coordinates>
            -8.95993,42.625939,0
          </coordinates>
        
        
      </Point>
      
      
    </Placemark>
    <Placemark>
      
        
      <name>VENTA PRODUCTOS ARTESANALES / Lalín (Pontevedra)</name>
      
        
      <description>Situacion de un punto de venta de chorizos artesanales de Lalin. Con secadero tipico y regalo de lote para el conductor.</description>
      
        
      <styleUrl>#icon-1769-000000</styleUrl>
      
        
      <Point>
        
          
        <coordinates>
            -8.19035,42.702564,0
          </coordinates>
        
        
      </Point>
      
      
    </Placemark>
    <Placemark>
      
        
      <name>PENSIÓN MAITE / San Sebastián </name>
      
        
      <description><![CDATA[Pensión Maite en  San Sebastián.<br>35€]]></description>
      
        
      <styleUrl>#icon-1602-9C27B0</styleUrl>
      
        
      <Point>
        
          
        <coordinates>
            -1.975415,43.303519,0
          </coordinates>
        
        
      </Point>
      
      
    </Placemark>
    <Placemark>
      
        
      <name>HOSTAL ARAI / Idiazabal-Gipuzkoa</name>
      
        
      <description><![CDATA[Dormir y cenar 30€ dormir 20€ y te invitan al café de por la mañana.<br>esta cuando se sube el puerto de etxegarate ideal cuando se viene de arriba por irun. Diseminado Ursuaran, 22, 20213 Urtsuaran, Gipuzkoa, España<br>tel. 943 18 76 55 / 943 18 70 58 / 943 18 71 47.]]></description>
      
        
      <styleUrl>#icon-1602-9C27B0</styleUrl>
      
        
      <Point>
        
          
        <coordinates>
            -2.227607,42.949418,0
          </coordinates>
        
        
      </Point>
      
      
    </Placemark>
    <Placemark>
      
        
      <name>Cafeteria La Estación 📍 / Alba de Tormes</name>
      
        
      <description>Buen trato y comisión por viajero.</description>
      
        
      <styleUrl>#icon-1534-F57C00</styleUrl>
      
        
      <Point>
        
          
        <coordinates>
            -5.51548,40.822546,0
          </coordinates>
        
        
      </Point>
      
      
    </Placemark>
    <Placemark>
      
        
      <name>Puente Romano📷  /Alcántara (Cáceres)</name>
      
        
      <description>Bonito lugar turistico. / Visitas : Puente romano, baluarte san juan conventuales benito, embalse y presa....</description>
      
        
      <styleUrl>#icon-1535-757575</styleUrl>
      
        
      <Point>
        
          
        <coordinates>
            -6.892269,39.722356,0
          </coordinates>
        
        
      </Point>
      
      
    </Placemark>
    <Placemark>
      
        
      <name>Sedes-Narón</name>
      
        
      <description>Recreación de como vivían los celtas en galicia, aquí traemos de visita a los colegios, y justo detrás esta el recinto de la feria del trece donde venden ganado y hacen ferias de artesanía etc</description>
      
        
      <styleUrl>#icon-1682-9C27B0</styleUrl>
      
        
      <Point>
        
          
        <coordinates>
            -8.141245,43.55833,0
          </coordinates>
        
        
      </Point>
      
      
    </Placemark>
    <Placemark>
      
        
      <name>Mirador San Nicolas</name>
      
        
      <description>Callejón Atarazana, 4, 18010 Granada, Granada, España.</description>
      
        
      <styleUrl>#icon-1535-424242</styleUrl>
      
        
      <Point>
        
          
        <coordinates>
            -3.592674,37.181074,0
          </coordinates>
        
        
      </Point>
      
      
    </Placemark>
    <Placemark>
      
        
      <name>INFO Chipiona</name>
      
        
      <description>Si vais por Chipiona para visitar santuario virgen de regla y queremos entrar po avd del ejercito hay que pedir autorizacion a la policia local!!!pero no en el momento,hay que pedirlo con antelación o bien el cliente o el transportista!!!!creo que se puede hacer por internet!!!!</description>
      
        
      <styleUrl>#icon-1608-3949AB</styleUrl>
      
        
      <Point>
        
          
        <coordinates>
            -6.433718,36.735445,0
          </coordinates>
        
        
      </Point>
      
      
    </Placemark>
    <Placemark>
      
        
      <name>Lavanderia 🌀/ Tarifa (Cádiz)</name>
      
        
      <description><![CDATA[Lavandería en Tarifa 956681545 Autoservicio<br>Planchado y lavado. <br>Cerca Hostal tarifa.]]></description>
      
        
      <styleUrl>#icon-1821-757575</styleUrl>
      
        
      <Point>
        
          
        <coordinates>
            -5.605216,36.01552,0
          </coordinates>
        
        
      </Point>
      
      
    </Placemark>
    <Placemark>
      
        
      <name>BODEGAS MARQUÉS DE RISCAL /Alava</name>
      
        
      <description>Bodegas marques de riscal el ciego(alava)</description>
      
        
      <styleUrl>#icon-1798-FBC02D</styleUrl>
      
        
      <Point>
        
          
        <coordinates>
            -2.620078,42.511131,0
          </coordinates>
        
        
      </Point>
      
      
    </Placemark>
    <Placemark>
      
        
      <name>TELE 5 / Madrid</name>
      
        
      <description>Punto de recogida de los pasajeros una vez terminada las grabaciones.</description>
      
        
      <styleUrl>#icon-1826-0F9D58</styleUrl>
      
        
      <Point>
        
          
        <coordinates>
            -3.682126,40.511018,0
          </coordinates>
        
        
      </Point>
      
      
    </Placemark>
    <Placemark>
      
        
      <name>Recorrido Castillos Consuegra.</name>
      
        
      <description>Recorrido para subir a los castillos de consuegra desde las dársenas de la oficina de turismo del pueblo.</description>
      
        
      <styleUrl>#line-FFD600-5000</styleUrl>
      
        
      <LineString>
        
          
        <tessellate>1</tessellate>
        
          
        <coordinates>
            -3.607721,39.461163,0
            -3.608106,39.460732,0
            -3.6082759,39.4605695,0
            -3.60858,39.460352,0
            -3.60888,39.460451,0
            -3.6091201,39.4601975,0
            -3.6097158,39.4598194,0
            -3.6105129,39.4592918,0
            -3.611193,39.4588519,0
            -3.6118031,39.4584554,0
            -3.6126352,39.4579289,0
            -3.6128652,39.4577416,0
            -3.6121168,39.4570989,0
            -3.6119513,39.4569845,0
            -3.6117713,39.4567175,0
            -3.6116452,39.4564616,0
            -3.6119534,39.4559584,0
            -3.6121979,39.4554929,0
            -3.6122942,39.4553708,0
            -3.6123527,39.4552884,0
            -3.6123616,39.4552285,0
            -3.6123081,39.4551103,0
            -3.6122238,39.454876,0
            -3.6121314,39.4546808,0
            -3.612019,39.454478,0
            -3.611735,39.4541672,0
            -3.611629,39.454077,0
            -3.611494,39.454033,0
            -3.611266,39.454069,0
            -3.6110496,39.4541536,0
            -3.6108891,39.4542787,0
            -3.610806,39.454375,0
            -3.610575,39.454702,0
            -3.6102695,39.4552335,0
            -3.6101209,39.4555504,0
            -3.610044,39.455685,0
            -3.60989,39.455832,0
            -3.609695,39.455945,0
            -3.608994,39.456286,0
            -3.6087051,39.456423,0
            -3.608279,39.456574,0
            -3.607891,39.456655,0
            -3.607679,39.4566924,0
            -3.6074895,39.4566564,0
            -3.6073333,39.4565861,0
            -3.6072902,39.4565429,0
            -3.6072143,39.4564047,0
            -3.6072271,39.4561303,0
            -3.607271,39.455978,0
            -3.6074133,39.4555479,0
            -3.607678,39.455166,0
            -3.60797,39.454747,0
            -3.6080963,39.4545148,0
            -3.60815,39.454303,0
            -3.6081527,39.4541385,0
            -3.608102,39.453992,0
            -3.607869,39.453572,0
          </coordinates>
        
        
      </LineString>
      
      
    </Placemark>
    <Placemark>
      
        
      <name>Check-Point / Ponte Manolo </name>
      
        
      <description>Punto de check point en Ponte Mammolo. 24h para los usuarios y matriculas ya registrados.</description>
      
        
      <styleUrl>#icon-1657-4E342E</styleUrl>
      
        
      <Point>
        
          
        <coordinates>
            12.564969,41.920385,0
          </coordinates>
        
        
      </Point>
      
      
    </Placemark>
    <Placemark>
      
        
      <name>HOSTAL NAVARRA / Pamplona</name>
      
        
      <description><![CDATA[Calle Tudela, 9, 31002 Pamplona, Navarra, España<br>www.hostalnavarra.com<br>+34 948 22 51 64 / 627374878 <br>Al lado de la estación de Pamplona choferes y guía precio 36€ noche]]></description>
      
        
      <styleUrl>#icon-1602-9C27B0</styleUrl>
      
        
      <Point>
        
          
        <coordinates>
            -1.644242,42.812911,0
          </coordinates>
        
        
      </Point>
      
      
    </Placemark>
    <Placemark>
      
        
      <name>GRANJA ESCUELA BARREIROS / PuertoMarín (Lugo)</name>
      
        
      <description>GRANJA donde solemos ir con escolares. Se puede entrar y dar la vuelta bien. Indicador en carretera </description>
      
        
      <styleUrl>#icon-1682-673AB7</styleUrl>
      
        
      <Point>
        
          
        <coordinates>
            -7.459888,42.78274,0
          </coordinates>
        
        
      </Point>
      
      
    </Placemark>
    <Placemark>
      
        
      <name><![CDATA[BODEGAS Codorniu 🍾 / S. Sadurní d'Anoia (Barcelona)]]></name>
      
        
      <description><![CDATA[Avenida Jaume de Codorníu, s/n, 08770 Sant Sadurní d'Anoia, Barcelona, España<br>www.codorniu.com<br>+34 938 91 33 42]]></description>
      
        
      <styleUrl>#icon-1798-F9A825</styleUrl>
      
        
      <Point>
        
          
        <coordinates>
            1.795964,41.434281,0
          </coordinates>
        
        
      </Point>
      
      
    </Placemark>
    <Placemark>
      
        
      <name>RUTA Teatro Calderón .C/ Atocha /  Madrid</name>
      
        
      <description>Este es el recorrido que se debe seguir para acceder por la calle atocha hasta el teatro Calderon.</description>
      
        
      <styleUrl>#line-F9A825-4000</styleUrl>
      
        
      <LineString>
        
          
        <tessellate>1</tessellate>
        
          
        <coordinates>
            -3.691943,40.409248,0
            -3.692265,40.409379,0
            -3.692694,40.409428,0
            -3.696384,40.411029,0
            -3.698165,40.411993,0
            -3.699818,40.41281,0
            -3.70162,40.413561,0
            -3.703959,40.414362,0
            -3.704581,40.413954,0
            -3.705139,40.412532,0
            -3.702242,40.412434,0
            -3.699217,40.41232,0
            -3.696856,40.41116,0
            -3.694496,40.410098,0
            -3.692608,40.409281,0
            -3.692415,40.409166,0
            -3.692329,40.40897,0
            -3.692458,40.408725,0
            -3.692415,40.408529,0
          </coordinates>
        
        
      </LineString>
      
      
    </Placemark>
    <Placemark>
      
        
      <name>PENSIÓN ÚBEDA / Fuenmayor</name>
      
        
      <description><![CDATA[Recomendación profrofesionales. Calle Úbeda, 15, 26360 Fuenmayor, La Rioja, España<br>www.pensionubeda.org<br>+34 663 77 96 29]]></description>
      
        
      <styleUrl>#icon-1602-9C27B0</styleUrl>
      
        
      <Point>
        
          
        <coordinates>
            -2.560976,42.466248,0
          </coordinates>
        
        
      </Point>
      
      
    </Placemark>
    <Placemark>
      
        
      <name>HOSTAL Tarifa 🛏️ /Tarifa (Cádiz)</name>
      
        
      <description>C. Batalla del Salado, 40, 11380 Tarifa, Cádiz</description>
      
        
      <styleUrl>#icon-1602-9C27B0</styleUrl>
      
        
      <Point>
        
          
        <coordinates>
            -5.606754,36.016648,0
          </coordinates>
        
        
      </Point>
      
      
    </Placemark>
    <Placemark>
      
        
      <name>INFO Puerto Málaga </name>
      
        
      <description><![CDATA[SE RECOMIENDA "NO ABANDONAR" EL VEHICULO POR LOS DISTINTON CRITERIOS DE LA POLICIA PORTUARIA. UNOS PERMITEN EL ESTACIONAMIENTO Y OTROS NO. MEJOR PREGUNTAR Y ASI EVITARAS ALGUN SUSTO (MULTAS).]]></description>
      
        
      <styleUrl>#icon-1608-3949AB</styleUrl>
      
        
      <Point>
        
          
        <coordinates>
            -4.414498,36.707892,0
          </coordinates>
        
        
      </Point>
      
      
    </Placemark>
    <Placemark>
      
        
      <name>INFO !! CASTILLO PEÑAFIEL </name>
      
        
      <description><![CDATA[En castillo de peñafiel para coches de más de 14 metros muy complicado dar la vuelta ""OJO""]]></description>
      
        
      <styleUrl>#icon-1608-3949AB</styleUrl>
      
        
      <Point>
        
          
        <coordinates>
            -4.114069,41.596815,0
          </coordinates>
        
        
      </Point>
      
      
    </Placemark>
    <Placemark>
      
        
      <name>INFO ALBERGUE MONTE DO GOZO</name>
      
        
      <description>ENTRAR POR AQUI AL ALBERGUE.</description>
      
        
      <styleUrl>#icon-1608-3949AB</styleUrl>
      
        
      <Point>
        
          
        <coordinates>
            -8.49962,42.882458,0
          </coordinates>
        
        
      </Point>
      
      
    </Placemark>
    <Placemark>
      
        
      <name>Dehesas de Cercedilla</name>
      
        
      <description>CON AUTOCAR GRANDE AL SALIR DEL ALBERGUE NO PUEDES HACER EL GIRO PARA EL SENTIDO NORMAL DE LA MARCHA, TENDRAS QUE PONER LOS WARNING Y SALIR PARA ABAJO EN PROHIBIDO. DESPACIO CON TRANQUILIDAD.</description>
      
        
      <styleUrl>#line-DB4436-5284</styleUrl>
      
        
      <LineString>
        
          
        <tessellate>1</tessellate>
        
          
        <coordinates>
            -4.0707634,40.7596044,0
            -4.0706682,40.7591278,0
            -4.0706242,40.7588092,0
            -4.070607,40.7586697,0
            -4.07061,40.7585284,0
            -4.0708519,40.7575796,0
          </coordinates>
        
        
      </LineString>
      
      
    </Placemark>
    <Placemark>
      
        
      <name>RUTA Recomendada Acceso Oñate</name>
      
        
      <description>LINEA Amarilla : ACCESO A OÑATE</description>
      
        
      <styleUrl>#line-F9A825-4488</styleUrl>
      
        
      <LineString>
        
          
        <tessellate>1</tessellate>
        
          
        <coordinates>
            -2.4197767,43.037695,0
            -2.419453,43.0366628,0
            -2.4192271,43.0356133,0
            -2.4191049,43.0348601,0
            -2.4190163,43.0344503,0
            -2.4189397,43.0343743,0
            -2.4186488,43.0343003,0
            -2.4184869,43.0342507,0
            -2.4181793,43.0341242,0
            -2.4181426,43.034029,0
            -2.4179845,43.0339732,0
            -2.4177173,43.0340244,0
            -2.4173384,43.0339259,0
            -2.4171526,43.0338476,0
            -2.4165868,43.0337609,0
            -2.4161299,43.0337065,0
            -2.4160024,43.0336748,0
            -2.415959,43.0336437,0
            -2.4158374,43.0336499,0
            -2.4158096,43.033697,0
            -2.4158387,43.0337352,0
            -2.4158817,43.0337939,0
            -2.4159032,43.0338545,0
            -2.4160456,43.0340103,0
          </coordinates>
        
        
      </LineString>
      
      
    </Placemark>
    <Placemark>
      
        
      <name>ÁREA ASADOR TUDANCA / Fuentespina (Burgos)</name>
      
        
      <description>N-I, Km 153, 09471 Fuentespina, Burgos www.grupotudanca.com +34 947 50 60 11</description>
      
        
      <styleUrl>#icon-1577-795548</styleUrl>
      
        
      <Point>
        
          
        <coordinates>
            -3.687021,41.623788,0
          </coordinates>
        
        
      </Point>
      
      
    </Placemark>
    <Placemark>
      
        
      <name>COCHERAS ALSA</name>
      
        
      <description><![CDATA[2, Lugar la Asomada, 2, 30300 Cartagena, Murcia<br>www.alsa.es<br>+34 968 51 18 49]]></description>
      
        
      <styleUrl>#icon-1532-000000</styleUrl>
      
        
      <Point>
        
          
        <coordinates>
            -0.970009,37.630213,0
          </coordinates>
        
        
      </Point>
      
      
    </Placemark>
    <Placemark>
      
        
      <name>CALA CAROLINA / Pulpi (Almería)</name>
      
        
      <description>Esplanada sin problemas para las dos calas</description>
      
        
      <styleUrl>#icon-1644-0288D1</styleUrl>
      
        
      <Point>
        
          
        <coordinates>
            -1.63005,37.376021,0
          </coordinates>
        
        
      </Point>
      
      
    </Placemark>
    <Placemark>
      
        
      <name>Bacalhôa Buddha Eden /  Bombarral (PO)</name>
      
        
      <description>Visitas : Buda , anfiteatro,jardines laberinto,estatuas africanas,lagos... Existen varias figuras importadas y trenecito para la visita turística. Entradas 6€ con trenecito y 3€ sin el.</description>
      
        
      <styleUrl>#icon-1542-3949AB</styleUrl>
      
        
      <Point>
        
          
        <coordinates>
            -9.138462,39.274638,0
          </coordinates>
        
        
      </Point>
      
      
    </Placemark>
    <Placemark>
      
        
      <name>Segovia-Prohibicion</name>
      
        
      <description>HACE TIEMPO QUE CAMBIARON Y PUSIERON UNA SEÑAL DE PROHIBIDO 3,5 T EXCEPO LOS URBANOS....... CUIDADO QUE SI TE PILLAN BAJANDO POR AQUI LOS GUARDIAS TE JODEN EL MES Y UNOS PUNTITOS.</description>
      
        
      <styleUrl>#icon-1898-C2185B</styleUrl>
      
        
      <Point>
        
          
        <coordinates>
            -4.11269,40.947321,0
          </coordinates>
        
        
      </Point>
      
      
    </Placemark>
    <Placemark>
      
        
      <name>ÁREA Servicio Sobradiel 🍴/ Sobradiel (Zaragoza)</name>
      
        
      <description>Autopista Ap, 68, Km. 283, 50629 Sobradiel, Zaragoza www.smarttravelers.areas.com +34 976 13</description>
      
        
      <styleUrl>#icon-1577-795548</styleUrl>
      
        
      <Point>
        
          
        <coordinates>
            -1.0299601,41.7316028,0
          </coordinates>
        
        
      </Point>
      
      
    </Placemark>
    <Placemark>
      
        
      <name>CAYAC (Centro de Acceso a los Yacimientos)</name>
      
        
      <description>Calle Ctra. Logroño, 09198 Burgos www.museoevolucionhumana.com +34 947 42 10 00</description>
      
        
      <styleUrl>#icon-1636-A52714</styleUrl>
      
        
      <Point>
        
          
        <coordinates>
            -3.5246774,42.3346373,0
          </coordinates>
        
        
      </Point>
      
      
    </Placemark>
    <Placemark>
      
        
      <name>AEROPUERTO León </name>
      
        
      <description>Aeropuerto de Leon | Carretera de la Ermita, s/n, 24198 La Virgen del Camino, León, España www.aena.es +34 987 87 77 20</description>
      
        
      <styleUrl>#icon-1504-880E4F</styleUrl>
      
        
      <Point>
        
          
        <coordinates>
            -5.6431057,42.5895469,0
          </coordinates>
        
        
      </Point>
      
      
    </Placemark>
    <Placemark>
      
        
      <name>INFO / CAMBIO SENTIDO</name>
      
        
      <description>Punto donde se hace el cambio de sentido. A veces se aparca el listo de turno y te lo pone complicado.</description>
      
        
      <styleUrl>#icon-1608-3949AB</styleUrl>
      
        
      <Point>
        
          
        <coordinates>
            -7.4427695,42.4084449,0
          </coordinates>
        
        
      </Point>
      
      
    </Placemark>
    <Placemark>
      
        
      <name>FÁBRICA DE CONSERVAS Luis Escuris</name>
      
        
      <description>Fabrica de conservas artesanales. Organizan visitas. Regalan excelente estuche degustacion al conductor y guía. Poligono Industrial De La Tomada, Avenida da Curota, Parcela 37, 15940 A Pobra Do Caramiñal, La Coruña, Españawww.luisescuris.com981 84 32 50</description>
      
        
      <styleUrl>#icon-1769-000000</styleUrl>
      
        
      <Point>
        
          
        <coordinates>
            -8.9601012,42.6023641,0
          </coordinates>
        
        
      </Point>
      
      
    </Placemark>
    <Placemark>
      
        
      <name>MANIOBRA EMBARCADERO BELESAR</name>
      
        
      <description>Aquí se hace la maniobra muy justo con un 12m / OJO A LAS BARANDILLAS SI AÚN ESTÁN </description>
      
        
      <styleUrl>#icon-1541-E65100</styleUrl>
      
        
      <Point>
        
          
        <coordinates>
            -7.7243843,42.5913743,0
          </coordinates>
        
        
      </Point>
      
      
    </Placemark>
    <Placemark>
      
        
      <name>CABO VILÁN / (A Coruña)</name>
      
        
      <description>Se llega hasta el mismo faro. Problemas si hay mucho coche para dar la vuelta.</description>
      
        
      <styleUrl>#icon-1535-757575</styleUrl>
      
        
      <Point>
        
          
        <coordinates>
            -9.2107163,43.1596877,0
          </coordinates>
        
        
      </Point>
      
      
    </Placemark>
    <Placemark>
      
        
      <name>FINCA ALDEOLA / Malpica (A Coruña)</name>
      
        
      <description>Complejo de celebraciones. Invitan al mismo menu que los pasajeros</description>
      
        
      <styleUrl>#icon-1577-795548</styleUrl>
      
        
      <Point>
        
          
        <coordinates>
            -8.7976286,43.2855052,0
          </coordinates>
        
        
      </Point>
      
      
    </Placemark>
    <Placemark>
      
        
      <name>LACTEOS ANZUXAO / Madriñan (Pontevedra)</name>
      
        
      <description>Fabrica de quesos. Producto excelente. Te regalan un queso. Salon de video donde proyectan un documental sobre el proceso de elaboracion. Y todo esto en un pazo gallego / AnzuxaoMadriñán, 2, 36512 Madriñan (Lalín), Pontevedra.www.lacteosanzuxao.com 986 79 41 35</description>
      
        
      <styleUrl>#icon-1769-000000</styleUrl>
      
        
      <Point>
        
          
        <coordinates>
            -8.1882452,42.7111702,0
          </coordinates>
        
        
      </Point>
      
      
    </Placemark>
    <Placemark>
      
        
      <name>FARO ORTEGAL / Cariño (A Coruña)</name>
      
        
      <description>Faro de Cabo Ortegal (Cariño, A Coruña) Para maniobrar mejor entrar marcha atrás en el aparcamiento, girar en el aparcamiento y volver a salir marcha atrás.</description>
      
        
      <styleUrl>#icon-1535-757575</styleUrl>
      
        
      <Point>
        
          
        <coordinates>
            -7.8693336,43.7702247,0
          </coordinates>
        
        
      </Point>
      
      
    </Placemark>
    <Placemark>
      
        
      <name>NACIMIENTO RÍO MIÑO / Meira (Lugo)</name>
      
        
      <description>Pedregal de Irimia- donde nace el rio Miño - A 2,5 Km. del casco urbano de Meira, continuando por la margen izquierda de la iglesia de Santa María de Meira. Bien señalizado.</description>
      
        
      <styleUrl>#icon-1644-0288D1</styleUrl>
      
        
      <Point>
        
          
        <coordinates>
            -7.2634378,43.212854,0
          </coordinates>
        
        
      </Point>
      
      
    </Placemark>
    <Placemark>
      
        
      <name>AEROPUERTO / Vitoria - Gasteiz </name>
      
        
      <description>Aeropuerto de Vitoria | Carretera N-624, s/n, 01196 Vitoria-Gasteiz, Araba, www.aena.es  +34 902 40 47 04</description>
      
        
      <styleUrl>#icon-1504-880E4F</styleUrl>
      
        
      <Point>
        
          
        <coordinates>
            -2.730678,42.8842464,0
          </coordinates>
        
        
      </Point>
      
      
    </Placemark>
    <Placemark>
      
        
      <name>HOSTAL Izaga / Noain (Navarra)</name>
      
        
      <description>Sin problemas para aparcar el autocar. Buen trato, Hacen precio a conductores profesionales económico. buena comida.</description>
      
        
      <styleUrl>#icon-1602-9C27B0</styleUrl>
      
        
      <Point>
        
          
        <coordinates>
            -1.6361765,42.7736073,0
          </coordinates>
        
        
      </Point>
      
      
    </Placemark>
    <Placemark>
      
        
      <name>FARO DE BIARRITZ / Biarritz (FR)</name>
      
        
      <description>Biarritz | Esplanade Elisabeth II Faro de Biarritz</description>
      
        
      <styleUrl>#icon-1535-757575</styleUrl>
      
        
      <Point>
        
          
        <coordinates>
            -1.5529744,43.4933383,0
          </coordinates>
        
        
      </Point>
      
      
    </Placemark>
    <Placemark>
      
        
      <name>Recorrido C Y D Miranda de Castañar</name>
      
        
      <description>La mejor opción para entrar con coche grande.</description>
      
        
      <styleUrl>#line-FFD600-5000</styleUrl>
      
        
      <LineString>
        
          
        <tessellate>1</tessellate>
        
          
        <coordinates>
            -5.982442,40.487236,0
            -5.982506,40.487076,0
            -5.983136,40.486631,0
            -5.983985,40.486078,0
            -5.984379,40.4858,0
            -5.984647,40.485527,0
            -5.984897,40.485112,0
            -5.985416,40.484219,0
            -5.985591,40.483998,0
            -5.985869,40.483866,0
            -5.986166,40.483759,0
            -5.986519,40.483711,0
            -5.98791,40.483611,0
            -5.98832,40.483579,0
            -5.988913,40.483668,0
            -5.989363,40.483707,0
            -5.989528,40.483712,0
            -5.989733,40.483675,0
            -5.99038,40.483467,0
            -5.990717,40.483383,0
            -5.991068,40.483352,0
            -5.993133,40.483729,0
            -5.993792,40.483819,0
            -5.994315,40.48382,0
            -5.994839,40.483854,0
            -5.996514,40.484145,0
            -5.997426,40.48429,0
            -5.998642,40.48445,0
          </coordinates>
        
        
      </LineString>
      
      
    </Placemark>
    <Placemark>
      
        
      <name>MONASTERIO DE S.SALVADOR DE CELANOVA / CELANOVA (Ourense)</name>
      
        
      <description>C Y D | Visita a Monasterio | Inciso: Nacieron 2 escritores gallegos - Curro Enriquez y Celso Emilio Ferreiro</description>
      
        
      <styleUrl>#icon-1670-E65100</styleUrl>
      
        
      <Point>
        
          
        <coordinates>
            -7.956799,42.150445,0
          </coordinates>
        
        
      </Point>
      
      
    </Placemark>
    <Placemark>
      
        
      <name>C Y D 🔄/ Alba de Tormes </name>
      
        
      <description>Punto de encuentro donde los pasajeros se dejan o se recogen</description>
      
        
      <styleUrl>#icon-1826-0F9D58</styleUrl>
      
        
      <Point>
        
          
        <coordinates>
            -5.515694,40.82663,0
          </coordinates>
        
        
      </Point>
      
      
    </Placemark>
    <Placemark>
      
        
      <name>C Y D / Valença (PO)</name>
      
        
      <description>Se pueden dejar justo delante de la entrada a las murallas</description>
      
        
      <styleUrl>#icon-1826-0F9D58</styleUrl>
      
        
      <Point>
        
          
        <coordinates>
            -8.6435905,42.0299136,0
          </coordinates>
        
        
      </Point>
      
      
    </Placemark>
    <Placemark>
      
        
      <name>RECORRIDO C Y D / Tordesillas</name>
      
        
      <description>Sigue la ruta para dejar o recoger pasajeros </description>
      
        
      <styleUrl>#line-F9A825-6465</styleUrl>
      
        
      <LineString>
        
          
        <tessellate>1</tessellate>
        
          
        <coordinates>
            -5.003263,41.5000686,0
            -5.0031497,41.4998815,0
            -5.0031342,41.4998092,0
            -5.0030806,41.499748,0
            -5.002987,41.499636,0
            -5.002813,41.4995119,0
            -5.0026412,41.4994166,0
            -5.0025052,41.4993633,0
            -5.0024802,41.4993227,0
          </coordinates>
        
        
      </LineString>
      
      
    </Placemark>
    <Placemark>
      
        
      <name>C Y D / O Grove</name>
      
        
      <description>Permitida para dejar y recoger pasajeros para el Barco de los mejillones</description>
      
        
      <styleUrl>#icon-1826-0F9D58</styleUrl>
      
        
      <Point>
        
          
        <coordinates>
            -8.8610395,42.4954768,0
          </coordinates>
        
        
      </Point>
      
      
    </Placemark>
    <Placemark>
      
        
      <name>C Y D 🔄 / C/Neptuno Granada</name>
      
        
      <description>MAXIMO 15 MINUTOS/ Puedes dejarlos en Paseo de la Bomba y recogerlos aqui</description>
      
        
      <styleUrl>#icon-1826-0F9D58</styleUrl>
      
        
      <Point>
        
          
        <coordinates>
            -3.6074761,37.1692454,0
          </coordinates>
        
        
      </Point>
      
      
    </Placemark>
    <Placemark>
      
        
      <name>AEROPUERTO Florencia ( IT)</name>
      
        
      <description>Via del Termine, 11, 50127 Firenze FI, Italia www.aeroporto.firenze.it +39 055 30615</description>
      
        
      <styleUrl>#icon-1504-880E4F</styleUrl>
      
        
      <Point>
        
          
        <coordinates>
            11.2006359,43.8017971,0
          </coordinates>
        
        
      </Point>
      
      
    </Placemark>
    <Placemark>
      
        
      <name>C Y D 🔄 / AVE- Granada</name>
      
        
      <description>Bajada y subida de Pasajeros en  Estación AVE  Granada/ Avenida de los Andaluces </description>
      
        
      <styleUrl>#icon-1826-0F9D58</styleUrl>
      
        
      <Point>
        
          
        <coordinates>
            -3.6091811,37.1843695,0
          </coordinates>
        
        
      </Point>
      
      
    </Placemark>
    <Placemark>
      
        
      <name>ÁREA SERVICIO Valcarce /  Granjadf Moreruela (Zamora)</name>
      
        
      <description>Buen área para parar / Granja de Moreruela, Zamora</description>
      
        
      <styleUrl>#icon-1577-795548</styleUrl>
      
        
      <Point>
        
          
        <coordinates>
            -5.7551255,41.7989857,0
          </coordinates>
        
        
      </Point>
      
      
    </Placemark>
    <Placemark>
      
        
      <name>C Y D / T4 AEROPUERTO Madrid</name>
      
        
      <description>NUEVO C Y D / T4 AEROPUERTO </description>
      
        
      <styleUrl>#icon-1826-0F9D58</styleUrl>
      
        
      <Point>
        
          
        <coordinates>
            -3.5944766,40.4951241,0
          </coordinates>
        
        
      </Point>
      
      
    </Placemark>
    <Placemark>
      
        
      <name>APARCAMIENTO 🅿️ / Denia (Alicante)</name>
      
        
      <description>Aparcamiento mixto de tierra en Denia.</description>
      
        
      <styleUrl>#icon-1644-0288D1</styleUrl>
      
        
      <Point>
        
          
        <coordinates>
            0.0856245,38.8356588,0
          </coordinates>
        
        
      </Point>
      
      
    </Placemark>
    <Placemark>
      
        
      <name>AVENTURA AMAZONIA 🚸 / Cercedilla (Madrid) </name>
      
        
      <description>Parque Recreativo de las Berceas Carretera de las Dehesas M-966, Km 3,9, 28470 Cercedilla, Madrid www.aventura-amazonia.com +34 918 52 38 08</description>
      
        
      <styleUrl>#icon-1502-C2185B</styleUrl>
      
        
      <Point>
        
          
        <coordinates>
            -4.0686314,40.7679938,0
          </coordinates>
        
        
      </Point>
      
      
    </Placemark>
    <Placemark>
      
        
      <name>PROHIBICIÓN ⛔️ / Lisboa (PO)</name>
      
        
      <description>Ya no se premite pasar para llegar a la Plaza Comercio / Gracias info al compañero  Gonzalo !!</description>
      
        
      <styleUrl>#icon-1898-C2185B</styleUrl>
      
        
      <Point>
        
          
        <coordinates>
            -9.14108,38.7150265,0
          </coordinates>
        
        
      </Point>
      
      
    </Placemark>
    <Placemark>
      
        
      <name>PROHIBICIÓN 5,5T ⛔️ / Sintra (PO)</name>
      
        
      <description><![CDATA[RECTO PROHIBICIÓN 5,5T ⛔️ /  (Girar a izquierda) Sintra (PO)<br>No salir por aqui está prohibido para vehiculos mas de 5,5T te quedarás atascado]]></description>
      
        
      <styleUrl>#icon-1898-C2185B</styleUrl>
      
        
      <Point>
        
          
        <coordinates>
            -9.3865142,38.7985655,0
          </coordinates>
        
        
      </Point>
      
      
    </Placemark>
    <Placemark>
      
        
      <name>C Y D Monte Do Gozo🔄 / Santiago de Compostela </name>
      
        
      <description>Punto de dejada de camonantes para ir hasta Santiago.</description>
      
        
      <styleUrl>#icon-1826-0F9D58</styleUrl>
      
        
      <Point>
        
          
        <coordinates>
            -8.4926704,42.8898094,0
          </coordinates>
        
        
      </Point>
      
      
    </Placemark>
    <Placemark>
      
        
      <name>CONSERVAS Emilia 📍/ Santoña (Cantabria)</name>
      
        
      <description>Detalle con Chofer y guia cuando llevamos a la gente Avenida del, C. Almte. Carrero Blanco, 25, 39740 Santoña, Cantabria</description>
      
        
      <styleUrl>#icon-1769-000000</styleUrl>
      
        
      <Point>
        
          
        <coordinates>
            -3.4561716,43.4400322,0
          </coordinates>
        
        
      </Point>
      
      
    </Placemark>
    <Placemark>
      
        
      <name>ℹ️ENTRADA C Y D Averiro (PO)</name>
      
        
      <description>Ruta para dejar Pasajeros visita Aveiro.</description>
      
        
      <styleUrl>#line-FFD600-5513</styleUrl>
      
        
      <LineString>
        
          
        <tessellate>1</tessellate>
        
          
        <coordinates>
            -8.6577735,40.6422273,0
            -8.6581255,40.6425898,0
            -8.6585077,40.6428798,0
            -8.6602572,40.6442588,0
            -8.6611467,40.6449634,0
            -8.6613019,40.6450822,0
            -8.6613965,40.6452386,0
            -8.6616731,40.6457143,0
            -8.6618461,40.6458553,0
            -8.6624012,40.645438,0
            -8.6608443,40.6441865,0
            -8.6608235,40.6440728,0
            -8.6607206,40.6440259,0
            -8.6606272,40.6439638,0
            -8.6604522,40.6437867,0
            -8.6604202,40.6436998,0
            -8.6604197,40.6435991,0
            -8.6604576,40.6435125,0
            -8.6605776,40.6434637,0
            -8.6606503,40.6434536,0
            -8.6607289,40.6434508,0
            -8.6609354,40.6434085,0
            -8.6611539,40.6433049,0
            -8.6616956,40.6429531,0
            -8.6622063,40.6425218,0
            -8.6622709,40.6422254,0
            -8.6621835,40.6420895,0
            -8.6620503,40.6419698,0
            -8.661752,40.6418746,0
            -8.6615291,40.6418835,0
            -8.6613215,40.641958,0
            -8.6609657,40.6421617,0
          </coordinates>
        
        
      </LineString>
      
      
    </Placemark>
    <Placemark>
      
        
      <name>RECORRIDO Recomendado C Y D Puigcerdà</name>
      
        
      <description>Subir por Av/ del Segre - Av/ Catalunya - C/Higini de Rivera - Av/Coronel Molera y  Av/ Pons i Gasch.</description>
      
        
      <styleUrl>#line-FFD600-5164</styleUrl>
      
        
      <LineString>
        
          
        <tessellate>1</tessellate>
        
          
        <coordinates>
            1.9355332,42.4328244,0
            1.9342231,42.4325337,0
            1.9339187,42.4325549,0
            1.933735,42.4325894,0
            1.9335534,42.4325118,0
            1.9335049,42.4324769,0
            1.9334237,42.4323652,0
            1.9323526,42.4319805,0
            1.9319096,42.431642,0
            1.9309047,42.4306223,0
            1.9303383,42.4300847,0
            1.9298927,42.4298386,0
            1.9297132,42.429859,0
            1.929679,42.4300063,0
            1.9297444,42.4303276,0
            1.9299671,42.4306528,0
            1.9302528,42.4309585,0
            1.9302563,42.4315797,0
            1.9303168,42.4317905,0
            1.9304318,42.4319511,0
            1.9307638,42.4322755,0
            1.9307849,42.4324224,0
            1.930762,42.432548,0
            1.930637,42.4327426,0
            1.9303074,42.4331469,0
            1.9301417,42.433305,0
            1.9298605,42.4337877,0
            1.9296649,42.434192,0
            1.9295287,42.434264,0
            1.9291316,42.4341746,0
            1.9286944,42.4339159,0
            1.928339,42.4334767,0
            1.9276422,42.4338161,0
            1.927561,42.4339137,0
            1.9275592,42.4341088,0
          </coordinates>
        
        
      </LineString>
      
      
    </Placemark>
    <Placemark>
      
        
      <name>ESTADIO El Sardinero ⚽/ Santander </name>
      
        
      <description>Aparcamiento del estadio El Sardinero. Sin problema para aparcar, viene el gorrilla, dale un par de € y en paz</description>
      
        
      <styleUrl>#icon-1899-DB4436</styleUrl>
      
        
      <Point>
        
          
        <coordinates>
            -3.7910791,43.4767502,0
          </coordinates>
        
        
      </Point>
      
      
    </Placemark>
    <Placemark>
      
        
      <name>CIUDAD DE LAS CIENCIAS Y LAS ARTES ( VALENCIA )</name>
      
        
      <description>APARCAMIENTO DE PAGO.</description>
      
        
      <styleUrl>#icon-1644-0288D1</styleUrl>
      
        
      <Point>
        
          
        <coordinates>
            -0.351621,39.453857,0
          </coordinates>
        
        
      </Point>
      
      
    </Placemark>
    <Placemark>
      
        
      <name>APARCAMIENTO / Zaragoza </name>
      
        
      <description>Aparcamiento ambos laterales avenida </description>
      
        
      <styleUrl>#line-0288D1-6000</styleUrl>
      
        
      <LineString>
        
          
        <tessellate>1</tessellate>
        
          
        <coordinates>
            -0.8807762,41.6619709,0
            -0.880258,41.665202,0
          </coordinates>
        
        
      </LineString>
      
      
    </Placemark>
    <Placemark>
      
        
      <name>APARCAMIENTO / Zaragoza </name>
      
        
      <description>Aparcamiento ambos laterales avenida </description>
      
        
      <styleUrl>#line-0288D1-6000</styleUrl>
      
        
      <LineString>
        
          
        <tessellate>1</tessellate>
        
          
        <coordinates>
            -0.8806613,41.6650445,0
            -0.8811734,41.6617246,0
          </coordinates>
        
        
      </LineString>
      
      
    </Placemark>
    <Placemark>
      
        
      <name>APARCAMIENTO / Ronda</name>
      
        
      <styleUrl>#line-0288D1-6000-nodesc</styleUrl>
      
        
      <LineString>
        
          
        <tessellate>1</tessellate>
        
          
        <coordinates>
            -5.168773,36.750205,0
            -5.168256,36.750396,0
            -5.167779,36.750512,0
            -5.166638,36.750596,0
            -5.165676,36.750645,0
            -5.165112,36.750667,0
          </coordinates>
        
        
      </LineString>
      
      
    </Placemark>
    <Placemark>
      
        
      <name>Paris</name>
      
        
      <description>estacionamiento limitado a 3 horas</description>
      
        
      <styleUrl>#icon-1644-0288D1</styleUrl>
      
        
      <Point>
        
          
        <coordinates>
            2.313201,48.865054,0
          </coordinates>
        
        
      </Point>
      
      
    </Placemark>
    <Placemark>
      
        
      <name>Lleida / Pavellón Barris Nord</name>
      
        
      <description>Aparcamiento gratuito en la puerta del pabellón Barris Nord</description>
      
        
      <styleUrl>#icon-1520-FF5252</styleUrl>
      
        
      <Point>
        
          
        <coordinates>
            0.631601,41.625737,0
          </coordinates>
        
        
      </Point>
      
      
    </Placemark>
    <Placemark>
      
        
      <name>Piazzale Pier Luigi Nervi-Roma</name>
      
        
      <description>aparcamiento junto al metro fermi.</description>
      
        
      <styleUrl>#icon-1532-7CB342</styleUrl>
      
        
      <Point>
        
          
        <coordinates>
            12.471271,41.828462,0
          </coordinates>
        
        
      </Point>
      
      
    </Placemark>
    <Placemark>
      
        
      <name>PUERTO BANUS</name>
      
        
      <description>ESTACIONAMIENTOS ALTERNATIVOS</description>
      
        
      <styleUrl>#line-0288D1-6000</styleUrl>
      
        
      <LineString>
        
          
        <tessellate>1</tessellate>
        
          
        <coordinates>
            -4.959997,36.492128,0
            -4.959058,36.491278,0
            -4.95862,36.49086,0
            -4.958429,36.49073,0
            -4.958039,36.490526,0
          </coordinates>
        
        
      </LineString>
      
      
    </Placemark>
    <Placemark>
      
        
      <name>RUTA C Y D / Cascais (PO)</name>
      
        
      <description>Cascais, solamente subida y bajada de pasajeros, para aparcar nos vamos al aparcamiento / luego para ir a recoger hay que dar siempre la vuelta por el recorrido y siguiendo el sentido de las flechas del reloj.</description>
      
        
      <styleUrl>#line-FFD600-6000</styleUrl>
      
        
      <LineString>
        
          
        <tessellate>1</tessellate>
        
          
        <coordinates>
            -9.423974,38.694487,0
            -9.428406,38.694046,0
            -9.430267,38.694369,0
            -9.430531,38.694252,0
            -9.430732,38.694323,0
            -9.430783,38.694474,0
            -9.430729,38.694535,0
            -9.430666,38.694572,0
            -9.430533,38.69466,0
            -9.429724,38.697217,0
            -9.428572,38.698281,0
            -9.42721,38.6992,0
            -9.424596,38.701135,0
            -9.423942,38.701349,0
            -9.423273,38.701418,0
            -9.42245,38.701403,0
            -9.421412,38.701113,0
            -9.420854,38.700793,0
            -9.420648,38.700633,0
            -9.420517,38.700514,0
            -9.420404,38.70035,0
            -9.420518,38.700203,0
            -9.42062,38.699762,0
            -9.420685,38.699082,0
            -9.420634,38.698954,0
            -9.420686,38.698854,0
            -9.419457,38.697522,0
            -9.419464,38.697419,0
            -9.419599,38.69731,0
            -9.419892,38.697156,0
            -9.420137,38.697023,0
            -9.420365,38.696854,0
            -9.42041,38.696658,0
            -9.42041,38.696462,0
            -9.419854,38.695891,0
            -9.419432,38.695413,0
            -9.419387,38.695263,0
            -9.419538,38.695119,0
            -9.420226,38.694762,0
            -9.420575,38.694602,0
            -9.42091,38.694456,0
            -9.420978,38.694386,0
            -9.42107,38.694344,0
            -9.421268,38.694523,0
            -9.421476,38.694693,0
            -9.42195,38.694732,0
            -9.42333,38.694571,0
          </coordinates>
        
        
      </LineString>
      
      
    </Placemark>
    <Placemark>
      
        
      <name>Los Chorros de Navafria - Ruta</name>
      
        
      <description>como llegar sin complicaciones a los chorros de navafria.</description>
      
        
      <styleUrl>#line-FFD600-4401</styleUrl>
      
        
      <LineString>
        
          
        <tessellate>1</tessellate>
        
          
        <coordinates>
            -3.822985,41.041459,0
            -3.822427,41.042009,0
            -3.821998,41.043077,0
            -3.820882,41.044307,0
            -3.820324,41.045764,0
            -3.819981,41.049324,0
            -3.818736,41.049971,0
            -3.820667,41.05146,0
            -3.818049,41.055602,0
            -3.817277,41.056476,0
            -3.815517,41.058029,0
            -3.812556,41.060456,0
            -3.811526,41.061265,0
            -3.811569,41.066701,0
            -3.812942,41.068287,0
            -3.814616,41.068934,0
          </coordinates>
        
        
      </LineString>
      
      
    </Placemark>
    <Placemark>
      
        
      <name>ESTADIO MENDIZORROZA / Vitoria</name>
      
        
      <description>Aparcamiento junto al estadio. No oficial. Sin vigilar. Cervantes Ibilbidea, 20, 01007 Gasteiz, Araba</description>
      
        
      <styleUrl>#icon-1899-DB4436</styleUrl>
      
        
      <Point>
        
          
        <coordinates>
            -2.686021,42.838048,0
          </coordinates>
        
        
      </Point>
      
      
    </Placemark>
    <Placemark>
      
        
      <name>CÁMARAS Control Autorizados 👮🏼 / Granada</name>
      
        
      <description>Control por cámaras indicado en C/ Gran Vía de Colón Granada. SOLO AUTORIZADOS (Horario de 7,30h a 22,00h)</description>
      
        
      <styleUrl>#icon-1657-01579B</styleUrl>
      
        
      <Point>
        
          
        <coordinates>
            -3.6019901,37.1828695,0
          </coordinates>
        
        
      </Point>
      
      
    </Placemark>
    <Placemark>
      
        
      <name>RUTA (Única) C Y D Antequera ℹ️</name>
      
        
      <description>Esta es la única entrada para dejar o recoger grupos en Antequera.</description>
      
        
      <styleUrl>#line-F9A825-5295</styleUrl>
      
        
      <LineString>
        
          
        <tessellate>1</tessellate>
        
          
        <coordinates>
            -4.5655447,37.0217003,0
            -4.5653231,37.0216329,0
            -4.5648582,37.0213968,0
            -4.563964,37.0207558,0
            -4.5636741,37.0204236,0
            -4.5632034,37.0199291,0
            -4.5628137,37.0194361,0
            -4.5624863,37.0190634,0
            -4.5623235,37.0188957,0
            -4.5621705,37.0187439,0
            -4.5619556,37.0185786,0
            -4.5616053,37.0183138,0
            -4.5612554,37.0180622,0
            -4.5606711,37.017639,0
            -4.5603195,37.0174107,0
            -4.5599863,37.0171447,0
            -4.5595865,37.0166299,0
            -4.5594224,37.0163516,0
            -4.5593118,37.0162593,0
            -4.5591642,37.0163016,0
            -4.5582739,37.0166332,0
            -4.5581342,37.0166414,0
          </coordinates>
        
        
      </LineString>
      
      
    </Placemark>
    <Placemark>
      
        
      <name>SALIDA C Y D Antequera ℹ️</name>
      
        
      <description>Única salida posible cuando dejas i recoges grupos en Antequera. Por C/ Belén </description>
      
        
      <styleUrl>#line-673AB7-4595</styleUrl>
      
        
      <LineString>
        
          
        <tessellate>1</tessellate>
        
          
        <coordinates>
            -4.5580186,37.0167242,0
            -4.5567566,37.0173288,0
            -4.5565444,37.0174306,0
            -4.5561381,37.0183421,0
            -4.5559431,37.0186805,0
            -4.5557618,37.0189214,0
            -4.5553071,37.0194822,0
            -4.5552038,37.0196443,0
            -4.5550395,37.0198183,0
            -4.5547444,37.0199875,0
            -4.5545624,37.0200966,0
            -4.5543596,37.0199615,0
            -4.553956,37.0196998,0
            -4.5533921,37.0193682,0
            -4.5532198,37.0192795,0
            -4.5530438,37.0192238,0
            -4.5527378,37.0191102,0
            -4.5522725,37.0190454,0
            -4.5520912,37.0189929,0
          </coordinates>
        
        
      </LineString>
      
      
    </Placemark>
    <Placemark>
      
        
      <name>RECORRIDO C Y D Universidad Coimbra</name>
      
        
      <description>Recorrido para dejar y recoger los grupos para la visita a Universidad de Coimbra (PO)</description>
      
        
      <styleUrl>#line-F9A825-6001</styleUrl>
      
        
      <LineString>
        
          
        <tessellate>1</tessellate>
        
          
        <coordinates>
            -8.4211234,40.2098757,0
            -8.4213156,40.2096868,0
            -8.4214657,40.2095512,0
            -8.4215425,40.2095415,0
            -8.421598,40.2095591,0
            -8.4217999,40.2096522,0
            -8.4218939,40.2097037,0
            -8.4219974,40.2097799,0
            -8.422508,40.210106,0
            -8.4232499,40.2105893,0
            -8.423396,40.2106363,0
            -8.4235243,40.2106581,0
            -8.4237672,40.2106983,0
            -8.4242284,40.2107194,0
            -8.4245747,40.2107314,0
            -8.4246933,40.2107146,0
            -8.424859,40.2106603,0
            -8.4251823,40.2105463,0
            -8.4253503,40.2104756,0
            -8.4253421,40.2104024,0
            -8.4253091,40.2103711,0
            -8.4243681,40.210518,0
            -8.4242136,40.2105444,0
            -8.4241108,40.2105625,0
            -8.4240846,40.2105558,0
            -8.4240485,40.2105399,0
            -8.4240133,40.2103857,0
            -8.4239958,40.2103302,0
            -8.4239495,40.2101663,0
            -8.4239433,40.2101386,0
            -8.4239515,40.2101085,0
          </coordinates>
        
        
      </LineString>
      
      
    </Placemark>
    <Placemark>
      
        
      <name>COLEGIO la Paloma 🚸 / Benalmádena (Málaga)</name>
      
        
      <description>Av. de la Paz, 2, 29631 Arroyo de la Miel-Benalmádena Costa, Málaga, Málaga www.juntadeandalucia.es +34 951 29 87 17</description>
      
        
      <styleUrl>#icon-1682-FFD600</styleUrl>
      
        
      <Point>
        
          
        <coordinates>
            -4.532839,36.594885,0
          </coordinates>
        
        
      </Point>
      
      
    </Placemark>
    <Placemark>
      
        
      <name>Pavelló Municipal de Pardinyes</name>
      
        
      <styleUrl>#icon-1520-FF5252-nodesc</styleUrl>
      
        
      <Point>
        
          
        <coordinates>
            0.639146,41.620669,0
          </coordinates>
        
        
      </Point>
      
      
    </Placemark>
    <Placemark>
      
        
      <name>C Y D / Palma de Mallorca</name>
      
        
      <description>Puerto de Mallorca</description>
      
        
      <styleUrl>#icon-1826-0F9D58</styleUrl>
      
        
      <Point>
        
          
        <coordinates>
            2.643805,39.56514,0
          </coordinates>
        
        
      </Point>
      
      
    </Placemark>
    <Placemark>
      
        
      <name>A los Chorros de Navafría</name>
      
        
      <description>Ruta para los Chorros de Navafría</description>
      
        
      <styleUrl>#icon-1608-3949AB</styleUrl>
      
        
      <Point>
        
          
        <coordinates>
            -3.814638,41.068962,0
          </coordinates>
        
        
      </Point>
      
      
    </Placemark>
    <Placemark>
      
        
      <name>Faro de Cabo Mayor</name>
      
        
      <styleUrl>#icon-1618-A52714-nodesc</styleUrl>
      
        
      <Point>
        
          
        <coordinates>
            -3.791062,43.490293,0
          </coordinates>
        
        
      </Point>
      
      
    </Placemark>
    <Placemark>
      
        
      <name>Monells / apellidos catalanes</name>
      
        
      <description>Pueblo de Monells donde se rodó la película de 8 apellidos catalanes.</description>
      
        
      <styleUrl>#icon-1502-C2185B</styleUrl>
      
        
      <Point>
        
          
        <coordinates>
            2.999158,41.974663,0
          </coordinates>
        
        
      </Point>
      
      
    </Placemark>
    <Placemark>
      
        
      <name>APARCAMIENTO/ Ronda (Málaga)</name>
      
        
      <description>Estacionamiento en Polígono Industrial (junto a Instituto)-Se podrá estacionar SÓLO los Domingos (por el Mercadilo en el Recinto Ferial).-También se usará en aquellos eventos en los cuales el Recinto Ferial esté en uso (por ejemplo, la Feria local). — en Ronda.</description>
      
        
      <styleUrl>#icon-1644-0288D1</styleUrl>
      
        
      <Point>
        
          
        <coordinates>
            -5.166345,36.75062,0
          </coordinates>
        
        
      </Point>
      
      
    </Placemark>
    <Placemark>
      
        
      <name>AEROPUERTO / Sevilla</name>
      
        
      <description>Aeropuerto de Sevilla | A-4, Km. 532, 41020 Sevilla, Españawww.aena.es+34 954 44 90 00</description>
      
        
      <styleUrl>#icon-1504-880E4F</styleUrl>
      
        
      <Point>
        
          
        <coordinates>
            -5.899247,37.424502,0
          </coordinates>
        
        
      </Point>
      
      
    </Placemark>
    <Placemark>
      
        
      <name>AEROPUERTO/ Mallorca</name>
      
        
      <description>Aeropuerto de Palma de Mallorca | 07611 Palma, Balearic Islands, España www.aena.es +34 902 40 47 04</description>
      
        
      <styleUrl>#icon-1504-880E4F</styleUrl>
      
        
      <Point>
        
          
        <coordinates>
            2.730776,39.546106,0
          </coordinates>
        
        
      </Point>
      
      
    </Placemark>
    <Placemark>
      
        
      <name>BODAS La Finca 4.1 / Alella (Barcelona)</name>
      
        
      <description>Bodas en la Final algo estrecho para dar la vuelta para entrar tiene que ser viniendo de Alella </description>
      
        
      <styleUrl>#icon-1613-F9A825</styleUrl>
      
        
      <Point>
        
          
        <coordinates>
            2.2947839,41.5063462,0
          </coordinates>
        
        
      </Point>
      
      
    </Placemark>
    <Placemark>
      
        
      <name>ÁREA RIBERA DE DUERO / Cilleruelo de Abajo (Burgos)</name>
      
        
      <description>Carretera A-1 km 189,9, 09349 Cilleruelo de Abajo, Burgos</description>
      
        
      <styleUrl>#icon-1577-795548</styleUrl>
      
        
      <Point>
        
          
        <coordinates>
            -3.7636163,41.9294905,0
          </coordinates>
        
        
      </Point>
      
      
    </Placemark>
    <Placemark>
      
        
      <name>GRANJA NATURA / Navás (Barcelona)</name>
      
        
      <description>No se puede entrar se dejan en este punto/ despues tienes que ir unos kms a dar hacer cambio sentido</description>
      
        
      <styleUrl>#icon-1682-673AB7</styleUrl>
      
        
      <Point>
        
          
        <coordinates>
            1.8496445,41.8895281,0
          </coordinates>
        
        
      </Point>
      
      
    </Placemark>
    <Placemark>
      
        
      <name>APARCAMIENTO/ Paris</name>
      
        
      <description>Aparcamiento en Plaza Concordia </description>
      
        
      <styleUrl>#icon-1644-0288D1</styleUrl>
      
        
      <Point>
        
          
        <coordinates>
            2.317488,48.8650854,0
          </coordinates>
        
        
      </Point>
      
      
    </Placemark>
    <Placemark>
      
        
      <name>ERMITA Virgen de los Remedios / Vélez Málaga (Málaga)</name>
      
        
      <description>Calle Cerro de San Cristobal, 3, 29700 Vélez-Málaga, Málaga www.velezmalaga.es +34 952 50 61 66</description>
      
        
      <styleUrl>#icon-1670-E65100</styleUrl>
      
        
      <Point>
        
          
        <coordinates>
            -4.0978121,36.7821373,0
          </coordinates>
        
        
      </Point>
      
      
    </Placemark>
    <Placemark>
      
        
      <name>C Y D / Llafranc (Girona)</name>
      
        
      <description>No puedes llegar mas abajo, caminando sob 5 minutos a la playa.</description>
      
        
      <styleUrl>#icon-1826-0F9D58</styleUrl>
      
        
      <Point>
        
          
        <coordinates>
            3.1887803,41.8930829,0
          </coordinates>
        
        
      </Point>
      
      
    </Placemark>
    <Placemark>
      
        
      <name>ALBERGUE La Rectoría de la Selva 🚸 / Navès (Lérida)</name>
      
        
      <description>Camino entretenido para llegar al albergue. Se dejan en este Punto. </description>
      
        
      <styleUrl>#icon-1682-673AB7</styleUrl>
      
        
      <Point>
        
          
        <coordinates>
            1.6479799,42.0800458,0
          </coordinates>
        
        
      </Point>
      
      
    </Placemark>
    <Placemark>
      
        
      <name>CENTRAL NUCLEAR ☢️ / Trillo (Guadalajara)</name>
      
        
      <description>Central Nuclear, 19459 Trillo, Guadalajarawww.cnat.es+34 949 81 79 00</description>
      
        
      <styleUrl>#icon-1642-880E4F</styleUrl>
      
        
      <Point>
        
          
        <coordinates>
            -2.6275667,40.7026426,0
          </coordinates>
        
        
      </Point>
      
      
    </Placemark>
    <Placemark>
      
        
      <name>MUSEO Kymenlaakson 🏛 / Kotka (FIN)</name>
      
        
      <description>Reservado para visita a Museo /  Kotka, Finlandia</description>
      
        
      <styleUrl>#icon-1636-A52714</styleUrl>
      
        
      <Point>
        
          
        <coordinates>
            26.9460734,60.4729246,0
          </coordinates>
        
        
      </Point>
      
      
    </Placemark>
    <Placemark>
      
        
      <name>PEAJE ZARAUTZ 💲/ Guipúzcoa </name>
      
        
      <description>Barrio Asti, 631, 20800 Zarautz, Gipuzkoa</description>
      
        
      <styleUrl>#icon-1512-817717</styleUrl>
      
        
      <Point>
        
          
        <coordinates>
            -2.1585959,43.2794749,0
          </coordinates>
        
        
      </Point>
      
      
    </Placemark>
    <Placemark>
      
        
      <name>TORRE Eiffel / París (FR)</name>
      
        
      <description>Paris | Aparcamiento Limitado en Tiempo a 3 Horas acumulables entre las 8h-19h | Torre Eiffel</description>
      
        
      <styleUrl>#icon-1532-7CB342</styleUrl>
      
        
      <Point>
        
          
        <coordinates>
            2.294705,48.857445,0
          </coordinates>
        
        
      </Point>
      
      
    </Placemark>
    <Placemark>
      
        
      <name>INFO Castillo Château de Montsegur (FR)
</name>
      
        
      <description><![CDATA[Château de Montségur | VENIR SIEMPRE DESDE MONTFERRIER | Desde Belesta es demasiado estrecho | 09300 Montsegur, Francia<br>www.montsegur.fr<br>+33 5 61 01 06 94]]></description>
      
        
      <styleUrl>#icon-1608-3949AB</styleUrl>
      
        
      <Point>
        
          
        <coordinates>
            1.832987,42.873323,0
          </coordinates>
        
        
      </Point>
      
      
    </Placemark>
    <Placemark>
      
        
      <name>APARCAMIENTO en Chartres (FR)</name>
      
        
      <description>Chartres | Aparcamiento Libre | Visita al centro en 5 Min.</description>
      
        
      <styleUrl>#icon-1644-DB4436</styleUrl>
      
        
      <Point>
        
          
        <coordinates>
            1.483476,48.450696,0
          </coordinates>
        
        
      </Point>
      
      
    </Placemark>
    <Placemark>
      
        
      <name>APARCAMIENTO /  Petit-Lancy (Suiza)</name>
      
        
      <description>Landy | Aparcamiento Poligono | Se puede Aparcar Los fines de Semana</description>
      
        
      <styleUrl>#icon-1644-0288D1</styleUrl>
      
        
      <Point>
        
          
        <coordinates>
            6.106671,46.195139,0
          </coordinates>
        
        
      </Point>
      
      
    </Placemark>
    <Placemark>
      
        
      <name>Roma | Aparcamiento | Cerca Plaza Popolo - Plaza España - Villa Medicina</name>
      
        
      <description>Roma | Aparcamiento | Cerca Plaza Popolo - Plaza España - Villa Medicina</description>
      
        
      <styleUrl>#icon-1532-7CB342</styleUrl>
      
        
      <Point>
        
          
        <coordinates>
            12.47938,41.913364,0
          </coordinates>
        
        
      </Point>
      
      
    </Placemark>
    <Placemark>
      
        
      <name>APARCAMIENTO Visitas / Berlín (Alemania)</name>
      
        
      <description>Berlin | Aparcamiento | junto a la puerta de Brandenburgo y el monumento al holocausto.</description>
      
        
      <styleUrl>#icon-1644-0288D1</styleUrl>
      
        
      <Point>
        
          
        <coordinates>
            13.380157,52.513577,0
          </coordinates>
        
        
      </Point>
      
      
    </Placemark>
    <Placemark>
      
        
      <name>Marina Dor</name>
      
        
      <description>aparcamiento autorizado por la policia</description>
      
        
      <styleUrl>#line-3F5BA9-4000</styleUrl>
      
        
      <LineString>
        
          
        <tessellate>1</tessellate>
        
          
        <coordinates>
            0.149002,40.116398,0
            0.148444,40.114922,0
          </coordinates>
        
        
      </LineString>
      
      
    </Placemark>
    <Placemark>
      
        
      <name>APARCAMIENTO / La Haya (Países Bajos)</name>
      
        
      <description>La Haya | Aparcamiento en linea Calle Prinsessegtacht</description>
      
        
      <styleUrl>#icon-1644-0288D1</styleUrl>
      
        
      <Point>
        
          
        <coordinates>
            4.3187,52.082381,0
          </coordinates>
        
        
      </Point>
      
      
    </Placemark>
    <Placemark>
      
        
      <name>APARCAMIENTO 🅿️ / Castiglione del Lago (IT)</name>
      
        
      <description>Castiglione del Lago | Aparcamiento | Via Lungolago, 1, 06061 Castiglione del Lago PG, Italia</description>
      
        
      <styleUrl>#icon-1644-0288D1</styleUrl>
      
        
      <Point>
        
          
        <coordinates>
            12.05666,43.125332,0
          </coordinates>
        
        
      </Point>
      
      
    </Placemark>
    <Placemark>
      
        
      <name>AEROPUERTO / Gatwick</name>
      
        
      <description>Gatwick | Aparcamiento Coach Park</description>
      
        
      <styleUrl>#icon-1504-880E4F</styleUrl>
      
        
      <Point>
        
          
        <coordinates>
            -0.15523,51.1559,0
          </coordinates>
        
        
      </Point>
      
      
    </Placemark>
    <Placemark>
      
        
      <name>Praga | Aparcamiento Gratuito </name>
      
        
      <description>Praga | Aparcamiento Gratuito</description>
      
        
      <styleUrl>#icon-1532-7CB342</styleUrl>
      
        
      <Point>
        
          
        <coordinates>
            14.398055,50.071378,0
          </coordinates>
        
        
      </Point>
      
      
    </Placemark>
    <Placemark>
      
        
      <name>Amsterdam | Nuevo Aparcamiento </name>
      
        
      <description>Amsterdam | Nuevo Aparcamiento</description>
      
        
      <styleUrl>#icon-1532-7CB342</styleUrl>
      
        
      <Point>
        
          
        <coordinates>
            4.897832,52.380986,0
          </coordinates>
        
        
      </Point>
      
      
    </Placemark>
    <Placemark>
      
        
      <name>APARCAMIENTO / Oslo (Noruega)</name>
      
        
      <description>Oslo | Aparcamiento Gratuito en toda la Calle hasta el Puente</description>
      
        
      <styleUrl>#icon-1644-0288D1</styleUrl>
      
        
      <Point>
        
          
        <coordinates>
            10.738331,59.90631,0
          </coordinates>
        
        
      </Point>
      
      
    </Placemark>
    <Placemark>
      
        
      <name>APARCAMIENTO/ Livorno ( IT)</name>
      
        
      <description>Livorno | Aparcamiento Libre | No vigilado | Junto Decathlon</description>
      
        
      <styleUrl>#icon-1644-0288D1</styleUrl>
      
        
      <Point>
        
          
        <coordinates>
            10.3257,43.529501,0
          </coordinates>
        
        
      </Point>
      
      
    </Placemark>
    <Placemark>
      
        
      <name>APARCAMIENTO / Roma (IT)</name>
      
        
      <description>Roma | Przystanek Centocelle | Larga Estancia | Metro C</description>
      
        
      <styleUrl>#icon-1644-0288D1</styleUrl>
      
        
      <Point>
        
          
        <coordinates>
            12.566655,41.874675,0
          </coordinates>
        
        
      </Point>
      
      
    </Placemark>
    <Placemark>
      
        
      <name>RECOGIDA RIO RHEIN</name>
      
        
      <description>St. Goar | Recogida Viajeros Crucero rio Rhein</description>
      
        
      <styleUrl>#icon-1826-0F9D58</styleUrl>
      
        
      <Point>
        
          
        <coordinates>
            7.709141,50.153352,0
          </coordinates>
        
        
      </Point>
      
      
    </Placemark>
    <Placemark>
      
        
      <name>ÁREA De Berchem 🍽️ / Roeser (LUX)</name>
      
        
      <description><![CDATA[Aire De Berchem | <br>3321 Roeser, Luxemburgo]]></description>
      
        
      <styleUrl>#icon-1577-795548</styleUrl>
      
        
      <Point>
        
          
        <coordinates>
            6.119556,49.541514,0
          </coordinates>
        
        
      </Point>
      
      
    </Placemark>
    <Placemark>
      
        
      <name>ÁREA SERVICIO Autogrill | Campiglia Marittima LI, Italia
</name>
      
        
      <description><![CDATA[Autogrill | km. 242, Strada Statale 1 Via Aurelia, 57021 Campiglia Marittima LI, Italia<br>+39 0565 855882]]></description>
      
        
      <styleUrl>#icon-1577-795548</styleUrl>
      
        
      <Point>
        
          
        <coordinates>
            10.611449,43.00341,0
          </coordinates>
        
        
      </Point>
      
      
    </Placemark>
    <Placemark>
      
        
      <name>ÁREA SERVICIO Euroscar / Vitry-en-Charollais (FR)</name>
      
        
      <description>Area Euroscar | Buen trato con los profesionales ademas de tener la carta en español | Area con duchas y entrada directa sin desviaciones. Le Rompay - Route D979, 71600 Vitry-en-Charollais, Francia</description>
      
        
      <styleUrl>#icon-1577-795548</styleUrl>
      
        
      <Point>
        
          
        <coordinates>
            4.07802,46.464763,0
          </coordinates>
        
        
      </Point>
      
      
    </Placemark>
    <Placemark>
      
        
      <name>ÁREA SERVICIO 🍽 / Vémars (FR)</name>
      
        
      <description>Aire de Vémars - Francia | Area de servicio AutoGrill recomendada donde poder comer decentemente.</description>
      
        
      <styleUrl>#icon-1577-795548</styleUrl>
      
        
      <Point>
        
          
        <coordinates>
            2.551446,49.071476,0
          </coordinates>
        
        
      </Point>
      
      
    </Placemark>
    <Placemark>
      
        
      <name>ÁREA SERVICIO Greggs 🍽 / Canterbury (Reino Unido)</name>
      
        
      <description><![CDATA[A2, Canterbury ME13 9LN, Reino Unido<br>essofuelfinder.co.uk<br>+44 20 8577 3981| Primera area de Dover a Londres en la A2]]></description>
      
        
      <styleUrl>#icon-1577-795548</styleUrl>
      
        
      <Point>
        
          
        <coordinates>
            0.99467,51.28969,0
          </coordinates>
        
        
      </Point>
      
      
    </Placemark>
    <Placemark>
      
        
      <name>ÁREA DE L´AVEYRON /  Sévérac-le-Château, (FR9

</name>
      
        
      <description><![CDATA[Area L´aveyroin | Aire de l'Aveyron, Autoroute A 75, 12150 Sévérac-le-Château, Francia<br>+33 5 65 47 79 00]]></description>
      
        
      <styleUrl>#icon-1577-795548</styleUrl>
      
        
      <Point>
        
          
        <coordinates>
            3.080325,44.33022,0
          </coordinates>
        
        
      </Point>
      
      
    </Placemark>
    <Placemark>
      
        
      <name>ÁREA DE POITOU CHARENTE (FR)
</name>
      
        
      <description><![CDATA[Area Les Ruralies direccion Paris | A10 - AIRE DE POITOU CHARENTE, 79180 Vouillé, Francia<br>store.total.fr<br>+33 5 49 75 85 90]]></description>
      
        
      <styleUrl>#icon-1577-795548</styleUrl>
      
        
      <Point>
        
          
        <coordinates>
            -0.370812,46.297275,0
          </coordinates>
        
        
      </Point>
      
      
    </Placemark>
    <Placemark>
      
        
      <name>ÁREA SERVICIO / Marche Bristol Balatonielli / Hungría </name>
      
        
      <description>Area Marche Bristo Balatonielli | Balatonlelle, Balatonlellei pihenő, 8638 Hungría</description>
      
        
      <styleUrl>#icon-1577-795548</styleUrl>
      
        
      <Point>
        
          
        <coordinates>
            17.72081,46.77703,0
          </coordinates>
        
        
      </Point>
      
      
    </Placemark>
    <Placemark>
      
        
      <name>Area Maidestone | M20, Maidstone ME17 1SS, Reino Unido
essofuelfinder.co.uk
+44 1622 738520</name>
      
        
      <description><![CDATA[Area Maidestone | M20, Maidstone ME17 1SS, Reino Unido<br>essofuelfinder.co.uk<br>+44 1622 738520]]></description>
      
        
      <styleUrl>#icon-1577-795548</styleUrl>
      
        
      <Point>
        
          
        <coordinates>
            0.61344,51.26631,0
          </coordinates>
        
        
      </Point>
      
      
    </Placemark>
    <Placemark>
      
        
      <name>ÁREA de Bordeaux Cestas (FR)</name>
      
        
      <description><![CDATA[Aire de Bordeaux Cestas | <br>Rue Bel Air, 33610 Cestas, Francia]]></description>
      
        
      <styleUrl>#icon-1577-795548</styleUrl>
      
        
      <Point>
        
          
        <coordinates>
            -0.706355,44.742546,0
          </coordinates>
        
        
      </Point>
      
      
    </Placemark>
    <Placemark>
      
        
      <name>ÁREA SERVICIO 🍽 / Lucignano (IT) </name>
      
        
      <description><![CDATA[Lucignano - Italia | Area Autogrill | 52046 Lucignano AR, Italia<br>www.autogrill.com]]></description>
      
        
      <styleUrl>#icon-1577-795548</styleUrl>
      
        
      <Point>
        
          
        <coordinates>
            11.774287,43.247411,0
          </coordinates>
        
        
      </Point>
      
      
    </Placemark>
    <Placemark>
      
        
      <name>ÁREA Vouillé, Francia | Autogrill | Vouillé (FR)
</name>
      
        
      <description><![CDATA[Vouillé, Francia | Autogrill | Rue Aire Des Ruralies A 10, 79230 Vouillé, Francia<br>www.autogrill.fr<br>+33 5 49 17 23 42]]></description>
      
        
      <styleUrl>#icon-1577-795548</styleUrl>
      
        
      <Point>
        
          
        <coordinates>
            -0.376558,46.296936,0
          </coordinates>
        
        
      </Point>
      
      
    </Placemark>
    <Placemark>
      
        
      <name>ÁREA SERVICIO 🍽 /  Sandersdorf-Brehna (A)</name>
      
        
      <description><![CDATA[Sandersdorf-Brehna | Area de Servicio Total y MC DONALD'S | Koeckern Ost / BAB 9 1, 06794 Sandersdorf-Brehna, Alemania<br>store.total.de<br>+49 34954 39237]]></description>
      
        
      <styleUrl>#icon-1577-795548</styleUrl>
      
        
      <Point>
        
          
        <coordinates>
            12.186086,51.60707,0
          </coordinates>
        
        
      </Point>
      
      
    </Placemark>
    <Placemark>
      
        
      <name>ÁREA SERVICIO AXXE Restaurant / Schipkau (Alemania)</name>
      
        
      <description>Área Freienhfener eck west entre Berlin y Desdren</description>
      
        
      <styleUrl>#icon-1577-795548</styleUrl>
      
        
      <Point>
        
          
        <coordinates>
            13.9279,51.56875,0
          </coordinates>
        
        
      </Point>
      
      
    </Placemark>
    <Placemark>
      
        
      <name>ÁREA SERVICIO Bourges Sainte Thorette (FR)</name>
      
        
      <description><![CDATA[Aire de Service de Bourges-Sainte-Thorette | 18500 Marmagne, Francia<br>www.aires-autoroute-elior.com<br>+33 2 48 23 33 50]]></description>
      
        
      <styleUrl>#icon-1577-795548</styleUrl>
      
        
      <Point>
        
          
        <coordinates>
            2.241409,47.094525,0
          </coordinates>
        
        
      </Point>
      
      
    </Placemark>
    <Placemark>
      
        
      <name><![CDATA[ÁREA SERVICIO d'Angre/  Angres( FR)
]]></name>
      
        
      <description><![CDATA[Aire de Service d'Angres | 62143 Angres, Francia<br>stationessence.com]]></description>
      
        
      <styleUrl>#icon-1577-795548</styleUrl>
      
        
      <Point>
        
          
        <coordinates>
            2.74419,50.404742,0
          </coordinates>
        
        
      </Point>
      
      
    </Placemark>
    <Placemark>
      
        
      <name>ÁREA SERVICIO de Souchez / Souchez ( FR)
</name>
      
        
      <description><![CDATA[Aire de Service de Souchez | 62153 Souchez, Francia<br>+33 3 21 45 04 00]]></description>
      
        
      <styleUrl>#icon-1577-795548</styleUrl>
      
        
      <Point>
        
          
        <coordinates>
            2.743663,50.40392,0
          </coordinates>
        
        
      </Point>
      
      
    </Placemark>
    <Placemark>
      
        
      <name>Ristop (A4, Arino Est) | km. 373, Autostrada A4 Torino-Trieste, 30031 Dolo VE, Italia
www.lagardere-tr.it
+39 041 412104 |</name>
      
        
      <description><![CDATA[Ristop (A4, Arino Est) | km. 373, Autostrada A4 Torino-Trieste, 30031 Dolo VE, Italia<br>www.lagardere-tr.it<br>+39 041 412104 |]]></description>
      
        
      <styleUrl>#icon-1608-3949AB</styleUrl>
      
        
      <Point>
        
          
        <coordinates>
            12.055595,45.441851,0
          </coordinates>
        
        
      </Point>
      
      
    </Placemark>
    <Placemark>
      
        
      <name>ÁREA SERVICIO / Maglione Antonio Brissogne / Italia
</name>
      
        
      <description><![CDATA[Brissogne | Maglione Antonio Srl | Localita' Ile Blonde, Brissogne, AO 11020, 11020 Brissogne AO, Italia<br>+39 0165 772207 |]]></description>
      
        
      <styleUrl>#icon-1577-795548</styleUrl>
      
        
      <Point>
        
          
        <coordinates>
            7.404489,45.737327,0
          </coordinates>
        
        
      </Point>
      
      
    </Placemark>
    <Placemark>
      
        
      <name>Ristop (A4, Arino West) | km. 373, A4 Torino - Trieste, 30031 Dolo VE, Italia
+39 041 419 6424</name>
      
        
      <description><![CDATA[Ristop (A4, Arino West) | km. 373, A4 Torino - Trieste, 30031 Dolo VE, Italia<br>+39 041 419 6424]]></description>
      
        
      <styleUrl>#icon-1608-3949AB</styleUrl>
      
        
      <Point>
        
          
        <coordinates>
            12.05258,45.442351,0
          </coordinates>
        
        
      </Point>
      
      
    </Placemark>
    <Placemark>
      
        
      <name>ÁREA SERVICIO 🍽️ /  Longeville-lès-Saint-Avold ( FR)</name>
      
        
      <description>Area Logenville direccion Paris</description>
      
        
      <styleUrl>#icon-1577-795548</styleUrl>
      
        
      <Point>
        
          
        <coordinates>
            6.660314,49.132676,0
          </coordinates>
        
        
      </Point>
      
      
    </Placemark>
    <Placemark>
      
        
      <name>Area Westboung | Medway Pavilion/Farthing Corner Motorway Services Area/M2, Gillingham ME8 8PQ, Reino Unido
moto-way.com
+44 1634 236900</name>
      
        
      <description><![CDATA[Area Westboung | Medway Pavilion/Farthing Corner Motorway Services Area/M2, Gillingham ME8 8PQ, Reino Unido<br>moto-way.com<br>+44 1634 236900]]></description>
      
        
      <styleUrl>#icon-1577-795548</styleUrl>
      
        
      <Point>
        
          
        <coordinates>
            0.60744,51.34076,0
          </coordinates>
        
        
      </Point>
      
      
    </Placemark>
    <Placemark>
      
        
      <name>ÁREA SERVICIO Venoy Soleil Levant / Venoy (FR)</name>
      
        
      <description><![CDATA[Aire de Service de Venoy Soleil Levant | 89290 Venoy, Francia<br>www.aires-autoroute-elior.com<br>+33 3 86 94 14 39]]></description>
      
        
      <styleUrl>#icon-1577-795548</styleUrl>
      
        
      <Point>
        
          
        <coordinates>
            3.671728,47.789801,0
          </coordinates>
        
        
      </Point>
      
      
    </Placemark>
    <Placemark>
      
        
      <name>ÁREA SERVICIO / Kammerstein, (Alemania)</name>
      
        
      <description>Area entre Rottemburgo y Munich</description>
      
        
      <styleUrl>#icon-1577-795548</styleUrl>
      
        
      <Point>
        
          
        <coordinates>
            10.96944,49.30649,0
          </coordinates>
        
        
      </Point>
      
      
    </Placemark>
    <Placemark>
      
        
      <name>Autobahntankstelle Baden-Baden | Am Rasthof 20, 76532 Baden-Baden, Alemania
www.rasthaus-baden-baden.de
+49 7221 61886</name>
      
        
      <description><![CDATA[Autobahntankstelle Baden-Baden | Am Rasthof 20, 76532 Baden-Baden, Alemania<br>www.rasthaus-baden-baden.de<br>+49 7221 61886]]></description>
      
        
      <styleUrl>#icon-1581-097138</styleUrl>
      
        
      <Point>
        
          
        <coordinates>
            8.184122,48.810568,0
          </coordinates>
        
        
      </Point>
      
      
    </Placemark>
    <Placemark>
      
        
      <name>ÁREA NIEVELLES (BE)</name>
      
        
      <description><![CDATA[Area Nievelles / Estacion de Servicios. A7, 1400 Nivelles, Bélgica<br>restaurantguru.com ]]></description>
      
        
      <styleUrl>#icon-1577-795548</styleUrl>
      
        
      <Point>
        
          
        <coordinates>
            4.29888,50.61324,0
          </coordinates>
        
        
      </Point>
      
      
    </Placemark>
    <Placemark>
      
        
      <name>Area Shell Bühl Ost | E52, 77815 Bühl, Alemania
+49 7221 983889 | AXXE Restaurant Bühl Ost
Detalles de Google Maps
Rasthofweg 1, 77815 Bühl, Alemania
+49 7221 98590</name>
      
        
      <description><![CDATA[Area Shell Bühl Ost | E52, 77815 Bühl, Alemania<br>+49 7221 983889 | AXXE Restaurant Bühl Ost<br>Detalles de Google Maps<br>Rasthofweg 1, 77815 Bühl, Alemania<br>+49 7221 98590]]></description>
      
        
      <styleUrl>#icon-1577-795548</styleUrl>
      
        
      <Point>
        
          
        <coordinates>
            8.130194,48.752616,0
          </coordinates>
        
        
      </Point>
      
      
    </Placemark>
    <Placemark>
      
        
      <name><![CDATA[ÁREA SERVICIO Tevere 🍽 / Civitella D'Agliano (IT)]]></name>
      
        
      <description><![CDATA[Area Tevere Ovest | km. 464+700, A1 - Autostrada del Sole, 01020 Civitella D'agliano VT, Italia<br>www.vyaggio.com<br>+39 0761 948336]]></description>
      
        
      <styleUrl>#icon-1577-795548</styleUrl>
      
        
      <Point>
        
          
        <coordinates>
            12.23013,42.62589,0
          </coordinates>
        
        
      </Point>
      
      
    </Placemark>
    <Placemark>
      
        
      <name>ÁREA Devet Krizut / Zálesná Zhoř, (Chequia)</name>
      
        
      <description>Area Devet Krizut</description>
      
        
      <styleUrl>#icon-1577-795548</styleUrl>
      
        
      <Point>
        
          
        <coordinates>
            16.27891,49.26977,0
          </coordinates>
        
        
      </Point>
      
      
    </Placemark>
    <Placemark>
      
        
      <name>ÁREA Valleru Nord / Valleru (FR)</name>
      
        
      <description><![CDATA[Area Vallery Nord | Autoroute 40, 74520 Valleiry, Francia<br>www.aires-autoroute-areas.com<br>+33 4 50 04 27 27]]></description>
      
        
      <styleUrl>#icon-1577-795548</styleUrl>
      
        
      <Point>
        
          
        <coordinates>
            5.963882,46.097167,0
          </coordinates>
        
        
      </Point>
      
      
    </Placemark>
    <Placemark>
      
        
      <name>Area Olhigser Heide direccion Holanda</name>
      
        
      <description>Area Olhigser Heide direccion Holanda</description>
      
        
      <styleUrl>#icon-1577-795548</styleUrl>
      
        
      <Point>
        
          
        <coordinates>
            6.963132,51.158331,0
          </coordinates>
        
        
      </Point>
      
      
    </Placemark>
    <Placemark>
      
        
      <name>ÁREA Sarthe Touraine / Dissay-Sous-Courcillon (FR)
</name>
      
        
      <description><![CDATA[Area Sarthe Touraine | A28, 72500 Dissay-Sous-Courcillon, Francia<br>+33 2 43 79 94 04]]></description>
      
        
      <styleUrl>#icon-1577-795548</styleUrl>
      
        
      <Point>
        
          
        <coordinates>
            0.4679,47.65021,0
          </coordinates>
        
        
      </Point>
      
      
    </Placemark>
    <Placemark>
      
        
      <name>ÁREA S. Pietro / Nápoles (IT)
</name>
      
        
      <description><![CDATA[Area S. Pietro | A56, 80144 Napoli NA, Italia<br>www.sarniristorazione.com |]]></description>
      
        
      <styleUrl>#icon-1577-795548</styleUrl>
      
        
      <Point>
        
          
        <coordinates>
            14.297848,40.884052,0
          </coordinates>
        
        
      </Point>
      
      
    </Placemark>
    <Placemark>
      
        
      <name>ÁREA SERVICIO / Dobi ( Austria)</name>
      
        
      <description>Area Kaiserwald Neue Welt 98, 8143 Dobl, Austrial andzeit.at+43 3136 53972</description>
      
        
      <styleUrl>#icon-1577-795548</styleUrl>
      
        
      <Point>
        
          
        <coordinates>
            15.3826,46.95845,0
          </coordinates>
        
        
      </Point>
      
      
    </Placemark>
    <Placemark>
      
        
      <name>ÁREA SERVICIO Eisenach /  Krauthausen/ Alemania)</name>
      
        
      <description>Area Eisenach antigua frontera Republica Democratica Alemania / Hay COMIDA DE BURGUER KING</description>
      
        
      <styleUrl>#icon-1577-795548</styleUrl>
      
        
      <Point>
        
          
        <coordinates>
            10.25213,51.00815,0
          </coordinates>
        
        
      </Point>
      
      
    </Placemark>
    <Placemark>
      
        
      <name>ÁREA SERVICIO | Westerham (Reino Unido)
</name>
      
        
      <description><![CDATA[Clacket Lane Motorway Service Area | Tatsfield, Westerham TN16 2ER, Reino Unido<br>www.roadchef.com<br>+44 7500 332790]]></description>
      
        
      <styleUrl>#icon-1577-795548</styleUrl>
      
        
      <Point>
        
          
        <coordinates>
            0.038174,51.273504,0
          </coordinates>
        
        
      </Point>
      
      
    </Placemark>
    <Placemark>
      
        
      <name><![CDATA[ÁREA Nivelles / D'Orival, 
]]></name>
      
        
      <description><![CDATA[Area Nivelles | E19 Bxl-Paris Aire D'Orival, 1400 Nivelles, Bélgica<br>www.total.be<br>+32 67 41 17 00]]></description>
      
        
      <styleUrl>#icon-1577-795548</styleUrl>
      
        
      <Point>
        
          
        <coordinates>
            4.299279,50.615739,0
          </coordinates>
        
        
      </Point>
      
      
    </Placemark>
    <Placemark>
      
        
      <name>ÁREA SERVICIO / Bratislava (Eslovaquia)</name>
      
        
      <description><![CDATA[Bratislava | Area de Servicio | Lamač, D2, 831 01 Bratislava, Eslovaquia<br>www.omv.sk<br>+421 2/645 317 21]]></description>
      
        
      <styleUrl>#icon-1577-4E342E</styleUrl>
      
        
      <Point>
        
          
        <coordinates>
            17.054387,48.180408,0
          </coordinates>
        
        
      </Point>
      
      
    </Placemark>
    <Placemark>
      
        
      <name>ÁREA SERVICIO / Bratislava ( Eslovaquia)</name>
      
        
      <description><![CDATA[Bratislava | Area de Servicio | Lamačská cesta, 841 03 Bratislava, Eslovaquia<br>www.slovnaft.sk<br>+421 2/547 880 79]]></description>
      
        
      <styleUrl>#icon-1577-4E342E</styleUrl>
      
        
      <Point>
        
          
        <coordinates>
            17.054911,48.18117,0
          </coordinates>
        
        
      </Point>
      
      
    </Placemark>
    <Placemark>
      
        
      <name>Cuckoo Clock (Kuckucksuhr) / Breitnau (A)</name>
      
        
      <description>Tienda de relojes de cuco en la carretera de friburgo a titisee, cafetería y baños. Buen trato. En la pared de la tienda tienen un cuco y carillón que sale a dar las horas. Lugar bonito para parar.</description>
      
        
      <styleUrl>#icon-1769-000000</styleUrl>
      
        
      <Point>
        
          
        <coordinates>
            8.072827,47.91631,0
          </coordinates>
        
        
      </Point>
      
      
    </Placemark>
    <Placemark>
      
        
      <name>ÁREA De Saint Leger Chemin De Marennes  (FR)
</name>
      
        
      <description><![CDATA[Area De Saint Leger | con Burguer King | aire De Saint Léger, Chemin De Marennes, 17800 Saint-Léger, Francia<br>restaurants.burgerking.fr<br>+33 5 46 91 95 30]]></description>
      
        
      <styleUrl>#icon-1577-795548</styleUrl>
      
        
      <Point>
        
          
        <coordinates>
            -0.599768,45.609504,0
          </coordinates>
        
        
      </Point>
      
      
    </Placemark>
    <Placemark>
      
        
      <name>Aeropuerto Paris - Charles de Gaulle | 95700 Roissy-en-France, Francia
www.parisaeroport.fr
+33 1 70 36 39 50</name>
      
        
      <description><![CDATA[Aeropuerto Paris - Charles de Gaulle | 95700 Roissy-en-France, Francia<br>www.parisaeroport.fr<br>+33 1 70 36 39 50]]></description>
      
        
      <styleUrl>#icon-1504-880E4F</styleUrl>
      
        
      <Point>
        
          
        <coordinates>
            2.544236,49.009079,0
          </coordinates>
        
        
      </Point>
      
      
    </Placemark>
    <Placemark>
      
        
      <name>Lieja - Guillemins | Estacion Tren | Creada por Calatrava | Para la Visita</name>
      
        
      <description>Lieja - Guillemins | Estacion Tren | Creada por Calatrava | Para la Visita</description>
      
        
      <styleUrl>#icon-1717-AFB42B</styleUrl>
      
        
      <Point>
        
          
        <coordinates>
            5.568438,50.625618,0
          </coordinates>
        
        
      </Point>
      
      
    </Placemark>
    <Placemark>
      
        
      <name>Restaurant Grund / Grindelwald  (Suiza)
</name>
      
        
      <description><![CDATA[Restaurant Grund Grindelwald | Grundstrasse 63, 3818 Grindelwald, Suiza<br>www.restaurant-grund.ch<br>+41 33 828 75 75]]></description>
      
        
      <styleUrl>#icon-1577-795548</styleUrl>
      
        
      <Point>
        
          
        <coordinates>
            8.023755,46.622241,0
          </coordinates>
        
        
      </Point>
      
      
    </Placemark>
    <Placemark>
      
        
      <name>Venecia - Check Point | Estacion de Servicio | Tangenziale di Mestre, 30173 Venezia VE, Italia
www.infotraffico.autovie.it
+39 041 534 0883</name>
      
        
      <styleUrl>#icon-1657-795548-nodesc</styleUrl>
      
        
      <Point>
        
          
        <coordinates>
            12.259879,45.525642,0
          </coordinates>
        
        
      </Point>
      
      
    </Placemark>
    <Placemark>
      
        
      <name>SIENA-CHECK POINT | -50, Str. di Pescaia, 42, 53100 Siena SI, Italia
sienaparcheggi.com
+39 0577 228711</name>
      
        
      <styleUrl>#icon-1657-4E342E-nodesc</styleUrl>
      
        
      <Point>
        
          
        <coordinates>
            11.316771,43.315292,0
          </coordinates>
        
        
      </Point>
      
      
    </Placemark>
    <Placemark>
      
        
      <name>CHECK-POINT Marghera / Venecia (IT)</name>
      
        
      <description>Check- point sur de Venecia. Area Marghera / Strada Statale 309 Romea, 15, 30175 Venezia VE, Italia</description>
      
        
      <styleUrl>#icon-1657-4E342E</styleUrl>
      
        
      <Point>
        
          
        <coordinates>
            12.212645,45.46796,0
          </coordinates>
        
        
      </Point>
      
      
    </Placemark>
    <Placemark>
      
        
      <name>CHECK-POINT Via Aurelia 👮‍♂️ / Roma (IT)</name>
      
        
      <description>Via Aurelia-Roma (Check-Point) | punto de Check Point en via Aurelia km. 9,200. abierto desde 8.00h hasta 20.00h. Festivos tienes Cajero Automático</description>
      
        
      <styleUrl>#icon-1657-4E342E</styleUrl>
      
        
      <Point>
        
          
        <coordinates>
            12.394439,41.883497,0
          </coordinates>
        
        
      </Point>
      
      
    </Placemark>
    <Placemark>
      
        
      <name>Monaco Check-Point | Mónaco</name>
      
        
      <description>Check-Point</description>
      
        
      <styleUrl>#icon-1657-4E342E</styleUrl>
      
        
      <Point>
        
          
        <coordinates>
            7.413384,43.731901,0
          </coordinates>
        
        
      </Point>
      
      
    </Placemark>
    <Placemark>
      
        
      <name>INFO : Delf ( Países Bajos)</name>
      
        
      <description>AVISO IMPORTANTE.........CALLE DE BOLARDOS DE SEMAFORO QUE SUBEN Y BAJAN....NO PASAR NUNCA DETRAS DE OTRO COCHE.</description>
      
        
      <styleUrl>#icon-1608-3949AB</styleUrl>
      
        
      <Point>
        
          
        <coordinates>
            4.360608,52.011905,0
          </coordinates>
        
        
      </Point>
      
      
    </Placemark>
    <Placemark>
      
        
      <name>INFO : Saint Paul de Vence / (FR) PROHIBIDO ACCEDER AL PUEBLO</name>
      
        
      <description>Saint Paul de Vence - Francia | PROHIBIDO ACCEDER AL PUEBLO</description>
      
        
      <styleUrl>#icon-1608-3949AB</styleUrl>
      
        
      <Point>
        
          
        <coordinates>
            7.121286,43.699031,0
          </coordinates>
        
        
      </Point>
      
      
    </Placemark>
    <Placemark>
      
        
      <name>INFO !! ADVERTENCIA | Recordar k para entrar a Slovenia aparte de pagar en las autopistas hay que llevar el permiso de Finanzas.</name>
      
        
      <description>Liubliana | ADVERTENCIA | Recordar k para entrar a Slovenia aparte de pagar en las autopistas hay que llevar el permiso de Finanzas.</description>
      
        
      <styleUrl>#icon-1608-3949AB</styleUrl>
      
        
      <Point>
        
          
        <coordinates>
            14.505773,46.0573,0
          </coordinates>
        
        
      </Point>
      
      
    </Placemark>
    <Placemark>
      
        
      <name>AVISO Carretera estrecha </name>
      
        
      <description>VELESTA | AVISO VISITA A Château de Montségur | NO IR POR ESTE CAMINO ES MUY ESTRECHO | IR POR MONTFERRIER</description>
      
        
      <styleUrl>#icon-1608-3949AB</styleUrl>
      
        
      <Point>
        
          
        <coordinates>
            1.928701,42.89678,0
          </coordinates>
        
        
      </Point>
      
      
    </Placemark>
    <Placemark>
      
        
      <name>Orleans | CUIDADO PUENTE LIMITE 3,40M</name>
      
        
      <description>Orleans | CUIDADO PUENTE LIMITE 3,40M</description>
      
        
      <styleUrl>#icon-1541-E65100</styleUrl>
      
        
      <Point>
        
          
        <coordinates>
            1.905699,47.906504,0
          </coordinates>
        
        
      </Point>
      
      
    </Placemark>
    <Placemark>
      
        
      <name>ÁREA / Guntramsdorf, Austria
</name>
      
        
      <description>425, A 2 Süd Autobahn, km 14, Oldtimerweg, 2353 Guntramsdorf, Austria+43 800 40012400</description>
      
        
      <styleUrl>#icon-1577-795548</styleUrl>
      
        
      <Point>
        
          
        <coordinates>
            16.33856,48.03413,0
          </coordinates>
        
        
      </Point>
      
      
    </Placemark>
    <Placemark>
      
        
      <name>ÁREA SERVICIO / Walserberg ( Austria)</name>
      
        
      <description>Arwa con McDonalds WALSERBERG SÜD, 5071 Walserberg, Austria www.mcdonalds.at +43 662 856556</description>
      
        
      <styleUrl>#icon-1577-795548</styleUrl>
      
        
      <Point>
        
          
        <coordinates>
            12.948022,47.768148,0
          </coordinates>
        
        
      </Point>
      
      
    </Placemark>
    <Placemark>
      
        
      <name>Verona | Check Point </name>
      
        
      <styleUrl>#icon-1657-795548-nodesc</styleUrl>
      
        
      <Point>
        
          
        <coordinates>
            10.9805661,45.4160808,0
          </coordinates>
        
        
      </Point>
      
      
    </Placemark>
    <Placemark>
      
        
      <name>EUROTUNNEL / Reino Unido</name>
      
        
      <description><![CDATA[Reino Unido | Eurotunnel Le Shuttle UK Passenger Check-In | UK Terminal, Ashford Rd, Folkestone CT18 8XX, Reino Unido<br>www.eurotunnel.com<br>+44 844 335 3535]]></description>
      
        
      <styleUrl>#icon-1724-3949AB</styleUrl>
      
        
      <Point>
        
          
        <coordinates>
            1.119194,51.093262,0
          </coordinates>
        
        
      </Point>
      
      
    </Placemark>
    <Placemark>
      
        
      <name>FERRY Dover / Reino Unido </name>
      
        
      <description><![CDATA[Dover | Ferry | Dover, Reino Unido<br>www.directferries.co.uk<br>+44 1304 240400]]></description>
      
        
      <styleUrl>#icon-1622-757575</styleUrl>
      
        
      <Point>
        
          
        <coordinates>
            1.331832,51.124646,0
          </coordinates>
        
        
      </Point>
      
      
    </Placemark>
    <Placemark>
      
        
      <name>Supermercado / Schwangau, (Alemania)
</name>
      
        
      <description><![CDATA[Schwangau - Alemania | Supermercado Rewe | Para Reponer provisiones | König-Ludwig-Straße 2, 87645 Schwangau, Alemania<br>www.rewe.de<br>+49 8362 98270]]></description>
      
        
      <styleUrl>#icon-1685-A52714</styleUrl>
      
        
      <Point>
        
          
        <coordinates>
            10.741823,47.579502,0
          </coordinates>
        
        
      </Point>
      
      
    </Placemark>
    <Placemark>
      
        
      <name>Stena Line Cairnryan</name>
      
        
      <description><![CDATA[Londres - Irlanda | Frerrys | Loch Ryan Port, Belfast Way, Cairnryan DG9 8RG, Reino Unido<br>www.stenaline.co.uk<br>+44 844 770 7070]]></description>
      
        
      <styleUrl>#icon-1622-757575</styleUrl>
      
        
      <Point>
        
          
        <coordinates>
            -5.031524,54.981111,0
          </coordinates>
        
        
      </Point>
      
      
    </Placemark>
    <Placemark>
      
        
      <name>Check point / Vía Laurentina Roma </name>
      
        
      <description>Roma | Check point en Avenida Laurentina</description>
      
        
      <styleUrl>#icon-1657-4E342E</styleUrl>
      
        
      <Point>
        
          
        <coordinates>
            12.48585,41.810322,0
          </coordinates>
        
        
      </Point>
      
      
    </Placemark>
    <Placemark>
      
        
      <name><![CDATA[Check Point | Via delle Messi d'Oro, Roma ( IT)]]></name>
      
        
      <description><![CDATA[Roma | Check Point | Via delle Messi d'Oro, 160, 00158 Roma RM, Italia 41.919628,12.561753]]></description>
      
        
      <styleUrl>#icon-1657-4E342E</styleUrl>
      
        
      <Point>
        
          
        <coordinates>
            12.561753,41.919628,0
          </coordinates>
        
        
      </Point>
      
      
    </Placemark>
    <Placemark>
      
        
      <name>MUSEO Nacional 🏢 / Nuremberg (A)
</name>
      
        
      <description><![CDATA[Nuremberg | Museo Nacional Germano | Kartäusergasse 1, 90402 Nürnberg, Alemania<br>www.gnm.de]]></description>
      
        
      <styleUrl>#icon-1636-A52714</styleUrl>
      
        
      <Point>
        
          
        <coordinates>
            11.075511,49.448249,0
          </coordinates>
        
        
      </Point>
      
      
    </Placemark>
    <Placemark>
      
        
      <name>Disneyland Paris | Marne-la-Vallée, Francia
www.disneylandparis.com
</name>
      
        
      <description><![CDATA[Paris | Disneyland Paris | 77777 Marne-la-Vallée, Francia<br>www.disneylandparis.com<br>+33 825 30 05 00]]></description>
      
        
      <styleUrl>#icon-1502-C2185B</styleUrl>
      
        
      <Point>
        
          
        <coordinates>
            2.775808,48.872234,0
          </coordinates>
        
        
      </Point>
      
      
    </Placemark>
    <Placemark>
      
        
      <name>APARCAMIENTO Lascaux  Montignac (FR)
</name>
      
        
      <description><![CDATA[Montignac | Lascaux II | Lieu-dit Lascaux, 24290 Montignac, Francia<br>www.lascaux.fr<br>+33 5 53 51 95 03]]></description>
      
        
      <styleUrl>#icon-1644-0288D1</styleUrl>
      
        
      <Point>
        
          
        <coordinates>
            1.168186,45.053845,0
          </coordinates>
        
        
      </Point>
      
      
    </Placemark>
    <Placemark>
      
        
      <name>Coliseo de Roma | Piazza del Colosseo, 1, 00184 Roma RM, Italia
archeoroma.beniculturali.it
+39 06 3996 7700</name>
      
        
      <description><![CDATA[Coliseo de Roma | Piazza del Colosseo, 1, 00184 Roma RM, Italia<br>archeoroma.beniculturali.it<br>+39 06 3996 7700]]></description>
      
        
      <styleUrl>#icon-1502-C2185B</styleUrl>
      
        
      <Point>
        
          
        <coordinates>
            12.492231,41.89021,0
          </coordinates>
        
        
      </Point>
      
      
    </Placemark>
    <Placemark>
      
        
      <name>Paris | Torre Eiffel | Champ de Mars, 5 Avenue Anatole France, 75007 Paris, Francia
www.toureiffel.paris
+33 892 70 12 39</name>
      
        
      <description><![CDATA[Torre Eiffel | Champ de Mars, 5 Avenue Anatole France, 75007 Paris, Francia<br>www.toureiffel.paris<br>+33 892 70 12 39]]></description>
      
        
      <styleUrl>#icon-1608-3949AB</styleUrl>
      
        
      <Point>
        
          
        <coordinates>
            2.294481,48.85837,0
          </coordinates>
        
        
      </Point>
      
      
    </Placemark>
    <Placemark>
      
        
      <name>Ciudad del Vaticano | Plaza San Pedro | Piazza San Pietro, 00120 Città del Vaticano, Cdad. del Vaticano
www.vatican.va
+39 06 0608</name>
      
        
      <description><![CDATA[Ciudad del Vaticano | Plaza San Pedro | Piazza San Pietro, 00120 Città del Vaticano, Cdad. del Vaticano<br>www.vatican.va]]></description>
      
        
      <styleUrl>#icon-1502-C2185B</styleUrl>
      
        
      <Point>
        
          
        <coordinates>
            12.456796,41.902218,0
          </coordinates>
        
        
      </Point>
      
      
    </Placemark>
    <Placemark>
      
        
      <name>Windermere | Cruceros Windermere Cruises Day Boat Hire | Promenade, Bowness-on-Windermere, Windermere LA23 3HQ, Reino Unido
www.windermere-lakecruises.co.uk
+44 15394 43360</name>
      
        
      <description><![CDATA[Windermere | Cruceros Windermere Cruises Day Boat Hire | Promenade, Bowness-on-Windermere, Windermere LA23 3HQ, Reino Unido<br>www.windermere-lakecruises.co.uk<br>+44 15394 43360]]></description>
      
        
      <styleUrl>#icon-1622-757575</styleUrl>
      
        
      <Point>
        
          
        <coordinates>
            -2.922575,54.363384,0
          </coordinates>
        
        
      </Point>
      
      
    </Placemark>
    <Placemark>
      
        
      <name>Liverpool | Catedral de Liverpool | St James Mt, Liverpool L1 7AZ, Reino Unido
www.liverpoolcathedral.org.uk
+44 151 709 6271</name>
      
        
      <description><![CDATA[Liverpool | Catedral de Liverpool | St James Mt, Liverpool L1 7AZ, Reino Unido<br>www.liverpoolcathedral.org.uk<br>+44 151 709 6271]]></description>
      
        
      <styleUrl>#icon-1670-E65100</styleUrl>
      
        
      <Point>
        
          
        <coordinates>
            -2.973301,53.397457,0
          </coordinates>
        
        
      </Point>
      
      
    </Placemark>
    <Placemark>
      
        
      <name>Liverpool | Catedral Metropolitana de Liverpool | Cathedral House, Mount Pleasant, Liverpool L3 5TQ, Reino Unido
www.liverpoolmetrocathedral.org.uk
+44 151 709 9222</name>
      
        
      <description><![CDATA[Liverpool | Catedral Metropolitana de Liverpool | Cathedral House, Mount Pleasant, Liverpool L3 5TQ, Reino Unido<br>www.liverpoolmetrocathedral.org.uk<br>+44 151 709 9222]]></description>
      
        
      <styleUrl>#icon-1670-E65100</styleUrl>
      
        
      <Point>
        
          
        <coordinates>
            -2.968637,53.404924,0
          </coordinates>
        
        
      </Point>
      
      
    </Placemark>
    <Placemark>
      
        
      <name>Cambridge | Pub Golden Hind | 355 Milton Rd, Cambridge CB4 1SP, Reino Unido
www.golden-hind-pub-cambridge.co.uk
+44 1223 420816</name>
      
        
      <description><![CDATA[Cambridge | Pub Golden Hind | 355 Milton Rd, Cambridge CB4 1SP, Reino Unido<br>www.golden-hind-pub-cambridge.co.uk<br>+44 1223 420816]]></description>
      
        
      <styleUrl>#icon-1502-C2185B</styleUrl>
      
        
      <Point>
        
          
        <coordinates>
            0.145556,52.227945,0
          </coordinates>
        
        
      </Point>
      
      
    </Placemark>
    <Placemark>
      
        
      <name>MUSEO VAN GOGH / Amsterdam ( (Países Bajos)
</name>
      
        
      <description><![CDATA[Amsterdam | Museo van Gogh | Museumplein 6, 1071 DJ Amsterdam, Países Bajos<br>www.vangoghmuseum.nl<br>+31 20 570 5200]]></description>
      
        
      <styleUrl>#icon-1502-C2185B</styleUrl>
      
        
      <Point>
        
          
        <coordinates>
            4.881076,52.358416,0
          </coordinates>
        
        
      </Point>
      
      
    </Placemark>
    <Placemark>
      
        
      <name>MUSEO del Juguete 🏢 / Nuremberg (A)
</name>
      
        
      <description><![CDATA[Nuremberg | Museo del Juguete | Karlstraße 13-15, 90403 Nürnberg, Alemania<br>www.museen.nuernberg.de<br>+49 911 2313164 |]]></description>
      
        
      <styleUrl>#icon-1636-A52714</styleUrl>
      
        
      <Point>
        
          
        <coordinates>
            11.074299,49.454594,0
          </coordinates>
        
        
      </Point>
      
      
    </Placemark>
    <Placemark>
      
        
      <name>Check Point | Via Francesco de Suppè / Roma ( IT)</name>
      
        
      <description>Roma | Check Point | Via Francesco de Suppè</description>
      
        
      <styleUrl>#icon-1657-4E342E</styleUrl>
      
        
      <Point>
        
          
        <coordinates>
            12.481874,41.825658,0
          </coordinates>
        
        
      </Point>
      
      
    </Placemark>
    <Placemark>
      
        
      <name>Acuario Haus des Meeres 🐠 / 
Viena (Austria)
</name>
      
        
      <description><![CDATA[Viena | Acuario Haus des Meeres | <br>Fritz-Grünbaum-Platz 1, 1060 Wien, Austria<br>www.haus-des-meeres.at<br>+43 1 5871417]]></description>
      
        
      <styleUrl>#icon-1779-1A237E</styleUrl>
      
        
      <Point>
        
          
        <coordinates>
            16.352933,48.197687,0
          </coordinates>
        
        
      </Point>
      
      
    </Placemark>
    <Placemark>
      
        
      <name><![CDATA[Bruselas | Atomium | 
Square de l'Atomium, 1020 Bruxelles, Bélgica
www.atomium.be
+32 2 475 47 75]]></name>
      
        
      <description><![CDATA[Bruselas | Atomium | <br>Square de l'Atomium, 1020 Bruxelles, Bélgica<br>www.atomium.be<br>+32 2 475 47 75]]></description>
      
        
      <styleUrl>#icon-1502-C2185B</styleUrl>
      
        
      <Point>
        
          
        <coordinates>
            4.341558,50.895036,0
          </coordinates>
        
        
      </Point>
      
      
    </Placemark>
    <Placemark>
      
        
      <name>ÁREA ROUTIER / Castets (FR)</name>
      
        
      <description>Comida BUFFET / Rue du Ctre Routier, 40260 Castets, Francia+33 5 58 55 01 67</description>
      
        
      <styleUrl>#icon-1577-795548</styleUrl>
      
        
      <Point>
        
          
        <coordinates>
            -1.1337416,43.8728541,0
          </coordinates>
        
        
      </Point>
      
      
    </Placemark>
    <Placemark>
      
        
      <name>ÁREA Leo Resto / Cestas (FR)</name>
      
        
      <description>Route des Estuaires Bilatérale, A63, 33610 Cestas, Francia www.leoresto.fr +33 5 64 31 00 65</description>
      
        
      <styleUrl>#icon-1577-795548</styleUrl>
      
        
      <Point>
        
          
        <coordinates>
            -0.7043114,44.7460846,0
          </coordinates>
        
        
      </Point>
      
      
    </Placemark>
    <Placemark>
      
        
      <name><![CDATA[ÁREA SERVICIO d'Agen-Porte d'Aquitaine / Sainte-Colombe-en-Bruilhois, (FR)]]></name>
      
        
      <description><![CDATA[Aire de Service d'Agen-Porte d'Aquitaine | 47310 Sainte-Colombe-en-Bruilhois, Francia]]></description>
      
        
      <styleUrl>#icon-1577-795548</styleUrl>
      
        
      <Point>
        
          
        <coordinates>
            0.5068204,44.1994049,0
          </coordinates>
        
        
      </Point>
      
      
    </Placemark>
    <Placemark>
      
        
      <name>ÁREA Saint Leger / (FR)</name>
      
        
      <description>Area Saint Leger direccion Paris</description>
      
        
      <styleUrl>#icon-1577-795548</styleUrl>
      
        
      <Point>
        
          
        <coordinates>
            -0.598685,45.6112203,0
          </coordinates>
        
        
      </Point>
      
      
    </Placemark>
    <Placemark>
      
        
      <name>C Y D / Auray (FR)</name>
      
        
      <description>Reservado para C Y D en Auray (FR)</description>
      
        
      <styleUrl>#icon-1826-0F9D58</styleUrl>
      
        
      <Point>
        
          
        <coordinates>
            -2.9822484,47.6653652,0
          </coordinates>
        
        
      </Point>
      
      
    </Placemark>
    <Placemark>
      
        
      <name>ÁREA SERVICIO Bourges-Marmagne (FR)</name>
      
        
      <description><![CDATA[Aire de Service de Bourges-Marmagne | 18500 Marmagne, Francia <br>www.aires-autoroute-elior.com <br>+33 2 48 23 03 10]]></description>
      
        
      <styleUrl>#icon-1577-795548</styleUrl>
      
        
      <Point>
        
          
        <coordinates>
            2.2427674,47.0958059,0
          </coordinates>
        
        
      </Point>
      
      
    </Placemark>
    <Placemark>
      
        
      <name>C Y D / Museo Desembarco Normandía </name>
      
        
      <description>Arromanches-les Bains| Museo del Desembarco |</description>
      
        
      <styleUrl>#icon-1826-0F9D58</styleUrl>
      
        
      <Point>
        
          
        <coordinates>
            -0.6204683,49.3400328,0
          </coordinates>
        
        
      </Point>
      
      
    </Placemark>
    <Placemark>
      
        
      <name>ÁREA La Lozere /Les Monts-Verts (FR)</name>
      
        
      <description>Area La Lozere | 48200 Les Monts-Verts, Francia</description>
      
        
      <styleUrl>#icon-1577-795548</styleUrl>
      
        
      <Point>
        
          
        <coordinates>
            3.2489209,44.8719339,0
          </coordinates>
        
        
      </Point>
      
      
    </Placemark>
    <Placemark>
      
        
      <name>C Y D / Montpellier (FR)</name>
      
        
      <description>Montpellier | a 5 min. del centro andando</description>
      
        
      <styleUrl>#icon-1826-0F9D58</styleUrl>
      
        
      <Point>
        
          
        <coordinates>
            3.8781667,43.6041718,0
          </coordinates>
        
        
      </Point>
      
      
    </Placemark>
    <Placemark>
      
        
      <name>ÁREA  AUTOGRILL Lafayette / Lorlanges (FR)</name>
      
        
      <description>Coté France Cafétéria - CON AUTOGRILL Lafayette Lorlanges A75</description>
      
        
      <styleUrl>#icon-1577-795548</styleUrl>
      
        
      <Point>
        
          
        <coordinates>
            3.2724121,45.3361822,0
          </coordinates>
        
        
      </Point>
      
      
    </Placemark>
    <Placemark>
      
        
      <name>ÁREA Troyes Fresnoy / Fresnoy-le-Château (FR)</name>
      
        
      <description>Autoroute A5 Bilatérale, 10270 Fresnoy-le-Château, Francia www.leoresto.fr +33 3 25 46 07 07</description>
      
        
      <styleUrl>#icon-1577-795548</styleUrl>
      
        
      <Point>
        
          
        <coordinates>
            4.2397674,48.2127276,0
          </coordinates>
        
        
      </Point>
      
      
    </Placemark>
    <Placemark>
      
        
      <name>ÁREA De Reims Champagne (FR)</name>
      
        
      <description><![CDATA[Área Con BURGER KING / Reims Champagne Sud, A. de l'Est, 51400 Les Petites-Loges, Francia www.burgerking.fr  +33 9 74 87 13 00]]></description>
      
        
      <styleUrl>#icon-1577-795548</styleUrl>
      
        
      <Point>
        
          
        <coordinates>
            4.2432733,49.1195003,0
          </coordinates>
        
        
      </Point>
      
      
    </Placemark>
    <Placemark>
      
        
      <name><![CDATA[ÁREA McDonald's / Marchaux-Chaudefontaine (FR)
]]></name>
      
        
      <description>Marchaux-Chaudefontaine, Franciawww.mcdonalds.fr+33 3 81 57 92 46</description>
      
        
      <styleUrl>#icon-1577-795548</styleUrl>
      
        
      <Point>
        
          
        <coordinates>
            6.125775,47.327386,0
          </coordinates>
        
        
      </Point>
      
      
    </Placemark>
    <Placemark>
      
        
      <name>C Y D 🔄/ Lyon (FR)</name>
      
        
      <description>Debajo de árboles puedes dejar pasajeros para visita Lyon / En calle Quai de Bondy 20</description>
      
        
      <styleUrl>#icon-1826-0F9D58</styleUrl>
      
        
      <Point>
        
          
        <coordinates>
            4.82904,45.7655168,0
          </coordinates>
        
        
      </Point>
      
      
    </Placemark>
    <Placemark>
      
        
      <name>C Y D / Avignon (FR)</name>
      
        
      <description>Puedes dejarlos en este punto para la visita</description>
      
        
      <styleUrl>#icon-1826-0F9D58</styleUrl>
      
        
      <Point>
        
          
        <coordinates>
            4.7998687,43.9489507,0
          </coordinates>
        
        
      </Point>
      
      
    </Placemark>
    <Placemark>
      
        
      <name><![CDATA[ÁREA SERVICIO/ McDonald's ]]></name>
      
        
      <description>Autoroute A1 Sens Paris, 80200 Assevillers, Francia www.restaurants.mcdonalds.fr +33 3 22 85 78 61</description>
      
        
      <styleUrl>#icon-1577-795548</styleUrl>
      
        
      <Point>
        
          
        <coordinates>
            2.8372713,49.8883138,0
          </coordinates>
        
        
      </Point>
      
      
    </Placemark>
    <Placemark>
      
        
      <name>MUSEO GRENOBLE ( FR)</name>
      
        
      <description><![CDATA[C Y D para visita de Museo, auditorio , Tour de L'Isle]]></description>
      
        
      <styleUrl>#icon-1636-A52714</styleUrl>
      
        
      <Point>
        
          
        <coordinates>
            5.7317636,45.1942187,0
          </coordinates>
        
        
      </Point>
      
      
    </Placemark>
    <Placemark>
      
        
      <name>COLEGIO Marta Mata 🚸 / Mataró  (Barcelona)</name>
      
        
      <description>2 Plazas reservadas en puerta del colegio.</description>
      
        
      <styleUrl>#icon-1682-FFD600</styleUrl>
      
        
      <Point>
        
          
        <coordinates>
            2.4346914,41.5510319,0
          </coordinates>
        
        
      </Point>
      
      
    </Placemark>
    <Placemark>
      
        
      <name>APARCAMIENTO Monumento ad Amedeo di Savoia / Torino (IT)</name>
      
        
      <description>Aparcamiento en Linea en Torino / Monumento ad Amedeo di Savoia</description>
      
        
      <styleUrl>#icon-1644-0288D1</styleUrl>
      
        
      <Point>
        
          
        <coordinates>
            7.6821985,45.0499566,0
          </coordinates>
        
        
      </Point>
      
      
    </Placemark>
    <Placemark>
      
        
      <name>ÁREA Gran Bosco / Bardonecchia (IT)</name>
      
        
      <description>Area Gran Bosco antes del tunel de Freju | Autostrada A32 Bardonecchia-Torino, KM 55, 10050 Salbertrand TO, Italia+39 0122 854568</description>
      
        
      <styleUrl>#icon-1577-795548</styleUrl>
      
        
      <Point>
        
          
        <coordinates>
            6.893634,45.0713188,0
          </coordinates>
        
        
      </Point>
      
      
    </Placemark>
    <Placemark>
      
        
      <name>ÁREA  Poulet des Brasse / Dommartin-les-Cuiseaux (FR)</name>
      
        
      <description><![CDATA[71480 L'Autoroute Verte A39, 71480 Dommartin-lès-Cuiseaux, Francia]]></description>
      
        
      <styleUrl>#icon-1577-795548</styleUrl>
      
        
      <Point>
        
          
        <coordinates>
            5.312476,46.4970171,0
          </coordinates>
        
        
      </Point>
      
      
    </Placemark>
    <Placemark>
      
        
      <name>ÁREA SERVICIO / San San Nicola (IT)</name>
      
        
      <description>A1, 81020 San Nicola La Strada CE, Italia www.sarniristorazione.it +39 0871 549524</description>
      
        
      <styleUrl>#icon-1577-795548</styleUrl>
      
        
      <Point>
        
          
        <coordinates>
            14.3204773,41.0494099,0
          </coordinates>
        
        
      </Point>
      
      
    </Placemark>
    <Placemark>
      
        
      <name>BODEGAS Iniesta / Fuentealbilla (Albacete)</name>
      
        
      <description>En este punto se deja a los pasajeros para la visita a las Bodegas/ Carretera Fuentealbilla a Villamalea km 1,5, 02260 Fuentealbilla, Albacete www.bodegainiesta.es +34 967 09 06 50</description>
      
        
      <styleUrl>#icon-1798-FBC02D</styleUrl>
      
        
      <Point>
        
          
        <coordinates>
            -1.5594662,39.2773547,0
          </coordinates>
        
        
      </Point>
      
      
    </Placemark>
    <Placemark>
      
        
      <name>CUEVA Magura / Rabisha (BU)</name>
      
        
      <description>Cueva Magura /Rabisha, Bulgaria www.muzeibelogradchik.com +359 93 296 677</description>
      
        
      <styleUrl>#icon-1535-757575</styleUrl>
      
        
      <Point>
        
          
        <coordinates>
            22.5842776,43.7269453,0
          </coordinates>
        
        
      </Point>
      
      
    </Placemark>
    <Placemark>
      
        
      <name>Elgin Museum / Reino Unido </name>
      
        
      <description>Aquí se puede dejar al grupo para ir al museo / 1 High St, Elgin IV30 1EQ, Reino Unido www.elginmuseum.org.uk +44 1343 543675</description>
      
        
      <styleUrl>#icon-1636-A52714</styleUrl>
      
        
      <Point>
        
          
        <coordinates>
            -3.3096858,57.6495155,0
          </coordinates>
        
        
      </Point>
      
      
    </Placemark>
    <Placemark>
      
        
      <name>C Y D / Acuario Tropical / París (FR)</name>
      
        
      <description>Aquí puedes dejar al grupo pero no te puedes quedar</description>
      
        
      <styleUrl>#icon-1826-0F9D58</styleUrl>
      
        
      <Point>
        
          
        <coordinates>
            2.408003,48.8352426,0
          </coordinates>
        
        
      </Point>
      
      
    </Placemark>
    <Placemark>
      
        
      <name>APARCAMIENTO / Sanremo (IT)</name>
      
        
      <description>Aparcamiento Mixto en Sanremo, en temporadas bajan barreras y es de Pago. Si no hay barreras gratuito.</description>
      
        
      <styleUrl>#icon-1532-7CB342</styleUrl>
      
        
      <Point>
        
          
        <coordinates>
            7.7464609,43.8029761,0
          </coordinates>
        
        
      </Point>
      
      
    </Placemark>
    <Placemark>
      
        
      <name>OPERA NACIONAL De Hungría / Budapest </name>
      
        
      <description>Ópera Nacional de Hungría | Budapest, Andrássy út 22, Hungría www.opera.hu +36 1 814 7100</description>
      
        
      <styleUrl>#icon-1502-C2185B</styleUrl>
      
        
      <Point>
        
          
        <coordinates>
            19.0587751,47.5022746,0
          </coordinates>
        
        
      </Point>
      
      
    </Placemark>
    <Placemark>
      
        
      <name>AÁREA SERVICIO Autogrill /  Göttlesbrunn (Austria)</name>
      
        
      <description>O Autobahn, 2464 Göttlesbrunn, Austria www.autogrill.at +43 2162 8870</description>
      
        
      <styleUrl>#icon-1577-4E342E</styleUrl>
      
        
      <Point>
        
          
        <coordinates>
            16.713226,48.0558392,0
          </coordinates>
        
        
      </Point>
      
      
    </Placemark>
    <Placemark>
      
        
      <name>THE WALL MUSEUM / Berlín (Alemania)</name>
      
        
      <description>Mühlenstraße 78-80, Berlin, Alemania www.thewallmuseum.com +49 30 94512900</description>
      
        
      <styleUrl>#icon-1636-A52714</styleUrl>
      
        
      <Point>
        
          
        <coordinates>
            13.4453709,52.5030243,0
          </coordinates>
        
        
      </Point>
      
      
    </Placemark>
    <Placemark>
      
        
      <name>PALACIO Cecilienhof / Potsdam, (Alemania)</name>
      
        
      <description>Im Neuen Garten, 14469 Potsdam, Alemania www.spsg.de +49 331 9694107</description>
      
        
      <styleUrl>#icon-1598-424242</styleUrl>
      
        
      <Point>
        
          
        <coordinates>
            13.0687893,52.4208146,0
          </coordinates>
        
        
      </Point>
      
      
    </Placemark>
    <Placemark>
      
        
      <name>C Y D / Praga (Chequia)</name>
      
        
      <description>C Y D en Calle Vítězná 14, Malá Strana, 118 00 Praha-Praha 1, Chequia</description>
      
        
      <styleUrl>#icon-1826-0F9D58</styleUrl>
      
        
      <Point>
        
          
        <coordinates>
            14.4055546,50.0812399,0
          </coordinates>
        
        
      </Point>
      
      
    </Placemark>
    <Placemark>
      
        
      <name>CASTILLO de Neuschwanstein / Schwangau (Alemania)</name>
      
        
      <description>Alemania | Castillo de Neuschwanstein | Neuschwansteinstraße 20, 87645 Schwangau, Alemania www.neuschwanstein.de +49 8362 930830</description>
      
        
      <styleUrl>#icon-1598-424242</styleUrl>
      
        
      <Point>
        
          
        <coordinates>
            10.7502233,47.558512,0
          </coordinates>
        
        
      </Point>
      
      
    </Placemark>
    <Placemark>
      
        
      <name>ÁREA SERVICIO Ambrì-Piotta /Quinto, (Suiza)</name>
      
        
      <description>Area Gothard Sud la primera pasado el Túnel direccion Milan</description>
      
        
      <styleUrl>#icon-1577-795548</styleUrl>
      
        
      <Point>
        
          
        <coordinates>
            8.6660678,46.5151011,0
          </coordinates>
        
        
      </Point>
      
      
    </Placemark>
    <Placemark>
      
        
      <name>COLEGIO Montserrat Solà 🚸 / Mataró (Barcelona)</name>
      
        
      <description>No hay reserva pero puedes parar en un carril. Ronda Cervantes de Mataró.</description>
      
        
      <styleUrl>#icon-1682-FFD600</styleUrl>
      
        
      <Point>
        
          
        <coordinates>
            2.4557058,41.5420732,0
          </coordinates>
        
        
      </Point>
      
      
    </Placemark>
    <Placemark>
      
        
      <name>COLEGIO Vista Alegre 🚸 / Mataró (Barcelona)</name>
      
        
      <description>Se para delante aunque no hay reserva en Ronda Sant Oleguer.</description>
      
        
      <styleUrl>#icon-1682-FFD600</styleUrl>
      
        
      <Point>
        
          
        <coordinates>
            2.4462838,41.5512189,0
          </coordinates>
        
        
      </Point>
      
      
    </Placemark>
    <Placemark>
      
        
      <name>COLEGIO Pérez Sala  / Colegio La Presentació 🚸/ Vilassar de Mar (Barcelona)</name>
      
        
      <description>Colegio Perez Sala y Colegio La Presentació / Te reservan plaza en Calle Narcis Monturiol.</description>
      
        
      <styleUrl>#icon-1682-FFD600</styleUrl>
      
        
      <Point>
        
          
        <coordinates>
            2.3903803,41.5061508,0
          </coordinates>
        
        
      </Point>
      
      
    </Placemark>
    <Placemark>
      
        
      <name>ENTRADA BODAS Torre del Pi / Premià de Dalt</name>
      
        
      <description>Se entra por aquí para dejar y  recoger </description>
      
        
      <styleUrl>#line-F9A825-4897</styleUrl>
      
        
      <LineString>
        
          
        <tessellate>1</tessellate>
        
          
        <coordinates>
            2.3479181,41.5007744,0
            2.3468762,41.5003637,0
            2.3462323,41.5000961,0
            2.3464986,41.4997213,0
          </coordinates>
        
        
      </LineString>
      
      
    </Placemark>
    <Placemark>
      
        
      <name>MUSEO Nürnberg 🏛️ / Nürnberg (Alemania)</name>
      
        
      <description>Museen Nürnberg - Museum Tucherschloss und HirsvogelsaalHirschelgasse 9-11, 90403 Nürnberg, Alemaniamuseen.nuernberg.de +49 911 2315421</description>
      
        
      <styleUrl>#icon-1636-A52714</styleUrl>
      
        
      <Point>
        
          
        <coordinates>
            11.0836967,49.4580275,0
          </coordinates>
        
        
      </Point>
      
      
    </Placemark>
    <Placemark>
      
        
      <name>ESTACIÓN TREN / Luzern (Suiza)</name>
      
        
      <description>Estación de tren recogida y dejada de viajeros en estación de Luzern.</description>
      
        
      <styleUrl>#icon-1717-AFB42B</styleUrl>
      
        
      <Point>
        
          
        <coordinates>
            8.3095463,47.0507037,0
          </coordinates>
        
        
      </Point>
      
      
    </Placemark>
    <Placemark>
      
        
      <name>Fort de la Bastille /Grenoble (FR)</name>
      
        
      <description>Quai Stéphane Jay, 38000 Grenoble, Francia www.bastille-grenoble.fr +33 4 76 44 33 65</description>
      
        
      <styleUrl>#icon-1636-A52714</styleUrl>
      
        
      <Point>
        
          
        <coordinates>
            5.7254401,45.2005543,0
          </coordinates>
        
        
      </Point>
      
      
    </Placemark>
    <Placemark>
      
        
      <name>FORTALEZA De Salses 🏰 / Salses-le-Château (FR)</name>
      
        
      <description>Aparcamienro visita a la Fortaleza de Salses-le-Château, Francia</description>
      
        
      <styleUrl>#icon-1598-424242</styleUrl>
      
        
      <Point>
        
          
        <coordinates>
            2.9211935,42.8378632,0
          </coordinates>
        
        
      </Point>
      
      
    </Placemark>
    <Placemark>
      
        
      <name>ÁREA SERVICIO Monte Baldo 🍽️⛽ / Verona (IT)</name>
      
        
      <description>Torino - Trieste | Area para comprar el permiso de Verona y echar gas-oil | A4 Torino - Trieste, km 147.223, 37066 Sommacampagna VR, Italia</description>
      
        
      <styleUrl>#icon-1577-795548</styleUrl>
      
        
      <Point>
        
          
        <coordinates>
            10.8701603,45.4137522,0
          </coordinates>
        
        
      </Point>
      
      
    </Placemark>
    <Placemark>
      
        
      <name>AEROPUERTO ✈️ / Londres  (Reino Unido)</name>
      
        
      <description>Bassingbourn Rd, Stansted CM24 1QW, Reino Unidowww.greateranglia.co.uk</description>
      
        
      <styleUrl>#icon-1504-880E4F</styleUrl>
      
        
      <Point>
        
          
        <coordinates>
            0.2641151,51.8890416,0
          </coordinates>
        
        
      </Point>
      
      
    </Placemark>
    <Placemark>
      
        
      <name>PUERTO Valencia Muelle 3</name>
      
        
      <description>Embarque Pullmantur , Royal Caribean</description>
      
        
      <styleUrl>#icon-1622-757575</styleUrl>
      
        
      <Point>
        
          
        <coordinates>
            -0.2958087,39.4580621,0
          </coordinates>
        
        
      </Point>
      
      
    </Placemark>
    <Placemark>
      
        
      <name>PUERTO Valencia Muelle 2</name>
      
        
      <description>Embarque MSC Cruises</description>
      
        
      <styleUrl>#icon-1622-757575</styleUrl>
      
        
      <Point>
        
          
        <coordinates>
            -0.3004747,39.4594454,0
          </coordinates>
        
        
      </Point>
      
      
    </Placemark>
    <Placemark>
      
        
      <name>PUERTO Valencia Muelle 1</name>
      
        
      <description>Embarque Costa Cruceros</description>
      
        
      <styleUrl>#icon-1622-757575</styleUrl>
      
        
      <Point>
        
          
        <coordinates>
            -0.3064195,39.4597756,0
          </coordinates>
        
        
      </Point>
      
      
    </Placemark>
    <Placemark>
      
        
      <name>COLEGIO Sant Miquel Del Cros 🚸/ Cabrera de Mar (Barcelona)</name>
      
        
      <description>Calle sin salida haz cambio de sentido o en la esplanada de tierra. Se recogen delante colegio, sin problemas de tráfico.</description>
      
        
      <styleUrl>#icon-1682-FFD600</styleUrl>
      
        
      <Point>
        
          
        <coordinates>
            2.4182442,41.5324684,0
          </coordinates>
        
        
      </Point>
      
      
    </Placemark>
    <Placemark>
      
        
      <name>MUSEO De la Resistencia 🏛️/ Lyon (FR)</name>
      
        
      <description>Museo de la Résistance 2 Plazas en Rue de Marseille. Lyon (Fr).</description>
      
        
      <styleUrl>#icon-1636-A52714</styleUrl>
      
        
      <Point>
        
          
        <coordinates>
            4.8364334,45.7463321,0
          </coordinates>
        
        
      </Point>
      
      
    </Placemark>
    <Placemark>
      
        
      <name>COLEGIO Bressol La Bressoleta 🚸 / Vilassar de Mar (Barcelona)</name>
      
        
      <description><![CDATA[Te reservan sitio cuando hay excursión/ Av. de l'Arquitecte Eduard Ferrés, 168, 08340 Vilassar de Mar, Barcelona www.labressoleta.com +34 937 59 36 62]]></description>
      
        
      <styleUrl>#icon-1682-FFD600</styleUrl>
      
        
      <Point>
        
          
        <coordinates>
            2.3943414,41.5094575,0
          </coordinates>
        
        
      </Point>
      
      
    </Placemark>
    <Placemark>
      
        
      <name>ÁREA Servicio Empordà ☕/ Garrigàs (Girona)</name>
      
        
      <description><![CDATA[Buen Área de servicio si vas a pasar la frontera, porque Francia ya se sabe. Invitación chofer y Guía- Autopista Ap-7, Km. 35, 17476 Garrigàs, Girona <br>www.smarttravelers.areas.com <br>+34 972 56 01 43]]></description>
      
        
      <styleUrl>#icon-1577-795548</styleUrl>
      
        
      <Point>
        
          
        <coordinates>
            2.9315786,42.1735003,0
          </coordinates>
        
        
      </Point>
      
      
    </Placemark>
    <Placemark>
      
        
      <name>C Y D / Aeropuerto Reus</name>
      
        
      <description>Dársenas en aeropuerto de Reus</description>
      
        
      <styleUrl>#icon-1504-880E4F</styleUrl>
      
        
      <Point>
        
          
        <coordinates>
            1.151638,41.145306,0
          </coordinates>
        
        
      </Point>
      
      
    </Placemark>
    <Placemark>
      
        
      <name>APARCAMIENTO / Benalmadena </name>
      
        
      <description>APARCAMIENTO LIBRE</description>
      
        
      <styleUrl>#icon-1644-0288D1</styleUrl>
      
        
      <Point>
        
          
        <coordinates>
            -4.53248,36.59349,0
          </coordinates>
        
        
      </Point>
      
      
    </Placemark>
    <Placemark>
      
        
      <name>APARCAMIENTO 🅿️/  Cremallera - Ribes de Freser (GIrona)</name>
      
        
      <description>Aquí se dejan y se recogen, puedes entrar de culo ya que el Giro es complicado o más adelante haces un cambio de sentido y encaras la estación de frente</description>
      
        
      <styleUrl>#icon-1644-0288D1</styleUrl>
      
        
      <Point>
        
          
        <coordinates>
            2.16564,42.298884,0
          </coordinates>
        
        
      </Point>
      
      
    </Placemark>
    <Placemark>
      
        
      <name>APARCAMIENTO🅿️  / Sagunto (Valencia)</name>
      
        
      <description>APARCAMIENTO en linea no Oficial</description>
      
        
      <styleUrl>#icon-1644-0288D1</styleUrl>
      
        
      <Point>
        
          
        <coordinates>
            -0.277889,39.687023,0
          </coordinates>
        
        
      </Point>
      
      
    </Placemark>
    <Placemark>
      
        
      <name>APARCAMIENTO / Marbella</name>
      
        
      <description>Carretera de Ojén, s/n, 29688 Marbella, Málaga, España</description>
      
        
      <styleUrl>#icon-1644-0288D1</styleUrl>
      
        
      <Point>
        
          
        <coordinates>
            -4.871754,36.520783,0
          </coordinates>
        
        
      </Point>
      
      
    </Placemark>
    <Placemark>
      
        
      <name>C Y D / Valencia (Ciudad de Las Artes y Ciencias)</name>
      
        
      <description><![CDATA[PUEDES QUEDARTE APARCADO / APARCAMIENTO EN LINEA GRATUITO | Cerca del museo de las ciencias por si no quieres pagar en el Museo Calle d'Antonio Ferrandis, 46013 València, Valencia]]></description>
      
        
      <styleUrl>#icon-1826-0F9D58</styleUrl>
      
        
      <Point>
        
          
        <coordinates>
            -0.353782,39.452287,0
          </coordinates>
        
        
      </Point>
      
      
    </Placemark>
    <Placemark>
      
        
      <name>C Y D / Tarragona </name>
      
        
      <description>No te puedes quedar aparcado. Puedes ir cerca del Campo de Fútbol del Gimnástic de Tarragona.</description>
      
        
      <styleUrl>#icon-1826-0F9D58</styleUrl>
      
        
      <Point>
        
          
        <coordinates>
            1.258328,41.115694,0
          </coordinates>
        
        
      </Point>
      
      
    </Placemark>
    <Placemark>
      
        
      <name>SANTUARIO Cova Sant Ignaci ⛪️ / Manresa (Barcelona)</name>
      
        
      <description>Se puede entrar y dar la vuelta sin problema</description>
      
        
      <styleUrl>#icon-1670-E65100</styleUrl>
      
        
      <Point>
        
          
        <coordinates>
            1.831516,41.721122,0
          </coordinates>
        
        
      </Point>
      
      
    </Placemark>
    <Placemark>
      
        
      <name>AREA SERVICIO Los Chopos Villaherreros ( Palencia)</name>
      
        
      <description>Buen trato, se puede parar también si llevas escolares// 34469 Villaherreros, Palencia</description>
      
        
      <styleUrl>#icon-1577-795548</styleUrl>
      
        
      <Point>
        
          
        <coordinates>
            -4.473779,42.391663,0
          </coordinates>
        
        
      </Point>
      
      
    </Placemark>
    <Placemark>
      
        
      <name>GRANJA Can Bordoi 🚸 /Sant Antoni de Vilamajor (Barcelona)</name>
      
        
      <description><![CDATA[Granja Can Bordoi Barri Rieral, 08459 Sant Antoni de Vilamajor, Barcelona<br>www.mogent.com<br>+34 938 46 00 24]]></description>
      
        
      <styleUrl>#icon-1682-673AB7</styleUrl>
      
        
      <Point>
        
          
        <coordinates>
            2.3683149,41.6561907,0
          </coordinates>
        
        
      </Point>
      
      
    </Placemark>
    <Placemark>
      
        
      <name>GRANJA EL XARAGALL / Llinars del Vallés</name>
      
        
      <description><![CDATA[Fácil entrada y manoibra Llinás del Vallés, 08450, Barcelona<br>www.elxaragall.com<br>+34 938 71 37 01]]></description>
      
        
      <styleUrl>#icon-1682-673AB7</styleUrl>
      
        
      <Point>
        
          
        <coordinates>
            2.365172,41.617328,0
          </coordinates>
        
        
      </Point>
      
      
    </Placemark>
    <Placemark>
      
        
      <name>COLEGIO JESUS MARÍA / Barcelona </name>
      
        
      <description>Avinguda Meridiana, 392, 08031 Barcelona www.jm-santandreu.net +34 933 11 31 11</description>
      
        
      <styleUrl>#icon-1682-FFD600</styleUrl>
      
        
      <Point>
        
          
        <coordinates>
            2.18342,41.431585,0
          </coordinates>
        
        
      </Point>
      
      
    </Placemark>
    <Placemark>
      
        
      <name>TALLER DERCAR 🛠 / Cornellá (Barcelona)</name>
      
        
      <description>Taller electricista, aire acondicionado chapa y pintura</description>
      
        
      <styleUrl>#icon-1590-1A237E</styleUrl>
      
        
      <Point>
        
          
        <coordinates>
            2.096984,41.351562,0
          </coordinates>
        
        
      </Point>
      
      
    </Placemark>
    <Placemark>
      
        
      <name>PIONONOS / Cafeteria- Pastelería (STA FE/ GRANADA) </name>
      
        
      <description>LLAMAR PARA RESERVAR NÚMERO PASAJEROS // Km 3.3, A-92G, 18320 Santa Fe, Granada  www.pionono.com. +34 958 51 01 05</description>
      
        
      <styleUrl>#icon-1502-C2185B</styleUrl>
      
        
      <Point>
        
          
        <coordinates>
            -3.703997,37.192509,0
          </coordinates>
        
        
      </Point>
      
      
    </Placemark>
    <Placemark>
      
        
      <name>GALLETAS BIRBA Camprodon</name>
      
        
      <description>Colonia Estabanell, 17867 Camprodon, Girona</description>
      
        
      <styleUrl>#icon-1502-C2185B</styleUrl>
      
        
      <Point>
        
          
        <coordinates>
            2.35904,42.296739,0
          </coordinates>
        
        
      </Point>
      
      
    </Placemark>
    <Placemark>
      
        
      <name>COQUES DE PERAFITA Forn Franquesa - Coques de Perafita 👌🏻</name>
      
        
      <description>Aceptan grupos degustación gratuita. Detalle de una coca para chofer y guia</description>
      
        
      <styleUrl>#icon-1502-C2185B</styleUrl>
      
        
      <Point>
        
          
        <coordinates>
            2.1067931,42.0422921,0
          </coordinates>
        
        
      </Point>
      
      
    </Placemark>
    <Placemark>
      
        
      <name>NO SE RECOMIENDA⚠️</name>
      
        
      <description>Si vas con niños dejalos que entren si quieren. Pero si vas con adultos ni pares. Mal trato malas caras y ni un café, no están obligados, pero encima te dicen que porque paras con niños.</description>
      
        
      <styleUrl>#icon-1898-C2185B</styleUrl>
      
        
      <Point>
        
          
        <coordinates>
            1.858277,42.159836,0
          </coordinates>
        
        
      </Point>
      
      
    </Placemark>
    <Placemark>
      
        
      <name>APARCAMIENTO LIBRE / Valencia</name>
      
        
      <description>Aparcamiento de tierra no vigilado</description>
      
        
      <styleUrl>#icon-1644-0288D1</styleUrl>
      
        
      <Point>
        
          
        <coordinates>
            -0.407081,39.482129,0
          </coordinates>
        
        
      </Point>
      
      
    </Placemark>
    <Placemark>
      
        
      <name>LAVADERO MANUAL 💧 / Peligros - Granada </name>
      
        
      <description>Aquí puedes limpiarlo con manguera a presión</description>
      
        
      <styleUrl>#icon-1702-0097A7</styleUrl>
      
        
      <Point>
        
          
        <coordinates>
            -3.640894,37.226664,0
          </coordinates>
        
        
      </Point>
      
      
    </Placemark>
    <Placemark>
      
        
      <name>APARCAMIENTO LIBRE / Jerez de la Frontera </name>
      
        
      <description>Estacionamiento a ambos lados enfrente del carrefour</description>
      
        
      <styleUrl>#icon-1644-0288D1</styleUrl>
      
        
      <Point>
        
          
        <coordinates>
            -6.150612,36.674102,0
          </coordinates>
        
        
      </Point>
      
      
    </Placemark>
    <Placemark>
      
        
      <name>CASTILLO DE CARDONA</name>
      
        
      <description>SE RECOMIENDA NO ENTRAR CON 13 Metros. El  12 metros ya va justo haciendo maniobra</description>
      
        
      <styleUrl>#icon-1598-424242</styleUrl>
      
        
      <Point>
        
          
        <coordinates>
            1.685188,41.914812,0
          </coordinates>
        
        
      </Point>
      
      
    </Placemark>
    <Placemark>
      
        
      <name>C Y D (EXPRESS)- Espectáculo Caballos (Jerez de la Frontera)</name>
      
        
      <description>Sólo se dejan y te vas a aparcar. Se ocupa un carril que lo tengas en cuenta.USA EL CARRIL EL MENOS TIEMPO POSIBLE</description>
      
        
      <styleUrl>#icon-1826-E65100</styleUrl>
      
        
      <Point>
        
          
        <coordinates>
            -6.136971,36.692695,0
          </coordinates>
        
        
      </Point>
      
      
    </Placemark>
    <Placemark>
      
        
      <name>SANTUARIO Ntra Señora de las Cruces ⛪️/ Torralba de Calatrava ( Ciudad Real)</name>
      
        
      <description>Santuario de Ntra. Sra. de las Cruces, CR-P-2122, 4, 13160 Torralba de Calatrava, Ciudad Real</description>
      
        
      <styleUrl>#icon-1670-E65100</styleUrl>
      
        
      <Point>
        
          
        <coordinates>
            -3.755438,39.069546,0
          </coordinates>
        
        
      </Point>
      
      
    </Placemark>
    <Placemark>
      
        
      <name>AREA SERVICIO La Noguera 🍴/ Pozoseco (Cuenca)</name>
      
        
      <description>Autovía del Este, Km. 207, 16212 Pozoseco, Cuenca , www.lanogueradepozoseco.es   +34 687 76 52 83</description>
      
        
      <styleUrl>#icon-1577-795548</styleUrl>
      
        
      <Point>
        
          
        <coordinates>
            -1.9531241,39.5181679,0
          </coordinates>
        
        
      </Point>
      
      
    </Placemark>
    <Placemark>
      
        
      <name>ESTACIÓN TREN CHAMARTIN / Madrid </name>
      
        
      <description>Aqui puedes dejar a grupos en la estación de Chamartin</description>
      
        
      <styleUrl>#icon-1717-AFB42B</styleUrl>
      
        
      <Point>
        
          
        <coordinates>
            -3.681868,40.471516,0
          </coordinates>
        
        
      </Point>
      
      
    </Placemark>
    <Placemark>
      
        
      <name>APARCAMIENTO/ Toledo </name>
      
        
      <description>Esplanada de tierra libre de pago. Cuidado que se llena de coches y te puedes quedar encerrado.</description>
      
        
      <styleUrl>#icon-1644-0288D1</styleUrl>
      
        
      <Point>
        
          
        <coordinates>
            -4.034107,39.865584,0
          </coordinates>
        
        
      </Point>
      
      
    </Placemark>
    <Placemark>
      
        
      <name>ENTRADA a la Plaza de Trujillo</name>
      
        
      <description>Para entrar a dejar y recoger pasajeros. NO HAY OTRA</description>
      
        
      <styleUrl>#line-FFD600-5659</styleUrl>
      
        
      <LineString>
        
          
        <tessellate>1</tessellate>
        
          
        <coordinates>
            -5.8776096,39.4656589,0
            -5.877628,39.4656452,0
            -5.8776698,39.4655948,0
            -5.877719,39.4655432,0
            -5.8777684,39.4654879,0
            -5.878672,39.464485,0
            -5.880182,39.462852,0
            -5.880331,39.462663,0
            -5.880426,39.462464,0
            -5.880414,39.46194,0
            -5.880487,39.461751,0
            -5.880599,39.46158,0
            -5.880821,39.461177,0
            -5.880929,39.460978,0
            -5.881104,39.460826,0
            -5.881178,39.460802,0
            -5.881104,39.460826,0
            -5.881178,39.460802,0
          </coordinates>
        
        
      </LineString>
      
      
    </Placemark>
    <Placemark>
      
        
      <name><![CDATA[ALBERGUE L' ESPLUGA DE FRANCOLÍ ]]></name>
      
        
      <description><![CDATA[Les Masies, s/n, 43440 L'Espluga de Francolí, Tarragona  xanascat.gencat.cat  +34 977 87 03 56]]></description>
      
        
      <styleUrl>#icon-1682-673AB7</styleUrl>
      
        
      <Point>
        
          
        <coordinates>
            1.091001,41.380166,0
          </coordinates>
        
        
      </Point>
      
      
    </Placemark>
    <Placemark>
      
        
      <name>HOSPEDERIA CISTERCIENSE / STO DOMINGO DE LA CALZADA - La Rioja</name>
      
        
      <description>Regentado por monjitas muy simpáticas. Se come bien aceptan grupos</description>
      
        
      <styleUrl>#icon-1602-9C27B0</styleUrl>
      
        
      <Point>
        
          
        <coordinates>
            -2.950493,42.439906,0
          </coordinates>
        
        
      </Point>
      
      
    </Placemark>
    <Placemark>
      
        
      <name>EMBARCADERO / Ponte de Sil</name>
      
        
      <description>Carretera entretenida OJO !! // LU-903, 18, 27416 Monforte de Lemos, Lugo reservas.rutasembalses.es. +34 982 26 01 96</description>
      
        
      <styleUrl>#icon-1622-757575</styleUrl>
      
        
      <Point>
        
          
        <coordinates>
            -7.444247,42.409324,0
          </coordinates>
        
        
      </Point>
      
      
    </Placemark>
    <Placemark>
      
        
      <name>CUEVAS ENABREJOS/ PRÁDENA ( Segovia)</name>
      
        
      <description>Aparcamiento visita de las cuevas. Travesía Cueva, s/n, 40165 Prádena, Segovia, España  www.cuevadelosenebralejos.es  +34 921 50 71 13</description>
      
        
      <styleUrl>#icon-1598-424242</styleUrl>
      
        
      <Point>
        
          
        <coordinates>
            -3.67812,41.145796,0
          </coordinates>
        
        
      </Point>
      
      
    </Placemark>
    <Placemark>
      
        
      <name>INFO / LA GRANJA SE SAN ILDEFONSO ( Segovia)</name>
      
        
      <description>ESTA PROHIBIDA LA ENTRADA A MAS DE 3,5 T EXCEPTO EL DE LA LINEA.</description>
      
        
      <styleUrl>#icon-1898-C2185B</styleUrl>
      
        
      <Point>
        
          
        <coordinates>
            -4.008637,40.901084,0
          </coordinates>
        
        
      </Point>
      
      
    </Placemark>
    <Placemark>
      
        
      <name>INFO / LA GRANJA SE SAN ILDEFONSO ( Segovia)</name>
      
        
      <description>ESTA PROHIBIDA LA ENTRADA A MAS DE 3,5 T EXCEPTO EL DE LA LINEA.</description>
      
        
      <styleUrl>#icon-1898-C2185B</styleUrl>
      
        
      <Point>
        
          
        <coordinates>
            -4.005447,40.904027,0
          </coordinates>
        
        
      </Point>
      
      
    </Placemark>
    <Placemark>
      
        
      <name>VENTA PASCUAL / HELLIN (Albacete)</name>
      
        
      <description>BUEN SITIO PARA PARAR SE VAS DE ENTRE MURCIA / ALBACETE // Área de Servicio el Tolmo, Autovía de Murcia, Salida 69, 02499 Hellín, Albacete  ventapascual.es. +34 682 24 86 32</description>
      
        
      <styleUrl>#icon-1577-795548</styleUrl>
      
        
      <Point>
        
          
        <coordinates>
            -1.595906,38.465303,0
          </coordinates>
        
        
      </Point>
      
      
    </Placemark>
    <Placemark>
      
        
      <name>PROHIBIDO SEGOVIA 3,5T</name>
      
        
      <description>SEÑAL DE PROHIBIDO 3,5 T EXCEPO LOS URBANOS....... CUIDADO QUE SI TE PILLAN SUBIENDO POR AQUI LOS GUARDIAS TE JODEN EL MES Y UNOS PUNTITOS.</description>
      
        
      <styleUrl>#icon-1898-C2185B</styleUrl>
      
        
      <Point>
        
          
        <coordinates>
            -4.116866,40.9481,0
          </coordinates>
        
        
      </Point>
      
      
    </Placemark>
    <Placemark>
      
        
      <name>PROHIBIDO 3,5T ALCAZAR / SEGOVIA</name>
      
        
      <description>Para ir al Alcazar se deberá de disponer de autorización expresa por el ayuntamiento de Segovia (PAPEL). poner en contacto con el ayuntamiento y este la expide por @ o Fax para imprimirla.</description>
      
        
      <styleUrl>#icon-1898-C2185B</styleUrl>
      
        
      <Point>
        
          
        <coordinates>
            -4.117361,40.948421,0
          </coordinates>
        
        
      </Point>
      
      
    </Placemark>
    <Placemark>
      
        
      <name>PROHIBICIÓN 3,5T /  SEGOVIA</name>
      
        
      <description>Prohibición de 3,5 T. Para ir al Alcazar se debera de disponer de autorización expresa por el ayuntamiento de Segovia (PAPEL). El cliente o la empresa se puede poner en contacto con el ayuntamiento y este la expide por @ o Fax para imprimirla.</description>
      
        
      <styleUrl>#icon-1898-C2185B</styleUrl>
      
        
      <Point>
        
          
        <coordinates>
            -4.133127,40.954469,0
          </coordinates>
        
        
      </Point>
      
      
    </Placemark>
    <Placemark>
      
        
      <name>PROHIBICIÓN 3,5T / ALCAZAR SEGOVIA </name>
      
        
      <styleUrl>#icon-1898-C2185B-nodesc</styleUrl>
      
        
      <Point>
        
          
        <coordinates>
            -4.134992,40.95554,0
          </coordinates>
        
        
      </Point>
      
      
    </Placemark>
    <Placemark>
      
        
      <name>RUTA ALCAZAR SIN AUTORIZACIÓN </name>
      
        
      <description>RUTA ALCAZAR DE SEGOVIASI NO TIENES AUTORIZACION EXPRESA PARA IR AL ALCAZAR POR EL CENTRO DE SEGOVIA, DEBERAS SEGIR ESTA RUTA.</description>
      
        
      <styleUrl>#line-FFD600-5000</styleUrl>
      
        
      <LineString>
        
          
        <tessellate>1</tessellate>
        
          
        <coordinates>
            -4.111786,40.919599,0
            -4.114391,40.919241,0
            -4.117036,40.918943,0
            -4.1183364,40.9188096,0
            -4.119661,40.918713,0
            -4.120926,40.918703,0
            -4.122355,40.918753,0
            -4.123512,40.9189,0
            -4.124929,40.919109,0
            -4.127634,40.919657,0
            -4.132977,40.920802,0
            -4.137163,40.921718,0
            -4.141279,40.922571,0
            -4.143594,40.922955,0
            -4.14577,40.923152,0
            -4.149621,40.922973,0
            -4.15042,40.922862,0
            -4.151062,40.92267,0
            -4.15221,40.922341,0
            -4.15268,40.922358,0
            -4.153147,40.922527,0
            -4.153445,40.922811,0
            -4.153595,40.923106,0
            -4.153661,40.923477,0
            -4.153654,40.923602,0
            -4.153499,40.923714,0
            -4.153462,40.923922,0
            -4.15366,40.924102,0
            -4.153922,40.924254,0
            -4.154075,40.92516,0
            -4.154505,40.927029,0
            -4.155258,40.930424,0
            -4.154923,40.932733,0
            -4.154654,40.934406,0
            -4.154424,40.935779,0
            -4.154246,40.937162,0
            -4.15399,40.938536,0
            -4.153977,40.939838,0
            -4.153931,40.940688,0
            -4.153929,40.94156,0
            -4.153827,40.942753,0
            -4.153716,40.942913,0
            -4.153574,40.943097,0
            -4.153569,40.943143,0
            -4.153592,40.94319,0
            -4.153684,40.943269,0
            -4.153943,40.943295,0
            -4.154302,40.943349,0
            -4.155364,40.94389,0
            -4.156596,40.945047,0
            -4.157725,40.945623,0
            -4.158936,40.946127,0
            -4.162493,40.947478,0
            -4.173913,40.950594,0
            -4.174669,40.950885,0
            -4.175388,40.951079,0
            -4.175447,40.951242,0
            -4.175363,40.951362,0
            -4.174987,40.951344,0
            -4.168492,40.950625,0
            -4.162012,40.950154,0
            -4.15711,40.950082,0
            -4.15639,40.950139,0
            -4.154876,40.950636,0
            -4.153294,40.951166,0
            -4.152345,40.951482,0
            -4.150858,40.951969,0
            -4.149106,40.952592,0
            -4.146611,40.953524,0
            -4.145723,40.953874,0
            -4.143906,40.953652,0
            -4.141693,40.953314,0
            -4.140478,40.953133,0
            -4.139407,40.95351,0
            -4.138403,40.953975,0
            -4.137496,40.954702,0
            -4.136648,40.955455,0
            -4.136284,40.955791,0
            -4.135869,40.955944,0
            -4.135543,40.955946,0
            -4.134749,40.955519,0
            -4.134642,40.955449,0
            -4.134598,40.95542,0
            -4.134212,40.955162,0
            -4.134128,40.955112,0
            -4.134137,40.955008,0
          </coordinates>
        
        
      </LineString>
      
      
    </Placemark>
    <Placemark>
      
        
      <name>INFO ALCÁZAR SEGOVIA </name>
      
        
      <description><![CDATA[RUTA ALCAZAR DE SEGOVIA<br>SI NO TIENES AUTORIZACIÓN EXPRESA PARA IR AL ALCAZAR POR EL CENTRO DE SEGOVIA, DEBERAS SEGIR ESTA RUTA.]]></description>
      
        
      <styleUrl>#icon-1608-3949AB</styleUrl>
      
        
      <Point>
        
          
        <coordinates>
            -4.112033,40.919573,0
          </coordinates>
        
        
      </Point>
      
      
    </Placemark>
    <Placemark>
      
        
      <name>MATERNIDAD DE ELNA </name>
      
        
      <description>Puedes entrar a la esplanada de tierra para aparcar / SIGUE LA RUTA INDICADA PARA LLEGAR , ASI NO ENCONTRARÁS TUNEL TREN / 500F Route de Bages - Route de Montescot, 66200 Elne, Francia ville-elne.fr  +33 4 68 95 89 03</description>
      
        
      <styleUrl>#icon-1636-A52714</styleUrl>
      
        
      <Point>
        
          
        <coordinates>
            2.9544593,42.6042758,0
          </coordinates>
        
        
      </Point>
      
      
    </Placemark>
    <Placemark>
      
        
      <name>MUSEO DEL PRADO (5Min) / Madrid </name>
      
        
      <description>C Y D MUSEO Tiempo MAX 5 Min. (3plazas) autorizado en ambos lados y en toda la calle</description>
      
        
      <styleUrl>#icon-1636-A52714</styleUrl>
      
        
      <Point>
        
          
        <coordinates>
            -3.691056,40.414758,0
          </coordinates>
        
        
      </Point>
      
      
    </Placemark>
    <Placemark>
      
        
      <name>AREA PORTES-LÈS- VALENCE (FR)</name>
      
        
      <description>A. du Soleil A7, 26800 Portes-lès-Valence, Francia  www.lacroissanterie.fr  +33 4 75 57 82 00</description>
      
        
      <styleUrl>#icon-1577-795548</styleUrl>
      
        
      <Point>
        
          
        <coordinates>
            4.866643,44.866895,0
          </coordinates>
        
        
      </Point>
      
      
    </Placemark>
    <Placemark>
      
        
      <name>INFO</name>
      
        
      <description>NO SUBIR POR AQUI AL MIRADOR. TE PUEDES QUEDAR PILLADO Y NO PODRAS DAR LA VUELTA.</description>
      
        
      <styleUrl>#icon-1608-0288D1</styleUrl>
      
        
      <Point>
        
          
        <coordinates>
            -2.137319,40.077878,0
          </coordinates>
        
        
      </Point>
      
      
    </Placemark>
    <Placemark>
      
        
      <name>ARCO PLAZA MAYOR </name>
      
        
      <description>MUY JUSTO!!!!</description>
      
        
      <styleUrl>#poly-9C27B0-7000-77</styleUrl>
      
        
      <Polygon>
        
          
        <outerBoundaryIs>
          
            
          <LinearRing>
            
              
            <tessellate>1</tessellate>
            
              
            <coordinates>
                -2.130275,40.077936,0
                -2.130303,40.077868,0
                -2.130033,40.077795,0
                -2.129987,40.077866,0
                -2.130275,40.077936,0
              </coordinates>
            
            
          </LinearRing>
          
          
        </outerBoundaryIs>
        
        
      </Polygon>
      
      
    </Placemark>
    <Placemark>
      
        
      <name>PROHIBICIÓN CUENCA</name>
      
        
      <description>Placa de acceso restringido de 3,5T. Por si algún pasajero quiere que le subas al puente.</description>
      
        
      <styleUrl>#icon-1899-DB4436</styleUrl>
      
        
      <Point>
        
          
        <coordinates>
            -2.128073,40.076562,0
          </coordinates>
        
        
      </Point>
      
      
    </Placemark>
    <Placemark>
      
        
      <name>ℹ️SUBIDA A CUENCA </name>
      
        
      <description>RUTA PANORAMICA CUENCA RUTA PANORAMICA PERMITIDA POR EL AYUNTAMIENTO DE CUENCA CON EL AUTOCAR.</description>
      
        
      <styleUrl>#line-FFD600-4000</styleUrl>
      
        
      <LineString>
        
          
        <tessellate>1</tessellate>
        
          
        <coordinates>
            -2.128191,40.076616,0
            -2.127779,40.076974,0
            -2.127422,40.077361,0
            -2.127143,40.078261,0
            -2.127226,40.07952,0
            -2.127074,40.07972,0
            -2.126874,40.07977,0
            -2.1255554,40.0792758,0
            -2.124348,40.079172,0
            -2.123287,40.079168,0
            -2.120573,40.080581,0
            -2.119609,40.081254,0
            -2.119218,40.081326,0
            -2.118566,40.080916,0
            -2.117877,40.080682,0
            -2.116792,40.080795,0
            -2.1163463,40.0814611,0
            -2.1160848,40.0817458,0
            -2.116114,40.082128,0
            -2.115948,40.083089,0
            -2.115093,40.083799,0
            -2.114391,40.083983,0
            -2.113937,40.083955,0
            -2.113483,40.083742,0
            -2.112794,40.083267,0
            -2.112297,40.082988,0
            -2.111647,40.082858,0
            -2.1109662,40.0827641,0
            -2.110386,40.082753,0
            -2.109657,40.08335,0
            -2.109078,40.083853,0
            -2.1087006,40.0841619,0
            -2.108453,40.084236,0
            -2.106599,40.083863,0
            -2.105372,40.083876,0
            -2.104106,40.083598,0
            -2.103204,40.083682,0
            -2.102786,40.083781,0
            -2.102386,40.083826,0
            -2.1015,40.083524,0
            -2.100963,40.083411,0
            -2.099236,40.083485,0
            -2.098984,40.083397,0
            -2.098813,40.082966,0
            -2.098506,40.08229,0
            -2.098131,40.082092,0
            -2.0978529,40.0819523,0
            -2.09697,40.082096,0
            -2.096404,40.08233,0
            -2.0959409,40.0825744,0
            -2.09559,40.082892,0
            -2.095204,40.083112,0
            -2.094002,40.083122,0
            -2.093577,40.083165,0
            -2.0934724,40.0831483,0
            -2.093056,40.083338,0
            -2.092839,40.083521,0
            -2.092703,40.083735,0
            -2.09233,40.084552,0
            -2.0920488,40.0848956,0
            -2.0917036,40.085122,0
            -2.091142,40.085405,0
            -2.0909012,40.0854084,0
            -2.090646,40.085359,0
            -2.0898468,40.0850258,0
            -2.088924,40.084549,0
            -2.088503,40.084319,0
            -2.0883921,40.0842566,0
            -2.0881047,40.0841496,0
            -2.0875,40.084058,0
            -2.086965,40.084021,0
            -2.08646,40.083966,0
            -2.085874,40.083799,0
            -2.085331,40.08372,0
            -2.085123,40.083572,0
            -2.085,40.08339,0
            -2.084819,40.083313,0
            -2.084495,40.083276,0
            -2.084252,40.083332,0
            -2.08417,40.083386,0
            -2.084119,40.083426,0
            -2.084041,40.083512,0
            -2.084038,40.083546,0
            -2.0840064,40.0836489,0
            -2.084022,40.083757,0
            -2.084054,40.083964,0
            -2.0840871,40.0841393,0
            -2.0841493,40.0842194,0
            -2.0842106,40.0842807,0
            -2.084446,40.08449,0
            -2.0846388,40.0845964,0
            -2.0850801,40.0847901,0
            -2.085593,40.084928,0
            -2.08597,40.085104,0
            -2.0862712,40.0854581,0
            -2.086337,40.08561,0
            -2.0862505,40.0857311,0
            -2.0861102,40.0857697,0
            -2.0859115,40.0858248,0
            -2.0857614,40.0858514,0
            -2.0855179,40.0859512,0
            -2.0853162,40.0860826,0
            -2.0849425,40.0864595,0
            -2.0846428,40.0868389,0
            -2.0844816,40.0871084,0
            -2.0843805,40.0872966,0
            -2.0843352,40.0874769,0
            -2.084344,40.087589,0
            -2.0843641,40.0876576,0
            -2.08445,40.087697,0
            -2.0849434,40.0876856,0
            -2.085397,40.087783,0
            -2.085603,40.088106,0
            -2.085929,40.088452,0
            -2.086386,40.089183,0
            -2.085585,40.089964,0
            -2.085005,40.090364,0
            -2.084244,40.090599,0
            -2.083878,40.09077,0
            -2.084094,40.090842,0
            -2.085226,40.090784,0
            -2.085728,40.090464,0
            -2.086093,40.09031,0
            -2.086514,40.09027,0
            -2.08689,40.090345,0
            -2.087041,40.090322,0
            -2.087207,40.090161,0
            -2.087576,40.089773,0
            -2.088036,40.089408,0
            -2.088612,40.088726,0
            -2.088804,40.088455,0
            -2.089116,40.088304,0
            -2.089495,40.088324,0
            -2.09012,40.088758,0
            -2.090707,40.089124,0
            -2.090789,40.089173,0
            -2.09093,40.089141,0
            -2.091283,40.088742,0
            -2.09143,40.088621,0
            -2.09158,40.088583,0
            -2.09234,40.088314,0
            -2.092786,40.088232,0
            -2.093197,40.088226,0
            -2.09395,40.088512,0
            -2.094146,40.088379,0
            -2.094295,40.088132,0
            -2.094459,40.087543,0
            -2.094517,40.087288,0
            -2.094649,40.08689,0
            -2.095038,40.086741,0
            -2.095899,40.086734,0
            -2.096911,40.086331,0
            -2.098247,40.086688,0
            -2.098658,40.086645,0
            -2.099234,40.086326,0
            -2.099809,40.086362,0
            -2.100102,40.086305,0
            -2.100569,40.086051,0
            -2.100864,40.085972,0
            -2.101221,40.086138,0
            -2.101688,40.086532,0
            -2.101884,40.086582,0
            -2.102106,40.086455,0
            -2.102814,40.086178,0
            -2.10334,40.086367,0
            -2.103108,40.087621,0
            -2.103178,40.088334,0
            -2.103414,40.088497,0
            -2.103835,40.088463,0
            -2.104633,40.087754,0
            -2.105212,40.087459,0
            -2.10644,40.086868,0
            -2.107578,40.087129,0
            -2.108049,40.086984,0
            -2.108989,40.08719,0
            -2.109667,40.086623,0
            -2.110208,40.086554,0
            -2.111316,40.085495,0
            -2.112002,40.085568,0
            -2.112578,40.085854,0
            -2.11359,40.085921,0
            -2.114711,40.086686,0
            -2.115038,40.086554,0
            -2.115652,40.086136,0
            -2.117081,40.085328,0
            -2.11797,40.085181,0
            -2.118521,40.084987,0
            -2.119098,40.084641,0
            -2.119136,40.084161,0
            -2.119259,40.0839,0
            -2.119469,40.083679,0
            -2.120449,40.083324,0
            -2.12151,40.08325,0
            -2.122032,40.083291,0
            -2.122368,40.083076,0
            -2.122805,40.082709,0
            -2.123244,40.08243,0
            -2.123838,40.082123,0
            -2.123882,40.082065,0
            -2.123781,40.081967,0
          </coordinates>
        
        
      </LineString>
      
      
    </Placemark>
    <Placemark>
      
        
      <name>AREA NAVARRO / Épila (Zaragoza)</name>
      
        
      <description>AMPLIO APARCAMIENTO. AMPLIOS SALONES PARA PARAR CON PASAJEROS PARA COMER. Para desayunos no es muy recomendable parar. Invitan chofer con pasajeros.</description>
      
        
      <styleUrl>#icon-1577-795548</styleUrl>
      
        
      <Point>
        
          
        <coordinates>
            -1.238302,41.539125,0
          </coordinates>
        
        
      </Point>
      
      
    </Placemark>
    <Placemark>
      
        
      <name>APARCAMIENTO/ Cariño (A Coruña)</name>
      
        
      <description>Aparcamiento libre mixto en la población de Cariño</description>
      
        
      <styleUrl>#icon-1644-0288D1</styleUrl>
      
        
      <Point>
        
          
        <coordinates>
            -7.867024,43.739514,0
          </coordinates>
        
        
      </Point>
      
      
    </Placemark>
    <Placemark>
      
        
      <name>PALACIO DE LA OPERA / A Coruña </name>
      
        
      <description>Plazas reservadas para visitar el Palacio de la Ópera en La Coruña</description>
      
        
      <styleUrl>#icon-1532-7CB342</styleUrl>
      
        
      <Point>
        
          
        <coordinates>
            -8.410616,43.363503,0
          </coordinates>
        
        
      </Point>
      
      
    </Placemark>
    <Placemark>
      
        
      <name>APARCAMIENTO / Pontevedra </name>
      
        
      <description>Aparcamiento en linea en ambos lados de la calle.</description>
      
        
      <styleUrl>#icon-1644-0288D1</styleUrl>
      
        
      <Point>
        
          
        <coordinates>
            -8.639782,42.438672,0
          </coordinates>
        
        
      </Point>
      
      
    </Placemark>
    <Placemark>
      
        
      <name>INFO MOLINOS CONSUEGRA</name>
      
        
      <description>En inf. Turístico te dan un cartel para acceder de vehículo autorizado, si no lo tienen reservado o pagado, lo hacen allí mismo. Av. Castilla la Mancha, 45700 Consuegra, Toledo www.consuegra.es +34 925 47 57 31</description>
      
        
      <styleUrl>#icon-1608-3949AB</styleUrl>
      
        
      <Point>
        
          
        <coordinates>
            -3.606974,39.461652,0
          </coordinates>
        
        
      </Point>
      
      
    </Placemark>
    <Placemark>
      
        
      <name>APARCAMIENTO/ TALAVERA DE LA REINA</name>
      
        
      <description>Aparcamiento en el recinto Ferial</description>
      
        
      <styleUrl>#icon-1644-0288D1</styleUrl>
      
        
      <Point>
        
          
        <coordinates>
            -4.824872,39.959107,0
          </coordinates>
        
        
      </Point>
      
      
    </Placemark>
    <Placemark>
      
        
      <name>AREA DE MONTÉLIMAR (Fr)</name>
      
        
      <description><![CDATA[Area a 50km de Valence. Hay Mac'Donals, Cafeterías y máquinas expendedoras. Amplia y cómoda. """AVISO"""" hay que tener la tarjeta AUTOGRILL para que te inviten.]]></description>
      
        
      <styleUrl>#icon-1577-795548</styleUrl>
      
        
      <Point>
        
          
        <coordinates>
            4.782142,44.517254,0
          </coordinates>
        
        
      </Point>
      
      
    </Placemark>
    <Placemark>
      
        
      <name>AREA BUFFET LIBRE / GUISSONA</name>
      
        
      <description>Gran variedad de carnes // Calle dels Llacs, 4, 25210 Guissona, Lleida www.bonarea.com +34 973 55 11 00</description>
      
        
      <styleUrl>#icon-1577-795548</styleUrl>
      
        
      <Point>
        
          
        <coordinates>
            1.277429,41.781844,0
          </coordinates>
        
        
      </Point>
      
      
    </Placemark>
    <Placemark>
      
        
      <name>APARCAMIENTO / ALMERÍA </name>
      
        
      <description>Aparcamiento libre din vigilancia</description>
      
        
      <styleUrl>#icon-1644-0288D1</styleUrl>
      
        
      <Point>
        
          
        <coordinates>
            -2.443616,36.82526,0
          </coordinates>
        
        
      </Point>
      
      
    </Placemark>
    <Placemark>
      
        
      <name>MUSEO Minero 🏛/ Riotinto (Huelva)</name>
      
        
      <description>Aqui se aparca para el museo/ Pl. Ernest Lluch, 1, 21660 Minas de Riotinto, Huelva www.parquemineroderiotinto.es +34 959 59 00 25</description>
      
        
      <styleUrl>#icon-1636-A52714</styleUrl>
      
        
      <Point>
        
          
        <coordinates>
            -6.596062,37.693251,0
          </coordinates>
        
        
      </Point>
      
      
    </Placemark>
    <Placemark>
      
        
      <name>APARCAMIENTO / Chipiona</name>
      
        
      <description>Aqui puedes aparcar ,sin vigilar</description>
      
        
      <styleUrl>#icon-1644-0288D1</styleUrl>
      
        
      <Point>
        
          
        <coordinates>
            -6.423113,36.737023,0
          </coordinates>
        
        
      </Point>
      
      
    </Placemark>
    <Placemark>
      
        
      <name>CAMBIO DE SENTIDO ℹ️</name>
      
        
      <description>Aqui se da la vuelta sin problema, mas amplio que donde se dejan los pasajeros</description>
      
        
      <styleUrl>#icon-1608-3949AB</styleUrl>
      
        
      <Point>
        
          
        <coordinates>
            2.1927735,41.7171678,0
          </coordinates>
        
        
      </Point>
      
      
    </Placemark>
    <Placemark>
      
        
      <name>C Y D / Begur</name>
      
        
      <description>Punto donde puedes dejar y recoger el grupo </description>
      
        
      <styleUrl>#icon-1826-0F9D58</styleUrl>
      
        
      <Point>
        
          
        <coordinates>
            3.2047166,41.9540766,0
          </coordinates>
        
        
      </Point>
      
      
    </Placemark>
    <Placemark>
      
        
      <name>FARO DE SAN SEBASTIÁN </name>
      
        
      <description>En este punto se dejan se recogen y tienes que dar la vuelta</description>
      
        
      <styleUrl>#icon-1826-0F9D58</styleUrl>
      
        
      <Point>
        
          
        <coordinates>
            3.2024357,41.8986233,0
          </coordinates>
        
        
      </Point>
      
      
    </Placemark>
    <Placemark>
      
        
      <name>COLEGIO Nicolás Del Río / Cedeira (A Coruña) </name>
      
        
      <description>a, Camiño Real da Magdalena, 5, 15350 Cedeira, A Coruña www.xunta.es +34 881 93 00 91</description>
      
        
      <styleUrl>#icon-1682-FFD600</styleUrl>
      
        
      <Point>
        
          
        <coordinates>
            -8.0533201,43.6592209,0
          </coordinates>
        
        
      </Point>
      
      
    </Placemark>
    <Placemark>
      
        
      <name>GALLETAS RIFACLI / Montblanc (Tarragona)</name>
      
        
      <description>Aceptan grupos degustación de sus galletas. Detalle con chofer y guía de un bote de galletas.</description>
      
        
      <styleUrl>#icon-1769-000000</styleUrl>
      
        
      <Point>
        
          
        <coordinates>
            1.1643569,41.3853246,0
          </coordinates>
        
        
      </Point>
      
      
    </Placemark>
    <Placemark>
      
        
      <name>ALBERGUE Sta María del Mar 🚸 / Comarruga (Tarragona)</name>
      
        
      <description>Se sube bien aunque suelen estar los turismos en la rotonda de entrada al albergue</description>
      
        
      <styleUrl>#icon-1682-673AB7</styleUrl>
      
        
      <Point>
        
          
        <coordinates>
            1.5304154,41.183587,0
          </coordinates>
        
        
      </Point>
      
      
    </Placemark>
    <Placemark>
      
        
      <name>ENTRADA ALBERGUE Sta María del Mar / Comarruga (Tarragona)</name>
      
        
      <description>Entrada ALBERGUE OJO los turismos en la rotonda </description>
      
        
      <styleUrl>#line-FFD600-4100</styleUrl>
      
        
      <LineString>
        
          
        <tessellate>1</tessellate>
        
          
        <coordinates>
            1.5316932,41.1826947,0
            1.5316811,41.1827283,0
            1.5316648,41.1828113,0
            1.5316522,41.1828845,0
            1.5315799,41.1829325,0
            1.5315392,41.1829561,0
            1.5315259,41.1829978,0
            1.5314791,41.1830971,0
            1.531424,41.1831312,0
            1.5313605,41.1831366,0
            1.5312669,41.1831038,0
            1.531013,41.1829856,0
            1.5308735,41.182931,0
            1.5307293,41.1829123,0
            1.5306423,41.1830128,0
            1.5307174,41.1830939,0
            1.5313659,41.1833362,0
            1.5314333,41.1833985,0
            1.531472,41.1834923,0
            1.5313862,41.1836259,0
            1.5311239,41.1837022,0
            1.530965,41.1837453,0
            1.5307454,41.183853,0
            1.5305767,41.1838251,0
            1.5304927,41.1837906,0
            1.5304587,41.1837291,0
            1.5304471,41.1836888,0
            1.5304492,41.1836273,0
          </coordinates>
        
        
      </LineString>
      
      
    </Placemark>
    <Placemark>
      
        
      <name>ÁREA SERVICIO El Mèdol / Altafulla (Tarragona)</name>
      
        
      <description>Buen área de servicio antes de llegar a Tarragona. Invitan al chófer aunque lleves escolares. Un detalle por su parte ,buen trato.</description>
      
        
      <styleUrl>#icon-1577-795548</styleUrl>
      
        
      <Point>
        
          
        <coordinates>
            1.3456935,41.1410673,0
          </coordinates>
        
        
      </Point>
      
      
    </Placemark>
    <Placemark>
      
        
      <name>RCDE Espanyol / Cornellà de Llobregat</name>
      
        
      <description>Av. del Baix Llobregat, 100, 08940 Cornellà de Llobregat, Barcelona www.rcdespanyol.com +34 932 92 77 00</description>
      
        
      <styleUrl>#icon-1899-DB4436</styleUrl>
      
        
      <Point>
        
          
        <coordinates>
            2.0742933,41.3467304,0
          </coordinates>
        
        
      </Point>
      
      
    </Placemark>
    <Placemark>
      
        
      <name>Nou Estadi Costa Daurada ⚽️ / Gimnástic de Tarragona </name>
      
        
      <description>Partida Budallera, s/n, 43007 Tarragona www.gimnasticdetarragona.cat +34 977 21 51 03</description>
      
        
      <styleUrl>#icon-1899-DB4436</styleUrl>
      
        
      <Point>
        
          
        <coordinates>
            1.2725747,41.1259513,0
          </coordinates>
        
        
      </Point>
      
      
    </Placemark>
    <Placemark>
      
        
      <name>ESTADIO  Municipal de Reus ⚽️</name>
      
        
      <description>Carrer de Recasens i Mercadé, 43206 Reus, Tarragona+34 877 01 39 78</description>
      
        
      <styleUrl>#icon-1899-DB4436</styleUrl>
      
        
      <Point>
        
          
        <coordinates>
            1.0855333,41.1559877,0
          </coordinates>
        
        
      </Point>
      
      
    </Placemark>
    <Placemark>
      
        
      <name>Estadio de la Cerámica / Villarreal C.F</name>
      
        
      <description>Carrer Blasco Ibáñez, 2, 12540 Vila-real, Castelló villarrealcf.es +34 964 50 02 50</description>
      
        
      <styleUrl>#icon-1899-DB4436</styleUrl>
      
        
      <Point>
        
          
        <coordinates>
            -0.1039637,39.9445186,0
          </coordinates>
        
        
      </Point>
      
      
    </Placemark>
    <Placemark>
      
        
      <name>Estadio de Mestalla / Valencia CF</name>
      
        
      <description>Av. de Suècia, s/n, 46010 València, Valencia www.valenciacf.com +34 963 37 26 26</description>
      
        
      <styleUrl>#icon-1899-DB4436</styleUrl>
      
        
      <Point>
        
          
        <coordinates>
            -0.3569159,39.47438,0
          </coordinates>
        
        
      </Point>
      
      
    </Placemark>
    <Placemark>
      
        
      <name>Estadio Ciudad de Valencia / Levante UD</name>
      
        
      <description>C/ de Sant Vicent de Paül, 44, 46019 València, Valencia www.levanteud.com +34 963 37 95 30</description>
      
        
      <styleUrl>#icon-1899-DB4436</styleUrl>
      
        
      <Point>
        
          
        <coordinates>
            -0.363966,39.495708,0
          </coordinates>
        
        
      </Point>
      
      
    </Placemark>
    <Placemark>
      
        
      <name>APARCAMIENTO / Almería </name>
      
        
      <description>Aparcamiento en el Estadio Municipal de Rugby Juan Rojas.</description>
      
        
      <styleUrl>#icon-1644-0288D1</styleUrl>
      
        
      <Point>
        
          
        <coordinates>
            -2.4455052,36.8613963,0
          </coordinates>
        
        
      </Point>
      
      
    </Placemark>
    <Placemark>
      
        
      <name>C Y D / Almería </name>
      
        
      <description>C Y D en el Estadio Juan Rojas</description>
      
        
      <styleUrl>#icon-1826-0F9D58</styleUrl>
      
        
      <Point>
        
          
        <coordinates>
            -2.4447355,36.8621055,0
          </coordinates>
        
        
      </Point>
      
      
    </Placemark>
    <Placemark>
      
        
      <name>ÁREA SERVICIO Castelo Branco (PO)</name>
      
        
      <description>Buen área de descanso para hacer los 45 minutos lavabos grandes.</description>
      
        
      <styleUrl>#icon-1577-795548</styleUrl>
      
        
      <Point>
        
          
        <coordinates>
            -7.4864928,39.8878383,0
          </coordinates>
        
        
      </Point>
      
      
    </Placemark>
    <Placemark>
      
        
      <name>ESTADIO Metropolitano At. Madrid / Madrid </name>
      
        
      <description>Estadio Cívitas Metropolitano, Av. de Luis Aragonés, 4, 28022 Madrid</description>
      
        
      <styleUrl>#icon-1899-DB4436</styleUrl>
      
        
      <Point>
        
          
        <coordinates>
            -3.5972133,40.4365329,0
          </coordinates>
        
        
      </Point>
      
      
    </Placemark>
    <Placemark>
      
        
      <name>INFO Cartegena : PROHIBICIÓN 12,5T (Excepto Terminal Cruceros)</name>
      
        
      <description>Prohibido Paseo Alfonso XIII más de 12,5T Excepto Para ir a la Terminal de Cruceros.</description>
      
        
      <styleUrl>#icon-1608-3949AB</styleUrl>
      
        
      <Point>
        
          
        <coordinates>
            -0.976975,37.5993388,0
          </coordinates>
        
        
      </Point>
      
      
    </Placemark>
    <Placemark>
      
        
      <name>ENTORNO RURAL Can Pou 🏡 /Sant Antoni de Vilamajor (Barcelona)</name>
      
        
      <description>Sin problemas de aparcamiento, llevate libro tablet o pelis para hacer algo. NO hay bar</description>
      
        
      <styleUrl>#icon-1682-673AB7</styleUrl>
      
        
      <Point>
        
          
        <coordinates>
            2.4111925,41.6572245,0
          </coordinates>
        
        
      </Point>
      
      
    </Placemark>
    <Placemark>
      
        
      <name>CAMBIO SENTIDO / Salinas de Añana (Álava)</name>
      
        
      <description>Cruce para pode hacer el cambio de swntido si fuera necesario </description>
      
        
      <styleUrl>#icon-1770-424242</styleUrl>
      
        
      <Point>
        
          
        <coordinates>
            -2.9654919,42.7983029,0
          </coordinates>
        
        
      </Point>
      
      
    </Placemark>
    <Placemark>
      
        
      <name>C Y D - Ruiz de Alarcón ( 5Min) 🔄 / Madrid</name>
      
        
      <description>Calle De Ruiz de Alarcón TIEMPO MAX 5 Min.</description>
      
        
      <styleUrl>#icon-1826-E65100</styleUrl>
      
        
      <Point>
        
          
        <coordinates>
            -3.6914516,40.4149645,0
          </coordinates>
        
        
      </Point>
      
      
    </Placemark>
    <Placemark>
      
        
      <name>C Y D - C/ Felipe IV (15Min) 🔄 / Madrid</name>
      
        
      <description>Calle de Felipe IV / Tiempo Max15 Min.</description>
      
        
      <styleUrl>#icon-1826-0F9D58</styleUrl>
      
        
      <Point>
        
          
        <coordinates>
            -3.6925498,40.4151785,0
          </coordinates>
        
        
      </Point>
      
      
    </Placemark>
    <Placemark>
      
        
      <name><![CDATA[GRANJA ESCUELA Can Mas Pascual 🚸 / Lliça D'Amunt (Barcelona)]]></name>
      
        
      <description><![CDATA[Se puede entrar buen y dar la vuelta sin problemas / Carrer Ctra. de Palaudaries,Lliçà d'Amunt, Barcelona www.aularuralpalaudaries.cat +34 938 64 53 03]]></description>
      
        
      <styleUrl>#icon-1682-673AB7</styleUrl>
      
        
      <Point>
        
          
        <coordinates>
            2.2019451,41.5950719,0
          </coordinates>
        
        
      </Point>
      
      
    </Placemark>
    <Placemark>
      
        
      <name>CEO De Boecillo 🚸 / Boecillo (Valladolid)</name>
      
        
      <description>C. Hoces del Duratón, 47151 Boecillo, Valladolid+34 983 55 22 01</description>
      
        
      <styleUrl>#icon-1682-F9A825</styleUrl>
      
        
      <Point>
        
          
        <coordinates>
            -4.6952746,41.54694,0
          </coordinates>
        
        
      </Point>
      
      
    </Placemark>
    <Placemark>
      
        
      <name>APARCAMIENTO 🅿️ / Cistérniga (Valladolid)</name>
      
        
      <description>Aparcamiento de tierra gratuito mixto en Cistérniga.</description>
      
        
      <styleUrl>#icon-1644-0288D1</styleUrl>
      
        
      <Point>
        
          
        <coordinates>
            -4.6718173,41.5998138,0
          </coordinates>
        
        
      </Point>
      
      
    </Placemark>
    <Placemark>
      
        
      <name>El Pastoret de la Segarra S.L. 🍮/ Sant Guim de Freixenet (Lérida)</name>
      
        
      <description>Yogures Artesanales El Pastoret de la Segarra S.L. Pol. Ind. Bosc del Ferran, 25270 Sant Guim de Freixenet, Lérida www.pastoret.com +34 973 55 60 39</description>
      
        
      <styleUrl>#icon-1502-C2185B</styleUrl>
      
        
      <Point>
        
          
        <coordinates>
            1.4116824,41.6547464,0
          </coordinates>
        
        
      </Point>
      
      
    </Placemark>
    <Placemark>
      
        
      <name>IES Masquefa 🚸 / Masquefa (Barcelona)</name>
      
        
      <description>Plazas reservadas Instituto. Puedes aparcar fuera horario escolar.</description>
      
        
      <styleUrl>#icon-1682-FFD600</styleUrl>
      
        
      <Point>
        
          
        <coordinates>
            1.8130088,41.4978551,0
          </coordinates>
        
        
      </Point>
      
      
    </Placemark>
    <Placemark>
      
        
      <name>IES Llagostera 🚸 / Llagostera (Girona)</name>
      
        
      <description>Instituto / Av. del Gironès, 51, 17240 Llagostera, Girona www.agora.xtec.catv+34 972 83 15 93</description>
      
        
      <styleUrl>#icon-1682-FFD600</styleUrl>
      
        
      <Point>
        
          
        <coordinates>
            2.8985794,41.8214488,0
          </coordinates>
        
        
      </Point>
      
      
    </Placemark>
    <Placemark>
      
        
      <name>Montjuïc Girona International School - MGIS SCHOOL 🚸 / Girona</name>
      
        
      <description>Entras dentro a la Pista para C Y D / Se sale de culo. / Montjuïc Girona International School - MGIS SCHOOL</description>
      
        
      <styleUrl>#icon-1682-FFD600</styleUrl>
      
        
      <Point>
        
          
        <coordinates>
            2.8370204,41.9953395,0
          </coordinates>
        
        
      </Point>
      
      
    </Placemark>
    <Placemark>
      
        
      <name>VECTALIA ✔️ / Perpignan (FR)</name>
      
        
      <description>420 Rue Santos-Dumont, 66000 Perpignan, Francia+33 4 68 55 05 02</description>
      
        
      <styleUrl>#icon-1532-000000</styleUrl>
      
        
      <Point>
        
          
        <coordinates>
            2.8660805,42.7342402,0
          </coordinates>
        
        
      </Point>
      
      
    </Placemark>
    <Placemark>
      
        
      <name>VECTALIA Béziers Méditerranée ✔️ Béziers (FR)</name>
      
        
      <description>Cocheras VECTALIA/ Rue André Blondel, 34500 Béziers, Francia www.beemob.fr +33 800 80 80 80</description>
      
        
      <styleUrl>#icon-1532-000000</styleUrl>
      
        
      <Point>
        
          
        <coordinates>
            3.2573107,43.3300531,0
          </coordinates>
        
        
      </Point>
      
      
    </Placemark>
    <Placemark>
      
        
      <name>ESTACIÓN AVE Delicias / Zaragoza </name>
      
        
      <description>C Y D Pasajeros del AVE / Estación de Las Delicuas de Zaragoza </description>
      
        
      <styleUrl>#icon-1717-AFB42B</styleUrl>
      
        
      <Point>
        
          
        <coordinates>
            -0.9138507,41.6593081,0
          </coordinates>
        
        
      </Point>
      
      
    </Placemark>
    <Placemark>
      
        
      <name>CAMPING EL Teularet🏕 / Enguera (Valencia)</name>
      
        
      <description><![CDATA[Imposible llegar cin coches de 15m. Los de 13 ya pasan justo / Partida El Teularet s/n CV - 589, 46811 Enguera, Valencia <br>www.naturjove.es <br>+34 962 21 71 88]]></description>
      
        
      <styleUrl>#icon-1765-006064</styleUrl>
      
        
      <Point>
        
          
        <coordinates>
            -0.8405129,38.9231151,0
          </coordinates>
        
        
      </Point>
      
      
    </Placemark>
    <Placemark>
      
        
      <name>Centro De Naturaleza El Remolino🚸 / Cazalla de la Sierra (Sevilla)</name>
      
        
      <description>Se recomienda no entrar con coche grande  dejar o recoger en este punto /  Cazalla de la Sierra, Sevilla www.elremolino.es +34 954 88 49 02</description>
      
        
      <styleUrl>#icon-1682-673AB7</styleUrl>
      
        
      <Point>
        
          
        <coordinates>
            -5.7449415,37.9454507,0
          </coordinates>
        
        
      </Point>
      
      
    </Placemark>
    <Placemark>
      
        
      <name>C.INTERPRETACIÓN Dinosaurios 🅿️ /  Fumanya (Barcelona)</name>
      
        
      <description>Fumanya, Barcelona www.dinosauresfumanya.com +34 938 24 90 25</description>
      
        
      <styleUrl>#icon-1502-C2185B</styleUrl>
      
        
      <Point>
        
          
        <coordinates>
            1.7944403,42.1788656,0
          </coordinates>
        
        
      </Point>
      
      
    </Placemark>
    <Placemark>
      
        
      <name>CAMBIO DE SENTIDO ℹ️ / Barcelona </name>
      
        
      <description>Aqui haces el cambio de sentido / Cuando pases por debajo del Túnel levantalo para que no te toque.</description>
      
        
      <styleUrl>#icon-1563-424242</styleUrl>
      
        
      <Point>
        
          
        <coordinates>
            2.1817874,41.3750051,0
          </coordinates>
        
        
      </Point>
      
      
    </Placemark>
    <Placemark>
      
        
      <name>Camino de Ronda 🚶‍♂️/ Altafulla (Tarragona)</name>
      
        
      <description>Lugar donde puedes dejarlos para que hagan el camino de Ronda de Tarragona. Delante Camping Santa Eulalia.</description>
      
        
      <styleUrl>#icon-1597-1A237E</styleUrl>
      
        
      <Point>
        
          
        <coordinates>
            1.3827996,41.1386728,0
          </coordinates>
        
        
      </Point>
      
      
    </Placemark>
    <Placemark>
      
        
      <name>Camino de Ronda 🚶‍♂️/ Playa Larga (Tarragona)</name>
      
        
      <description>Plays Larga lugar donde puedes recoger lis grupos si hacen Camino de Ronda de Tarragona.</description>
      
        
      <styleUrl>#icon-1596-1A237E</styleUrl>
      
        
      <Point>
        
          
        <coordinates>
            1.3032941,41.1296215,0
          </coordinates>
        
        
      </Point>
      
      
    </Placemark>
    <Placemark>
      
        
      <name>RUTA PARC DELS OLORS ℹ️</name>
      
        
      <description>Ruta de entrada y salida al Parc dels Olors, no te fies por donde te marca el GPS que te quedas pillado en un de las calles de la urbanización (No serias el primero)</description>
      
        
      <styleUrl>#line-F9A825-4658</styleUrl>
      
        
      <LineString>
        
          
        <tessellate>1</tessellate>
        
          
        <coordinates>
            2.2075609,41.6568,0
            2.2076065,41.6567235,0
            2.207711,41.6566128,0
            2.2078885,41.6564794,0
            2.2083046,41.6564414,0
            2.2086848,41.6564636,0
            2.2092947,41.6565346,0
            2.2100387,41.6562803,0
            2.2107795,41.6560432,0
            2.2110385,41.6558828,0
            2.2113647,41.6556401,0
            2.2113979,41.6556169,0
            2.2114486,41.6556049,0
            2.2118398,41.6556502,0
            2.2121474,41.6556729,0
            2.2122815,41.6556271,0
            2.2123923,41.6555046,0
            2.2128372,41.6550592,0
            2.2136042,41.6542854,0
            2.214109,41.6537122,0
            2.2145411,41.6531449,0
            2.2151018,41.6523759,0
            2.2153089,41.6520742,0
            2.21563,41.6517942,0
            2.2158185,41.6516385,0
            2.2159919,41.651482,0
            2.2162132,41.6512316,0
            2.2163398,41.6509012,0
            2.2166041,41.650197,0
            2.2169612,41.6493112,0
            2.2171475,41.6488677,0
          </coordinates>
        
        
      </LineString>
      
      
    </Placemark>
    <Placemark>
      
        
      <name>Fábrica García Baquero ✴️ / Alcázar de San Juan (Ciudad Real)</name>
      
        
      <description>Tienda García Baquero ,Aceptan Grupos / Polígono Industrial Alces, Alcázar de San Juan, Ciudad Real</description>
      
        
      <styleUrl>#icon-1651-FF5252</styleUrl>
      
        
      <Point>
        
          
        <coordinates>
            -3.2174983,39.401156,0
          </coordinates>
        
        
      </Point>
      
      
    </Placemark>
    <Placemark>
      
        
      <name>PROHIBIDO 15Metros ⛔️ / Santiago de Compostela</name>
      
        
      <description>NO entres con 15 Metros hay un desnivel que te tocará el culo. 13 Metros si no toca va muy justo. Entrar por C/ Rua de Cracovia.</description>
      
        
      <styleUrl>#icon-1898-C2185B</styleUrl>
      
        
      <Point>
        
          
        <coordinates>
            -8.5373611,42.8739907,0
          </coordinates>
        
        
      </Point>
      
      
    </Placemark>
    <Placemark>
      
        
      <name>INFO ℹ️ / Biarritz  (FR)</name>
      
        
      <description>Solo puedes entrar si vas al acuario / Pilonas con código. </description>
      
        
      <styleUrl>#icon-1608-3949AB</styleUrl>
      
        
      <Point>
        
          
        <coordinates>
            -1.5565383,43.4854188,0
          </coordinates>
        
        
      </Point>
      
      
    </Placemark>
    <Placemark>
      
        
      <name>COLEGIO Castillo de Anzur 🚸 / Puente Genil (Córdoba)</name>
      
        
      <description>C. Montalbán, 0,Puente Genil, Córdoba +34 957 61 89 31</description>
      
        
      <styleUrl>#icon-1682-FFD600</styleUrl>
      
        
      <Point>
        
          
        <coordinates>
            -4.766903,37.3947156,0
          </coordinates>
        
        
      </Point>
      
      
    </Placemark>
    <Placemark>
      
        
      <name>RUTA Entrada y salida Nacimiento Llobregat ℹ️</name>
      
        
      <description><![CDATA[Camino de tierra y con muchos arboles si vienen coches es estrecho. Si no quieres complicarte dejalos en Castellar de N'ug]]></description>
      
        
      <styleUrl>#line-F9A825-5453</styleUrl>
      
        
      <LineString>
        
          
        <tessellate>1</tessellate>
        
          
        <coordinates>
            2.0065372,42.277626,0
            2.0063068,42.2778233,0
            2.0062201,42.278048,0
            2.0060958,42.2784626,0
            2.0059794,42.2786833,0
            2.0057905,42.2788318,0
            2.0055347,42.2790132,0
            2.0054313,42.2791503,0
            2.0053489,42.2793101,0
            2.0053154,42.2794889,0
            2.0054006,42.2796129,0
            2.0055862,42.2797286,0
            2.0058349,42.2797961,0
            2.0061525,42.2798887,0
            2.0064611,42.2799383,0
            2.0067632,42.280024,0
            2.0070366,42.2799699,0
            2.0072982,42.2798922,0
            2.0075376,42.2798942,0
            2.0077028,42.2799823,0
            2.0078234,42.2801324,0
            2.0079063,42.2804327,0
            2.008063,42.2805396,0
            2.0082227,42.2805874,0
            2.0086388,42.2806143,0
            2.0091823,42.2806996,0
            2.0096341,42.2807356,0
            2.0101912,42.2807818,0
            2.0105983,42.2808766,0
            2.0110365,42.2810023,0
            2.0112843,42.2810798,0
            2.0113291,42.281072,0
            2.0113981,42.2810733,0
            2.0114278,42.2810735,0
            2.0114836,42.2810875,0
            2.0115522,42.2811105,0
          </coordinates>
        
        
      </LineString>
      
      
    </Placemark>
    <Placemark>
      
        
      <name>SCANIA 🛠️ / Ribarroja de Túria (Valencia)</name>
      
        
      <description>Av. dels Gremis, 42, 46394 Riba-roja de Túria, Valencia www.scania.com +34 961 66 95 95</description>
      
        
      <styleUrl>#icon-1590-1A237E</styleUrl>
      
        
      <Point>
        
          
        <coordinates>
            -0.5647982,39.4740129,0
          </coordinates>
        
        
      </Point>
      
      
    </Placemark>
    <Placemark>
      
        
      <name>BUFFET Libre Escudero 🍽️ / La Jonquera (Girona)</name>
      
        
      <description>Gran Buffet libre de La Jonquera / aceptan Grupos llamar para reservar. Lleva libro Ruta y te ingresan saldo en tarjeta para gastarlo en el centro comercial.</description>
      
        
      <styleUrl>#icon-1577-795548</styleUrl>
      
        
      <Point>
        
          
        <coordinates>
            2.8798885,42.4029582,0
          </coordinates>
        
        
      </Point>
      
      
    </Placemark>
    <Placemark>
      
        
      <name>LAVADERO 💧/ Montblanc (Tarragona)</name>
      
        
      <description>Lavadero a Pistola afueras Montblanc</description>
      
        
      <styleUrl>#icon-1703-0097A7</styleUrl>
      
        
      <Point>
        
          
        <coordinates>
            1.1415193,41.3913234,0
          </coordinates>
        
        
      </Point>
      
      
    </Placemark>
    <Placemark>
      
        
      <name>OCIO AVENTURA Sitges 🎡 / Sitges (Barcelona)</name>
      
        
      <description><![CDATA[Camí Mas d'en Puig, s/n, 08870 Sitges, Barcelona www.ocioaventurasitges.com +34 622 11 33 93]]></description>
      
        
      <styleUrl>#icon-1502-C2185B</styleUrl>
      
        
      <Point>
        
          
        <coordinates>
            1.8182718,41.2427222,0
          </coordinates>
        
        
      </Point>
      
      
    </Placemark>
  </Document>
</kml>
