<?xml version="1.0" encoding="utf-8"?>
<kml xmlns="http://www.opengis.net/kml/2.2">
  <Document>
    <Placemark>
      
        
      <name>PARKING 🅿️ / Nerja (Málaga)</name>
      
        
      <description>Para hacer la espera y aparcar sin problema</description>
      
        
      <styleUrl>#icon-1644-0288D1</styleUrl>
      
        
      <Point>
        
          
        <coordinates>
            -3.872454,36.757685,0
          </coordinates>
        
        
      </Point>
      
      
    </Placemark>
    <Placemark>
      
        
      <name>PARKING 🅿️ / Mijas (Málaga)</name>
      
        
      <description>NUEVO Parking en Mijas en las Canteras/ ya no dejan aparcar en el pueblo| NO HAYA NINGUN SERVICIO DE NADA</description>
      
        
      <styleUrl>#icon-1644-0288D1</styleUrl>
      
        
      <Point>
        
          
        <coordinates>
            -4.6352537,36.6029461,0
          </coordinates>
        
        
      </Point>
      
      
    </Placemark>
    <Placemark>
      
        
      <name>PARKING 🅿️ / Torremolinos (Málaga)</name>
      
        
      <description><![CDATA[EXPLANADA DE TIERRA AUTORIZADA POR EL AYUNTAMIETO . "AVISO" EN CASO DE LLUVIA TE PUEDES QUEDAR PILLADO EN EL BARRO Y NO SALIR. por lluvia se puede ir a la calle mexico donde el palacio de congresos.]]></description>
      
        
      <styleUrl>#icon-1644-0288D1</styleUrl>
      
        
      <Point>
        
          
        <coordinates>
            -4.504335,36.630402,0
          </coordinates>
        
        
      </Point>
      
      
    </Placemark>
    <Placemark>
      
        
      <name>PARKING🅿️ / Collformic- Matagalls (Barcelona)</name>
      
        
      <description>Parking Mixto suele estar lleno por los excursionistas y los del restante. Pero no hay otro</description>
      
        
      <styleUrl>#icon-1644-0288D1</styleUrl>
      
        
      <Point>
        
          
        <coordinates>
            2.347338,41.80115,0
          </coordinates>
        
        
      </Point>
      
      
    </Placemark>
    <Placemark>
      
        
      <name>PARKING 🅿️ / Setcases (Girona)</name>
      
        
      <description>No tienes otro sitio aquí te quedas los bajas los subes y con suerte tienes sitio un finde.</description>
      
        
      <styleUrl>#icon-1644-0288D1</styleUrl>
      
        
      <Point>
        
          
        <coordinates>
            2.301975,42.374583,0
          </coordinates>
        
        
      </Point>
      
      
    </Placemark>
    <Placemark>
      
        
      <name>PARKING Cremallera 🅿️ / Ribes de Freser (Girona)</name>
      
        
      <description>Aquí se dejan y se recogen, puedes entrar de culo ya que el Giro es complicado o más adelante haces un cambio de sentido y encaras la estación de frente</description>
      
        
      <styleUrl>#icon-1644-0288D1</styleUrl>
      
        
      <Point>
        
          
        <coordinates>
            2.16564,42.298884,0
          </coordinates>
        
        
      </Point>
      
      
    </Placemark>
    <Placemark>
      
        
      <name>PARKING 🅿️ / Castellón de La Plana (Valencia)</name>
      
        
      <description>Puedes aparcar para hacer tiempo de espera. ZONA comercial</description>
      
        
      <styleUrl>#icon-1644-0288D1</styleUrl>
      
        
      <Point>
        
          
        <coordinates>
            -0.019299,39.98151,0
          </coordinates>
        
        
      </Point>
      
      
    </Placemark>
    <Placemark>
      
        
      <name>PARKING MIXTO 🅿️/ Ripoll (Girona)</name>
      
        
      <description>Aparcamiento de camiones si puedes aparcar para la espera de la visita</description>
      
        
      <styleUrl>#icon-1644-0288D1</styleUrl>
      
        
      <Point>
        
          
        <coordinates>
            2.195859,42.189896,0
          </coordinates>
        
        
      </Point>
      
      
    </Placemark>
    <Placemark>
      
        
      <name>APARCAMIENTO 🅿️ / Lisboa (PO)</name>
      
        
      <description>Parking libre en Avenida Alameda Edgar Cardoso Frente parque Eduardo VIII</description>
      
        
      <styleUrl>#icon-1644-0288D1</styleUrl>
      
        
      <Point>
        
          
        <coordinates>
            -9.154787,38.727401,0
          </coordinates>
        
        
      </Point>
      
      
    </Placemark>
    <Placemark>
      
        
      <name>APARCAMIENTO 🅿️ / Fuengirola (Málaga)</name>
      
        
      <description>Fuengirola | Parking LIBRE | Esplanada | NO APARCAR EL DOMINGO POR MERCADILLO</description>
      
        
      <styleUrl>#icon-1644-0288D1</styleUrl>
      
        
      <Point>
        
          
        <coordinates>
            -4.62711,36.530974,0
          </coordinates>
        
        
      </Point>
      
      
    </Placemark>
    <Placemark>
      
        
      <name>APARCAMIENTO 🅿️ / Cartagena</name>
      
        
      <description>Parking esplanada al lado campo fútbol</description>
      
        
      <styleUrl>#icon-1644-0288D1</styleUrl>
      
        
      <Point>
        
          
        <coordinates>
            -0.997312,37.609912,0
          </coordinates>
        
        
      </Point>
      
      
    </Placemark>
    <Placemark>
      
        
      <name>PARKING 🅿️ / Orihuela (Alicante)</name>
      
        
      <description>Recinto Ferial Los Huertos /// OJO EL MARTES PONEN MERCADILLO</description>
      
        
      <styleUrl>#icon-1644-0288D1</styleUrl>
      
        
      <Point>
        
          
        <coordinates>
            -0.93724,38.087842,0
          </coordinates>
        
        
      </Point>
      
      
    </Placemark>
    <Placemark>
      
        
      <name>APARCAMIENTO 🅿️ / Cádiz </name>
      
        
      <description>Parking en Polígono pero lejos del centro</description>
      
        
      <styleUrl>#icon-1644-0288D1</styleUrl>
      
        
      <Point>
        
          
        <coordinates>
            -6.264325,36.49182,0
          </coordinates>
        
        
      </Point>
      
      
    </Placemark>
    <Placemark>
      
        
      <name>APARCAMIENTO 🅿️ / Trevélez (Granada)</name>
      
        
      <description>Parking gratuito no se puede entrar cuando hay mercadillo</description>
      
        
      <styleUrl>#icon-1644-0288D1</styleUrl>
      
        
      <Point>
        
          
        <coordinates>
            -3.268492,37.002093,0
          </coordinates>
        
        
      </Point>
      
      
    </Placemark>
    <Placemark>
      
        
      <name>PARKING 🅿️/ Castellón (Valencia)</name>
      
        
      <description>Aparcamiento libre a ambos lados de la avenida // VISITA A LA BASÍLICA</description>
      
        
      <styleUrl>#icon-1644-0288D1</styleUrl>
      
        
      <Point>
        
          
        <coordinates>
            -0.022618,39.995702,0
          </coordinates>
        
        
      </Point>
      
      
    </Placemark>
    <Placemark>
      
        
      <name>PARKING (Pago) 💰 / Alicante</name>
      
        
      <description>Av. de Loring, 2680, 03003 Alicante (Alacant), Alicante</description>
      
        
      <styleUrl>#icon-1513-1A237E</styleUrl>
      
        
      <Point>
        
          
        <coordinates>
            -0.490054,38.338101,0
          </coordinates>
        
        
      </Point>
      
      
    </Placemark>
    <Placemark>
      
        
      <name>PARKING BUS ✅️ / Sitges (Barcelona)</name>
      
        
      <description>Parking En linea Libre</description>
      
        
      <styleUrl>#icon-1532-7CB342</styleUrl>
      
        
      <Point>
        
          
        <coordinates>
            1.802928,41.23998,0
          </coordinates>
        
        
      </Point>
      
      
    </Placemark>
    <Placemark>
      
        
      <name><![CDATA[PARKING BUS COVES S.JOSEP / LA VALL D'UIXÓ]]></name>
      
        
      <description>Paratge de, Pl. San José, s/n, 12600 Vall de Uxó, Castellónwww.covesdesantjosep.es+34 964 69 05 76</description>
      
        
      <styleUrl>#icon-1535-757575</styleUrl>
      
        
      <Point>
        
          
        <coordinates>
            -0.250563,39.822904,0
          </coordinates>
        
        
      </Point>
      
      
    </Placemark>
    <Placemark>
      
        
      <name>C Y D 🔄 / Sitges (Barcelona)</name>
      
        
      <description>Puedes dejarlos aquí o en el mismo parking de arriba</description>
      
        
      <styleUrl>#icon-1826-0F9D58</styleUrl>
      
        
      <Point>
        
          
        <coordinates>
            1.806823,41.238899,0
          </coordinates>
        
        
      </Point>
      
      
    </Placemark>
    <Placemark>
      
        
      <name>PARKING DE PAGO MONTSERRAT</name>
      
        
      <description>Prepara 80 pavos. si llegas pronto seguro tuenes sitio, si no tienes que buscar sitio direccion a la salida</description>
      
        
      <styleUrl>#icon-1670-F57C00</styleUrl>
      
        
      <Point>
        
          
        <coordinates>
            1.840807,41.594638,0
          </coordinates>
        
        
      </Point>
      
      
    </Placemark>
    <Placemark>
      
        
      <name>MINAS DE SAL (Parking) / Cardona</name>
      
        
      <description>PARKING MIXTO/ DEJALO ENCARADO QUE NO TE DEJEN ENCERRADO .Calle de la Mina, s/n, 08261 Cardona, Barcelona. cardonaturisme.cat. +34 938 69 24 75</description>
      
        
      <styleUrl>#icon-1636-A52714</styleUrl>
      
        
      <Point>
        
          
        <coordinates>
            1.674412,41.906268,0
          </coordinates>
        
        
      </Point>
      
      
    </Placemark>
    <Placemark>
      
        
      <name>MUSEO de Badalona 🏛️ / Badalona (Barcelona)</name>
      
        
      <description>Parking en linea para 2 Autocares. GRATUITO Para salir primera calle a la derecha. Ábrete bien suelen poner coches en la esquina. Los Iluminetis.</description>
      
        
      <styleUrl>#icon-1636-A52714</styleUrl>
      
        
      <Point>
        
          
        <coordinates>
            2.247768,41.452421,0
          </coordinates>
        
        
      </Point>
      
      
    </Placemark>
    <Placemark>
      
        
      <name>HOTEL PAPALUNA / PEÑÍSCOLA </name>
      
        
      <description>Parking dentro para 2 Buses /// Avinguda del Papa Luna, 6, 12598 Peníscola, Castellówww.servigroup.com+34 964 48 06 50</description>
      
        
      <styleUrl>#icon-1602-9C27B0</styleUrl>
      
        
      <Point>
        
          
        <coordinates>
            0.402653,40.364347,0
          </coordinates>
        
        
      </Point>
      
      
    </Placemark>
    <Placemark>
      
        
      <name>ESTACIÓN ESQUÍ / La Molina</name>
      
        
      <description>Entrar por la zona indicada y salir por el mismo sitio. Amplio parking en Bateria</description>
      
        
      <styleUrl>#icon-1688-BDBDBD</styleUrl>
      
        
      <Point>
        
          
        <coordinates>
            1.932689,42.334961,0
          </coordinates>
        
        
      </Point>
      
      
    </Placemark>
    <Placemark>
      
        
      <name>2° PISTAS ESQUÍ / La Molina </name>
      
        
      <description>Aqui se aparca como puedas Parking Mixto y se llena</description>
      
        
      <styleUrl>#icon-1688-BDBDBD</styleUrl>
      
        
      <Point>
        
          
        <coordinates>
            1.941831,42.337343,0
          </coordinates>
        
        
      </Point>
      
      
    </Placemark>
    <Placemark>
      
        
      <name>ESTACIÓN ESQUÍ / Arinsal</name>
      
        
      <description>Parking mixto Libre / AD400 La Massana, Andorra</description>
      
        
      <styleUrl>#icon-1688-BDBDBD</styleUrl>
      
        
      <Point>
        
          
        <coordinates>
            1.471509,42.572218,0
          </coordinates>
        
        
      </Point>
      
      
    </Placemark>
    <Placemark>
      
        
      <name>CENTRO COMERCIAL LA ROCA VILLAGE</name>
      
        
      <description>Parking BUS reservado para clientes de la Roca Village</description>
      
        
      <styleUrl>#icon-1685-880E4F</styleUrl>
      
        
      <Point>
        
          
        <coordinates>
            2.345192,41.614031,0
          </coordinates>
        
        
      </Point>
      
      
    </Placemark>
    <Placemark>
      
        
      <name>PARKING BUS ✅ / Los Jerónimos / Lisboa (PO)</name>
      
        
      <description>Parking BUS no vigilado para visitar Los Jerónimos.</description>
      
        
      <styleUrl>#icon-1532-7CB342</styleUrl>
      
        
      <Point>
        
          
        <coordinates>
            -9.2049358,38.6962838,0
          </coordinates>
        
        
      </Point>
      
      
    </Placemark>
    <Placemark>
      
        
      <name>PARKING MURCIA / Universidad </name>
      
        
      <description>ZONA RESERVADA a BUS ( Universidades)</description>
      
        
      <styleUrl>#icon-1532-7CB342</styleUrl>
      
        
      <Point>
        
          
        <coordinates>
            -1.172453,38.017149,0
          </coordinates>
        
        
      </Point>
      
      
    </Placemark>
    <Placemark>
      
        
      <name>INFO / Llegar PK BUS Armilla ( Granada)</name>
      
        
      <description>Para llegar al Parking Armilla. Cuidado con los Gps que si no están actualizados te meten por el polígono de atrás. Salida 131 dirección Armilla y en la primera rotonda donde hay una Bp girar a la derecha y primera calle izquierda tenéis el parking Armilla.</description>
      
        
      <styleUrl>#line-F57C00-5000</styleUrl>
      
        
      <LineString>
        
          
        <tessellate>1</tessellate>
        
          
        <coordinates>
            -3.613288,37.152911,0
            -3.613324,37.152722,0
            -3.613322,37.152498,0
            -3.613356,37.152412,0
            -3.615163,37.150777,0
            -3.617428,37.149174,0
            -3.618806,37.148571,0
            -3.618911,37.148693,0
            -3.619023,37.148756,0
            -3.619125,37.149634,0
            -3.6202607,37.1490764,0
            -3.619125,37.149629,0
            -3.619023,37.148756,0
            -3.618911,37.148693,0
            -3.618806,37.148571,0
          </coordinates>
        
        
      </LineString>
      
      
    </Placemark>
    <Placemark>
      
        
      <name>PARKING PÚBLICO / San Fernando (Cádiz)</name>
      
        
      <description>Parking público mixto donde puedes aparcar.Amplio, Cerca de la Jefatura de Policía y Protección Civil.</description>
      
        
      <styleUrl>#icon-1644-0288D1</styleUrl>
      
        
      <Point>
        
          
        <coordinates>
            -6.191016,36.464849,0
          </coordinates>
        
        
      </Point>
      
      
    </Placemark>
    <Placemark>
      
        
      <name>PARKING LIBRE / Jerez de la Frontera </name>
      
        
      <description>Parking Libre Mixto</description>
      
        
      <styleUrl>#icon-1644-0288D1</styleUrl>
      
        
      <Point>
        
          
        <coordinates>
            -6.123612,36.691585,0
          </coordinates>
        
        
      </Point>
      
      
    </Placemark>
    <Placemark>
      
        
      <name>PARKING / Zahara de la Sierra </name>
      
        
      <description>Zona donde se aparcar el autobús. Hay sitio para 4 autocares</description>
      
        
      <styleUrl>#icon-1644-0288D1</styleUrl>
      
        
      <Point>
        
          
        <coordinates>
            -5.393096,36.842594,0
          </coordinates>
        
        
      </Point>
      
      
    </Placemark>
    <Placemark>
      
        
      <name>PARKING PALACIO CONGRESOS / Torremolinos </name>
      
        
      <description><![CDATA["AVISO" SOLO PERMITIDO EL APARCAMIENTO EN CASO DE LLUVIA. ( PORQUE EN LA EXPLANADA SE HACE INTRANSITABLE )]]></description>
      
        
      <styleUrl>#icon-1644-0288D1</styleUrl>
      
        
      <Point>
        
          
        <coordinates>
            -4.505324,36.632884,0
          </coordinates>
        
        
      </Point>
      
      
    </Placemark>
    <Placemark>
      
        
      <name>HOTEL BOSTON (Zaragoza)</name>
      
        
      <description>EL Parking esta en la Calle De Jose Luis Pomaron y el hotel en Avenida de las Torres, 28, 50008 Zaragoza  www.eurostarshotels.com  +34 976 59 91 92</description>
      
        
      <styleUrl>#icon-1602-9C27B0</styleUrl>
      
        
      <Point>
        
          
        <coordinates>
            -0.876211,41.64628,0
          </coordinates>
        
        
      </Point>
      
      
    </Placemark>
    <Placemark>
      
        
      <name>CASTILLO DE SAGRES (P)</name>
      
        
      <description>Parking libre amplio para la visita del castillo y la Rosa de los Vientos/ 8650-360 Sagres, Portugal. www.monumentosdoalgarve.pt. +351 282 620 140</description>
      
        
      <styleUrl>#icon-1598-424242</styleUrl>
      
        
      <Point>
        
          
        <coordinates>
            -8.944993,37.005129,0
          </coordinates>
        
        
      </Point>
      
      
    </Placemark>
    <Placemark>
      
        
      <name>CASTILLO DE SILVES / PARKING BUS (P)</name>
      
        
      <description>Plazas reservadas para la visita del castillo</description>
      
        
      <styleUrl>#icon-1598-424242</styleUrl>
      
        
      <Point>
        
          
        <coordinates>
            -8.436649,37.194338,0
          </coordinates>
        
        
      </Point>
      
      
    </Placemark>
    <Placemark>
      
        
      <name>PARKING / ALMAGRO</name>
      
        
      <description>Junto la plaza de toros parking libre sin problemas</description>
      
        
      <styleUrl>#icon-1644-0288D1</styleUrl>
      
        
      <Point>
        
          
        <coordinates>
            -3.705885,38.89411,0
          </coordinates>
        
        
      </Point>
      
      
    </Placemark>
    <Placemark>
      
        
      <name>PARKING MIXTO / PANTANO CAZALEGAS</name>
      
        
      <description>Por el pueblo se entra bien....depende de temporada los precios oscilan del aparcamiento..... para comer al lado en el camping de menú. ... identificarse como</description>
      
        
      <styleUrl>#icon-1644-0288D1</styleUrl>
      
        
      <Point>
        
          
        <coordinates>
            -4.693226,40.013442,0
          </coordinates>
        
        
      </Point>
      
      
    </Placemark>
    <Placemark>
      
        
      <name>HOTEL LAS CIGUEÑAS / TRUJILLO ( Cáceres)</name>
      
        
      <description>Aceptan grupos, buena comida y parking dentro de Hotel</description>
      
        
      <styleUrl>#icon-1602-9C27B0</styleUrl>
      
        
      <Point>
        
          
        <coordinates>
            -5.869727,39.460842,0
          </coordinates>
        
        
      </Point>
      
      
    </Placemark>
    <Placemark>
      
        
      <name>INFO ℹ️ / Olivenza (Badajoz)</name>
      
        
      <description>NO APARCAR LOS SABADOS PORQUE HAY MERCADILLO EN TODO EL PARKING</description>
      
        
      <styleUrl>#icon-1608-0288D1</styleUrl>
      
        
      <Point>
        
          
        <coordinates>
            -7.096737,38.68354,0
          </coordinates>
        
        
      </Point>
      
      
    </Placemark>
    <Placemark>
      
        
      <name>RESTAURANTE CANALETAS / IGUALADA</name>
      
        
      <description>Aceptan grupos ,baile parking / Caben 3 BUSES bien colocados.</description>
      
        
      <styleUrl>#icon-1577-795548</styleUrl>
      
        
      <Point>
        
          
        <coordinates>
            1.620673,41.587002,0
          </coordinates>
        
        
      </Point>
      
      
    </Placemark>
    <Placemark>
      
        
      <name><![CDATA[CUEVAS L'Esplugue  / L'Esplugue de Francolí (Tarragona)]]></name>
      
        
      <description><![CDATA[Parking para visitar las cuevas de L' ESPLUGA de Francolí / Gratuito asfaltado mixto ]]></description>
      
        
      <styleUrl>#icon-1636-A52714</styleUrl>
      
        
      <Point>
        
          
        <coordinates>
            1.1041855,41.3980555,0
          </coordinates>
        
        
      </Point>
      
      
    </Placemark>
    <Placemark>
      
        
      <name>HOTEL LAS VEGAS / VILLAFRÍA - Burgos</name>
      
        
      <description>Hotel que acepta grupos , a las Afueras de Burgos , ya pertenece a Villafría /// Parking propio o enfrente uno de tierra/ C. Sextil, 09192 Villafría, Burgos  www.hotelasvegas.com  +34 947 48 44 53</description>
      
        
      <styleUrl>#icon-1602-9C27B0</styleUrl>
      
        
      <Point>
        
          
        <coordinates>
            -3.627659,42.363654,0
          </coordinates>
        
        
      </Point>
      
      
    </Placemark>
    <Placemark>
      
        
      <name>APARCAMIENTO LIBRE / STO DOMINGO DE LA CALZADA - La Rioja</name>
      
        
      <description>Parking libre en linea sin problemas</description>
      
        
      <styleUrl>#icon-1644-0288D1</styleUrl>
      
        
      <Point>
        
          
        <coordinates>
            -2.946916,42.437973,0
          </coordinates>
        
        
      </Point>
      
      
    </Placemark>
    <Placemark>
      
        
      <name>PARKING LIBRE / PALENCIA </name>
      
        
      <description>Parking libre sin problemas// OJO EL DIA DE MERCADILLO</description>
      
        
      <styleUrl>#icon-1644-0288D1</styleUrl>
      
        
      <Point>
        
          
        <coordinates>
            -4.524596,42.01574,0
          </coordinates>
        
        
      </Point>
      
      
    </Placemark>
    <Placemark>
      
        
      <name>PARKING MIXTO LIBRE / PONFERRADA (León)</name>
      
        
      <description>Si vas a un hotel cercano puedes dejarlo sin problema por la noche/ DEJALO ENCARADO A LA SALIDA NO TE DEJEN ENCERRADO</description>
      
        
      <styleUrl>#icon-1644-0288D1</styleUrl>
      
        
      <Point>
        
          
        <coordinates>
            -6.60632,42.548453,0
          </coordinates>
        
        
      </Point>
      
      
    </Placemark>
    <Placemark>
      
        
      <name>FARO CABO MAYOR / SANTANDER</name>
      
        
      <description>Puedes subir sin problema parking en medio DEJALO ENCARADO suele ser visita corta foto y abajo</description>
      
        
      <styleUrl>#icon-1535-757575</styleUrl>
      
        
      <Point>
        
          
        <coordinates>
            -3.791037,43.490302,0
          </coordinates>
        
        
      </Point>
      
      
    </Placemark>
    <Placemark>
      
        
      <name>RESTAURANTE MARIVELLA / CALATAYUD</name>
      
        
      <description>Restaurante y hotel buen trato buena comida/ aceptan grupos .Parking amplio</description>
      
        
      <styleUrl>#icon-1577-795548</styleUrl>
      
        
      <Point>
        
          
        <coordinates>
            -1.581604,41.372847,0
          </coordinates>
        
        
      </Point>
      
      
    </Placemark>
    <Placemark>
      
        
      <name>PARKING AYLLÓN (Segovia)</name>
      
        
      <description>Aquí se aparca y que visiten el pueblo</description>
      
        
      <styleUrl>#icon-1644-0288D1</styleUrl>
      
        
      <Point>
        
          
        <coordinates>
            -3.377828,41.421886,0
          </coordinates>
        
        
      </Point>
      
      
    </Placemark>
    <Placemark>
      
        
      <name>PARKING / ZAHARA DE LA SIERRA.     (Cádiz)</name>
      
        
      <description>Parking de tierra para aparcar bus.</description>
      
        
      <styleUrl>#icon-1644-0288D1</styleUrl>
      
        
      <Point>
        
          
        <coordinates>
            -5.392942,36.840354,0
          </coordinates>
        
        
      </Point>
      
      
    </Placemark>
    <Placemark>
      
        
      <name>PARKING / ZAFRA (Badajoz)</name>
      
        
      <description>Esplanada de tierra para aparcar. Recinto ferial</description>
      
        
      <styleUrl>#icon-1644-0288D1</styleUrl>
      
        
      <Point>
        
          
        <coordinates>
            -6.412218,38.429754,0
          </coordinates>
        
        
      </Point>
      
      
    </Placemark>
    <Placemark>
      
        
      <name>PARKING / BADAJOZ </name>
      
        
      <description>Zona de aparcamiento a las afueras de Badajoz</description>
      
        
      <styleUrl>#icon-1644-0288D1</styleUrl>
      
        
      <Point>
        
          
        <coordinates>
            -6.997606,38.88606,0
          </coordinates>
        
        
      </Point>
      
      
    </Placemark>
    <Placemark>
      
        
      <name>PARKING BUS / C Y D (Pago) 🔄💰/ Carcassonne (FR)</name>
      
        
      <description>Parking de pago, YA NO DEJAN Dejar o recoger la gente delante de la Cité.</description>
      
        
      <styleUrl>#icon-1513-1A237E</styleUrl>
      
        
      <Point>
        
          
        <coordinates>
            2.3733223,43.2053658,0
          </coordinates>
        
        
      </Point>
      
      
    </Placemark>
    <Placemark>
      
        
      <name>PARKING / LOS MOLINOS (Madrid)</name>
      
        
      <description>Parking en linea gratuito</description>
      
        
      <styleUrl>#icon-1644-0288D1</styleUrl>
      
        
      <Point>
        
          
        <coordinates>
            -4.076214,40.714738,0
          </coordinates>
        
        
      </Point>
      
      
    </Placemark>
    <Placemark>
      
        
      <name>PARKING / FAUNIA (Madrid)</name>
      
        
      <description>Parking compartido con turismos / Av. Comunidades, 28, 28032 Madrid  www.faunia.es  +34 911 54 74 82</description>
      
        
      <styleUrl>#icon-1644-0288D1</styleUrl>
      
        
      <Point>
        
          
        <coordinates>
            -3.613373,40.393629,0
          </coordinates>
        
        
      </Point>
      
      
    </Placemark>
    <Placemark>
      
        
      <name>PARKING BUS (Pago) / Cementerio S. Isidro (Madrid)</name>
      
        
      <description>Parking bus vigilado en toda la calle por 25€ ( te llevan y te traen al hotel ).Aunque se quedan en la calle están super vigilados y nadie los toca // Aparcamiento vigilado en la calle por el ya conocido GITANO. Toda la zona la controla.</description>
      
        
      <styleUrl>#line-0288D1-5000</styleUrl>
      
        
      <LineString>
        
          
        <tessellate>1</tessellate>
        
          
        <coordinates>
            -3.732592,40.399264,0
            -3.730334,40.398965,0
            -3.729968,40.398938,0
            -3.725828,40.399335,0
          </coordinates>
        
        
      </LineString>
      
      
    </Placemark>
    <Placemark>
      
        
      <name>PARKING/ HONDARRIBIA </name>
      
        
      <description>Parking mixto en bateria a laa afueras de la población,  sin problemas</description>
      
        
      <styleUrl>#icon-1644-0288D1</styleUrl>
      
        
      <Point>
        
          
        <coordinates>
            -1.795397,43.353544,0
          </coordinates>
        
        
      </Point>
      
      
    </Placemark>
    <Placemark>
      
        
      <name>MONTE IGELDO S. SEBASTIÁN </name>
      
        
      <description>Parking reservado para Bus en Monte Igueldo. GRATUITO (EL GRUPO PAGA 1€ PERSONA EN LA ENTRADA AL PARKING)</description>
      
        
      <styleUrl>#icon-1535-757575</styleUrl>
      
        
      <Point>
        
          
        <coordinates>
            -2.011203,43.31853,0
          </coordinates>
        
        
      </Point>
      
      
    </Placemark>
    <Placemark>
      
        
      <name>PARKING BUS / Castro Urdiales (Cantabria)</name>
      
        
      <description>Parking reservado para buses en la Plaza de toros</description>
      
        
      <styleUrl>#icon-1532-7CB342</styleUrl>
      
        
      <Point>
        
          
        <coordinates>
            -3.230025,43.388608,0
          </coordinates>
        
        
      </Point>
      
      
    </Placemark>
    <Placemark>
      
        
      <name>C Y D / Collioure (FR)</name>
      
        
      <description>Sacar tiquet en maquina automática porque a veces sunen al parking a comprobar que lo tienes.</description>
      
        
      <styleUrl>#icon-1826-0F9D58</styleUrl>
      
        
      <Point>
        
          
        <coordinates>
            3.083311,42.526123,0
          </coordinates>
        
        
      </Point>
      
      
    </Placemark>
    <Placemark>
      
        
      <name>PARKING MIXTO / CUENCA</name>
      
        
      <description>Cuidado que te pueden dejar encerrado.</description>
      
        
      <styleUrl>#icon-1644-0288D1</styleUrl>
      
        
      <Point>
        
          
        <coordinates>
            -2.123651,40.082012,0
          </coordinates>
        
        
      </Point>
      
      
    </Placemark>
    <Placemark>
      
        
      <name>SANTUARIO DE TORRECIUDAD</name>
      
        
      <description>Amplio parking asfaltado en Santuario Torreciudad / Santuario de Torreciudad, 22391 Secastilla, Huesca  www.torreciudad.org  +34 974 30 40 25</description>
      
        
      <styleUrl>#icon-1670-F57C00</styleUrl>
      
        
      <Point>
        
          
        <coordinates>
            0.237728,42.169175,0
          </coordinates>
        
        
      </Point>
      
      
    </Placemark>
    <Placemark>
      
        
      <name>ESTACIÓN ESQUÍ / CERLER</name>
      
        
      <description>IMPORTANTE!!! APARCAMIENTO EN LINEA DE BUSES PEGADOS AL LADO IZQUIERDO DE LA ENTRADA DEL PRIMER PARKING. MIRANDO HACIA AFUERA PARA NO QUEDARTE ENCERRADO</description>
      
        
      <styleUrl>#icon-1688-BDBDBD</styleUrl>
      
        
      <Point>
        
          
        <coordinates>
            0.53976,42.588963,0
          </coordinates>
        
        
      </Point>
      
      
    </Placemark>
    <Placemark>
      
        
      <name>PARKING / GIJÓN </name>
      
        
      <description>Explanada en Gijón gratuita para aparcar al lado de universidad de marina..// En el caso de estar todo ocupado aquí no tendrás problema</description>
      
        
      <styleUrl>#icon-1644-0288D1</styleUrl>
      
        
      <Point>
        
          
        <coordinates>
            -5.632152,43.527098,0
          </coordinates>
        
        
      </Point>
      
      
    </Placemark>
    <Placemark>
      
        
      <name>PARKING / LUARCA </name>
      
        
      <description>Parking Mixto para la espera</description>
      
        
      <styleUrl>#icon-1644-0288D1</styleUrl>
      
        
      <Point>
        
          
        <coordinates>
            -6.532691,43.536684,0
          </coordinates>
        
        
      </Point>
      
      
    </Placemark>
    <Placemark>
      
        
      <name>PARKING / BURELA</name>
      
        
      <description>Parking amplio en el puerto sin problema</description>
      
        
      <styleUrl>#icon-1644-0288D1</styleUrl>
      
        
      <Point>
        
          
        <coordinates>
            -7.354583,43.660476,0
          </coordinates>
        
        
      </Point>
      
      
    </Placemark>
    <Placemark>
      
        
      <name>MONTE DE SAN PEDRO/ A CORUÑA</name>
      
        
      <description>Parking para visitar el monte de San Pedro,  poder hacer buenas fotos y aprovechar las vistas</description>
      
        
      <styleUrl>#icon-1535-757575</styleUrl>
      
        
      <Point>
        
          
        <coordinates>
            -8.436528,43.37632,0
          </coordinates>
        
        
      </Point>
      
      
    </Placemark>
    <Placemark>
      
        
      <name>PARKING BUS / ASCENSOR (Monte S. Pedro) A CORUÑA </name>
      
        
      <description>La Coruña, Españawww.turismocoruna.com</description>
      
        
      <styleUrl>#icon-1636-A52714</styleUrl>
      
        
      <Point>
        
          
        <coordinates>
            -8.43111,43.37761,0
          </coordinates>
        
        
      </Point>
      
      
    </Placemark>
    <Placemark>
      
        
      <name>APARCAMIENTO VILLAGARCÍA DE AROUSA</name>
      
        
      <description>Amplio parking mixto , Gratuito.</description>
      
        
      <styleUrl>#icon-1644-0288D1</styleUrl>
      
        
      <Point>
        
          
        <coordinates>
            -8.767188,42.600359,0
          </coordinates>
        
        
      </Point>
      
      
    </Placemark>
    <Placemark>
      
        
      <name>INFO / O GROVE</name>
      
        
      <description>ZONA DE APARCAMIENTO ALTERNATIVO SI EN EL PARKING HAY CARPA Y NO PUEDES APARCAR</description>
      
        
      <styleUrl>#icon-1608-0288D1</styleUrl>
      
        
      <Point>
        
          
        <coordinates>
            -8.859953,42.497925,0
          </coordinates>
        
        
      </Point>
      
      
    </Placemark>
    <Placemark>
      
        
      <name>MONASTERIO De Poio ⛪ / Poio (Pontevedra)</name>
      
        
      <description>Parking reservado para la visita del monasterio. Aquí se Dejan y recogen los grupos para la visita.</description>
      
        
      <styleUrl>#icon-1670-E65100</styleUrl>
      
        
      <Point>
        
          
        <coordinates>
            -8.6853878,42.4480533,0
          </coordinates>
        
        
      </Point>
      
      
    </Placemark>
    <Placemark>
      
        
      <name>PARKING/ TUY</name>
      
        
      <description>Parking en linea sin problema en esta calle</description>
      
        
      <styleUrl>#icon-1644-0288D1</styleUrl>
      
        
      <Point>
        
          
        <coordinates>
            -8.644439,42.052505,0
          </coordinates>
        
        
      </Point>
      
      
    </Placemark>
    <Placemark>
      
        
      <name>ENTRADA PARKING CLUNY (Fr)</name>
      
        
      <styleUrl>#line-87CEAC-8000-nodesc</styleUrl>
      
        
      <LineString>
        
          
        <tessellate>1</tessellate>
        
          
        <coordinates>
            4.663921,46.426294,0
            4.663084,46.426664,0
            4.662723,46.426837,0
            4.662364,46.426999,0
            4.662166,46.427084,0
            4.662012,46.427225,0
            4.6619,46.427444,0
            4.661906,46.427492,0
            4.662263,46.427504,0
          </coordinates>
        
        
      </LineString>
      
      
    </Placemark>
    <Placemark>
      
        
      <name>SALIDA PARKING CLUNY (Fr)</name>
      
        
      <styleUrl>#line-9C27B0-6000-nodesc</styleUrl>
      
        
      <LineString>
        
          
        <tessellate>1</tessellate>
        
          
        <coordinates>
            4.663072,46.427424,0
            4.663727,46.427449,0
          </coordinates>
        
        
      </LineString>
      
      
    </Placemark>
    <Placemark>
      
        
      <name>PARKING / BAÑOS DE LA ENCINA ( Jaén)</name>
      
        
      <description>Aparcamiento en zona polideportivo</description>
      
        
      <styleUrl>#icon-1644-0288D1</styleUrl>
      
        
      <Point>
        
          
        <coordinates>
            -3.775517,38.176804,0
          </coordinates>
        
        
      </Point>
      
      
    </Placemark>
    <Placemark>
      
        
      <name>HOTEL INTUR ORANGE / BENICASSIM </name>
      
        
      <description>Toene parking para poder aparcar/ Av. Gimeno Tomas, 9, 12560 Benicàssim, Castelló www.intur.com +34 964 39 44 00</description>
      
        
      <styleUrl>#icon-1602-9C27B0</styleUrl>
      
        
      <Point>
        
          
        <coordinates>
            0.05106,40.041261,0
          </coordinates>
        
        
      </Point>
      
      
    </Placemark>
    <Placemark>
      
        
      <name>PARKING BUS Pujol - Lloret de Mar</name>
      
        
      <description>Parking Autocares Pujol - Lloret de Marte llevan al hotel y te recogen a la hora que les digas. Av. Papalús, S/N, 17310 Lloret de Mar, Girona, España www.autocarspujol.com +34 972 37 11 80</description>
      
        
      <styleUrl>#icon-1532-000000</styleUrl>
      
        
      <Point>
        
          
        <coordinates>
            2.819675,41.697318,0
          </coordinates>
        
        
      </Point>
      
      
    </Placemark>
    <Placemark>
      
        
      <name><![CDATA[HOTEL Panorama / L'Estartit ]]></name>
      
        
      <description><![CDATA[ACEPTAN GRUPOS// COMIDA BUFFET // TIENEN PARKING PERO JUSTO.MEJOR IR A ZONA DE PARKING BUS. Av. Grècia, 5, 17258 L'Estartit, Girona www.hotelpanoramaestartit.com +34 972 75 10 92]]></description>
      
        
      <styleUrl>#icon-1602-9C27B0</styleUrl>
      
        
      <Point>
        
          
        <coordinates>
            3.196213,42.050339,0
          </coordinates>
        
        
      </Point>
      
      
    </Placemark>
    <Placemark>
      
        
      <name><![CDATA[RUÏNES D'EMPÚRIES / Parking Bus]]></name>
      
        
      <description><![CDATA[PARKING BUS / Ruïnes d'EmpúriesReservado para visitar a las Ruinas // Gratuito La Escala, 17130, Girona]]></description>
      
        
      <styleUrl>#icon-1502-C2185B</styleUrl>
      
        
      <Point>
        
          
        <coordinates>
            3.120496,42.131784,0
          </coordinates>
        
        
      </Point>
      
      
    </Placemark>
    <Placemark>
      
        
      <name>PARKING BUS / Palamós </name>
      
        
      <description>Reservado para visita Palamós al lado del puerto y restaurantes // PARKING 3 BUSES GRATUITO</description>
      
        
      <styleUrl>#icon-1532-7CB342</styleUrl>
      
        
      <Point>
        
          
        <coordinates>
            3.128246,41.84554,0
          </coordinates>
        
        
      </Point>
      
      
    </Placemark>
    <Placemark>
      
        
      <name><![CDATA[PARKING BUS / Platja D'Aro]]></name>
      
        
      <description><![CDATA[PARKING BUS / PLATJA D'ARO1 plaza de bus en Parc Acuatic Aquadiver]]></description>
      
        
      <styleUrl>#icon-1826-DB4436</styleUrl>
      
        
      <Point>
        
          
        <coordinates>
            3.063968,41.82546,0
          </coordinates>
        
        
      </Point>
      
      
    </Placemark>
    <Placemark>
      
        
      <name>PARKING BUS / Sines (PO)</name>
      
        
      <description>Reserva par dos buses, libre sin tiempo</description>
      
        
      <styleUrl>#icon-1532-7CB342</styleUrl>
      
        
      <Point>
        
          
        <coordinates>
            -8.863635,37.951014,0
          </coordinates>
        
        
      </Point>
      
      
    </Placemark>
    <Placemark>
      
        
      <name>PARKING BUS EN LINEA / Oporto (PO)</name>
      
        
      <description>Sin problemas para aparcarlo y dejarlo de noche en la avenida 25 de Abril</description>
      
        
      <styleUrl>#line-0288D1-6000</styleUrl>
      
        
      <LineString>
        
          
        <tessellate>1</tessellate>
        
          
        <coordinates>
            -8.588689,41.155523,0
            -8.585814,41.155533,0
            -8.586279,41.155531,0
          </coordinates>
        
        
      </LineString>
      
      
    </Placemark>
    <Placemark>
      
        
      <name>PARKING PARQUE FORESTAL / BOSQUE VERTICAL / Mataró </name>
      
        
      <description>Subida por camino de tierra indicado . Prohibido subir por urbanización </description>
      
        
      <styleUrl>#icon-1644-0288D1</styleUrl>
      
        
      <Point>
        
          
        <coordinates>
            2.4307442,41.5649189,0
          </coordinates>
        
        
      </Point>
      
      
    </Placemark>
    <Placemark>
      
        
      <name>Parking Bus / Forum Barcelona </name>
      
        
      <description>Reservado para aparcar en linea gratuito ,sin tiempo</description>
      
        
      <styleUrl>#line-0288D1-5272</styleUrl>
      
        
      <LineString>
        
          
        <tessellate>1</tessellate>
        
          
        <coordinates>
            2.2195183,41.4063559,0
            2.2207332,41.4072814,0
          </coordinates>
        
        
      </LineString>
      
      
    </Placemark>
    <Placemark>
      
        
      <name>PARKING BUS ✅️ / Barcelona</name>
      
        
      <description>Reservado para Bus piscina, pero no dicen nada / La Barceloneta </description>
      
        
      <styleUrl>#icon-1532-7CB342</styleUrl>
      
        
      <Point>
        
          
        <coordinates>
            2.1879489,41.37229,0
          </coordinates>
        
        
      </Point>
      
      
    </Placemark>
    <Placemark>
      
        
      <name>PARKING BUS ✅️ / Barceloneta</name>
      
        
      <description>Reservado 2 buses piscina, pero puedes aparcar sin problema</description>
      
        
      <styleUrl>#icon-1532-7CB342</styleUrl>
      
        
      <Point>
        
          
        <coordinates>
            2.1881276,41.3733731,0
          </coordinates>
        
        
      </Point>
      
      
    </Placemark>
    <Placemark>
      
        
      <name>PARKING BUS ✅️ / La Gineta (Albacete)</name>
      
        
      <description>Zona reservada para 3 autocares</description>
      
        
      <styleUrl>#icon-1532-7CB342</styleUrl>
      
        
      <Point>
        
          
        <coordinates>
            -2.0049054,39.1190462,0
          </coordinates>
        
        
      </Point>
      
      
    </Placemark>
    <Placemark>
      
        
      <name>ESTADIO El Alcoraz / Huesca</name>
      
        
      <description>Estadio del SD HUESCA/ parking reformado amplio parking.</description>
      
        
      <styleUrl>#icon-1698-DB4436</styleUrl>
      
        
      <Point>
        
          
        <coordinates>
            -0.4254169,42.1323921,0
          </coordinates>
        
        
      </Point>
      
      
    </Placemark>
    <Placemark>
      
        
      <name>PARKING BUS / Sevilla</name>
      
        
      <description>4 Dársenas reservadas junto al auditorio Fibes</description>
      
        
      <styleUrl>#icon-1532-7CB342</styleUrl>
      
        
      <Point>
        
          
        <coordinates>
            -5.9348476,37.4040289,0
          </coordinates>
        
        
      </Point>
      
      
    </Placemark>
    <Placemark>
      
        
      <name>MONASTERIO Santa María de Lluçà / Lluçà (Barcelona )</name>
      
        
      <description>Carretera entretenida de 3 kms y estrecha para llegar al Parking de tierra mixto pequeño.</description>
      
        
      <styleUrl>#icon-1670-E65100</styleUrl>
      
        
      <Point>
        
          
        <coordinates>
            2.0353191,42.0508935,0
          </coordinates>
        
        
      </Point>
      
      
    </Placemark>
    <Placemark>
      
        
      <name>SANTUARIO Mare de Deu Dels Munts 🕍 / Sant Agustí de Lluçanès (Barcelona)</name>
      
        
      <description>Parking de tierra donde tendrás que dar la vuelta. Aqui se visita el Santuario y el Mirador</description>
      
        
      <styleUrl>#icon-1670-E65100</styleUrl>
      
        
      <Point>
        
          
        <coordinates>
            2.1515572,42.0785486,0
          </coordinates>
        
        
      </Point>
      
      
    </Placemark>
    <Placemark>
      
        
      <name>CUEVAS Del Toll 🚸/ Moià (Barcelona)</name>
      
        
      <description>Parking de tierra donde bajamos a las cuevas del Toll / camino asfaltado estrecho y pendiente.Lleva Comida peli NO hay ni cobertura móvil.</description>
      
        
      <styleUrl>#icon-1542-3949AB</styleUrl>
      
        
      <Point>
        
          
        <coordinates>
            2.1502473,41.8055578,0
          </coordinates>
        
        
      </Point>
      
      
    </Placemark>
    <Placemark>
      
        
      <name>PARKING BUS / Isla de la Toja</name>
      
        
      <description>Parking BUS para la visita de la Isla de la Toja. Aquí también se puede subir al trenecito turístico para visitar la isla.</description>
      
        
      <styleUrl>#icon-1532-7CB342</styleUrl>
      
        
      <Point>
        
          
        <coordinates>
            -8.851468,42.483517,0
          </coordinates>
        
        
      </Point>
      
      
    </Placemark>
    <Placemark>
      
        
      <name>PARKING BUS / Orbaneja del Castillo (Burgos)</name>
      
        
      <description>Parking y C Y D para visitar la Poblacion de Irbaneja del Castillo </description>
      
        
      <styleUrl>#icon-1532-7CB342</styleUrl>
      
        
      <Point>
        
          
        <coordinates>
            -3.7952834,42.8307973,0
          </coordinates>
        
        
      </Point>
      
      
    </Placemark>
    <Placemark>
      
        
      <name>ZONA AZUL / Barcelona</name>
      
        
      <description>Parking Bus  (Pago)Zona Azul / se puede utilizar App SPRO o la maquinita.  </description>
      
        
      <styleUrl>#line-0288D1-4640</styleUrl>
      
        
      <LineString>
        
          
        <tessellate>1</tessellate>
        
          
        <coordinates>
            2.1909335,41.3846504,0
            2.1905175,41.3844455,0
            2.1893584,41.3839014,0
            2.1887774,41.3836382,0
            2.1882111,41.3833781,0
          </coordinates>
        
        
      </LineString>
      
      
    </Placemark>
    <Placemark>
      
        
      <name>PARKING BUS / Alquézar (Huesca)</name>
      
        
      <description>Parking gratuito en Alquézar para 6 Autocares.</description>
      
        
      <styleUrl>#icon-1532-7CB342</styleUrl>
      
        
      <Point>
        
          
        <coordinates>
            0.0227221,42.1708762,0
          </coordinates>
        
        
      </Point>
      
      
    </Placemark>
    <Placemark>
      
        
      <name>PARKING BUS / Villademoros (Asturias)</name>
      
        
      <description>Parking para Autocares Libre</description>
      
        
      <styleUrl>#icon-1532-7CB342</styleUrl>
      
        
      <Point>
        
          
        <coordinates>
            -6.3981507,43.5449792,0
          </coordinates>
        
        
      </Point>
      
      
    </Placemark>
    <Placemark>
      
        
      <name>PARKING BUS / Cueva (Asturias)</name>
      
        
      <description>Parking libre 3 Buses / Cueva (La Panera, 33787, Asturias</description>
      
        
      <styleUrl>#icon-1532-7CB342</styleUrl>
      
        
      <Point>
        
          
        <coordinates>
            -6.4671883,43.5454192,0
          </coordinates>
        
        
      </Point>
      
      
    </Placemark>
    <Placemark>
      
        
      <name>PARKING BUS / Alfândega da Fé (PO)</name>
      
        
      <description>Parking Bus también C Y D ya que está cerca del centro y es el mejor sitio para dejarlos.</description>
      
        
      <styleUrl>#icon-1532-7CB342</styleUrl>
      
        
      <Point>
        
          
        <coordinates>
            -6.9613296,41.3435541,0
          </coordinates>
        
        
      </Point>
      
      
    </Placemark>
    <Placemark>
      
        
      <name>PARQUE PREHISTÓRICO TEVERGA / (Asturias)</name>
      
        
      <description>Parking Bus para ver el Museo de Prehistoria cubierto y al aire libre. / s/n, 33111, Asturias www.parquedelaprehistoria.es +34 985 76 47 39</description>
      
        
      <styleUrl>#icon-1636-A52714</styleUrl>
      
        
      <Point>
        
          
        <coordinates>
            -6.0764804,43.1387305,0
          </coordinates>
        
        
      </Point>
      
      
    </Placemark>
    <Placemark>
      
        
      <name>PARKING SAN BELTRAN (Pago)ℹ️ / Barcelona </name>
      
        
      <description>YA NO DEJAN APARCAR / SOLO SI VIENES CON TICKET DE ACUARIO. Parking mixto de Pago en el Puerto cerca de las terminales a 2€ la hora.</description>
      
        
      <styleUrl>#icon-1608-3949AB</styleUrl>
      
        
      <Point>
        
          
        <coordinates>
            2.1745866,41.3681568,0
          </coordinates>
        
        
      </Point>
      
      
    </Placemark>
    <Placemark>
      
        
      <name>MONASTERIO DE SANTES CREUS</name>
      
        
      <description>Parking mixto gratuito para Visita SANTES CREUS.</description>
      
        
      <styleUrl>#icon-1670-E65100</styleUrl>
      
        
      <Point>
        
          
        <coordinates>
            1.3633087,41.350741,0
          </coordinates>
        
        
      </Point>
      
      
    </Placemark>
    <Placemark>
      
        
      <name>PARKING 🅿️ / La Pobla de Segur (Lérida)</name>
      
        
      <description>Esplanada de tierra para dejar BUS noche o hacer tiempo, al lado de estación de Renfe.</description>
      
        
      <styleUrl>#icon-1644-0288D1</styleUrl>
      
        
      <Point>
        
          
        <coordinates>
            0.9658612,42.2409098,0
          </coordinates>
        
        
      </Point>
      
      
    </Placemark>
    <Placemark>
      
        
      <name>MUSEO Molino Papelero 🏛(Parking)/ Capellades</name>
      
        
      <description>Aquí se dejan los grupos para el museo del papel.</description>
      
        
      <styleUrl>#icon-1636-A52714</styleUrl>
      
        
      <Point>
        
          
        <coordinates>
            1.6841302,41.5269153,0
          </coordinates>
        
        
      </Point>
      
      
    </Placemark>
    <Placemark>
      
        
      <name>PARKING Cuevas De Collbató 🅿️ / Collbató (Barcelona)</name>
      
        
      <description>Parking para visitar las cuevas / no se puede ir más cerca.</description>
      
        
      <styleUrl>#icon-1644-0288D1</styleUrl>
      
        
      <Point>
        
          
        <coordinates>
            1.8293555,41.5729145,0
          </coordinates>
        
        
      </Point>
      
      
    </Placemark>
    <Placemark>
      
        
      <name>PARKING 🅿️ / Tarragona </name>
      
        
      <description>Parking Mixto de tierra/ al lado campo Fútbol Gimnastic / cerca de ITV. AMPLIO SIN PROBLEMAS</description>
      
        
      <styleUrl>#icon-1644-0288D1</styleUrl>
      
        
      <Point>
        
          
        <coordinates>
            1.274421,41.124098,0
          </coordinates>
        
        
      </Point>
      
      
    </Placemark>
    <Placemark>
      
        
      <name>PARKING (Pago)💰 / Lyon (FR)</name>
      
        
      <description><![CDATA[Parking de Pago precio 20€ /  30 Plazas / cerca velódromo y Lago de la Tetê D'Or en Lyon (FR)]]></description>
      
        
      <styleUrl>#icon-1513-1A237E</styleUrl>
      
        
      <Point>
        
          
        <coordinates>
            4.857541,45.7809709,0
          </coordinates>
        
        
      </Point>
      
      
    </Placemark>
    <Placemark>
      
        
      <name>ALBERGUE Las Lomas / Calasparra (Murcia)</name>
      
        
      <description>Parking Albergue y Restaurante Las Lomas /;Calasparra, Murcia+34 968 72 30 00</description>
      
        
      <styleUrl>#icon-1682-673AB7</styleUrl>
      
        
      <Point>
        
          
        <coordinates>
            -1.7096117,38.2561398,0
          </coordinates>
        
        
      </Point>
      
      
    </Placemark>
    <Placemark>
      
        
      <name>PARKING BUS / Oporto (PO)</name>
      
        
      <description>Parking bus en Oporto gratuito para 4 Autocares </description>
      
        
      <styleUrl>#icon-1532-7CB342</styleUrl>
      
        
      <Point>
        
          
        <coordinates>
            -8.6394594,41.1504982,0
          </coordinates>
        
        
      </Point>
      
      
    </Placemark>
    <Placemark>
      
        
      <name>PARKING (Pago) 💰/ Oporto (PO)</name>
      
        
      <description>Parking mixto amplio de pago en Oporto.</description>
      
        
      <styleUrl>#icon-1513-1A237E</styleUrl>
      
        
      <Point>
        
          
        <coordinates>
            -8.633514,41.1524733,0
          </coordinates>
        
        
      </Point>
      
      
    </Placemark>
    <Placemark>
      
        
      <name>PARKING BUS / Poitiers (FR)</name>
      
        
      <description>Parking Bus en Poitiers cerca del parque de exposiciones y el Parque Floral La Roseraie.</description>
      
        
      <styleUrl>#icon-1532-7CB342</styleUrl>
      
        
      <Point>
        
          
        <coordinates>
            0.3711408,46.5820063,0
          </coordinates>
        
        
      </Point>
      
      
    </Placemark>
    <Placemark>
      
        
      <name>PARKING BUS / Saumur (FR)</name>
      
        
      <description>Parking Bus cerca de la fortaleza Mediaval Château de Saumur.</description>
      
        
      <styleUrl>#icon-1532-7CB342</styleUrl>
      
        
      <Point>
        
          
        <coordinates>
            -0.0725627,47.2552216,0
          </coordinates>
        
        
      </Point>
      
      
    </Placemark>
    <Placemark>
      
        
      <name>PARKING (Pago) 💰 / París (FR)</name>
      
        
      <description>Parking De Pago INDIGO en París / Parking Indigo Parc de la Villette Nord - Cité des Sciences</description>
      
        
      <styleUrl>#icon-1513-1A237E</styleUrl>
      
        
      <Point>
        
          
        <coordinates>
            2.3883843,48.8975469,0
          </coordinates>
        
        
      </Point>
      
      
    </Placemark>
    <Placemark>
      
        
      <name>PARKING BUS / Centelles (Barcelona)</name>
      
        
      <description>3 Plazas de Parking Bus / Se usa como Parada de los buses con ruta escolar. Fin de semana libre </description>
      
        
      <styleUrl>#icon-1532-7CB342</styleUrl>
      
        
      <Point>
        
          
        <coordinates>
            2.2171362,41.8012948,0
          </coordinates>
        
        
      </Point>
      
      
    </Placemark>
    <Placemark>
      
        
      <name>PARQUE NATURAL CABÁRCENO/ Obregón / (Cantabria)</name>
      
        
      <description>PARKING PARA LA VISITA AL PARQUE / Ctra. Obregón, s/n, 39690 Obregón, Cantabria www.parquedecabarceno.com +34 942 56 37 36</description>
      
        
      <styleUrl>#icon-1542-1A237E</styleUrl>
      
        
      <Point>
        
          
        <coordinates>
            -3.8543823,43.3493757,0
          </coordinates>
        
        
      </Point>
      
      
    </Placemark>
    <Placemark>
      
        
      <name>PARKING BUS / Sant Esteve de Palautordera (Barcelona)</name>
      
        
      <description>Reservado para Bus al lado de Pabellón/ gratuito asfaltaso, sin tiempo</description>
      
        
      <styleUrl>#icon-1532-7CB342</styleUrl>
      
        
      <Point>
        
          
        <coordinates>
            2.4391469,41.7025078,0
          </coordinates>
        
        
      </Point>
      
      
    </Placemark>
    <Placemark>
      
        
      <name>COLEGIO VALLMANYA / Sant Esteve de Palautordera </name>
      
        
      <description>Esplanada de tierra, parking mixto/ prepara cubo y fregona. Si a llovido no te metas.</description>
      
        
      <styleUrl>#icon-1682-FFD600</styleUrl>
      
        
      <Point>
        
          
        <coordinates>
            2.4355342,41.7011603,0
          </coordinates>
        
        
      </Point>
      
      
    </Placemark>
    <Placemark>
      
        
      <name>PARKING BUS / Sabadell (Barcelona)</name>
      
        
      <description>Parking en Linea al lado de Fira Sabadell./ Sin problemas gratuito</description>
      
        
      <styleUrl>#icon-1532-7CB342</styleUrl>
      
        
      <Point>
        
          
        <coordinates>
            2.1166106,41.5452709,0
          </coordinates>
        
        
      </Point>
      
      
    </Placemark>
    <Placemark>
      
        
      <name>PARKING 🅿️ / Ciudad Real </name>
      
        
      <description>Parking en linea y Punto para hacer la espera de la visita a Ciudad Real.Gratuito sin problemas para llegar al centro al centro.</description>
      
        
      <styleUrl>#icon-1644-0288D1</styleUrl>
      
        
      <Point>
        
          
        <coordinates>
            -3.938171,38.9758556,0
          </coordinates>
        
        
      </Point>
      
      
    </Placemark>
    <Placemark>
      
        
      <name>PARKING BUS (2Horas) ✅ / Concha Espina (Madrid)</name>
      
        
      <description>Parking Bus en Linea en Concha Espina. Máximo 2Horas.</description>
      
        
      <styleUrl>#line-7CB342-5543</styleUrl>
      
        
      <LineString>
        
          
        <tessellate>1</tessellate>
        
          
        <coordinates>
            -3.6850555,40.4518987,0
            -3.6838598,40.4518557,0
          </coordinates>
        
        
      </LineString>
      
      
    </Placemark>
    <Placemark>
      
        
      <name>TERMINAL A  Cruceros / Barcelona</name>
      
        
      <description>Parking Bus Terminal A / Moll Adossat, 1, 08039 Barcelona</description>
      
        
      <styleUrl>#icon-1622-757575</styleUrl>
      
        
      <Point>
        
          
        <coordinates>
            2.1825499,41.363743,0
          </coordinates>
        
        
      </Point>
      
      
    </Placemark>
    <Placemark>
      
        
      <name>TERMINAL B Cruceros / Barcelona </name>
      
        
      <description><![CDATA[Parking Bus Terminal B / <br>www.cruisebus.barcelona <br>+34 666 55 10 33]]></description>
      
        
      <styleUrl>#icon-1622-757575</styleUrl>
      
        
      <Point>
        
          
        <coordinates>
            2.181002,41.3613468,0
          </coordinates>
        
        
      </Point>
      
      
    </Placemark>
    <Placemark>
      
        
      <name>TERMINAL C Cruceros / Barcelona </name>
      
        
      <description><![CDATA[Parking Bus  Terminal C / Moll de Sant Bertran, 3, 08039 Barcelona <br>www.portdebarcelona.cat ]]></description>
      
        
      <styleUrl>#icon-1622-757575</styleUrl>
      
        
      <Point>
        
          
        <coordinates>
            2.1789036,41.3580821,0
          </coordinates>
        
        
      </Point>
      
      
    </Placemark>
    <Placemark>
      
        
      <name>TERMINAL D Cruceros / Barcelona </name>
      
        
      <description><![CDATA[Parking Bus Terminal D / Moll Adossat, 1, 08039 Barcelona <br>www.cruisebus.barcelona <br>+34 666 55 10 33]]></description>
      
        
      <styleUrl>#icon-1622-757575</styleUrl>
      
        
      <Point>
        
          
        <coordinates>
            2.1774061,41.3557577,0
          </coordinates>
        
        
      </Point>
      
      
    </Placemark>
    <Placemark>
      
        
      <name>MONASTERIO SANT BENET DE BAGES</name>
      
        
      <description>Parking Reservado asfaltado gratuito / Monasterio de San Benet de Bages/ Camí de Sant Benet /  www.monsantbenet.com +34 938 75 94 01</description>
      
        
      <styleUrl>#icon-1670-E65100</styleUrl>
      
        
      <Point>
        
          
        <coordinates>
            1.9024077,41.7446681,0
          </coordinates>
        
        
      </Point>
      
      
    </Placemark>
    <Placemark>
      
        
      <name>CASTILLO De Almodovar del Rio (Cordoba) </name>
      
        
      <description>Parking Mixto de tierra Visita Castillo de Almodovar.</description>
      
        
      <styleUrl>#icon-1598-424242</styleUrl>
      
        
      <Point>
        
          
        <coordinates>
            -5.024786,37.8098226,0
          </coordinates>
        
        
      </Point>
      
      
    </Placemark>
    <Placemark>
      
        
      <name>PARKING BUS / Vilar Formoso (PO)</name>
      
        
      <description>Parking Bus gratuito ,  asfaltado C Y D visita/ Vilar Formoso, Portugal</description>
      
        
      <styleUrl>#icon-1532-7CB342</styleUrl>
      
        
      <Point>
        
          
        <coordinates>
            -6.8327866,40.6092969,0
          </coordinates>
        
        
      </Point>
      
      
    </Placemark>
    <Placemark>
      
        
      <name>PARKING BUS / Santiago de Compostela </name>
      
        
      <description>Parking reservado para Bus, justo al lado del Estadio.</description>
      
        
      <styleUrl>#icon-1532-7CB342</styleUrl>
      
        
      <Point>
        
          
        <coordinates>
            -8.5172943,42.8831965,0
          </coordinates>
        
        
      </Point>
      
      
    </Placemark>
    <Placemark>
      
        
      <name>PARKING BUS / Sant Pau de Segúries (Girona)</name>
      
        
      <description>Parking a las afueras de la población libre, gratuito sin tiempo.</description>
      
        
      <styleUrl>#icon-1532-7CB342</styleUrl>
      
        
      <Point>
        
          
        <coordinates>
            2.3673882,42.2659908,0
          </coordinates>
        
        
      </Point>
      
      
    </Placemark>
    <Placemark>
      
        
      <name>RUTA PARKING BUS / Guadalupe (Extremadura)</name>
      
        
      <description>Seguir esta Ruta para llegar al Parking de autocares de Guadalupe.</description>
      
        
      <styleUrl>#line-F9A825-5540</styleUrl>
      
        
      <LineString>
        
          
        <tessellate>1</tessellate>
        
          
        <coordinates>
            -5.3260893,39.4510024,0
            -5.323977,39.4513631,0
            -5.3235044,39.4518091,0
            -5.3235176,39.4524375,0
            -5.3236226,39.4533193,0
            -5.3239967,39.4541757,0
            -5.3237932,39.4545558,0
            -5.323406,39.4543784,0
            -5.3231303,39.4536436,0
            -5.3230581,39.4527061,0
            -5.3227891,39.4519459,0
            -5.3220737,39.4510236,0
            -5.3214108,39.4502482,0
            -5.3198959,39.4485857,0
            -5.3175397,39.4471565,0
            -5.3171361,39.4468334,0
            -5.3169868,39.4466645,0
            -5.3168138,39.446287,0
            -5.3167092,39.4459369,0
            -5.3166449,39.4450594,0
            -5.3165081,39.4446623,0
            -5.316234,39.4442423,0
            -5.3159882,39.444008,0
            -5.3157342,39.4438581,0
            -5.3154884,39.4437281,0
            -5.3151456,39.4435316,0
            -5.3147938,39.4433451,0
            -5.3145679,39.4431459,0
            -5.3143987,39.4429699,0
            -5.3141861,39.4426619,0
            -5.3140611,39.442392,0
            -5.3139101,39.4421099,0
            -5.3137263,39.4419017,0
            -5.3135012,39.4417532,0
            -5.3128813,39.4415587,0
            -5.3123545,39.4413387,0
            -5.312031,39.4410145,0
            -5.3118986,39.4407747,0
            -5.311877,39.4405661,0
            -5.3119657,39.4404911,0
            -5.3120353,39.4404713,0
            -5.3120975,39.4404673,0
            -5.312206,39.4404793,0
            -5.3122694,39.4405036,0
            -5.3124728,39.4406097,0
            -5.3127219,39.4406973,0
            -5.3130938,39.4407783,0
            -5.3134944,39.440834,0
            -5.31398,39.4407989,0
            -5.3152177,39.4404131,0
            -5.3154911,39.4405393,0
            -5.3161377,39.4410192,0
            -5.3162774,39.4411242,0
            -5.3163896,39.4412925,0
            -5.316606,39.441701,0
            -5.3174134,39.4430682,0
            -5.3176552,39.4431954,0
            -5.3180611,39.4433183,0
            -5.3187527,39.4435727,0
            -5.3188424,39.4436217,0
            -5.3189198,39.4437172,0
            -5.3188681,39.4438534,0
            -5.3187873,39.4440823,0
            -5.3188961,39.4441744,0
            -5.3199402,39.4444396,0
            -5.3204089,39.4445875,0
            -5.3207245,39.4448569,0
            -5.3215198,39.4454315,0
            -5.3229031,39.4462689,0
            -5.3237219,39.4466728,0
            -5.3239878,39.4468231,0
            -5.3243165,39.4468403,0
            -5.3247662,39.4467334,0
            -5.3249866,39.4464649,0
            -5.3250265,39.4459451,0
            -5.3251431,39.4457684,0
            -5.3253812,39.4457269,0
            -5.3258191,39.4457605,0
            -5.3262816,39.4456759,0
            -5.3289335,39.44504,0
            -5.3298274,39.4450863,0
            -5.3304712,39.4447615,0
            -5.3312299,39.4445476,0
            -5.3322003,39.4443711,0
            -5.3324105,39.4444227,0
            -5.3313263,39.4448455,0
            -5.3306803,39.4450992,0
            -5.3304171,39.4456105,0
            -5.3295613,39.445565,0
            -5.3294507,39.4458827,0
            -5.3294712,39.4461699,0
            -5.3295929,39.4463831,0
            -5.329961,39.4470367,0
            -5.3299399,39.4474537,0
            -5.3298929,39.4476595,0
            -5.3298834,39.4478944,0
            -5.3301371,39.4481459,0
            -5.3301118,39.4483573,0
            -5.3299944,39.4485251,0
            -5.3300772,39.448752,0
            -5.33044,39.4490397,0
            -5.3308059,39.4493493,0
            -5.3310461,39.4496906,0
            -5.331048,39.4500857,0
            -5.3309542,39.4504238,0
            -5.3310237,39.4506333,0
            -5.3312502,39.4514895,0
            -5.3310155,39.4517457,0
            -5.3309463,39.4519978,0
            -5.3306669,39.452052,0
          </coordinates>
        
        
      </LineString>
      
      
    </Placemark>
    <Placemark>
      
        
      <name>PARKING BUS / Antibes (FR)</name>
      
        
      <description>Parking en linea / Chem des Sables / Antibes FR.</description>
      
        
      <styleUrl>#icon-1532-7CB342</styleUrl>
      
        
      <Point>
        
          
        <coordinates>
            7.1175508,43.5684758,0
          </coordinates>
        
        
      </Point>
      
      
    </Placemark>
    <Placemark>
      
        
      <name>PARKING BUS / Albenga (IT)</name>
      
        
      <description>Plazas de Bus reservadas en Alvenga </description>
      
        
      <styleUrl>#icon-1532-7CB342</styleUrl>
      
        
      <Point>
        
          
        <coordinates>
            8.2062281,44.0526566,0
          </coordinates>
        
        
      </Point>
      
      
    </Placemark>
    <Placemark>
      
        
      <name>PARKING BUS / Pietra Ligure (IT)</name>
      
        
      <description>Parking para 1 Bus / junto Campo de Fútbol.</description>
      
        
      <styleUrl>#icon-1532-7CB342</styleUrl>
      
        
      <Point>
        
          
        <coordinates>
            8.2976442,44.1584103,0
          </coordinates>
        
        
      </Point>
      
      
    </Placemark>
    <Placemark>
      
        
      <name>PARKING BUS / Albissola Marina (ITT)</name>
      
        
      <description>Plazas reservadas para Bus</description>
      
        
      <styleUrl>#icon-1532-7CB342</styleUrl>
      
        
      <Point>
        
          
        <coordinates>
            8.5050242,44.333301,0
          </coordinates>
        
        
      </Point>
      
      
    </Placemark>
    <Placemark>
      
        
      <name>PARKING BUS (Pago) / Génova (IT)</name>
      
        
      <description>Parking de Pago para autocares.</description>
      
        
      <styleUrl>#icon-1513-1A237E</styleUrl>
      
        
      <Point>
        
          
        <coordinates>
            8.9312818,44.403469,0
          </coordinates>
        
        
      </Point>
      
      
    </Placemark>
    <Placemark>
      
        
      <name>PARKING BUS / Génova (IT)</name>
      
        
      <description>Parking en Linea en Génova </description>
      
        
      <styleUrl>#icon-1532-7CB342</styleUrl>
      
        
      <Point>
        
          
        <coordinates>
            8.9442754,44.3960143,0
          </coordinates>
        
        
      </Point>
      
      
    </Placemark>
    <Placemark>
      
        
      <name>PARKING BUS / Siracusa (IT)</name>
      
        
      <description>Parking Bus en la Zona del Puerto de Siracusa.</description>
      
        
      <styleUrl>#icon-1532-7CB342</styleUrl>
      
        
      <Point>
        
          
        <coordinates>
            15.2872537,37.0644305,0
          </coordinates>
        
        
      </Point>
      
      
    </Placemark>
    <Placemark>
      
        
      <name>PARKING🅿️  / Giardini Naxos (IT)</name>
      
        
      <description>Parking mixto asfaltado libre en Giardini Naxos.</description>
      
        
      <styleUrl>#icon-1644-0288D1</styleUrl>
      
        
      <Point>
        
          
        <coordinates>
            15.2659154,37.8187641,0
          </coordinates>
        
        
      </Point>
      
      
    </Placemark>
    <Placemark>
      
        
      <name>PARKING BUS / Oristano (IT)</name>
      
        
      <description>Parking para Bus autorizado en Oristano.</description>
      
        
      <styleUrl>#icon-1532-7CB342</styleUrl>
      
        
      <Point>
        
          
        <coordinates>
            8.5893359,39.8971582,0
          </coordinates>
        
        
      </Point>
      
      
    </Placemark>
    <Placemark>
      
        
      <name>PARKING BUS (Pago) / París (FR)</name>
      
        
      <description>parking subterráneo de Pago / ojo la entrada es por el lateral no te la pases.</description>
      
        
      <styleUrl>#icon-1513-1A237E</styleUrl>
      
        
      <Point>
        
          
        <coordinates>
            2.3808282,48.8351351,0
          </coordinates>
        
        
      </Point>
      
      
    </Placemark>
    <Placemark>
      
        
      <name>ENTRADA PARKING BUS Bercy Seine / París ( FR)</name>
      
        
      <description>Entrada por el lateral al parking de BERCY SEINE</description>
      
        
      <styleUrl>#line-9C27B0-6290</styleUrl>
      
        
      <LineString>
        
          
        <tessellate>1</tessellate>
        
          
        <coordinates>
            2.3825914,48.8336924,0
            2.3823222,48.8338712,0
            2.3823337,48.8339506,0
            2.3808693,48.8351019,0
          </coordinates>
        
        
      </LineString>
      
      
    </Placemark>
    <Placemark>
      
        
      <name>PARKING 🅿️ / El Graó de Castellón (Valencia)</name>
      
        
      <description>Aparcamiento de tierra libre mixto.</description>
      
        
      <styleUrl>#icon-1644-0288D1</styleUrl>
      
        
      <Point>
        
          
        <coordinates>
            0.0279683,39.9975604,0
          </coordinates>
        
        
      </Point>
      
      
    </Placemark>
    <Placemark>
      
        
      <name>PARKING BUS / Mislata (Valencia)</name>
      
        
      <description>Parking asfaltado con andenes en Mislata</description>
      
        
      <styleUrl>#icon-1532-7CB342</styleUrl>
      
        
      <Point>
        
          
        <coordinates>
            -0.4232133,39.480996,0
          </coordinates>
        
        
      </Point>
      
      
    </Placemark>
    <Placemark>
      
        
      <name>PARKING BUS✅  / Altea (Alicante)</name>
      
        
      <description>Parking Bus 2 Plazas , gratuito / cerca del Palau de Altea.</description>
      
        
      <styleUrl>#icon-1532-7CB342</styleUrl>
      
        
      <Point>
        
          
        <coordinates>
            -0.0567571,38.5988511,0
          </coordinates>
        
        
      </Point>
      
      
    </Placemark>
    <Placemark>
      
        
      <name>PARKING BUS (Pago) / Tarifa (Cádiz)</name>
      
        
      <description>Parking de Pago en Tarifa </description>
      
        
      <styleUrl>#icon-1513-1A237E</styleUrl>
      
        
      <Point>
        
          
        <coordinates>
            -5.6032212,36.011149,0
          </coordinates>
        
        
      </Point>
      
      
    </Placemark>
    <Placemark>
      
        
      <name>PARKING BUS / Onda (Castellón)</name>
      
        
      <description>1 plaA de Parkkng reservada en la zona deportiva de Onda.</description>
      
        
      <styleUrl>#icon-1532-7CB342</styleUrl>
      
        
      <Point>
        
          
        <coordinates>
            -0.2671528,39.9689321,0
          </coordinates>
        
        
      </Point>
      
      
    </Placemark>
    <Placemark>
      
        
      <name>COLONIA GÜELL (Parking) / Santa Coloma de Cervelló (Barcelona)</name>
      
        
      <description>Parking Gratuito para visitar Colonia Güell. </description>
      
        
      <styleUrl>#icon-1532-7CB342</styleUrl>
      
        
      <Point>
        
          
        <coordinates>
            2.0256789,41.3650482,0
          </coordinates>
        
        
      </Point>
      
      
    </Placemark>
    <Placemark>
      
        
      <name>PARKING BUS CERRADO POR OBRAS ❌/ Partidos Barça</name>
      
        
      <description>Parking donde nos meten cuando hay Partido</description>
      
        
      <styleUrl>#icon-1899-DB4436</styleUrl>
      
        
      <Point>
        
          
        <coordinates>
            2.1166442,41.3802249,0
          </coordinates>
        
        
      </Point>
      
      
    </Placemark>
    <Placemark>
      
        
      <name>PARKING BUS / Toledo</name>
      
        
      <description>Parking Bus en Centro Comercial Luz del Tajo</description>
      
        
      <styleUrl>#icon-1532-7CB342</styleUrl>
      
        
      <Point>
        
          
        <coordinates>
            -3.9733802,39.863126,0
          </coordinates>
        
        
      </Point>
      
      
    </Placemark>
    <Placemark>
      
        
      <name>PARKING BUS / Toledo</name>
      
        
      <description>Parking en Linea, Av/ Salto del Caballo</description>
      
        
      <styleUrl>#icon-1532-7CB342</styleUrl>
      
        
      <Point>
        
          
        <coordinates>
            -4.0171595,39.8692186,0
          </coordinates>
        
        
      </Point>
      
      
    </Placemark>
    <Placemark>
      
        
      <name>PARKING BUS/ Calafell (Tarragona)</name>
      
        
      <description>Parking bus en linea gratuito en Avenida Mossèn Jaume Soler De Calafell.</description>
      
        
      <styleUrl>#icon-1532-7CB342</styleUrl>
      
        
      <Point>
        
          
        <coordinates>
            1.5793593,41.1897376,0
          </coordinates>
        
        
      </Point>
      
      
    </Placemark>
    <Placemark>
      
        
      <name>PARKING BUS /Narbona (FR)</name>
      
        
      <description>Plaza de Bus en parking mixto de Narbona.</description>
      
        
      <styleUrl>#icon-1532-7CB342</styleUrl>
      
        
      <Point>
        
          
        <coordinates>
            3.013282,43.1802652,0
          </coordinates>
        
        
      </Point>
      
      
    </Placemark>
    <Placemark>
      
        
      <name>PARQUE WARNER (Parking)✅️ / Madrid</name>
      
        
      <description>Parking  Bus de la Warner en Madrid.</description>
      
        
      <styleUrl>#icon-1502-C2185B</styleUrl>
      
        
      <Point>
        
          
        <coordinates>
            -3.5918685,40.2325111,0
          </coordinates>
        
        
      </Point>
      
      
    </Placemark>
    <Placemark>
      
        
      <name>RESTAURANTE La Curva / Calasparra (Murcia)</name>
      
        
      <description>Parking al lado de restaurante La Curva. Puedes hacer la espera sin problema.</description>
      
        
      <styleUrl>#icon-1577-795548</styleUrl>
      
        
      <Point>
        
          
        <coordinates>
            -1.7002466,38.237405,0
          </coordinates>
        
        
      </Point>
      
      
    </Placemark>
    <Placemark>
      
        
      <name>APARCAMIENTO / Mequinenza (Zaragoza)</name>
      
        
      <description>Parking público Mixto asfaltado gratuito en Mequinenza</description>
      
        
      <styleUrl>#icon-1644-0288D1</styleUrl>
      
        
      <Point>
        
          
        <coordinates>
            0.3012246,41.3696423,0
          </coordinates>
        
        
      </Point>
      
      
    </Placemark>
    <Placemark>
      
        
      <name>MUSEO De Mequinenza (Zaragoza)</name>
      
        
      <description>Parking para visitar distintos museos de Mequinenza/ Av. María Quintana, 1, Mequinenza, Zaragoza</description>
      
        
      <styleUrl>#icon-1636-A52714</styleUrl>
      
        
      <Point>
        
          
        <coordinates>
            0.2938883,41.3613207,0
          </coordinates>
        
        
      </Point>
      
      
    </Placemark>
    <Placemark>
      
        
      <name>PARKING 🅿️ / Artesa de Segre (Lérida)</name>
      
        
      <description>Aparcamiento de tierra para dejar BUS sin problemas.</description>
      
        
      <styleUrl>#icon-1644-0288D1</styleUrl>
      
        
      <Point>
        
          
        <coordinates>
            1.0430466,41.8920982,0
          </coordinates>
        
        
      </Point>
      
      
    </Placemark>
    <Placemark>
      
        
      <name>PARKING BUS / Santander </name>
      
        
      <description>Parking en linea en la S20 , al lado estadio del Sardinero </description>
      
        
      <styleUrl>#icon-1532-7CB342</styleUrl>
      
        
      <Point>
        
          
        <coordinates>
            -3.797676,43.4761399,0
          </coordinates>
        
        
      </Point>
      
      
    </Placemark>
    <Placemark>
      
        
      <name>RESTAURANTE CLAMAR / Torredembarra (Tarragona)</name>
      
        
      <description><![CDATA[Aceptan Grupos Desayunos y comidas/ Tienen Baile. Parking de tierra justo al lado. / C/ dels Pescadors, 17, Torredembarra, Tarragona<br> www.restauranteclamar.com <br>+34 977 64 06 82]]></description>
      
        
      <styleUrl>#icon-1577-795548</styleUrl>
      
        
      <Point>
        
          
        <coordinates>
            1.4108501,41.1443059,0
          </coordinates>
        
        
      </Point>
      
      
    </Placemark>
    <Placemark>
      
        
      <name>PARKING BUS / Roses (Girona)</name>
      
        
      <description>Parking libre en linea para 4 Autocares, se puede dejar de noche.</description>
      
        
      <styleUrl>#icon-1532-7CB342</styleUrl>
      
        
      <Point>
        
          
        <coordinates>
            3.1552684,42.2663648,0
          </coordinates>
        
        
      </Point>
      
      
    </Placemark>
    <Placemark>
      
        
      <name>PARKING BUS / Roses (Girona)</name>
      
        
      <description>Parking gratuito en linea sin problemas dejarlo por la noche.</description>
      
        
      <styleUrl>#icon-1532-7CB342</styleUrl>
      
        
      <Point>
        
          
        <coordinates>
            3.1556619,42.2675894,0
          </coordinates>
        
        
      </Point>
      
      
    </Placemark>
    <Placemark>
      
        
      <name>PARKING (Pago) 💰 / La Alhambra Granada</name>
      
        
      <description>Parking en la Alhambra de Granada, de pago Parking de Autocares y Caravanas. Solo entrar 3,58€ después a 0,10€ el minuto. (A 20/8/24)</description>
      
        
      <styleUrl>#icon-1513-1A237E</styleUrl>
      
        
      <Point>
        
          
        <coordinates>
            -3.5793876,37.1716517,0
          </coordinates>
        
        
      </Point>
      
      
    </Placemark>
    <Placemark>
      
        
      <name>PARKING BUS / Campo Fútbol Sta. Ana / Cartagena (Murcia)</name>
      
        
      <description><![CDATA[Reservas para autocares / <br>Aparcamiento Campo de Fútbol de Santa Ana <br>Av. Génova, 100, 30319 Cartagena, Murcia]]></description>
      
        
      <styleUrl>#icon-1532-7CB342</styleUrl>
      
        
      <Point>
        
          
        <coordinates>
            -1.0172875,37.6507435,0
          </coordinates>
        
        
      </Point>
      
      
    </Placemark>
    <Placemark>
      
        
      <name>SANTUARIO DE LA ESPERANZA / Calasparra (Murcia)</name>
      
        
      <description><![CDATA[SANTUARIO DE LA ESPERANZA / Calasparra (Murcia)<br>Parking del Santuario, se puede dar la vuelta. Asfaltado. ]]></description>
      
        
      <styleUrl>#icon-1670-E65100</styleUrl>
      
        
      <Point>
        
          
        <coordinates>
            -1.7102802,38.2631509,0
          </coordinates>
        
        
      </Point>
      
      
    </Placemark>
    <Placemark>
      
        
      <name>PARKING BUS / Alcocéber (Castellón)</name>
      
        
      <description>1Plaza de Bus RESERVADA  gratuito en paso Marítimo de Alcocéber.</description>
      
        
      <styleUrl>#icon-1532-7CB342</styleUrl>
      
        
      <Point>
        
          
        <coordinates>
            0.280139,40.2452634,0
          </coordinates>
        
        
      </Point>
      
      
    </Placemark>
    <Placemark>
      
        
      <name>PARKING BUS / Ciudad Deportiva Levante UD (Buñol)</name>
      
        
      <description>Parking Mixto pero con reserva para bus.Ciudad deportiva del Levante.</description>
      
        
      <styleUrl>#icon-1532-7CB342</styleUrl>
      
        
      <Point>
        
          
        <coordinates>
            -0.774974,39.4287553,0
          </coordinates>
        
        
      </Point>
      
      
    </Placemark>
    <Placemark>
      
        
      <name>PARKING BUS (Máx 2Horas) ✅ / Madrid</name>
      
        
      <description>Zona de Espera en Linea 3 - 4 Autocares / MAX 2horas / horario de 9,00h a 19,00h . Calle del General López Pozas.</description>
      
        
      <styleUrl>#icon-1532-7CB342</styleUrl>
      
        
      <Point>
        
          
        <coordinates>
            -3.6857571,40.4659879,0
          </coordinates>
        
        
      </Point>
      
      
    </Placemark>
    <Placemark>
      
        
      <name>BASÍLICA Valle de Los Caídos ✝️ / San Lorenzo de El Escorial (Madrid)</name>
      
        
      <description>Parking reservado para Autocares  en el Valle de Los Caídos/ Carretera de Guadarrama, s/n, 28209 San Lorenzo de El Escorial, Madrid www.valledeloscaidos.es +34 918 90 54 11</description>
      
        
      <styleUrl>#icon-1670-E65100</styleUrl>
      
        
      <Point>
        
          
        <coordinates>
            -4.1531026,40.6394687,0
          </coordinates>
        
        
      </Point>
      
      
    </Placemark>
    <Placemark>
      
        
      <name>DELTA Del Llobregat / Viladecans (Barcelona)</name>
      
        
      <description>Parking visita Delta /  Parking Filipines  Viladecans, Barcelona www.deltallobregat.cat +34 934 79 32 01</description>
      
        
      <styleUrl>#icon-1542-3949AB</styleUrl>
      
        
      <Point>
        
          
        <coordinates>
            2.0626088,41.2785441,0
          </coordinates>
        
        
      </Point>
      
      
    </Placemark>
    <Placemark>
      
        
      <name>CANAL Olimpico De Catalunya 🛶 / Castelldefels (Barcelona)</name>
      
        
      <description>Parking Bus en el Canal Olímpico / Hay Bar restaurante con buenas vistas / Av. del Canal Olímpic, 17, 08860 Castelldefels, Barcelona www.canalolimpic.cat +34 936 36 28 96</description>
      
        
      <styleUrl>#icon-1502-C2185B</styleUrl>
      
        
      <Point>
        
          
        <coordinates>
            1.9926318,41.2810674,0
          </coordinates>
        
        
      </Point>
      
      
    </Placemark>
    <Placemark>
      
        
      <name>PARKING 🅿️ / Castelldefels (Barcelona)</name>
      
        
      <description>Esplanada de tierra para aparcar / déjalo que puedas salir por si se llena de los iluminados.</description>
      
        
      <styleUrl>#icon-1644-0288D1</styleUrl>
      
        
      <Point>
        
          
        <coordinates>
            1.9641344,41.2711403,0
          </coordinates>
        
        
      </Point>
      
      
    </Placemark>
    <Placemark>
      
        
      <name>PARKING BUS / Castelldefels (Barcelona)</name>
      
        
      <description>Parking reservado para 2 Buses / Para las Visitas de Bosc Encantat de Nadal  y Castillo de Castelldefels.</description>
      
        
      <styleUrl>#icon-1532-7CB342</styleUrl>
      
        
      <Point>
        
          
        <coordinates>
            1.9744715,41.2848864,0
          </coordinates>
        
        
      </Point>
      
      
    </Placemark>
    <Placemark>
      
        
      <name>PARKING BUS / Torrelavega (Cantabria)</name>
      
        
      <description>Parking Bus  en Av/ de la constitución de torrelavega</description>
      
        
      <styleUrl>#icon-1532-7CB342</styleUrl>
      
        
      <Point>
        
          
        <coordinates>
            -4.050088,43.3444472,0
          </coordinates>
        
        
      </Point>
      
      
    </Placemark>
    <Placemark>
      
        
      <name><![CDATA[PARKING BUS  Cité de l'espace / Toulouse (FR)]]></name>
      
        
      <description><![CDATA[Parking Bus Gratuito para la visita de La Cité de l'espace y Planetarium.]]></description>
      
        
      <styleUrl>#icon-1532-7CB342</styleUrl>
      
        
      <Point>
        
          
        <coordinates>
            1.4906332,43.5865606,0
          </coordinates>
        
        
      </Point>
      
      
    </Placemark>
    <Placemark>
      
        
      <name>PARKING BUS / San Fernando (Cádiz)</name>
      
        
      <description>Parking en San Fernando, reservado para Bus</description>
      
        
      <styleUrl>#icon-1532-7CB342</styleUrl>
      
        
      <Point>
        
          
        <coordinates>
            -6.2158896,36.4565104,0
          </coordinates>
        
        
      </Point>
      
      
    </Placemark>
    <Placemark>
      
        
      <name>HOYEL Yuma / Los Ríos (Jaén)</name>
      
        
      <description>Hotel Yuma 25€ , con Parking Vigilado/ Lavado de Bus 22€ / Tienda de accesorios camion y Bus que encontrarás de todo / A-4, Km. 280, 23210 Los Ríos, Jaén +34 953 61 61 39</description>
      
        
      <styleUrl>#icon-1602-9C27B0</styleUrl>
      
        
      <Point>
        
          
        <coordinates>
            -3.6712164,38.1939406,0
          </coordinates>
        
        
      </Point>
      
      
    </Placemark>
    <Placemark>
      
        
      <name>PARKING BUS ✅️ / Manresa (Barcelona)</name>
      
        
      <description><![CDATA[Parking Bus gratuito en C/ de L'Apotecari]]></description>
      
        
      <styleUrl>#icon-1532-7CB342</styleUrl>
      
        
      <Point>
        
          
        <coordinates>
            1.8215221,41.7215396,0
          </coordinates>
        
        
      </Point>
      
      
    </Placemark>
    <Placemark>
      
        
      <name>PARKING BUS ✅️ / Castelo de Abrantes (PO)</name>
      
        
      <description>Zona reservada para la visita del Castelo de Abrantes Portugal.</description>
      
        
      <styleUrl>#icon-1532-7CB342</styleUrl>
      
        
      <Point>
        
          
        <coordinates>
            -8.1962884,39.4648435,0
          </coordinates>
        
        
      </Point>
      
      
    </Placemark>
    <Placemark>
      
        
      <name>PARKING BUS ✅️  / Abrantes (PO)</name>
      
        
      <description>Parking reservado para visita a la Poblacion o dejarlo por la noche sin problemas.</description>
      
        
      <styleUrl>#icon-1532-7CB342</styleUrl>
      
        
      <Point>
        
          
        <coordinates>
            -8.1999501,39.4599309,0
          </coordinates>
        
        
      </Point>
      
      
    </Placemark>
    <Placemark>
      
        
      <name>PARKING BUS ✅️ / Belchite (Zaragoza)</name>
      
        
      <description>Parking al lado del campo de fútbol de Belchite.</description>
      
        
      <styleUrl>#icon-1532-7CB342</styleUrl>
      
        
      <Point>
        
          
        <coordinates>
            -0.751628,41.3037017,0
          </coordinates>
        
        
      </Point>
      
      
    </Placemark>
    <Placemark>
      
        
      <name>PARKING 🅿️ / Alcolea de Cinca (Huesca)</name>
      
        
      <description>Cam. Sardera, 3B, 22410 Alcolea de Cinca, Huesca</description>
      
        
      <styleUrl>#icon-1644-0288D1</styleUrl>
      
        
      <Point>
        
          
        <coordinates>
            0.1143659,41.7231454,0
          </coordinates>
        
        
      </Point>
      
      
    </Placemark>
    <Placemark>
      
        
      <name>PARKING 🅿️ / Benabarre (Huesca)</name>
      
        
      <description>Parking mixto asfaltado gratuito en Benabarre.</description>
      
        
      <styleUrl>#icon-1644-0288D1</styleUrl>
      
        
      <Point>
        
          
        <coordinates>
            0.4840258,42.1079992,0
          </coordinates>
        
        
      </Point>
      
      
    </Placemark>
    <Placemark>
      
        
      <name>PARKING BUS ✅️ / Villacarrillo (Jaén)</name>
      
        
      <description>Zona reservada 1 Bus / Carretera Mogón Villacarrillo </description>
      
        
      <styleUrl>#icon-1532-7CB342</styleUrl>
      
        
      <Point>
        
          
        <coordinates>
            -3.0786125,38.1144133,0
          </coordinates>
        
        
      </Point>
      
      
    </Placemark>
    <Placemark>
      
        
      <name>WATER WORLD  (Parking)/ Lloret de Mar (Girona)</name>
      
        
      <description>Parking de tierra Gratuito en Water World. Fuera de temporada tambien puedes aparcar.</description>
      
        
      <styleUrl>#icon-1502-C2185B</styleUrl>
      
        
      <Point>
        
          
        <coordinates>
            2.8316903,41.7085411,0
          </coordinates>
        
        
      </Point>
      
      
    </Placemark>
    <Placemark>
      
        
      <name>PARKING BUS ✅ / Carcassonne (FR)</name>
      
        
      <description>Parking en Linea en Bd de Varsovia / NO APARCAR EN HORARIO ESCOLAR/  Carcassonne,  FR.</description>
      
        
      <styleUrl>#icon-1532-7CB342</styleUrl>
      
        
      <Point>
        
          
        <coordinates>
            2.3478789,43.2155505,0
          </coordinates>
        
        
      </Point>
      
      
    </Placemark>
    <Placemark>
      
        
      <name>PARKING BUS (Pago) 💰 / Barcelona</name>
      
        
      <description>ZOna Azul de Aparcamiento, parking en linea de Pago en La Carretera de Miramar</description>
      
        
      <styleUrl>#icon-1513-1A237E</styleUrl>
      
        
      <Point>
        
          
        <coordinates>
            2.1705846,41.3665536,0
          </coordinates>
        
        
      </Point>
      
      
    </Placemark>
    <Placemark>
      
        
      <name>PARKING 🅿️ / Almonastwr La Real (Huelva)</name>
      
        
      <description>Parking C Y D en Almonaster La Real.</description>
      
        
      <styleUrl>#icon-1644-0288D1</styleUrl>
      
        
      <Point>
        
          
        <coordinates>
            -6.7873011,37.8735586,0
          </coordinates>
        
        
      </Point>
      
      
    </Placemark>
    <Placemark>
      
        
      <name>PARKING BUS ✅️ / El Port de la Selva (Girona)</name>
      
        
      <description>Plaza reservada para 1 bus en Parking Mixto, asfaltado gratuito en el Port de La Selva.</description>
      
        
      <styleUrl>#icon-1532-7CB342</styleUrl>
      
        
      <Point>
        
          
        <coordinates>
            3.2028345,42.3345985,0
          </coordinates>
        
        
      </Point>
      
      
    </Placemark>
    <Placemark>
      
        
      <name><![CDATA[PARKING 🅿️ / La Bisbal D'Empordà (Girona)]]></name>
      
        
      <description>Aparcamiento gratuito  asfaltado para camiones y autocares en La Bisbal.</description>
      
        
      <styleUrl>#icon-1644-0288D1</styleUrl>
      
        
      <Point>
        
          
        <coordinates>
            3.0329142,41.9715077,0
          </coordinates>
        
        
      </Point>
      
      
    </Placemark>
    <Placemark>
      
        
      <name>PARKING BUS ✅️ / Sabiote (Jaén)</name>
      
        
      <description>Plazas reservadas gratuitas para Bus en Sabiote</description>
      
        
      <styleUrl>#icon-1532-7CB342</styleUrl>
      
        
      <Point>
        
          
        <coordinates>
            -3.3044838,38.0684944,0
          </coordinates>
        
        
      </Point>
      
      
    </Placemark>
    <Placemark>
      
        
      <name>PARKING BUS ✅️ / La Rochelle (FR)</name>
      
        
      <description>Zona reservada en Rochelle al lado de Museo Maritimo.</description>
      
        
      <styleUrl>#icon-1532-7CB342</styleUrl>
      
        
      <Point>
        
          
        <coordinates>
            -1.1509132,46.1490996,0
          </coordinates>
        
        
      </Point>
      
      
    </Placemark>
    <Placemark>
      
        
      <name>PARKING BUS ✅️ / La Rochelle (FR)</name>
      
        
      <description>Parking Bus mixto, plazas reservadas gratuito en La Rochelle</description>
      
        
      <styleUrl>#icon-1532-7CB342</styleUrl>
      
        
      <Point>
        
          
        <coordinates>
            -1.1539621,46.166309,0
          </coordinates>
        
        
      </Point>
      
      
    </Placemark>
    <Placemark>
      
        
      <name>GOUFFRE DE PADIRAC (Parking) 📷</name>
      
        
      <description>Parking Mixto para la Visita a la Cueva.</description>
      
        
      <styleUrl>#icon-1535-757575</styleUrl>
      
        
      <Point>
        
          
        <coordinates>
            1.7510224,44.8573809,0
          </coordinates>
        
        
      </Point>
      
      
    </Placemark>
    <Placemark>
      
        
      <name><![CDATA[LAGO D'ENGOLASTERS 🏕 / Les Escaldes (AND)]]></name>
      
        
      <description><![CDATA[Parking del Lago D'Engolasters / si hay mucho coche complicado dar la vuelta.]]></description>
      
        
      <styleUrl>#icon-1542-3949AB</styleUrl>
      
        
      <Point>
        
          
        <coordinates>
            1.5684103,42.517461,0
          </coordinates>
        
        
      </Point>
      
      
    </Placemark>
    <Placemark>
      
        
      <name>PARKING BUS ✅️ / Azuqueca de Henares (Madrid)</name>
      
        
      <description>Zona reservada para Bus parking en Linea</description>
      
        
      <styleUrl>#icon-1532-7CB342</styleUrl>
      
        
      <Point>
        
          
        <coordinates>
            -3.2695498,40.5692255,0
          </coordinates>
        
        
      </Point>
      
      
    </Placemark>
    <Placemark>
      
        
      <name>NACIMIENTO RIO MUNDO (Parking) 🏕️ / Riópar (Albacete)</name>
      
        
      <description>Parking Mixto / precio 13,80€ sólo con tarjeta /</description>
      
        
      <styleUrl>#icon-1542-3949AB</styleUrl>
      
        
      <Point>
        
          
        <coordinates>
            -2.438436,38.4558041,0
          </coordinates>
        
        
      </Point>
      
      
    </Placemark>
    <Placemark>
      
        
      <name>PARKING BUS (Max 2Horas) - C/ Marcemado, 51 ✅ / Madrid </name>
      
        
      <description>Parking Bus MAX 2Horas / 11Plazas en Linea C/ Marcenado 51 , Madrid </description>
      
        
      <styleUrl>#icon-1532-7CB342</styleUrl>
      
        
      <Point>
        
          
        <coordinates>
            -3.6742704,40.4500105,0
          </coordinates>
        
        
      </Point>
      
      
    </Placemark>
    <Placemark>
      
        
      <name>PARKING BUS ✅️ / Caldas de Rainha (PO)</name>
      
        
      <description>Parking Bus gratuito con 4 Darsenas, en Caldas de Rainha, Portugal.</description>
      
        
      <styleUrl>#icon-1532-7CB342</styleUrl>
      
        
      <Point>
        
          
        <coordinates>
            -9.1364008,39.408888,0
          </coordinates>
        
        
      </Point>
      
      
    </Placemark>
    <Placemark>
      
        
      <name>HOTEL Vila Park / Santiago do Cacém (PO)</name>
      
        
      <description>Parking en interior de hotel / Av. de Sines, 7501-909 Santiago do Cacém, Portugal www.vilapark.com +351 269 750 100</description>
      
        
      <styleUrl>#icon-1602-9C27B0</styleUrl>
      
        
      <Point>
        
          
        <coordinates>
            -8.7856968,38.0527949,0
          </coordinates>
        
        
      </Point>
      
      
    </Placemark>
    <Placemark>
      
        
      <name>PARKING BUS ✅ /  Santiago do Cacém (PO)</name>
      
        
      <description>Parking reservado bus al lado de estación de autobuses </description>
      
        
      <styleUrl>#icon-1532-7CB342</styleUrl>
      
        
      <Point>
        
          
        <coordinates>
            -8.6931549,38.0192811,0
          </coordinates>
        
        
      </Point>
      
      
    </Placemark>
    <Placemark>
      
        
      <name>PARKING 🅿️ / Torrejón de Ardoz (Madrid)</name>
      
        
      <description>Parking de tierra grande gratuito en Poligono. Según donde vayas necesitaras taxi que te lleve y te traiga.</description>
      
        
      <styleUrl>#icon-1644-0288D1</styleUrl>
      
        
      <Point>
        
          
        <coordinates>
            -3.4795355,40.4513612,0
          </coordinates>
        
        
      </Point>
      
      
    </Placemark>
    <Placemark>
      
        
      <name>BODAS Turó del Sol 💍 / Sant Vicenç de Montalt (Barcelona)
</name>
      
        
      <description><![CDATA[Se dejan y recogen en este punto, hay parking pero mejor no entrar./ Ctra. Sant Vicenç, Km 0'700, Sant Vicenç de Montalt, Barcelona <br>www.turodelsol.com <br>+34 937 91 12 74]]></description>
      
        
      <styleUrl>#icon-1613-F9A825</styleUrl>
      
        
      <Point>
        
          
        <coordinates>
            2.5167045,41.5713433,0
          </coordinates>
        
        
      </Point>
      
      
    </Placemark>
    <Placemark>
      
        
      <name>PARKING BUS ✅️ / Potes (Cantabria)</name>
      
        
      <description>Parking Bus en linea gratuito.</description>
      
        
      <styleUrl>#icon-1532-7CB342</styleUrl>
      
        
      <Point>
        
          
        <coordinates>
            -4.6259627,43.1541359,0
          </coordinates>
        
        
      </Point>
      
      
    </Placemark>
    <Placemark>
      
        
      <name>PARKING BUS 🚍 (Balcón de Madrid) / Parada de Sil (Ourense)</name>
      
        
      <description>Aquí los dejas y recoges para que vean el Balcón de Madrid.</description>
      
        
      <styleUrl>#icon-1532-7CB342</styleUrl>
      
        
      <Point>
        
          
        <coordinates>
            -7.571733,42.3811449,0
          </coordinates>
        
        
      </Point>
      
      
    </Placemark>
    <Placemark>
      
        
      <name>PARKING BUS ✅ / Torija (Guadalajara)</name>
      
        
      <description>Parking reserva Bus para visita a Torija.</description>
      
        
      <styleUrl>#icon-1532-7CB342</styleUrl>
      
        
      <Point>
        
          
        <coordinates>
            -3.0324667,40.7430482,0
          </coordinates>
        
        
      </Point>
      
      
    </Placemark>
    <Placemark>
      
        
      <name>PARKING BUS 🚍 / Ejea de los Caballeros (Zaragoza)</name>
      
        
      <description>Parking bus en linea reservado al lado plaza toros. Puedes hacer la C Y D aquí y esperar.</description>
      
        
      <styleUrl>#icon-1532-7CB342</styleUrl>
      
        
      <Point>
        
          
        <coordinates>
            -1.1324957,42.1236677,0
          </coordinates>
        
        
      </Point>
      
      
    </Placemark>
    <Placemark>
      
        
      <name>PARKING BUS ✅ / Marcilla (Navarra)</name>
      
        
      <description>Parking reservado para autocares al lado de Pabellón </description>
      
        
      <styleUrl>#icon-1532-7CB342</styleUrl>
      
        
      <Point>
        
          
        <coordinates>
            -1.7342983,42.3261982,0
          </coordinates>
        
        
      </Point>
      
      
    </Placemark>
    <Placemark>
      
        
      <name>CIUDAD DEPORTIVA R.Madrid (Parking)</name>
      
        
      <description>Parking Bus en la Ciudad deportiva del R.Madrid /Av. de Alejandro de la Sota, 28055 Ciudad Deportiva del Real, Madrid www.realmadrid.com +34 913 98 43 00</description>
      
        
      <styleUrl>#icon-1890-1A237E</styleUrl>
      
        
      <Point>
        
          
        <coordinates>
            -3.6130735,40.4767935,0
          </coordinates>
        
        
      </Point>
      
      
    </Placemark>
    <Placemark>
      
        
      <name>PARKING BUS ✅️ / Campillo de Ranas (Guadalajara)</name>
      
        
      <description>Parking Bus, se recomienda entrar de culo desde el cruce. Pueblo esta complicado para dar la vuelta.</description>
      
        
      <styleUrl>#icon-1532-7CB342</styleUrl>
      
        
      <Point>
        
          
        <coordinates>
            -3.3103801,41.0874007,0
          </coordinates>
        
        
      </Point>
      
      
    </Placemark>
    <Placemark>
      
        
      <name>INFO : Campillo de Ranas (Guadalajara)</name>
      
        
      <description>Entrar de culo hasta parking Bus en linea, punto indicado en ViaBus.</description>
      
        
      <styleUrl>#icon-1608-3949AB</styleUrl>
      
        
      <Point>
        
          
        <coordinates>
            -3.3086062,41.0883148,0
          </coordinates>
        
        
      </Point>
      
      
    </Placemark>
    <Placemark>
      
        
      <name>PARKING BUS 👮 Parque Güell // SOLO CON RESERVA (Barcelona)</name>
      
        
      <description>SOLO SE PUEDE ENTRAR CON RESERVA LLAMAR Y INFORMARSE ANTES Ctra. del Carmel, 20, 08024 Barcelona www.parkguell.cat +34 934 09 18 30</description>
      
        
      <styleUrl>#icon-1532-7CB342</styleUrl>
      
        
      <Point>
        
          
        <coordinates>
            2.155589,41.41545,0
          </coordinates>
        
        
      </Point>
      
      
    </Placemark>
    <Placemark>
      
        
      <name>CUEVA DEL TESORO 📷 / La Cala del Moral, (Málaga)
</name>
      
        
      <description>Parking para la visita a las Cuevas / Av. de Picasso, 21, La Cala del Moral, Málaga www.turismoenrincon.es +34 952 40 61 62</description>
      
        
      <styleUrl>#icon-1535-757575</styleUrl>
      
        
      <Point>
        
          
        <coordinates>
            -4.2984851,36.7191923,0
          </coordinates>
        
        
      </Point>
      
      
    </Placemark>
    <Placemark>
      
        
      <name>PARKING BUS ✅ / Tocina (Sevilla)</name>
      
        
      <description>2 plazas de Parking reservadas en la zona deportiva de Tocina.</description>
      
        
      <styleUrl>#icon-1532-7CB342</styleUrl>
      
        
      <Point>
        
          
        <coordinates>
            -5.7311413,37.6004303,0
          </coordinates>
        
        
      </Point>
      
      
    </Placemark>
    <Placemark>
      
        
      <name>PARKING BUS ✅ / Chilluévar (Jaén)</name>
      
        
      <description>Plazas reservadas para Bus en Chilluévar.</description>
      
        
      <styleUrl>#icon-1532-7CB342</styleUrl>
      
        
      <Point>
        
          
        <coordinates>
            -3.0322973,38.0024875,0
          </coordinates>
        
        
      </Point>
      
      
    </Placemark>
    <Placemark>
      
        
      <name>PARKING BUS ✅ Campillos (Málaga)</name>
      
        
      <description>Plazas reservada spar autocares en la Av/ de la Familia de Pascual Duarte,  de Campillos, Málaga.</description>
      
        
      <styleUrl>#icon-1532-7CB342</styleUrl>
      
        
      <Point>
        
          
        <coordinates>
            -4.8655182,37.0426215,0
          </coordinates>
        
        
      </Point>
      
      
    </Placemark>
    <Placemark>
      
        
      <name>PARKING BUS ✅ Dehesa de Campoamor (Alicante)</name>
      
        
      <description>Parking Bus en Linea en La Dehesa de Campoamor  C/ Ana María Matute </description>
      
        
      <styleUrl>#icon-1532-7CB342</styleUrl>
      
        
      <Point>
        
          
        <coordinates>
            -0.7496201,37.9011164,0
          </coordinates>
        
        
      </Point>
      
      
    </Placemark>
    <Placemark>
      
        
      <name>RESTAURANTE El Triunfo 🍽 / Sant Antoni de Calonge (Girona)</name>
      
        
      <description>Aceptan Grupos / Musica en Vivo, se deja grupo y se aparca justo delante, parking de tierra.</description>
      
        
      <styleUrl>#icon-1577-795548</styleUrl>
      
        
      <Point>
        
          
        <coordinates>
            3.1036686,41.8552466,0
          </coordinates>
        
        
      </Point>
      
      
    </Placemark>
    <Placemark>
      
        
      <name>PARKING BUS ✅ / Bayeux (FR)</name>
      
        
      <description>Parking Bus en Rue du Dr Michel, 14400 Bayeux, Francia</description>
      
        
      <styleUrl>#icon-1532-7CB342</styleUrl>
      
        
      <Point>
        
          
        <coordinates>
            -0.7019395,49.2727523,0
          </coordinates>
        
        
      </Point>
      
      
    </Placemark>
    <Placemark>
      
        
      <name>PARKING BUS ✅️ / Jardines Cap Roig - Calella de Palafrugell (Girona)</name>
      
        
      <description>Parking Reservado Bus, visita Jardines Cap Roig y Castillo.</description>
      
        
      <styleUrl>#icon-1532-7CB342</styleUrl>
      
        
      <Point>
        
          
        <coordinates>
            3.1751416,41.8772807,0
          </coordinates>
        
        
      </Point>
      
      
    </Placemark>
    <Placemark>
      
        
      <name>PARKING BUS ✅ / Cuenca</name>
      
        
      <description>Parking a las afueras de Cuenca, al lado campo Fútbol.</description>
      
        
      <styleUrl>#icon-1532-7CB342</styleUrl>
      
        
      <Point>
        
          
        <coordinates>
            -2.126933,40.0688052,0
          </coordinates>
        
        
      </Point>
      
      
    </Placemark>
    <Placemark>
      
        
      <name>PARKING BUS ✅ / Valle de Trápaga (Vizcaya)</name>
      
        
      <description>Parking para la visita del valle </description>
      
        
      <styleUrl>#icon-1532-7CB342</styleUrl>
      
        
      <Point>
        
          
        <coordinates>
            -3.0482762,43.2887883,0
          </coordinates>
        
        
      </Point>
      
      
    </Placemark>
    <Placemark>
      
        
      <name>PARKING BUS ✅ / La Arboleda (Vizcaya)</name>
      
        
      <description>Visitas al valle, Pozo el Ostión, Tenedor Gigante...</description>
      
        
      <styleUrl>#icon-1532-7CB342</styleUrl>
      
        
      <Point>
        
          
        <coordinates>
            -3.0536698,43.2850491,0
          </coordinates>
        
        
      </Point>
      
      
    </Placemark>
    <Placemark>
      
        
      <name>PARKING BUS ✅ / Mansilla de las Mulas (León)</name>
      
        
      <styleUrl>#icon-1532-7CB342-nodesc</styleUrl>
      
        
      <Point>
        
          
        <coordinates>
            -5.4212477,42.4975854,0
          </coordinates>
        
        
      </Point>
      
      
    </Placemark>
    <Placemark>
      
        
      <name>MUSEO De La Fauna Salvaje 🏛️ / Valdehuesa (León)</name>
      
        
      <description>Parking para la visita / Carretera, 24854 Valdehuesa, León www.museodelafaunasalvaje.com </description>
      
        
      <styleUrl>#icon-1636-A52714</styleUrl>
      
        
      <Point>
        
          
        <coordinates>
            -5.3185701,42.9433887,0
          </coordinates>
        
        
      </Point>
      
      
    </Placemark>
    <Placemark>
      
        
      <name>PARKING BUS ✅ / Rioseco (Asturias)</name>
      
        
      <description>Parking para la visita de la población de Rioseco.</description>
      
        
      <styleUrl>#icon-1532-7CB342</styleUrl>
      
        
      <Point>
        
          
        <coordinates>
            -5.4497176,43.220273,0
          </coordinates>
        
        
      </Point>
      
      
    </Placemark>
    <Placemark>
      
        
      <name>MUSEO Bunker (Parking) 🏛️ / Hanstholm (Dinamarca)</name>
      
        
      <description>Parking Bus para ver el Museo de Búnker en Hanstholm (Dinamarca)</description>
      
        
      <styleUrl>#icon-1636-A52714</styleUrl>
      
        
      <Point>
        
          
        <coordinates>
            8.6187779,57.1198128,0
          </coordinates>
        
        
      </Point>
      
      
    </Placemark>
    <Placemark>
      
        
      <name>PARKING BUS ✅ / Krummhörn (Alemania)</name>
      
        
      <description>Parking Bus  visita  de  Hafen Greetsiel, Krummhörn (Alemania)</description>
      
        
      <styleUrl>#icon-1532-7CB342</styleUrl>
      
        
      <Point>
        
          
        <coordinates>
            7.1050565,53.5011318,0
          </coordinates>
        
        
      </Point>
      
      
    </Placemark>
    <Placemark>
      
        
      <name>PARKING BUS ✅ / Neuharlingersiel, Alemania</name>
      
        
      <description>Parking bus 2 Plazas en linea en  Neuharlingersiel, (Alemania)</description>
      
        
      <styleUrl>#icon-1532-7CB342</styleUrl>
      
        
      <Point>
        
          
        <coordinates>
            7.7027743,53.700853,0
          </coordinates>
        
        
      </Point>
      
      
    </Placemark>
    <Placemark>
      
        
      <name>PARKING BUS ✅ / Jever (Alemania)</name>
      
        
      <description>Parking Bus  cerca visita Museo Schloßpl. www.schlossmuseum.de +49 4461 969350 Jever, Alemania </description>
      
        
      <styleUrl>#icon-1532-7CB342</styleUrl>
      
        
      <Point>
        
          
        <coordinates>
            7.9067556,53.5726866,0
          </coordinates>
        
        
      </Point>
      
      
    </Placemark>
    <Placemark>
      
        
      <name>PARKING BUS ✅ / Wilhelmshaven (Alemania)</name>
      
        
      <description>Parking Bus visitas cercanas. Oberfeuer Voslapp (Leuchtturm) y Informationszentrum Jade-Weser-Port</description>
      
        
      <styleUrl>#icon-1532-7CB342</styleUrl>
      
        
      <Point>
        
          
        <coordinates>
            8.1311898,53.5809392,0
          </coordinates>
        
        
      </Point>
      
      
    </Placemark>
    <Placemark>
      
        
      <name>PARKING Tierra / Vilassar de Mar (Barcelona)</name>
      
        
      <description>Parking tierra al lado campo de Fútbol Vilassar de Mar</description>
      
        
      <styleUrl>#icon-1644-0288D1</styleUrl>
      
        
      <Point>
        
          
        <coordinates>
            2.394534,41.5103334,0
          </coordinates>
        
        
      </Point>
      
      
    </Placemark>
    <Placemark>
      
        
      <name>PARKING BUS ✅️ / Poio (Pontevedra)</name>
      
        
      <description>Puedes aparcar fuera de horario escolar.4 Plazas Bus , al lado campo fútbol / Si nobtienes sitio en Conbarro aqui puedes estar.</description>
      
        
      <styleUrl>#icon-1532-7CB342</styleUrl>
      
        
      <Point>
        
          
        <coordinates>
            -8.6902033,42.4398696,0
          </coordinates>
        
        
      </Point>
      
      
    </Placemark>
    <Placemark>
      
        
      <name>PARKING BUS ✅ / Lovagny (FR)</name>
      
        
      <description>Parking Bus visita a Chateau de Montrottier.</description>
      
        
      <styleUrl>#icon-1532-7CB342</styleUrl>
      
        
      <Point>
        
          
        <coordinates>
            6.0419941,45.898406,0
          </coordinates>
        
        
      </Point>
      
      
    </Placemark>
    <Placemark>
      
        
      <name>PARKING Tierra 🅿️ / Vaulx (FR)</name>
      
        
      <description>Parking para visita de Jardines Secreta. Vaulx FR.</description>
      
        
      <styleUrl>#icon-1644-0288D1</styleUrl>
      
        
      <Point>
        
          
        <coordinates>
            5.9854378,45.9179112,0
          </coordinates>
        
        
      </Point>
      
      
    </Placemark>
    <Placemark>
      
        
      <name>PARKING BUS ✅ / Neuchâtel (Suiza)</name>
      
        
      <description>Parking bus cerca estación tren / Av. de la Gare 24, 2000 Neuchâtel, Suiza</description>
      
        
      <styleUrl>#icon-1532-7CB342</styleUrl>
      
        
      <Point>
        
          
        <coordinates>
            6.9343888,46.9962501,0
          </coordinates>
        
        
      </Point>
      
      
    </Placemark>
    <Placemark>
      
        
      <name>PARKING BUS  (Pago) ✅️ / Barcelona</name>
      
        
      <description>Parking Bus en Linea de Pago (Caro) MAX 2Horas</description>
      
        
      <styleUrl>#icon-1513-1A237E</styleUrl>
      
        
      <Point>
        
          
        <coordinates>
            2.1823407,41.3891295,0
          </coordinates>
        
        
      </Point>
      
      
    </Placemark>
    <Placemark>
      
        
      <name>PARKING Tierra 🅿️ / Lloret de Mar (Girona)</name>
      
        
      <description>Parking Gratuito de tierra al lado parque Acuático </description>
      
        
      <styleUrl>#icon-1644-0288D1</styleUrl>
      
        
      <Point>
        
          
        <coordinates>
            2.8334776,41.7072257,0
          </coordinates>
        
        
      </Point>
      
      
    </Placemark>
    <Placemark>
      
        
      <name>PARKING BUS - C Y D  ✅️🔄 / Santa Pau (Girona)</name>
      
        
      <description>Parking Bus / C Y D Para Visitas en Santa Pau Gratuito. Asfaltado </description>
      
        
      <styleUrl>#icon-1532-7CB342</styleUrl>
      
        
      <Point>
        
          
        <coordinates>
            2.5686081,42.1464536,0
          </coordinates>
        
        
      </Point>
      
      
    </Placemark>
    <Placemark>
      
        
      <name>PARKING BUS ✅ / Ingolstadt (AL)</name>
      
        
      <description>Zona reservada para Bus  Ingolstadt, Alemania</description>
      
        
      <styleUrl>#icon-1532-7CB342</styleUrl>
      
        
      <Point>
        
          
        <coordinates>
            11.4293352,48.7638168,0
          </coordinates>
        
        
      </Point>
      
      
    </Placemark>
    <Placemark>
      
        
      <name>PARKING BUS ✅ / Bad Ord (AL)</name>
      
        
      <description>Zona reservada para estacionamiento de autocares en Bad Ord (Alemania)</description>
      
        
      <styleUrl>#icon-1532-7CB342</styleUrl>
      
        
      <Point>
        
          
        <coordinates>
            9.3451928,50.2246183,0
          </coordinates>
        
        
      </Point>
      
      
    </Placemark>
    <Placemark>
      
        
      <name>PARKING BUS ✅ / Gelnhausen (AL)</name>
      
        
      <description>Parking Bus en Gelnhausen, Alemania</description>
      
        
      <styleUrl>#icon-1532-7CB342</styleUrl>
      
        
      <Point>
        
          
        <coordinates>
            9.1871379,50.1992083,0
          </coordinates>
        
        
      </Point>
      
      
    </Placemark>
    <Placemark>
      
        
      <name>MOVIE PARK (Parking) 🎡 / Bottrop (AL)
</name>
      
        
      <description>Warner-Allee 1, 46244 Bottrop, Alemania www.movieparkgermany.de +49 2045 899899</description>
      
        
      <styleUrl>#icon-1502-C2185B</styleUrl>
      
        
      <Point>
        
          
        <coordinates>
            6.9718549,51.6215248,0
          </coordinates>
        
        
      </Point>
      
      
    </Placemark>
    <Placemark>
      
        
      <name>PARKING BUS ✅ / Xanten (AL)</name>
      
        
      <description>Andenes gratuitos reservados para bus, en Xanten (Alemania)</description>
      
        
      <styleUrl>#icon-1532-7CB342</styleUrl>
      
        
      <Point>
        
          
        <coordinates>
            6.4524765,51.6689246,0
          </coordinates>
        
        
      </Point>
      
      
    </Placemark>
    <Placemark>
      
        
      <name>PARKING 🅿️ / Benalmádena (Málaga)</name>
      
        
      <description>Parking en Linea en la misma Avenida. Se puede aparcar por la noche.</description>
      
        
      <styleUrl>#icon-1644-0288D1</styleUrl>
      
        
      <Point>
        
          
        <coordinates>
            -4.5409766,36.5806433,0
          </coordinates>
        
        
      </Point>
      
      
    </Placemark>
    <Placemark>
      
        
      <name>PARKING 🅿️ / Sabadell (Barcelona)</name>
      
        
      <description><![CDATA[Aparcamiento en linea en Av/ D'Andreu Nin . Sabadell ]]></description>
      
        
      <styleUrl>#icon-1644-0288D1</styleUrl>
      
        
      <Point>
        
          
        <coordinates>
            2.0894073,41.5517334,0
          </coordinates>
        
        
      </Point>
      
      
    </Placemark>
    <Placemark>
      
        
      <name>SANTUARIO De Cristo Rei 🕍 / Almada (PO)</name>
      
        
      <description>Parking para la visita al Santuario de Cristo Rei. Parking amplio asfaltado.</description>
      
        
      <styleUrl>#icon-1670-E65100</styleUrl>
      
        
      <Point>
        
          
        <coordinates>
            -9.1707326,38.6776957,0
          </coordinates>
        
        
      </Point>
      
      
    </Placemark>
    <Placemark>
      
        
      <name>PARKING 🅿️ / Getxo (Vizcaya)</name>
      
        
      <description>Parking en el Polígono de Getxo </description>
      
        
      <styleUrl>#icon-1644-0288D1</styleUrl>
      
        
      <Point>
        
          
        <coordinates>
            -3.0057143,43.3598531,0
          </coordinates>
        
        
      </Point>
      
      
    </Placemark>
    <Placemark>
      
        
      <name>BODEGAS Domeneq (Parking)🍷 / Jerez de la Frontera (Cádiz)</name>
      
        
      <description>Parking gratuito  C Y D para la visita a las Bodegas Domeneq en Jerez de la Frontera</description>
      
        
      <styleUrl>#icon-1798-F9A825</styleUrl>
      
        
      <Point>
        
          
        <coordinates>
            -6.1455174,36.6825687,0
          </coordinates>
        
        
      </Point>
      
      
    </Placemark>
    <Placemark>
      
        
      <name>PARKING BUS ✅️ / Poitiers (FR)</name>
      
        
      <description>Parking Bus  en Linea en Poutiers (FR) En Bd Solférino</description>
      
        
      <styleUrl>#icon-1532-7CB342</styleUrl>
      
        
      <Point>
        
          
        <coordinates>
            0.3362966,46.5834405,0
          </coordinates>
        
        
      </Point>
      
      
    </Placemark>
    <Placemark>
      
        
      <name>PARKING BUS ✅️ Poble Nou del Delta (Tarragona)</name>
      
        
      <description><![CDATA[Parking Reserva Bus en Linea en Poble Nou del Delta. Delante Hotel  L'Algadir del Delta/ Ronda dels Pins.]]></description>
      
        
      <styleUrl>#icon-1532-7CB342</styleUrl>
      
        
      <Point>
        
          
        <coordinates>
            0.6879887,40.6470148,0
          </coordinates>
        
        
      </Point>
      
      
    </Placemark>
    <Placemark>
      
        
      <name>PARKING 🅿️ / Muxía (A Coruña)</name>
      
        
      <description>Parking Mixto en Muxía Playa Da Cruz</description>
      
        
      <styleUrl>#icon-1644-0288D1</styleUrl>
      
        
      <Point>
        
          
        <coordinates>
            -9.2132837,43.1008489,0
          </coordinates>
        
        
      </Point>
      
      
    </Placemark>
    <Placemark>
      
        
      <name>PARKING 🅿️ / Muxía (A Coruña)</name>
      
        
      <description>Parking en Puerto de Muxía </description>
      
        
      <styleUrl>#icon-1644-0288D1</styleUrl>
      
        
      <Point>
        
          
        <coordinates>
            -9.2163137,43.1075217,0
          </coordinates>
        
        
      </Point>
      
      
    </Placemark>
    <Placemark>
      
        
      <name>PARKING BUS ✅️ / Pula (Croacia)</name>
      
        
      <description>Parking Bus gratuito en Linea / Pula - Croacia</description>
      
        
      <styleUrl>#icon-1532-7CB342</styleUrl>
      
        
      <Point>
        
          
        <coordinates>
            13.8336629,44.8452328,0
          </coordinates>
        
        
      </Point>
      
      
    </Placemark>
    <Placemark>
      
        
      <name>PARKING - C Y D 🔄🅿️ / Sant Carles de la Ràpita (Tarragona)</name>
      
        
      <description>Parking gratuito para Coger embarcación de  recreo,  y visita población de S. Carles de La Ràpita (Tarragona)</description>
      
        
      <styleUrl>#icon-1644-0288D1</styleUrl>
      
        
      <Point>
        
          
        <coordinates>
            0.5978262,40.6191711,0
          </coordinates>
        
        
      </Point>
      
      
    </Placemark>
    <Placemark>
      
        
      <name><![CDATA[PARKING 🅿️ / Les Planes D'Hostalets (Girona)]]></name>
      
        
      <description>Parking tierra para que visiten los Gorg.</description>
      
        
      <styleUrl>#icon-1644-0288D1</styleUrl>
      
        
      <Point>
        
          
        <coordinates>
            2.5445669,42.0546378,0
          </coordinates>
        
        
      </Point>
      
      
    </Placemark>
    <Placemark>
      
        
      <name>PARKING SAN BELTRAN (Acuario) (Pago) 💰/ Barcelona </name>
      
        
      <description>Parking San Beltran de Pago / Solo se permite si has dejado pasajeros en el acuario. PIDES TICKET Y AQUI TE DEJAN APARCAR.</description>
      
        
      <styleUrl>#icon-1513-1A237E</styleUrl>
      
        
      <Point>
        
          
        <coordinates>
            2.1745882,41.3679694,0
          </coordinates>
        
        
      </Point>
      
      
    </Placemark>
    <Placemark>
      
        
      <name>PARKING Tres Adanal (Pago) 💰 / Barcelona </name>
      
        
      <description>Parking de Pago / Tres Adanal / Tunel de Lavado /especializados en el pupilaje de vehículos 24H en zona cubierta, además de la reparación de vehículos de todas las marcas,  plancha, pintura y mecánica. También están disponibles a la venta suministros como aceite, agua de refrigeración, urea, etc   información, llamar al 936.760.557 o al 685.330.957  www.tresadanal.eu  C/Puigcerdà 85. Barcelona </description>
      
        
      <styleUrl>#icon-1513-1A237E</styleUrl>
      
        
      <Point>
        
          
        <coordinates>
            2.2117316,41.4135285,0
          </coordinates>
        
        
      </Point>
      
      
    </Placemark>
    <Placemark>
      
        
      <name>SANTUARIO De Lourdes 🏕 / Arenys de Munt (Barcelona)</name>
      
        
      <description>Parking para dejar escolares en Santuario de Lourdes. Camino de tierra/  Se puede dar la Vuelta sin problema.</description>
      
        
      <styleUrl>#icon-1542-3949AB</styleUrl>
      
        
      <Point>
        
          
        <coordinates>
            2.518884,41.6163583,0
          </coordinates>
        
        
      </Point>
      
      
    </Placemark>
    <Placemark>
      
        
      <name>PARKING 🅿️ / Tordera (Barcelona)</name>
      
        
      <description>Aqui es donde se suele aparcar los Domingos para visitar el Mercado de Tordera. Se llena de coches a veces complicado con tantos buses encontrar sitio.</description>
      
        
      <styleUrl>#icon-1644-0288D1</styleUrl>
      
        
      <Point>
        
          
        <coordinates>
            2.7183203,41.7055133,0
          </coordinates>
        
        
      </Point>
      
      
    </Placemark>
    <Placemark>
      
        
      <name><![CDATA[CARTOIXA D' Escaladei 🕍 / Escaladei (Tarragona)]]></name>
      
        
      <description>Parking gratuito de tierra para Visitar Monasterio Medieval Restaurado.</description>
      
        
      <styleUrl>#icon-1670-E65100</styleUrl>
      
        
      <Point>
        
          
        <coordinates>
            0.8108827,41.255219,0
          </coordinates>
        
        
      </Point>
      
      
    </Placemark>
    <Placemark>
      
        
      <name>VILADECANS The Style Outlets 🛒 / Viladecans (Barcelona)</name>
      
        
      <description>Parking Bus 5 plazas reservadas en en Centro Comercial de Viladecans.</description>
      
        
      <styleUrl>#icon-1532-7CB342</styleUrl>
      
        
      <Point>
        
          
        <coordinates>
            2.0249009,41.3052867,0
          </coordinates>
        
        
      </Point>
      
      
    </Placemark>
    <Placemark>
      
        
      <name>LAGO De Navarcles 🏕 / Navarcles (Barcelona)</name>
      
        
      <description>Parking de tierra amplio para C Y D Visita lago de Navarcles </description>
      
        
      <styleUrl>#icon-1542-3949AB</styleUrl>
      
        
      <Point>
        
          
        <coordinates>
            1.9076004,41.7573036,0
          </coordinates>
        
        
      </Point>
      
      
    </Placemark>
    <Placemark>
      
        
      <name>PARKING 🅿️ / Llessui (Lérida)</name>
      
        
      <description>Parking para la Visita al Ecomuseo Els Pastors.</description>
      
        
      <styleUrl>#icon-1644-0288D1</styleUrl>
      
        
      <Point>
        
          
        <coordinates>
            1.0760331,42.4514229,0
          </coordinates>
        
        
      </Point>
      
      
    </Placemark>
    <Placemark>
      
        
      <name>PARKING 🅿️ / Puebla de Sanabria (Zamora)</name>
      
        
      <description>Parking afueras de Puebla de Sanabria.</description>
      
        
      <styleUrl>#icon-1644-0288D1</styleUrl>
      
        
      <Point>
        
          
        <coordinates>
            -6.6287714,42.051555,0
          </coordinates>
        
        
      </Point>
      
      
    </Placemark>
    <Placemark>
      
        
      <name>PARKING 🅿️ / Puebla de Sanabria (Zamora)</name>
      
        
      <description>Parking en Carretera Estación / Puebla de Sanabria (Zamora)</description>
      
        
      <styleUrl>#icon-1644-0288D1</styleUrl>
      
        
      <Point>
        
          
        <coordinates>
            -6.6349647,42.0503812,0
          </coordinates>
        
        
      </Point>
      
      
    </Placemark>
    <Placemark>
      
        
      <name>BOSC VERTiCAL🚸 / Canyamars (Barcelona)</name>
      
        
      <description>Parking para dejar escolares en el Bosc Vertical. La Curva de la carretera al camino bastante cerrada. Puedes ir a 1km y hacer el cambio de sentido.</description>
      
        
      <styleUrl>#icon-1682-673AB7</styleUrl>
      
        
      <Point>
        
          
        <coordinates>
            2.4319912,41.5936246,0
          </coordinates>
        
        
      </Point>
      
      
    </Placemark>
    <Placemark>
      
        
      <name>GRANJA Can Gel 🚸 / Canyamars (Barcelona)</name>
      
        
      <description>Parking para visita a la Granja Can Gel de Canyamars.</description>
      
        
      <styleUrl>#icon-1682-673AB7</styleUrl>
      
        
      <Point>
        
          
        <coordinates>
            2.4383567,41.5934058,0
          </coordinates>
        
        
      </Point>
      
      
    </Placemark>
    <Placemark>
      
        
      <name>HOTEL Comtes de Pallars 🛏 / Rialp (Lérida)</name>
      
        
      <description>Parking amplio de tierra justo al lado del Hotel. C-13, 3, 25594 Rialp, Lérida www.hotelcondesdelpallars.com +34 973 62 06 26 </description>
      
        
      <styleUrl>#icon-1602-9C27B0</styleUrl>
      
        
      <Point>
        
          
        <coordinates>
            1.1337298,42.4408341,0
          </coordinates>
        
        
      </Point>
      
      
    </Placemark>
    <Placemark>
      
        
      <name>PARKING 🅿️ / Llavorsí (Girona)</name>
      
        
      <description>Parking y zona de Espera mientras se esperan los grupos que hacen Rafting.</description>
      
        
      <styleUrl>#icon-1644-0288D1</styleUrl>
      
        
      <Point>
        
          
        <coordinates>
            1.2142713,42.49605,0
          </coordinates>
        
        
      </Point>
      
      
    </Placemark>
    <Placemark>
      
        
      <name>PARKING 🅿️</name>
      
        
      <styleUrl>#icon-1644-0288D1-nodesc</styleUrl>
      
        
      <Point>
        
          
        <coordinates>
            -3.9088273,37.2657992,0
          </coordinates>
        
        
      </Point>
      
      
    </Placemark>
    <Placemark>
      
        
      <name>PARKING BUS ✅️ / Delphi (GRECIA)</name>
      
        
      <description>Parking Bus al lado hotel Amalia Delphi Apollonos 1, Delfi 330 54, Grecia</description>
      
        
      <styleUrl>#icon-1532-7CB342</styleUrl>
      
        
      <Point>
        
          
        <coordinates>
            22.4905218,38.4807334,0
          </coordinates>
        
        
      </Point>
      
      
    </Placemark>
    <Placemark>
      
        
      <name>PARKING A - Circuito Montmeló ✅️ Montmeló (Barcelona)</name>
      
        
      <description>Parking A para entrar Puerta 1 y 2 / Parking tierra Hierba.</description>
      
        
      <styleUrl>#icon-1532-7CB342</styleUrl>
      
        
      <Point>
        
          
        <coordinates>
            2.2593419,41.5751529,0
          </coordinates>
        
        
      </Point>
      
      
    </Placemark>
    <Placemark>
      
        
      <name>PARKING BUS ✅️ / Pineda de Mar (Barcelona)</name>
      
        
      <description>Parking Gratuito solo 1 Plaza / Pineda de Mar</description>
      
        
      <styleUrl>#icon-1532-7CB342</styleUrl>
      
        
      <Point>
        
          
        <coordinates>
            2.6888848,41.6288476,0
          </coordinates>
        
        
      </Point>
      
      
    </Placemark>
    <Placemark>
      
        
      <name>PARKING BUS ✅️ / Alcora (Castellón)
</name>
      
        
      <description>Parking Bus en Alcora, Castellón</description>
      
        
      <styleUrl>#icon-1532-7CB342</styleUrl>
      
        
      <Point>
        
          
        <coordinates>
            -0.2076973,40.0726824,0
          </coordinates>
        
        
      </Point>
      
      
    </Placemark>
    <Placemark>
      
        
      <name>PARKING BUS ✅️ / San Gimignano (IT) </name>
      
        
      <description>Parking Bus Y Zona de Espera en San Gimignano (Italia)</description>
      
        
      <styleUrl>#icon-1532-7CB342</styleUrl>
      
        
      <Point>
        
          
        <coordinates>
            11.0362031,43.4550734,0
          </coordinates>
        
        
      </Point>
      
      
    </Placemark>
    <Placemark>
      
        
      <name>PARKING 🅿️ / Mérida (Badajoz)</name>
      
        
      <description>Parking Gratuito a las afueras de Mérida zona Polígono. </description>
      
        
      <styleUrl>#icon-1644-0288D1</styleUrl>
      
        
      <Point>
        
          
        <coordinates>
            -6.3286394,38.9194026,0
          </coordinates>
        
        
      </Point>
      
      
    </Placemark>
    <Placemark>
      
        
      <name>PARKING 🅿️ / Les Coves de Vinromà, (Castellón)</name>
      
        
      <description>Parking en Av/ de la Constitució</description>
      
        
      <styleUrl>#icon-1644-0288D1</styleUrl>
      
        
      <Point>
        
          
        <coordinates>
            0.122523,40.3156083,0
          </coordinates>
        
        
      </Point>
      
      
    </Placemark>
    <Placemark>
      
        
      <name>PARKING 🅿️ /  Les Coves de Vinromà, (Castellón)</name>
      
        
      <description>Parking de tierra libre a las afueras del la población/  Les Coves de Vinromà, Castelló</description>
      
        
      <styleUrl>#icon-1644-0288D1</styleUrl>
      
        
      <Point>
        
          
        <coordinates>
            0.1151241,40.3069679,0
          </coordinates>
        
        
      </Point>
      
      
    </Placemark>
    <Placemark>
      
        
      <name>PUY DU FOU España / PARKING BUS ✅️ / Toledo</name>
      
        
      <description>Parking para la visita a Puy Du Fou </description>
      
        
      <styleUrl>#icon-1502-C2185B</styleUrl>
      
        
      <Point>
        
          
        <coordinates>
            -4.0875075,39.8382928,0
          </coordinates>
        
        
      </Point>
      
      
    </Placemark>
    <Placemark>
      
        
      <name><![CDATA[MUSEO Maison de la truffe d'Occitanie 🏛️ / Villeneuve-Minervois, (FR)]]></name>
      
        
      <description>Plaza de Parking Bus para la Visita </description>
      
        
      <styleUrl>#icon-1636-A52714</styleUrl>
      
        
      <Point>
        
          
        <coordinates>
            2.463909,43.3152338,0
          </coordinates>
        
        
      </Point>
      
      
    </Placemark>
    <Placemark>
      
        
      <name>MUSEO Archaeological 🏛 / Delphi (GRECIA)</name>
      
        
      <description>Parking museo y tienda Delphi 330 54, Greciadelphi.culture.gr +30 2265 082312</description>
      
        
      <styleUrl>#icon-1636-A52714</styleUrl>
      
        
      <Point>
        
          
        <coordinates>
            22.5001891,38.4802126,0
          </coordinates>
        
        
      </Point>
      
      
    </Placemark>
    <Placemark>
      
        
      <name>MUSEO Guggenheim (Max 2h) 🏛/ Bilbao</name>
      
        
      <description><![CDATA[MUSEO GUGGENHEIM / Bilbao<br>Parking libre en linea Gratuito (Maximo 2Horas) justo debajo del Museo . Avenida Abandoibarra]]></description>
      
        
      <styleUrl>#icon-1636-A52714</styleUrl>
      
        
      <Point>
        
          
        <coordinates>
            -2.9348597,43.2678167,0
          </coordinates>
        
        
      </Point>
      
      
    </Placemark>
    <Placemark>
      
        
      <name>ECOMUSEO 🏛 / Deltebre (Tarragona)</name>
      
        
      <description>Ecomuseo en Deltebre, puedes dejarlos en Parking Bus a 50 metros o parking de tierra para no ocupar carril.</description>
      
        
      <styleUrl>#icon-1636-A52714</styleUrl>
      
        
      <Point>
        
          
        <coordinates>
            0.7224594,40.7226836,0
          </coordinates>
        
        
      </Point>
      
      
    </Placemark>
    <Placemark>
      
        
      <name>PARKING BUS ✅️ / Llançà (Girona)</name>
      
        
      <description>Parking Bus gratuito mixto en Llançà.</description>
      
        
      <styleUrl>#icon-1532-7CB342</styleUrl>
      
        
      <Point>
        
          
        <coordinates>
            3.1469676,42.3622873,0
          </coordinates>
        
        
      </Point>
      
      
    </Placemark>
    <Placemark>
      
        
      <name>Centro del Lobo Ibérico Félix Rodríguez de la Fuente 📷 / Robledo de Sanabria (Zamora)</name>
      
        
      <description>Parking Visita / Robledo de Sanabria, Zamora www.centrodellobo.es +34 980 56 76 38</description>
      
        
      <styleUrl>#icon-1502-C2185B</styleUrl>
      
        
      <Point>
        
          
        <coordinates>
            -6.5755593,41.9951491,0
          </coordinates>
        
        
      </Point>
      
      
    </Placemark>
    <Placemark>
      
        
      <name>PARKING BUS ✅ / Ovar (PO)</name>
      
        
      <description>Parking Bus en Ovar / R.José Alfonso </description>
      
        
      <styleUrl>#icon-1532-7CB342</styleUrl>
      
        
      <Point>
        
          
        <coordinates>
            -8.6230299,40.8703417,0
          </coordinates>
        
        
      </Point>
      
      
    </Placemark>
    <Placemark>
      
        
      <name>PARKING Isla Mágica 🅿️ / Sevilla</name>
      
        
      <description>Parking Gratuito en Isla Mágica Sevilla.</description>
      
        
      <styleUrl>#icon-1644-0288D1</styleUrl>
      
        
      <Point>
        
          
        <coordinates>
            -5.9978459,37.4096371,0
          </coordinates>
        
        
      </Point>
      
      
    </Placemark>
    <Placemark>
      
        
      <name>DINOPOLIS  (Parking)🎡 / Teruel </name>
      
        
      <description>Parking Visita Dinopolis / Polígono Los Planos, s/n, 44002 Teruel www.dinopolis.com +34 978 61 77 15</description>
      
        
      <styleUrl>#icon-1502-C2185B</styleUrl>
      
        
      <Point>
        
          
        <coordinates>
            -1.0810977,40.3322054,0
          </coordinates>
        
        
      </Point>
      
      
    </Placemark>
    <Placemark>
      
        
      <name>PARKING BUS ✅ / Espinho (PO)</name>
      
        
      <description>Parking gratuito / Parque de Estacionamento de Autocarros</description>
      
        
      <styleUrl>#icon-1532-7CB342</styleUrl>
      
        
      <Point>
        
          
        <coordinates>
            -8.6427118,41.0019814,0
          </coordinates>
        
        
      </Point>
      
      
    </Placemark>
    <Placemark>
      
        
      <name>PARKING 🅿️ / Vila Nova de Gaia (PO)</name>
      
        
      <description>Parking y zona de espera en  Av/ Manoel de Oliveira.</description>
      
        
      <styleUrl>#icon-1644-0288D1</styleUrl>
      
        
      <Point>
        
          
        <coordinates>
            -8.6220137,41.1311393,0
          </coordinates>
        
        
      </Point>
      
      
    </Placemark>
    <Placemark>
      
        
      <name>PARKING 🅿️ / Orio (Gipuzkoa)</name>
      
        
      <description>Parking, zona de espera  Tienes el Restaurante Oliden Jatetxea al lado.</description>
      
        
      <styleUrl>#icon-1644-0288D1</styleUrl>
      
        
      <Point>
        
          
        <coordinates>
            -2.1097384,43.2761197,0
          </coordinates>
        
        
      </Point>
      
      
    </Placemark>
    <Placemark>
      
        
      <name>PARKING BUS ✅ / Ermua (Vizcaya)</name>
      
        
      <description>Plaza para 1 bus. C/ Betiondo, Ermua (Vizcaya)</description>
      
        
      <styleUrl>#icon-1532-7CB342</styleUrl>
      
        
      <Point>
        
          
        <coordinates>
            -2.508105,43.1899243,0
          </coordinates>
        
        
      </Point>
      
      
    </Placemark>
    <Placemark>
      
        
      <name>PARKING 🅿️ / Toulouse (FR)</name>
      
        
      <description>Parking en linea a las afueras de  Toulouse,  Av/ Bernard Maris.</description>
      
        
      <styleUrl>#icon-1644-0288D1</styleUrl>
      
        
      <Point>
        
          
        <coordinates>
            1.4781803,43.5706689,0
          </coordinates>
        
        
      </Point>
      
      
    </Placemark>
    <Placemark>
      
        
      <name>PARKING BUS ✅ / Toulouse (FR)</name>
      
        
      <description>Parking Bus 4 Plazas gratuito sin tiempo. Toulouse, Francia.</description>
      
        
      <styleUrl>#icon-1532-7CB342</styleUrl>
      
        
      <Point>
        
          
        <coordinates>
            1.479085,43.5737597,0
          </coordinates>
        
        
      </Point>
      
      
    </Placemark>
    <Placemark>
      
        
      <name>PARKING BUS ✅ / Toulouse (FR)</name>
      
        
      <description>Plazas de Bus en Casino Barrière (3Plazas) Gratuito.</description>
      
        
      <styleUrl>#icon-1532-7CB342</styleUrl>
      
        
      <Point>
        
          
        <coordinates>
            1.4345699,43.5716576,0
          </coordinates>
        
        
      </Point>
      
      
    </Placemark>
    <Placemark>
      
        
      <name>PARKING BUS ✅️ / Olot (Girona)</name>
      
        
      <description>2 Plazas de Parking Gratuito en Av/ Sant Jordi de Olot.  Señal solo sábados y domingos de 0h a 24h (Aunque entre semana no hay problemas para aparcar) Gracias Armand!!</description>
      
        
      <styleUrl>#icon-1532-7CB342</styleUrl>
      
        
      <Point>
        
          
        <coordinates>
            2.4849736,42.1708496,0
          </coordinates>
        
        
      </Point>
      
      
    </Placemark>
    <Placemark>
      
        
      <name>PARKING BUS ✅️ / Hospitalet del Infant (Tarragona)</name>
      
        
      <description>Parking Bus gratuito 1 Bus. Hospitalet del Infant </description>
      
        
      <styleUrl>#icon-1532-7CB342</styleUrl>
      
        
      <Point>
        
          
        <coordinates>
            0.9203207,40.9925816,0
          </coordinates>
        
        
      </Point>
      
      
    </Placemark>
    <Placemark>
      
        
      <name>PARKING 🅿️ / Comarruga (Tarragona)</name>
      
        
      <description>Parking detras gasolinera </description>
      
        
      <styleUrl>#icon-1644-0288D1</styleUrl>
      
        
      <Point>
        
          
        <coordinates>
            1.5198938,41.1871941,0
          </coordinates>
        
        
      </Point>
      
      
    </Placemark>
    <Placemark>
      
        
      <name>PARKING 🅿️ / Comarruga (Tarragona)</name>
      
        
      <description>Parking de tierra gratuito.</description>
      
        
      <styleUrl>#icon-1644-0288D1</styleUrl>
      
        
      <Point>
        
          
        <coordinates>
            1.5141901,41.1859568,0
          </coordinates>
        
        
      </Point>
      
      
    </Placemark>
    <Placemark>
      
        
      <name>PARKING 🅿️ / Barbate (Cádiz)</name>
      
        
      <description>Esplanada de tierra para aparcar o hacer tiempo de Espera en Barbate.</description>
      
        
      <styleUrl>#icon-1644-0288D1</styleUrl>
      
        
      <Point>
        
          
        <coordinates>
            -5.9277256,36.1870932,0
          </coordinates>
        
        
      </Point>
      
      
    </Placemark>
    <Placemark>
      
        
      <name><![CDATA[PARKING BUS ✅️ / L'Ametlla de Mar (Tarragona)]]></name>
      
        
      <description><![CDATA[Plaza para 1 Bus ressrvado en puerto de  L'Ametlla de Mar]]></description>
      
        
      <styleUrl>#icon-1532-7CB342</styleUrl>
      
        
      <Point>
        
          
        <coordinates>
            0.8039658,40.8830653,0
          </coordinates>
        
        
      </Point>
      
      
    </Placemark>
    <Placemark>
      
        
      <name><![CDATA[PARKING 🅿️ / L'Ametlla de Mar (Tarragona)]]></name>
      
        
      <description>Parking de tierra libre sin tiempo para aparcar o hacer tiempo de espera.</description>
      
        
      <styleUrl>#icon-1644-0288D1</styleUrl>
      
        
      <Point>
        
          
        <coordinates>
            0.7978421,40.884651,0
          </coordinates>
        
        
      </Point>
      
      
    </Placemark>
    <Placemark>
      
        
      <name><![CDATA[COLL D'ESTENALLES 🏕 / Mura (Barcelona)]]></name>
      
        
      <description><![CDATA[Parking de tierra gratuito en Coll D'Estenalles. Carretera entretenida para llegar aqui.]]></description>
      
        
      <styleUrl>#icon-1542-3949AB</styleUrl>
      
        
      <Point>
        
          
        <coordinates>
            1.992167,41.6676209,0
          </coordinates>
        
        
      </Point>
      
      
    </Placemark>
    <Placemark>
      
        
      <name><![CDATA[PARKING BUS ✅️ / Sant Sadurní D'Anoia (Barcelona)]]></name>
      
        
      <description>Parking en Linea / No aparcar en Horario escolar. Rambla de La Generalitat</description>
      
        
      <styleUrl>#icon-1532-7CB342</styleUrl>
      
        
      <Point>
        
          
        <coordinates>
            1.7892114,41.4257654,0
          </coordinates>
        
        
      </Point>
      
      
    </Placemark>
    <Placemark>
      
        
      <name>PARKING BUS ✅️ / Coma-ruga (Tarragona)</name>
      
        
      <description>Parking gratuito Av/ Parlament de Catalunya en Coma-ruga (Tarragona)  SÁBADOS MERCADILLO.</description>
      
        
      <styleUrl>#icon-1532-7CB342</styleUrl>
      
        
      <Point>
        
          
        <coordinates>
            1.5277739,41.1853065,0
          </coordinates>
        
        
      </Point>
      
      
    </Placemark>
    <Placemark>
      
        
      <name>CIUDAD Del Rock🕺 /Arganda del Rey (Madrid)</name>
      
        
      <description>Parking autocares visita Ciudad del Rock / Arganda del Rey, Madrid www.rockinrio.com </description>
      
        
      <styleUrl>#icon-1502-C2185B</styleUrl>
      
        
      <Point>
        
          
        <coordinates>
            -3.4039507,40.2612034,0
          </coordinates>
        
        
      </Point>
      
      
    </Placemark>
    <Placemark>
      
        
      <name>ECOPARQUE El Juncaral 🎡 / Villanúa (Huesca)</name>
      
        
      <description>Parking para dejar grupos al Ecoparque El Juncaral. Tirolinas etc...</description>
      
        
      <styleUrl>#icon-1502-C2185B</styleUrl>
      
        
      <Point>
        
          
        <coordinates>
            -0.5501216,42.6657232,0
          </coordinates>
        
        
      </Point>
      
      
    </Placemark>
    <Placemark>
      
        
      <name>PARKING TOYCA 🅿️/ Calella (Barcelona)</name>
      
        
      <description>Parking TOYCA para recoger y dejar Grupos en Calella.</description>
      
        
      <styleUrl>#icon-1644-0288D1</styleUrl>
      
        
      <Point>
        
          
        <coordinates>
            2.6540432,41.6142661,0
          </coordinates>
        
        
      </Point>
      
      
    </Placemark>
    <Placemark>
      
        
      <name>PARKING BUS ✅️ / Segovia </name>
      
        
      <description>Parking Bus a las Afueras de Segovia / Gratuito. Gracias Gonzalo!! </description>
      
        
      <styleUrl>#icon-1532-7CB342</styleUrl>
      
        
      <Point>
        
          
        <coordinates>
            -4.1106658,40.9613246,0
          </coordinates>
        
        
      </Point>
      
      
    </Placemark>
    <Placemark>
      
        
      <name>PARKING 🅿️ / Lloret de Mar  (Girona)</name>
      
        
      <description>Zona aparcamiento gratuito para aparcar al lado de cocheras Pujol. Si tienes suerte y encuentras sitio</description>
      
        
      <styleUrl>#icon-1644-0288D1</styleUrl>
      
        
      <Point>
        
          
        <coordinates>
            2.8205991,41.6972635,0
          </coordinates>
        
        
      </Point>
      
      
    </Placemark>
    <Placemark>
      
        
      <name>PARKING 🅿️ / Santa Pola (Alicante)</name>
      
        
      <description>Parking gratuito de tierra libre de tiempo.</description>
      
        
      <styleUrl>#icon-1644-0288D1</styleUrl>
      
        
      <Point>
        
          
        <coordinates>
            -0.5764357,38.1963434,0
          </coordinates>
        
        
      </Point>
      
      
    </Placemark>
    <Placemark>
      
        
      <name>PARKING BUS ✅️ / Oporto (PO)</name>
      
        
      <description>Parking Bus en Largo da Alfândega en  Oporto </description>
      
        
      <styleUrl>#icon-1532-7CB342</styleUrl>
      
        
      <Point>
        
          
        <coordinates>
            -8.6220252,41.1439939,0
          </coordinates>
        
        
      </Point>
      
      
    </Placemark>
    <Placemark>
      
        
      <name>PARKING 🅿️ / Coimbra (PO)</name>
      
        
      <description>Parking gratuito mixto afueras de Coimbra (PO)</description>
      
        
      <styleUrl>#icon-1644-0288D1</styleUrl>
      
        
      <Point>
        
          
        <coordinates>
            -8.4393562,40.2109584,0
          </coordinates>
        
        
      </Point>
      
      
    </Placemark>
    <Placemark>
      
        
      <name>PARKING BUS ✅️ / Torrevieja (Alicante)</name>
      
        
      <description>5 plazas para Bus Gratuito al lado Palacio Deporte y zona deportiva de Torrevieja.</description>
      
        
      <styleUrl>#icon-1532-7CB342</styleUrl>
      
        
      <Point>
        
          
        <coordinates>
            -0.6746164,37.9952272,0
          </coordinates>
        
        
      </Point>
      
      
    </Placemark>
    <Placemark>
      
        
      <name>CAMPING Els Pins🏕 / Malgrat de Mar (Barcelona)</name>
      
        
      <description>Parking de tierra para dejar pasajeros en el camping Els Pins.</description>
      
        
      <styleUrl>#icon-1542-3949AB</styleUrl>
      
        
      <Point>
        
          
        <coordinates>
            2.7699298,41.6500567,0
          </coordinates>
        
        
      </Point>
      
      
    </Placemark>
    <Placemark>
      
        
      <name><![CDATA[PARKING 🅿️ / Platja D'Aro (Girona)]]></name>
      
        
      <description><![CDATA[Parking en zona comercial de Platja D'Aro ]]></description>
      
        
      <styleUrl>#icon-1644-0288D1</styleUrl>
      
        
      <Point>
        
          
        <coordinates>
            3.0534794,41.8042755,0
          </coordinates>
        
        
      </Point>
      
      
    </Placemark>
    <Placemark>
      
        
      <name><![CDATA[PARKING BUS ✅️ / Platja D'Aro (Girona)]]></name>
      
        
      <description><![CDATA[Plaza para 1 Bus gratuito indicado en Platja D'Aro ]]></description>
      
        
      <styleUrl>#icon-1532-7CB342</styleUrl>
      
        
      <Point>
        
          
        <coordinates>
            3.0520203,41.8160041,0
          </coordinates>
        
        
      </Point>
      
      
    </Placemark>
    <Placemark>
      
        
      <name>PARKING 🅿️ / Olvan (Barcelona)</name>
      
        
      <description>Parking de tierra gratuito afuera población </description>
      
        
      <styleUrl>#icon-1644-0288D1</styleUrl>
      
        
      <Point>
        
          
        <coordinates>
            1.8699723,42.0727485,0
          </coordinates>
        
        
      </Point>
      
      
    </Placemark>
    <Placemark>
      
        
      <name>PARKING 🅿️ / Villarreal (Castellón)</name>
      
        
      <description>Parking afueras de poblacion </description>
      
        
      <styleUrl>#icon-1644-0288D1</styleUrl>
      
        
      <Point>
        
          
        <coordinates>
            -0.1129628,39.9346269,0
          </coordinates>
        
        
      </Point>
      
      
    </Placemark>
    <Placemark>
      
        
      <name>PARQUE Sant Salvador 🌳 / Santa Coloma de Farners (Girona)</name>
      
        
      <description>Parking para dejar escolares y grupos para la visita al Parque.</description>
      
        
      <styleUrl>#icon-1542-3949AB</styleUrl>
      
        
      <Point>
        
          
        <coordinates>
            2.661532,41.8575951,0
          </coordinates>
        
        
      </Point>
      
      
    </Placemark>
    <Placemark>
      
        
      <name>BODAS Vil·la Minerva 💍 / Sant Andreu de Llavaneras (Barcelona)</name>
      
        
      <description>Parking para dejar los invitados. Se aparca sin problemas.</description>
      
        
      <styleUrl>#icon-1613-F9A825</styleUrl>
      
        
      <Point>
        
          
        <coordinates>
            2.4896525,41.5626143,0
          </coordinates>
        
        
      </Point>
      
      
    </Placemark>
    <Placemark>
      
        
      <name>PARKING BUS✅️ / Peniche (PO)</name>
      
        
      <description>Parking Bus al lado de Museo Nacional y de la Forte de Peniche</description>
      
        
      <styleUrl>#icon-1532-7CB342</styleUrl>
      
        
      <Point>
        
          
        <coordinates>
            -9.3791741,39.3534123,0
          </coordinates>
        
        
      </Point>
      
      
    </Placemark>
    <Placemark>
      
        
      <name>CASA Colonies Dom Bosco 🚸 / Castellnou de Bages (Barcelona)</name>
      
        
      <description>Parking para dejar los escolares en Casa de Colonies Dom Bosco.</description>
      
        
      <styleUrl>#icon-1682-673AB7</styleUrl>
      
        
      <Point>
        
          
        <coordinates>
            1.8379791,41.8346221,0
          </coordinates>
        
        
      </Point>
      
      
    </Placemark>
    <Placemark>
      
        
      <name>PARKING 🅿️ / Vila Nova de Gaia (PO)</name>
      
        
      <description>Parking en Linea,en Av/ Dom João II </description>
      
        
      <styleUrl>#icon-1644-0288D1</styleUrl>
      
        
      <Point>
        
          
        <coordinates>
            -8.5984279,41.1259916,0
          </coordinates>
        
        
      </Point>
      
      
    </Placemark>
    <Placemark>
      
        
      <name>MUSEO Pazo Quiñones  🏛 / Vigo</name>
      
        
      <description>Parking Museo Pazo Quiñones de León / 2 Plazas</description>
      
        
      <styleUrl>#icon-1636-A52714</styleUrl>
      
        
      <Point>
        
          
        <coordinates>
            -8.727448,42.2141745,0
          </coordinates>
        
        
      </Point>
      
      
    </Placemark>
    <Placemark>
      
        
      <name>PARKING BUS ✅️ / Sant Cugat (Barcelona)</name>
      
        
      <description><![CDATA[Parking Bus gratuito en S. Cugat, al lado Mossos d' Escuadra.]]></description>
      
        
      <styleUrl>#icon-1532-7CB342</styleUrl>
      
        
      <Point>
        
          
        <coordinates>
            2.0768008,41.4799424,0
          </coordinates>
        
        
      </Point>
      
      
    </Placemark>
    <Placemark>
      
        
      <name>PARKING BUS ✅️ / Sant Cugat (Barcelona)</name>
      
        
      <description>Parking Bus gratuito 2 Plazas delante escuela de Musica. S. Cugat.</description>
      
        
      <styleUrl>#icon-1532-7CB342</styleUrl>
      
        
      <Point>
        
          
        <coordinates>
            2.0887107,41.4698941,0
          </coordinates>
        
        
      </Point>
      
      
    </Placemark>
    <Placemark>
      
        
      <name>PARKING BUS ✅️ / Sant Cugat (Barcelona)</name>
      
        
      <description>Parking Bus Gratuito 2Plazas, Sant Cugat.</description>
      
        
      <styleUrl>#icon-1532-7CB342</styleUrl>
      
        
      <Point>
        
          
        <coordinates>
            2.0873118,41.4697082,0
          </coordinates>
        
        
      </Point>
      
      
    </Placemark>
    <Placemark>
      
        
      <name>AQUOPOLIS 🎡 /Villanueva de la Cañada (Madrid)</name>
      
        
      <description>Parking Aquopolis / Av. Mirasierra, 3, 28691 Villanueva de la Cañada, Madrid www.villanueva.aquopolis.es</description>
      
        
      <styleUrl>#icon-1502-C2185B</styleUrl>
      
        
      <Point>
        
          
        <coordinates>
            -3.9916415,40.4565784,0
          </coordinates>
        
        
      </Point>
      
      
    </Placemark>
    <Placemark>
      
        
      <name>PARKING Lusiberia🅿️ / Badajoz</name>
      
        
      <description>Parking Gratuito para el Parque o El recinymto de Eventos.</description>
      
        
      <styleUrl>#icon-1644-0288D1</styleUrl>
      
        
      <Point>
        
          
        <coordinates>
            -7.0252233,38.8791069,0
          </coordinates>
        
        
      </Point>
      
      
    </Placemark>
    <Placemark>
      
        
      <name>PARKING 🅿️ / Badajoz </name>
      
        
      <description>Parking Gratuito /  OJO!!!!  MERCADILLO MARTES Y DOMINGOS</description>
      
        
      <styleUrl>#icon-1644-0288D1</styleUrl>
      
        
      <Point>
        
          
        <coordinates>
            -6.9934798,38.8726046,0
          </coordinates>
        
        
      </Point>
      
      
    </Placemark>
    <Placemark>
      
        
      <name>CASTILLO Seimbra 🏰 / Seimbra (PO)</name>
      
        
      <description>Parking Castillo Seimbra 4 Plazas</description>
      
        
      <styleUrl>#icon-1598-757575</styleUrl>
      
        
      <Point>
        
          
        <coordinates>
            -9.108343,38.4510004,0
          </coordinates>
        
        
      </Point>
      
      
    </Placemark>
    <Placemark>
      
        
      <name>PARKING 🅿️ / Torre del Mar (Málaga)</name>
      
        
      <description>Amplio Aparcamiento Mixto en recinto Ferial, gratuito.</description>
      
        
      <styleUrl>#icon-1644-0288D1</styleUrl>
      
        
      <Point>
        
          
        <coordinates>
            -4.0987162,36.7583058,0
          </coordinates>
        
        
      </Point>
      
      
    </Placemark>
    <Placemark>
      
        
      <name>PARKING BUS Caminito del Rey / Ardales (Málaga)</name>
      
        
      <description>Parking centro de Recepción de Visitantes.</description>
      
        
      <styleUrl>#icon-1532-7CB342</styleUrl>
      
        
      <Point>
        
          
        <coordinates>
            -4.8067515,36.9148582,0
          </coordinates>
        
        
      </Point>
      
      
    </Placemark>
    <Placemark>
      
        
      <name>HOTEL Europa 🛏️ / L´Alfàs del Pi (Alicante)</name>
      
        
      <description><![CDATA[Hotel Europa con Parking dejalo encarado no te encierre algún lumbreras. / Av. d'Europa, 161, 03581 l'Alfàs del Pi, Alicante<br>+34 966 86 53 50]]></description>
      
        
      <styleUrl>#icon-1602-9C27B0</styleUrl>
      
        
      <Point>
        
          
        <coordinates>
            -0.0762746,38.5778343,0
          </coordinates>
        
        
      </Point>
      
      
    </Placemark>
    <Placemark>
      
        
      <name>PARKING BUS ✅ / Benidorm (Alicante)</name>
      
        
      <description>6 Plazas reservadas al lado de Benidorm Palace. Parking gratuito en Linea</description>
      
        
      <styleUrl>#icon-1532-7CB342</styleUrl>
      
        
      <Point>
        
          
        <coordinates>
            -0.1020871,38.5449755,0
          </coordinates>
        
        
      </Point>
      
      
    </Placemark>
    <Placemark>
      
        
      <name>PARKING BUS ✅️ / Santa Maria de Huerta (Soria)</name>
      
        
      <description>Parking reservado para Autocares, (8 Plazas) libre sin tiempo</description>
      
        
      <styleUrl>#icon-1532-7CB342</styleUrl>
      
        
      <Point>
        
          
        <coordinates>
            -2.1789739,41.2625319,0
          </coordinates>
        
        
      </Point>
      
      
    </Placemark>
    <Placemark>
      
        
      <name>PARKING 🅿️ / Monforte (PO)</name>
      
        
      <description>Parking en zona Deportiva afueras de Monforte. Tierra gratuito sin tiempo.</description>
      
        
      <styleUrl>#icon-1644-0288D1</styleUrl>
      
        
      <Point>
        
          
        <coordinates>
            -7.4327298,39.0553609,0
          </coordinates>
        
        
      </Point>
      
      
    </Placemark>
    <Placemark>
      
        
      <name>PARKING BUS ✅️ / Fronteira (PO)</name>
      
        
      <description>2 Plazas para Bus al lado campo Fútbol de Fronteira (Portugal)</description>
      
        
      <styleUrl>#icon-1532-7CB342</styleUrl>
      
        
      <Point>
        
          
        <coordinates>
            -7.6473859,39.0510538,0
          </coordinates>
        
        
      </Point>
      
      
    </Placemark>
    <Placemark>
      
        
      <name>PARKING BUS ✅️ / Portalegre (PO)</name>
      
        
      <description>Parking Bus gratuito (4Plazas) / Portalegre, Portugal </description>
      
        
      <styleUrl>#icon-1532-7CB342</styleUrl>
      
        
      <Point>
        
          
        <coordinates>
            -7.4337029,39.3020677,0
          </coordinates>
        
        
      </Point>
      
      
    </Placemark>
    <Placemark>
      
        
      <name>PARKING 🅿️ / Évora (PO)</name>
      
        
      <description>Parking gratuito sin tiempo y visita en Évora (Portugal)</description>
      
        
      <styleUrl>#icon-1644-0288D1</styleUrl>
      
        
      <Point>
        
          
        <coordinates>
            -7.9115781,38.566653,0
          </coordinates>
        
        
      </Point>
      
      
    </Placemark>
    <Placemark>
      
        
      <name>PARKING 🅿️ / Setúbal (PO)</name>
      
        
      <description>Aqui puedes aparcar si hay sitio. Av/  Baía de Setúbal</description>
      
        
      <styleUrl>#icon-1644-0288D1</styleUrl>
      
        
      <Point>
        
          
        <coordinates>
            -8.8823827,38.5211017,0
          </coordinates>
        
        
      </Point>
      
      
    </Placemark>
    <Placemark>
      
        
      <name>PARKING BUS ✅️ / Fátima (PO)</name>
      
        
      <description>Parking Bus en Fátima libre gratuito sin tiempo, asfaltado.</description>
      
        
      <styleUrl>#icon-1532-7CB342</styleUrl>
      
        
      <Point>
        
          
        <coordinates>
            -8.6740433,39.6342031,0
          </coordinates>
        
        
      </Point>
      
      
    </Placemark>
    <Placemark>
      
        
      <name>PARKING 🅿️ / Carcavelos (PO)</name>
      
        
      <description>Parking de tierra Mixto gratuito. Carcavelos (Portugal)</description>
      
        
      <styleUrl>#icon-1644-0288D1</styleUrl>
      
        
      <Point>
        
          
        <coordinates>
            -9.3321125,38.6872757,0
          </coordinates>
        
        
      </Point>
      
      
    </Placemark>
    <Placemark>
      
        
      <name>RESTAURANTE Casa Pío 🍽 / Castiello de Jaca (Huesca)</name>
      
        
      <description>Parking para dejar pasajeros Restaurante Casa Pío</description>
      
        
      <styleUrl>#icon-1577-795548</styleUrl>
      
        
      <Point>
        
          
        <coordinates>
            -0.5469984,42.627269,0
          </coordinates>
        
        
      </Point>
      
      
    </Placemark>
    <Placemark>
      
        
      <name>PARKING 🅿️ / Bossost (Lérida)</name>
      
        
      <description>Parking mixto de tierra gratuito, afueras de Bossost.</description>
      
        
      <styleUrl>#icon-1644-0288D1</styleUrl>
      
        
      <Point>
        
          
        <coordinates>
            0.6907053,42.7813126,0
          </coordinates>
        
        
      </Point>
      
      
    </Placemark>
    <Placemark>
      
        
      <name>PARKING BUS ✅️ / Saint-Bertrand-de-Comminges (FR)</name>
      
        
      <description>Parking Bus gratuito / Saint-Bertrand-de-Comminges, Francia</description>
      
        
      <styleUrl>#icon-1532-7CB342</styleUrl>
      
        
      <Point>
        
          
        <coordinates>
            0.5689693,43.0267506,0
          </coordinates>
        
        
      </Point>
      
      
    </Placemark>
    <Placemark>
      
        
      <name>PARKING 🅿️ / Quarteira (PO)</name>
      
        
      <description>Parking gratuito o para hacer la espera. Av/ Cerro da Vila en Quarteira (Portugal)</description>
      
        
      <styleUrl>#icon-1644-0288D1</styleUrl>
      
        
      <Point>
        
          
        <coordinates>
            -8.1193528,37.0802485,0
          </coordinates>
        
        
      </Point>
      
      
    </Placemark>
    <Placemark>
      
        
      <name>HOTEL Azinheira </name>
      
        
      <description>Parking Hotel Entrada parte trasera. Dejar y Recoger delante Hotel Reserva 60Min. Av. Beato Nuno 136,Fátima www.hotelazinheira.com +351 249 533 211</description>
      
        
      <styleUrl>#icon-1602-9C27B0</styleUrl>
      
        
      <Point>
        
          
        <coordinates>
            -8.6667029,39.633491,0
          </coordinates>
        
        
      </Point>
      
      
    </Placemark>
    <Placemark>
      
        
      <name>PARKING 🅿️ / Alpalhão (PO)</name>
      
        
      <description>Parking gratuito Mixto con Camiones.Sin Tiempo.</description>
      
        
      <styleUrl>#icon-1644-0288D1</styleUrl>
      
        
      <Point>
        
          
        <coordinates>
            -7.6199869,39.4154034,0
          </coordinates>
        
        
      </Point>
      
      
    </Placemark>
    <Placemark>
      
        
      <name>PARKING 🅿️ /  Amaiur-Maya, Navarra</name>
      
        
      <description>Parking en Amaiur-Maya, Navarra</description>
      
        
      <styleUrl>#icon-1644-0288D1</styleUrl>
      
        
      <Point>
        
          
        <coordinates>
            -1.4801044,43.1996018,0
          </coordinates>
        
        
      </Point>
      
      
    </Placemark>
    <Placemark>
      
        
      <name>PARKING BUS ✅️ / Tomar (PO)</name>
      
        
      <description>Parking Bus 8 plazas gratuito en Tomar, delante estación de autobuses.</description>
      
        
      <styleUrl>#icon-1532-7CB342</styleUrl>
      
        
      <Point>
        
          
        <coordinates>
            -8.4127715,39.5996062,0
          </coordinates>
        
        
      </Point>
      
      
    </Placemark>
    <Placemark>
      
        
      <name>PARKING BUS ✅️ Valtice (CH)</name>
      
        
      <description>Parking Bus en Valtice (5 Plazas)</description>
      
        
      <styleUrl>#icon-1532-7CB342</styleUrl>
      
        
      <Point>
        
          
        <coordinates>
            16.7610924,48.7401706,0
          </coordinates>
        
        
      </Point>
      
      
    </Placemark>
    <Placemark>
      
        
      <name>PARKING 🅿️ / Nazaré (PO)</name>
      
        
      <description>Parking en linea R.da Cooperativa Nazaré (Portugal)</description>
      
        
      <styleUrl>#icon-1644-0288D1</styleUrl>
      
        
      <Point>
        
          
        <coordinates>
            -9.0640047,39.6119244,0
          </coordinates>
        
        
      </Point>
      
      
    </Placemark>
    <Placemark>
      
        
      <name>RUTA PARKING BUS Nazaré (PO)</name>
      
        
      <description>Ruta para llegar al Parking Bus de Nazaré.</description>
      
        
      <styleUrl>#line-FFD600-4928</styleUrl>
      
        
      <LineString>
        
          
        <tessellate>1</tessellate>
        
          
        <coordinates>
            -9.0659399,39.6079124,0
            -9.0664599,39.6079989,0
            -9.0668266,39.6079813,0
            -9.0669985,39.6079171,0
            -9.0679897,39.607446,0
            -9.0692254,39.6068274,0
            -9.0694464,39.606714,0
            -9.0699254,39.6065582,0
            -9.0706738,39.606362,0
            -9.0712714,39.6061429,0
            -9.071588,39.6060782,0
            -9.0720043,39.6059775,0
            -9.0721997,39.6059665,0
            -9.0729727,39.606586,0
            -9.0732247,39.6064743,0
            -9.0734533,39.60643,0
            -9.0735846,39.606495,0
            -9.0736518,39.6065785,0
            -9.0739742,39.6074072,0
            -9.0744299,39.6072944,0
            -9.0746615,39.6071906,0
            -9.0751737,39.6067937,0
            -9.0754288,39.6066112,0
            -9.0756213,39.6065084,0
            -9.0759677,39.6066933,0
          </coordinates>
        
        
      </LineString>
      
      
    </Placemark>
    <Placemark>
      
        
      <name>PARKING BUS ✅️ / Budapest (HU)</name>
      
        
      <description>Parking Bus en Budapest / Budapest, Dózsa György tér, 1013 Hungría</description>
      
        
      <styleUrl>#icon-1532-7CB342</styleUrl>
      
        
      <Point>
        
          
        <coordinates>
            19.0376999,47.4944719,0
          </coordinates>
        
        
      </Point>
      
      
    </Placemark>
    <Placemark>
      
        
      <name>PARKING BUS ✅️ / Coimbra (PO)</name>
      
        
      <description>Parking Bus gratuito (3 Plazas) / No cojas sitio para Bus Urbano, solo 3 Buses bien pegaditos.</description>
      
        
      <styleUrl>#icon-1532-7CB342</styleUrl>
      
        
      <Point>
        
          
        <coordinates>
            -8.4310496,40.2076071,0
          </coordinates>
        
        
      </Point>
      
      
    </Placemark>
    <Placemark>
      
        
      <name>PARKING BUS ✅️ / Cullera (Valencia)</name>
      
        
      <description>Parking Bus en estación  de tren de Cullera. Delante esta Carrefour</description>
      
        
      <styleUrl>#icon-1532-7CB342</styleUrl>
      
        
      <Point>
        
          
        <coordinates>
            -0.2633331,39.1785626,0
          </coordinates>
        
        
      </Point>
      
      
    </Placemark>
    <Placemark>
      
        
      <name>PARKING (Pago) SPRO 💰/ Barcelona</name>
      
        
      <description>Parking de Pago, Se recomienda no quedarse si vas a estar mucho rato, es caro no verás muchos aparcados por ahi por esa razón</description>
      
        
      <styleUrl>#icon-1513-1A237E</styleUrl>
      
        
      <Point>
        
          
        <coordinates>
            2.1656821,41.3657118,0
          </coordinates>
        
        
      </Point>
      
      
    </Placemark>
    <Placemark>
      
        
      <name>PARKIN DE PAGO CARO</name>
      
        
      <description>Parking en Linea de Pago se recomienda si estas mucho rato no quedarse. APLICACIÓN SPRO O MAQUINITA</description>
      
        
      <styleUrl>#line-0288D1-4294</styleUrl>
      
        
      <LineString>
        
          
        <tessellate>1</tessellate>
        
          
        <coordinates>
            2.15715,41.3658406,0
            2.1574075,41.365595,0
            2.1575497,41.3653957,0
            2.1576677,41.3651521,0
            2.1577133,41.3648462,0
            2.1577186,41.3646449,0
            2.15772,41.3644697,0
            2.1576677,41.3642966,0
            2.1576502,41.364201,0
            2.1572412,41.3634189,0
          </coordinates>
        
        
      </LineString>
      
      
    </Placemark>
    <Placemark>
      
        
      <name>PARKING (Pago) SPRO 💰/ Barcelona</name>
      
        
      <description>Parking en linea de Pago y caro / Controlan bastante pon ticket o usa aplicación SPRO</description>
      
        
      <styleUrl>#icon-1513-1A237E</styleUrl>
      
        
      <Point>
        
          
        <coordinates>
            2.1577066,41.3647687,0
          </coordinates>
        
        
      </Point>
      
      
    </Placemark>
    <Placemark>
      
        
      <name>PARKING BUS ✅️ /Sant Carles de la Ràpita (Tarragona)</name>
      
        
      <description>Parking Bus gratuito en Linea en el Puerto, delante de la Llorta del Pescado.</description>
      
        
      <styleUrl>#icon-1532-7CB342</styleUrl>
      
        
      <Point>
        
          
        <coordinates>
            0.6008391,40.6177614,0
          </coordinates>
        
        
      </Point>
      
      
    </Placemark>
    <Placemark>
      
        
      <name>PARKING 🅿️ / Marbella (Málaga)</name>
      
        
      <description>Parking Mixto en Marbella C/ Sta Maria</description>
      
        
      <styleUrl>#icon-1644-0288D1</styleUrl>
      
        
      <Point>
        
          
        <coordinates>
            -4.9898813,36.4939489,0
          </coordinates>
        
        
      </Point>
      
      
    </Placemark>
    <Placemark>
      
        
      <name>PARKING 🅿️ / Marbella (Málaga)</name>
      
        
      <description>Parking mixto en Marbella </description>
      
        
      <styleUrl>#icon-1644-0288D1</styleUrl>
      
        
      <Point>
        
          
        <coordinates>
            -4.9696919,36.4870169,0
          </coordinates>
        
        
      </Point>
      
      
    </Placemark>
    <Placemark>
      
        
      <name>PARKING 🅿️ / Póvoa de Varzim (PO)</name>
      
        
      <description>Parking y zona de espera en Póvoa, Portugal </description>
      
        
      <styleUrl>#icon-1644-0288D1</styleUrl>
      
        
      <Point>
        
          
        <coordinates>
            -8.753839,41.3854344,0
          </coordinates>
        
        
      </Point>
      
      
    </Placemark>
    <Placemark>
      
        
      <name>PARKING 🅿️ / Pinhel (PO)</name>
      
        
      <description>Parking mixto en zona deportiva de Pinhel, Portugal</description>
      
        
      <styleUrl>#icon-1644-0288D1</styleUrl>
      
        
      <Point>
        
          
        <coordinates>
            -7.0569734,40.7767369,0
          </coordinates>
        
        
      </Point>
      
      
    </Placemark>
    <Placemark>
      
        
      <name>PARKING 🅿️ / Pinhel (PO)</name>
      
        
      <description><![CDATA[PARKING 🅿️ / Pinhel (PO)<br>Parking mixto en Pinhel, Portugal]]></description>
      
        
      <styleUrl>#icon-1644-0288D1</styleUrl>
      
        
      <Point>
        
          
        <coordinates>
            -7.0604347,40.7749275,0
          </coordinates>
        
        
      </Point>
      
      
    </Placemark>
    <Placemark>
      
        
      <name>PARKING BUS ✅️ / Ochagavía (Navarra)</name>
      
        
      <description>Parking Gratuito en Ochagavía (4Plazas)</description>
      
        
      <styleUrl>#icon-1532-7CB342</styleUrl>
      
        
      <Point>
        
          
        <coordinates>
            -1.087577,42.905991,0
          </coordinates>
        
        
      </Point>
      
      
    </Placemark>
    <Placemark>
      
        
      <name>PARKING BUS ✅️ / La Ràpita  (Tarragona)</name>
      
        
      <description>Parking Bus gratuito en C/ Doctor Torné.</description>
      
        
      <styleUrl>#icon-1532-7CB342</styleUrl>
      
        
      <Point>
        
          
        <coordinates>
            0.5868025,40.6208156,0
          </coordinates>
        
        
      </Point>
      
      
    </Placemark>
    <Placemark>
      
        
      <name>PROHIBICIÓN 7M ⛔️ / Duilhac-sous-Peyrepertuse (FR)</name>
      
        
      <description>Prohibido paso Bus para llegar a Parking du château Duilhac-sous-Peyrepertuse, Francia</description>
      
        
      <styleUrl>#icon-1898-C2185B</styleUrl>
      
        
      <Point>
        
          
        <coordinates>
            2.5526544,42.8662926,0
          </coordinates>
        
        
      </Point>
      
      
    </Placemark>
    <Placemark>
      
        
      <name>CUEVAS ALTAMIRA Museo 🏛 / Santillana de Mar (Cantabria)</name>
      
        
      <description>Parking Bus / Visita Cuevas de Altamira/ Avenida Marcelino Sanz de Sautuola, s/n, 39330 Santillana del Mar, Cantabria www.culturaydeporte.gob.es +34 942 81 88 15</description>
      
        
      <styleUrl>#icon-1636-A52714</styleUrl>
      
        
      <Point>
        
          
        <coordinates>
            -4.1241102,43.377757,0
          </coordinates>
        
        
      </Point>
      
      
    </Placemark>
    <Placemark>
      
        
      <name>PARKING BUS ✅️ / Ax-Les-Thermes (FR)</name>
      
        
      <description>Parking Bus NO USAR HORARIO COLEGIOS.</description>
      
        
      <styleUrl>#icon-1532-7CB342</styleUrl>
      
        
      <Point>
        
          
        <coordinates>
            1.8354207,42.7238785,0
          </coordinates>
        
        
      </Point>
      
      
    </Placemark>
    <Placemark>
      
        
      <name>PARKING BUS ✅️ / Ax-Les-Thermes (FR)</name>
      
        
      <description>Parking gratuito y C / D visitas población </description>
      
        
      <styleUrl>#icon-1532-7CB342</styleUrl>
      
        
      <Point>
        
          
        <coordinates>
            1.8414482,42.72024,0
          </coordinates>
        
        
      </Point>
      
      
    </Placemark>
    <Placemark>
      
        
      <name>PARKING BUS ✅️ / Conil de la Frontera (Cádiz)</name>
      
        
      <description>Parking Bus gratuito en Conil.</description>
      
        
      <styleUrl>#icon-1532-7CB342</styleUrl>
      
        
      <Point>
        
          
        <coordinates>
            -6.0876381,36.2716434,0
          </coordinates>
        
        
      </Point>
      
      
    </Placemark>
    <Placemark>
      
        
      <name>PARKING BUS ✅️ / Reus (Tarragona)</name>
      
        
      <description>2 Plazas Bus en linea Gratuito/ Cerca de centro Comercial en Reus.</description>
      
        
      <styleUrl>#icon-1532-7CB342</styleUrl>
      
        
      <Point>
        
          
        <coordinates>
            1.1125437,41.1618822,0
          </coordinates>
        
        
      </Point>
      
      
    </Placemark>
    <Placemark>
      
        
      <name>PARKING BUS ✅️ / Blanes (Girona)</name>
      
        
      <description>Parking Bus gratuito afueras de Blanes junto zona deportiva.</description>
      
        
      <styleUrl>#icon-1532-7CB342</styleUrl>
      
        
      <Point>
        
          
        <coordinates>
            2.7715394,41.6847337,0
          </coordinates>
        
        
      </Point>
      
      
    </Placemark>
    <Placemark>
      
        
      <name>PARKING BUS ✅️ /Maçanet de la Selva (Girona)</name>
      
        
      <description>Parking Bus Gratuito (4 Plazas)cerca zona deportiva / Maçanet de la Selva </description>
      
        
      <styleUrl>#icon-1532-7CB342</styleUrl>
      
        
      <Point>
        
          
        <coordinates>
            2.7281613,41.777053,0
          </coordinates>
        
        
      </Point>
      
      
    </Placemark>
    <Placemark>
      
        
      <name>PARKING 🅿️ / Riudarenes (Girona)</name>
      
        
      <description>Parking Mixto gratuito de tierra afueras población.</description>
      
        
      <styleUrl>#icon-1644-0288D1</styleUrl>
      
        
      <Point>
        
          
        <coordinates>
            2.714817,41.8275494,0
          </coordinates>
        
        
      </Point>
      
      
    </Placemark>
    <Placemark>
      
        
      <name>PARKING 🅿️ / Narbona (FR)</name>
      
        
      <description>Parking gratuito/ Espace de Liberté en Narbona (Francia)</description>
      
        
      <styleUrl>#icon-1644-0288D1</styleUrl>
      
        
      <Point>
        
          
        <coordinates>
            2.9943052,43.1752013,0
          </coordinates>
        
        
      </Point>
      
      
    </Placemark>
    <Placemark>
      
        
      <name>PARKING 🅿️ / Vilamoura (PO)</name>
      
        
      <description>Parking gratuito mixto dejalo encarado para que no te cierren </description>
      
        
      <styleUrl>#icon-1644-0288D1</styleUrl>
      
        
      <Point>
        
          
        <coordinates>
            -8.1246981,37.0789992,0
          </coordinates>
        
        
      </Point>
      
      
    </Placemark>
    <Placemark>
      
        
      <name>PARKING BUS ✅️ / Amboise (FR)</name>
      
        
      <description>Parking Bus 7 Plazas gratuito en Amboise (Francia)</description>
      
        
      <styleUrl>#icon-1532-7CB342</styleUrl>
      
        
      <Point>
        
          
        <coordinates>
            0.9791751,47.4124549,0
          </coordinates>
        
        
      </Point>
      
      
    </Placemark>
    <Placemark>
      
        
      <name>PARKING BUS ✅️ / Aljustrel / Fatima (PO)</name>
      
        
      <description>Aparcamiento visita Pueblo Natal pastorcillos de Fátima. ( Lugar turístico )</description>
      
        
      <styleUrl>#icon-1532-7CB342</styleUrl>
      
        
      <Point>
        
          
        <coordinates>
            -8.6624084,39.6158671,0
          </coordinates>
        
        
      </Point>
      
      
    </Placemark>
    <Placemark>
      
        
      <name>PARKING 🅿️ / Ansó (Huesca)</name>
      
        
      <description>Parking Mixto a las afueras de la Población </description>
      
        
      <styleUrl>#icon-1644-0288D1</styleUrl>
      
        
      <Point>
        
          
        <coordinates>
            -0.8256693,42.7562123,0
          </coordinates>
        
        
      </Point>
      
      
    </Placemark>
    <Placemark>
      
        
      <name>COLEGIO Liceo Francés Internacional 🚸 / Málaga </name>
      
        
      <description><![CDATA[Parking colegio Liceo Francés Internacional / C. Flamencos, 36, 29018 Málaga <br>www.lfmalaga.com <br>+34 952 29 69 00]]></description>
      
        
      <styleUrl>#icon-1682-FFD600</styleUrl>
      
        
      <Point>
        
          
        <coordinates>
            -4.3832666,36.7296904,0
          </coordinates>
        
        
      </Point>
      
      
    </Placemark>
    <Placemark>
      
        
      <name>PARKING - C Y D 🅿️🔄 / Alhama de Granada (Granada)</name>
      
        
      <description>Parking Amplio en la Población / OJO que es recinto Ferial. Informate antes de entrar.</description>
      
        
      <styleUrl>#icon-1644-0288D1</styleUrl>
      
        
      <Point>
        
          
        <coordinates>
            -3.9879319,37.0047783,0
          </coordinates>
        
        
      </Point>
      
      
    </Placemark>
    <Placemark>
      
        
      <name>PARKING BUS ✅️ / Saint-Pierre-du-Mont (FR)</name>
      
        
      <description>Parking Bus gratuito 3 Plazas al lado Teatro de Saint-Pierre-du-Mont, Francia</description>
      
        
      <styleUrl>#icon-1532-7CB342</styleUrl>
      
        
      <Point>
        
          
        <coordinates>
            -0.5244916,43.8804723,0
          </coordinates>
        
        
      </Point>
      
      
    </Placemark>
    <Placemark>
      
        
      <name>PARKING BUS ✅️ / Soria</name>
      
        
      <description>Parking gratuito 1 Bus. C/ Clara Campoamor de Soria.</description>
      
        
      <styleUrl>#icon-1532-7CB342</styleUrl>
      
        
      <Point>
        
          
        <coordinates>
            -2.4705512,41.7620116,0
          </coordinates>
        
        
      </Point>
      
      
    </Placemark>
    <Placemark>
      
        
      <name>PARKING 🅿️ / Mont -Louis (FR)</name>
      
        
      <description>Parking Mixto en Mont-Louis / dejalo encarado a la salida.</description>
      
        
      <styleUrl>#icon-1644-0288D1</styleUrl>
      
        
      <Point>
        
          
        <coordinates>
            2.1228788,42.507532,0
          </coordinates>
        
        
      </Point>
      
      
    </Placemark>
    <Placemark>
      
        
      <name>PARKING (Pago) 💰 / Altafulla (Tarragona) </name>
      
        
      <description>Grandioso Parking muy recomendable. Video vigilado. (GRATUITO Si consumes 15 €) Vigilante Nocturno. Servicio 24h de Restaurante Braseria, AVISAR a los camareros a la hora de pagar la comida que sois CHOFERES DE BUS, hacen precios a conductores profesionales. Entregando las llaves del vehículo tienes acceso a ducha gratis. wifi gratuito. La palya la tienes a 8 minutos ( buena playa, buena arena )</description>
      
        
      <styleUrl>#icon-1513-1A237E</styleUrl>
      
        
      <Point>
        
          
        <coordinates>
            1.3652762,41.1392907,0
          </coordinates>
        
        
      </Point>
      
      
    </Placemark>
    <Placemark>
      
        
      <name>BUFFET Libre / Altafulla (Tarragona)</name>
      
        
      <description>PARKING GRATUITO PARA CLIENTES. Precio trabajadores 13,50€ incluido Café.</description>
      
        
      <styleUrl>#icon-1577-795548</styleUrl>
      
        
      <Point>
        
          
        <coordinates>
            1.3662774,41.1397435,0
          </coordinates>
        
        
      </Point>
      
      
    </Placemark>
    <Placemark>
      
        
      <name>PARKING BUS ✅️ / Hoces de Duratón (Segovia)</name>
      
        
      <description>Parking 4 Buses en Hoces de Duratón / Gracias compañero Jose Diego </description>
      
        
      <styleUrl>#icon-1532-7CB342</styleUrl>
      
        
      <Point>
        
          
        <coordinates>
            -3.8688644,41.3269226,0
          </coordinates>
        
        
      </Point>
      
      
    </Placemark>
    <Placemark>
      
        
      <name>PARKING BUS Av/ de Rius y Taulet (pago)✅️💰 / (Barcelona)</name>
      
        
      <description>Parking en linea de pago en Av/ de Rius ybTaulet / Barcelona </description>
      
        
      <styleUrl>#icon-1513-1A237E</styleUrl>
      
        
      <Point>
        
          
        <coordinates>
            2.1526326,41.3721276,0
          </coordinates>
        
        
      </Point>
      
      
    </Placemark>
    <Placemark>
      
        
      <name>PARKING (Pago)💰 / Encamp ( AND)</name>
      
        
      <description>Parking de pago cerca del Museo Nacional del Automóvil </description>
      
        
      <styleUrl>#icon-1513-1A237E</styleUrl>
      
        
      <Point>
        
          
        <coordinates>
            1.5782081,42.532513,0
          </coordinates>
        
        
      </Point>
      
      
    </Placemark>
    <Placemark>
      
        
      <name>PARKING Puerto Sant Feliu de Guíxols/ Girona</name>
      
        
      <description>Parking para hacer la espera / tambien para dejar o recoger su van a hacer el camino de Ronda</description>
      
        
      <styleUrl>#icon-1644-0288D1</styleUrl>
      
        
      <Point>
        
          
        <coordinates>
            3.0384887,41.7794756,0
          </coordinates>
        
        
      </Point>
      
      
    </Placemark>
    <Placemark>
      
        
      <name>PARKING 🅿️ / Terrassa (Barcelona)</name>
      
        
      <description>Parking de tierra mixto para hacer espera o dejarlo sin tiempo / dejalo que puedas salir</description>
      
        
      <styleUrl>#icon-1644-0288D1</styleUrl>
      
        
      <Point>
        
          
        <coordinates>
            2.0155062,41.5841081,0
          </coordinates>
        
        
      </Point>
      
      
    </Placemark>
    <Placemark>
      
        
      <name>PARKING 🅿️ / La Pobla de Vallbona (Valencia)</name>
      
        
      <description>Parking Mixto en Polígono/ tambien para camiones.</description>
      
        
      <styleUrl>#icon-1644-0288D1</styleUrl>
      
        
      <Point>
        
          
        <coordinates>
            -0.5356849,39.5862748,0
          </coordinates>
        
        
      </Point>
      
      
    </Placemark>
    <Placemark>
      
        
      <name>PARKING BUS ✅️/  Ille-sur-Têt (FR)</name>
      
        
      <description>Parking Privado para visitar Des Orgues. 4Plazas</description>
      
        
      <styleUrl>#icon-1532-7CB342</styleUrl>
      
        
      <Point>
        
          
        <coordinates>
            2.6220363,42.6812583,0
          </coordinates>
        
        
      </Point>
      
      
    </Placemark>
    <Placemark>
      
        
      <name>PARKING BUS ✅️ / Céret (FR)</name>
      
        
      <description>Parking Bus gratuito en linea Gratuito cerca de plaza toros Arènes de Céret.</description>
      
        
      <styleUrl>#icon-1532-7CB342</styleUrl>
      
        
      <Point>
        
          
        <coordinates>
            2.7517851,42.4890075,0
          </coordinates>
        
        
      </Point>
      
      
    </Placemark>
    <Placemark>
      
        
      <name>CAVAS Byrrh / Thuir (FR)</name>
      
        
      <description>Parking para visitar cavas Byrrh / suele estar lleno de coches / te puedes ir a las escuelas a aparcar, que esta mas adelante. Mejor llamar y preguntar para dejar grupo.</description>
      
        
      <styleUrl>#icon-1517-F9A825</styleUrl>
      
        
      <Point>
        
          
        <coordinates>
            2.7583337,42.6345209,0
          </coordinates>
        
        
      </Point>
      
      
    </Placemark>
    <Placemark>
      
        
      <name>RESTAURANTE Can Morera 🍽 / Les Preses (Girona)</name>
      
        
      <description><![CDATA[Parking de tierra del restaurante/ se entra bien con grandes tambien/ Avinguda de Santa Coloma, 10, 17176 Les Preses, Girona <br>www.canmorera.com <br>+34 972 69 48 02]]></description>
      
        
      <styleUrl>#icon-1577-795548</styleUrl>
      
        
      <Point>
        
          
        <coordinates>
            2.4574615,42.1433451,0
          </coordinates>
        
        
      </Point>
      
      
    </Placemark>
    <Placemark>
      
        
      <name>PARKING 🅿️ / Tremp (Lérida)</name>
      
        
      <description>Parking Mixto camiones Autocares gratuito / al lado estación de autobuses de Tremp</description>
      
        
      <styleUrl>#icon-1644-0288D1</styleUrl>
      
        
      <Point>
        
          
        <coordinates>
            0.8921404,42.1681102,0
          </coordinates>
        
        
      </Point>
      
      
    </Placemark>
    <Placemark>
      
        
      <name>PARKING 🅿️ /  Ponte de Sor (PO)</name>
      
        
      <description>Parking para hacer la espera o para or a comprar viveres al supermercado de enfente.</description>
      
        
      <styleUrl>#icon-1644-0288D1</styleUrl>
      
        
      <Point>
        
          
        <coordinates>
            -8.0138894,39.2684192,0
          </coordinates>
        
        
      </Point>
      
      
    </Placemark>
    <Placemark>
      
        
      <name>PARKING 🅿️ / Graus (Lérida)</name>
      
        
      <description>Parking tierra gratuito en Graus, cerca campo fútbol.</description>
      
        
      <styleUrl>#icon-1644-0288D1</styleUrl>
      
        
      <Point>
        
          
        <coordinates>
            0.3412483,42.1958871,0
          </coordinates>
        
        
      </Point>
      
      
    </Placemark>
    <Placemark>
      
        
      <name>PARKING 🅿️ / Anglesola (Lérida)</name>
      
        
      <description>Parking en afueras población en Camí de Barbens/ Anglesola.</description>
      
        
      <styleUrl>#icon-1644-0288D1</styleUrl>
      
        
      <Point>
        
          
        <coordinates>
            1.0823269,41.6594853,0
          </coordinates>
        
        
      </Point>
      
      
    </Placemark>
    <Placemark>
      
        
      <name>PARKING 🅿️ / El Parador de las Hortichuelas )Almería)</name>
      
        
      <description>Parking mixto de tierra gratuito.</description>
      
        
      <styleUrl>#icon-1644-0288D1</styleUrl>
      
        
      <Point>
        
          
        <coordinates>
            -2.6015064,36.8037028,0
          </coordinates>
        
        
      </Point>
      
      
    </Placemark>
    <Placemark>
      
        
      <name>PARKING 🅿️ / Arroba de los Montes (Ciudad Real)</name>
      
        
      <description>Parking en la población afueras de Arroba de los Montes. poco más.</description>
      
        
      <styleUrl>#icon-1644-0288D1</styleUrl>
      
        
      <Point>
        
          
        <coordinates>
            -4.544576,39.1519664,0
          </coordinates>
        
        
      </Point>
      
      
    </Placemark>
    <Placemark>
      
        
      <name>PARKING BUS (pago)💰 MNAC Barcelona </name>
      
        
      <description>Parking Bus de Pago para visita Museo Nacional de Catalunya. USAR Aplicación SPRO o maquinita.</description>
      
        
      <styleUrl>#icon-1513-1A237E</styleUrl>
      
        
      <Point>
        
          
        <coordinates>
            2.1517483,41.3681809,0
          </coordinates>
        
        
      </Point>
      
      
    </Placemark>
    <Placemark>
      
        
      <name>ZONA DE ESPERA ☕️ / Monsanto (PO)</name>
      
        
      <description>Parking para hacer la Espera de la visita a Monsanto (Portugal).</description>
      
        
      <styleUrl>#icon-1534-4E342E</styleUrl>
      
        
      <Point>
        
          
        <coordinates>
            -7.1160804,40.0458196,0
          </coordinates>
        
        
      </Point>
      
      
    </Placemark>
    <Placemark>
      
        
      <name>CASA Colonies La Conrreria 🚸/ Tiana (Barcelona)</name>
      
        
      <description>Parking de la Casa de Colonies. Puedes entrar y quedarte encarado a la salida / Carretera B-500, Km 6, Tiana, Barcelona www.peretarres.org +34 934 30 16 06</description>
      
        
      <styleUrl>#icon-1682-673AB7</styleUrl>
      
        
      <Point>
        
          
        <coordinates>
            2.2521759,41.4917697,0
          </coordinates>
        
        
      </Point>
      
      
    </Placemark>
    <Placemark>
      
        
      <name>CASA Colonies Can Xammar 🚸</name>
      
        
      <description><![CDATA[No se puede llegar a la Casa se dejan en este Parking / L'Ametlla del Vallès, Barcelonacanxammar.elroser.org+34 682 08 11 81]]></description>
      
        
      <styleUrl>#icon-1682-673AB7</styleUrl>
      
        
      <Point>
        
          
        <coordinates>
            2.2579882,41.6741641,0
          </coordinates>
        
        
      </Point>
      
      
    </Placemark>
    <Placemark>
      
        
      <name>ℹ️ RUTA Parking Casa de Colonies Can Xammar </name>
      
        
      <description>Sigue esta Ruta para llegar al Parking, a la casa no se puede subir.</description>
      
        
      <styleUrl>#line-FFD600-5003</styleUrl>
      
        
      <LineString>
        
          
        <tessellate>1</tessellate>
        
          
        <coordinates>
            2.2603602,41.671773,0
            2.2601095,41.672123,0
            2.2591607,41.6722247,0
            2.2581237,41.672239,0
            2.257625,41.6722149,0
            2.257333,41.6722887,0
            2.2569371,41.6725084,0
            2.2567802,41.6726541,0
            2.2566532,41.6728341,0
            2.2565971,41.673057,0
            2.25662,41.6735292,0
            2.2566408,41.6741012,0
            2.2567919,41.6740901,0
            2.2569728,41.6740796,0
            2.2574896,41.6740447,0
            2.2577496,41.674009,0
            2.2582784,41.673954,0
            2.2581409,41.6740793,0
          </coordinates>
        
        
      </LineString>
      
      
    </Placemark>
    <Placemark>
      
        
      <name>PARKING 🅿️ / Chaves (PO)</name>
      
        
      <description>Parking para poder hacer la espera de la visita.</description>
      
        
      <styleUrl>#icon-1644-0288D1</styleUrl>
      
        
      <Point>
        
          
        <coordinates>
            -7.4675964,41.7492389,0
          </coordinates>
        
        
      </Point>
      
      
    </Placemark>
    <Placemark>
      
        
      <name>PARKING 🅿️ / Chaves (PO)</name>
      
        
      <description>Parking y zona de espera para aparcar en linea Mixto.</description>
      
        
      <styleUrl>#icon-1644-0288D1</styleUrl>
      
        
      <Point>
        
          
        <coordinates>
            -7.4806025,41.7527101,0
          </coordinates>
        
        
      </Point>
      
      
    </Placemark>
    <Placemark>
      
        
      <name>PARKING 🅿️ / Vilassar de Mar (Barcelona)</name>
      
        
      <description>A veces hay feria al lado del campo Fútbol aqui puedes tambien aparcar / Parking de Tierra al lado piscina y pistas de Padel. Se puede dejar sin problemas.</description>
      
        
      <styleUrl>#icon-1644-0288D1</styleUrl>
      
        
      <Point>
        
          
        <coordinates>
            2.3961563,41.5112867,0
          </coordinates>
        
        
      </Point>
      
      
    </Placemark>
    <Placemark>
      
        
      <name>CASTILLO Can Jalpí 🚸 / Arenys de Mar (Barcelona)</name>
      
        
      <description>Parking Bus de tierra donde se suelen dejar grupos para Can Jalpí.</description>
      
        
      <styleUrl>#icon-1542-3949AB</styleUrl>
      
        
      <Point>
        
          
        <coordinates>
            2.5415994,41.5993719,0
          </coordinates>
        
        
      </Point>
      
      
    </Placemark>
    <Placemark>
      
        
      <name>PARKING 🅿️ / Breda (Girona)</name>
      
        
      <description>Parking Mixto de tierra para hacer la espera o dejarlo, sin problemas. Suelen aparcar camiones.</description>
      
        
      <styleUrl>#icon-1644-0288D1</styleUrl>
      
        
      <Point>
        
          
        <coordinates>
            2.5598842,41.7542065,0
          </coordinates>
        
        
      </Point>
      
      
    </Placemark>
    <Placemark>
      
        
      <name>AULA Rural Can Bosc 🚸 / Breda (Girona)</name>
      
        
      <description>Parking Can Bosc Breda, Girona+34 699 91 71 72</description>
      
        
      <styleUrl>#icon-1682-673AB7</styleUrl>
      
        
      <Point>
        
          
        <coordinates>
            2.5503623,41.759177,0
          </coordinates>
        
        
      </Point>
      
      
    </Placemark>
    <Placemark>
      
        
      <name>CASA Colonies Can Sala 🚸 / Montornés del Vallés (Barcelona)</name>
      
        
      <description><![CDATA[Se puede entrar sin problema y dar la vuelta en el Parking de la casa. / Carrer de Mariana Pineda, 1, 08170 Montornès del Vallès, Barcelona <br>www.cansala-montornes.com <br>+34 935 68 34 85]]></description>
      
        
      <styleUrl>#icon-1682-673AB7</styleUrl>
      
        
      <Point>
        
          
        <coordinates>
            2.2728257,41.5370902,0
          </coordinates>
        
        
      </Point>
      
      
    </Placemark>
    <Placemark>
      
        
      <name>CASA Colonies Les Orenetes 🚸 / Borrassà (Girona)</name>
      
        
      <description>Parking y cambio sentido xasa de Colonies. Se entra sin problema. Carretera de Borrassà, s/n, 17770 Borrassà, Girona www.orenetes.com +34 666 47 76 60</description>
      
        
      <styleUrl>#icon-1682-673AB7</styleUrl>
      
        
      <Point>
        
          
        <coordinates>
            2.9468229,42.2241454,0
          </coordinates>
        
        
      </Point>
      
      
    </Placemark>
    <Placemark>
      
        
      <name>PARKING BUS ✅️ / Cassà de La Selva (Girona)</name>
      
        
      <description>Parking Bus al lado Instituto de Cassà. C/ Josep Pla</description>
      
        
      <styleUrl>#icon-1532-7CB342</styleUrl>
      
        
      <Point>
        
          
        <coordinates>
            2.8733145,41.8929374,0
          </coordinates>
        
        
      </Point>
      
      
    </Placemark>
    <Placemark>
      
        
      <name>PARKING 🅿️ / Peñiscola (Castellón)</name>
      
        
      <description>Parking libre de tierra Mixto, en Peñiscola </description>
      
        
      <styleUrl>#icon-1644-0288D1</styleUrl>
      
        
      <Point>
        
          
        <coordinates>
            0.3970099,40.3661119,0
          </coordinates>
        
        
      </Point>
      
      
    </Placemark>
    <Placemark>
      
        
      <name>PARKING BUS ✅️ / Peñíscola (Castellón)</name>
      
        
      <description>Parking Bus Escolar 1 Plaza. Si no es horario escolar suelen poner coches. Peñiscola (Castellón)</description>
      
        
      <styleUrl>#icon-1532-7CB342</styleUrl>
      
        
      <Point>
        
          
        <coordinates>
            0.3961631,40.365281,0
          </coordinates>
        
        
      </Point>
      
      
    </Placemark>
    <Placemark>
      
        
      <name>PARKING 🅿️ / Peñiscola (Castellón)</name>
      
        
      <description>Parking Mixto de tierra Libre sin tiempo Peñiscola.</description>
      
        
      <styleUrl>#icon-1644-0288D1</styleUrl>
      
        
      <Point>
        
          
        <coordinates>
            0.4009065,40.3677786,0
          </coordinates>
        
        
      </Point>
      
      
    </Placemark>
    <Placemark>
      
        
      <name>PARKING 🅿️ / Teruel</name>
      
        
      <description>Parking de Tierra mixto cerca estación tren de Teruel. Dejalo encarado para que no te cierren en caso que se llene el parking.</description>
      
        
      <styleUrl>#icon-1644-0288D1</styleUrl>
      
        
      <Point>
        
          
        <coordinates>
            -1.1089962,40.3387499,0
          </coordinates>
        
        
      </Point>
      
      
    </Placemark>
    <Placemark>
      
        
      <name>PARKING BUS Paulilles ✅️ /  Port-Vendres (FR)</name>
      
        
      <description>Parking Bus Paulilles /3 Plazas gratuito Parking asfalto</description>
      
        
      <styleUrl>#icon-1532-7CB342</styleUrl>
      
        
      <Point>
        
          
        <coordinates>
            3.1181147,42.4993064,0
          </coordinates>
        
        
      </Point>
      
      
    </Placemark>
    <Placemark>
      
        
      <name>PARKING BUS ✅️ / Olot (Girona)</name>
      
        
      <description>Parking Bus gratuito en linea MAX 2h. En Ronda Paraires de Olot.</description>
      
        
      <styleUrl>#icon-1532-7CB342</styleUrl>
      
        
      <Point>
        
          
        <coordinates>
            2.492497,42.1804401,0
          </coordinates>
        
        
      </Point>
      
      
    </Placemark>
    <Placemark>
      
        
      <name><![CDATA[PARKING BUS ✅️ / La Fageda d'en Jordà - Santa Pau (Girona)]]></name>
      
        
      <description>Parking de Pago para visita Los Carros de la Fageda / DE PAGO / Te dejan 10Minutos sin pagar. </description>
      
        
      <styleUrl>#icon-1532-7CB342</styleUrl>
      
        
      <Point>
        
          
        <coordinates>
            2.5160492,42.1550267,0
          </coordinates>
        
        
      </Point>
      
      
    </Placemark>
    <Placemark>
      
        
      <name>YOGURES La Fageda / Santa Pau (Girona)</name>
      
        
      <description>Parking Visita Yogures de La Fageda /  Santa Pau, Gironawww.fageda.com +34 972 68 10 11</description>
      
        
      <styleUrl>#icon-1502-C2185B</styleUrl>
      
        
      <Point>
        
          
        <coordinates>
            2.5222955,42.1390342,0
          </coordinates>
        
        
      </Point>
      
      
    </Placemark>
    <Placemark>
      
        
      <name>PARKING 🅿️ / Suances (Cantabria)</name>
      
        
      <description>Parking Libre mixto en linea en Suances / se suele aparcar sin problema </description>
      
        
      <styleUrl>#icon-1644-0288D1</styleUrl>
      
        
      <Point>
        
          
        <coordinates>
            -4.056557,43.4231986,0
          </coordinates>
        
        
      </Point>
      
      
    </Placemark>
    <Placemark>
      
        
      <name>PARKING BUS ✅️ / Tordera (Barcelona)</name>
      
        
      <description>1 Plaza Bus C/ De Maragall. Tordera. Al lado Biblioteca y el Instituto Lluis Compayns.</description>
      
        
      <styleUrl>#icon-1532-7CB342</styleUrl>
      
        
      <Point>
        
          
        <coordinates>
            2.7216453,41.6973447,0
          </coordinates>
        
        
      </Point>
      
      
    </Placemark>
    <Placemark>
      
        
      <name>PARKING 🅿️ / Cornellá de Llobregat (Barcelona)</name>
      
        
      <description>Calle donde se suele aparcar sin problemas. Hotel Campanile cerca.</description>
      
        
      <styleUrl>#icon-1644-0288D1</styleUrl>
      
        
      <Point>
        
          
        <coordinates>
            2.0837497,41.3459913,0
          </coordinates>
        
        
      </Point>
      
      
    </Placemark>
    <Placemark>
      
        
      <name>PARKING 🅿️ / Agramunt (Lérida)</name>
      
        
      <description>Parking gratuito de tierra Mixto en Agramunt.</description>
      
        
      <styleUrl>#icon-1644-0288D1</styleUrl>
      
        
      <Point>
        
          
        <coordinates>
            1.0933505,41.7832548,0
          </coordinates>
        
        
      </Point>
      
      
    </Placemark>
    <Placemark>
      
        
      <name>PARKING 🅿️ / Sallent de Gállego (Huesca)</name>
      
        
      <description>Parking Mixto gratuito, a las afueras de Sallent</description>
      
        
      <styleUrl>#icon-1644-0288D1</styleUrl>
      
        
      <Point>
        
          
        <coordinates>
            -0.3336476,42.7694467,0
          </coordinates>
        
        
      </Point>
      
      
    </Placemark>
    <Placemark>
      
        
      <name>PARKING 🅿️ / Cambrils (Tarragona)</name>
      
        
      <description>Parking de tierra mixto gratuito, sin tiempo</description>
      
        
      <styleUrl>#icon-1644-0288D1</styleUrl>
      
        
      <Point>
        
          
        <coordinates>
            1.087833,41.0696496,0
          </coordinates>
        
        
      </Point>
      
      
    </Placemark>
    <Placemark>
      
        
      <name>PARKING BUS Pago💰 C/ Martí i Franquès 16C /Barcelona </name>
      
        
      <description>Parking Bus de Pago cerca Camp Nou MAX 2Horas / de 8h a 20h</description>
      
        
      <styleUrl>#icon-1513-1A237E</styleUrl>
      
        
      <Point>
        
          
        <coordinates>
            2.1191711,41.3833196,0
          </coordinates>
        
        
      </Point>
      
      
    </Placemark>
    <Placemark>
      
        
      <name>PARKING BUS Pago 💰 Av/ Doctor Marañon / Barcelona </name>
      
        
      <description>Parking Bus de Pago USAR APLICACION SPRO. Max 2h  (de 8h a 20h)</description>
      
        
      <styleUrl>#icon-1513-1A237E</styleUrl>
      
        
      <Point>
        
          
        <coordinates>
            2.113192,41.3826011,0
          </coordinates>
        
        
      </Point>
      
      
    </Placemark>
    <Placemark>
      
        
      <name>ℹ️ PARKING en MercaBarna / Barcelona </name>
      
        
      <description>Aqui te aparcan mientras se hace la Visita. Mejor vete a la cafeteria y cierra por el olor a Pescado que se te queda en el Bus.</description>
      
        
      <styleUrl>#icon-1608-3949AB</styleUrl>
      
        
      <Point>
        
          
        <coordinates>
            2.1163574,41.3336505,0
          </coordinates>
        
        
      </Point>
      
      
    </Placemark>
    <Placemark>
      
        
      <name>PARKING BUS ✅️ / Madrid </name>
      
        
      <description>Parking Bus libre sin tiempo.</description>
      
        
      <styleUrl>#icon-1532-7CB342</styleUrl>
      
        
      <Point>
        
          
        <coordinates>
            -3.6246091,40.4981185,0
          </coordinates>
        
        
      </Point>
      
      
    </Placemark>
    <Placemark>
      
        
      <name>PARKING BUS ✅ / Granollers (Barcelona)</name>
      
        
      <description>Parking Bus 2 plazas en línea, gratuito en C/ Fernao Magallanes de Granollers.</description>
      
        
      <styleUrl>#icon-1532-7CB342</styleUrl>
      
        
      <Point>
        
          
        <coordinates>
            2.2853762,41.6004733,0
          </coordinates>
        
        
      </Point>
      
      
    </Placemark>
    <Placemark>
      
        
      <name>PARKING 🅿️ / Hostalric (Barcelona)</name>
      
        
      <description>Parking de tierra mixto gratuito en Hostalric.</description>
      
        
      <styleUrl>#icon-1644-0288D1</styleUrl>
      
        
      <Point>
        
          
        <coordinates>
            2.6306047,41.7450331,0
          </coordinates>
        
        
      </Point>
      
      
    </Placemark>
    <Placemark>
      
        
      <name>PARKING BUS ✅️ Feria del Aveto / Espinelves (Girona)</name>
      
        
      <description>SOLO PARA LA FERIA DEL AVETO EN DICIEMBRE / Parking gratuito Habilitado para Autocares.  Cuando hacen la Fira del Avet Feria del Aveto de Espinelves.</description>
      
        
      <styleUrl>#icon-1532-7CB342</styleUrl>
      
        
      <Point>
        
          
        <coordinates>
            2.4145573,41.8677013,0
          </coordinates>
        
        
      </Point>
      
      
    </Placemark>
    <Placemark>
      
        
      <name>HOTEL Mojacar Marina 🛏 / Mójacar (Almería)</name>
      
        
      <description>Se puede entrar / tienen parking que abres con tarjeta habitación/ Urb. Marina de la Torre, Av. del Mar, 3, 04638 Mojácar, Almería www.servigroup.com +34 950 54 85 00</description>
      
        
      <styleUrl>#icon-1602-9C27B0</styleUrl>
      
        
      <Point>
        
          
        <coordinates>
            -1.8269578,37.1567456,0
          </coordinates>
        
        
      </Point>
      
      
    </Placemark>
    <Placemark>
      
        
      <name>PARKING 🅿️ / Roquetas de Mar (Almería)</name>
      
        
      <description>Parking afueras de Roquetas, gratuito, mixto tierra sin tiempo.</description>
      
        
      <styleUrl>#icon-1644-0288D1</styleUrl>
      
        
      <Point>
        
          
        <coordinates>
            -2.6146595,36.7683016,0
          </coordinates>
        
        
      </Point>
      
      
    </Placemark>
    <Placemark>
      
        
      <name>PARKING 🅿️ / Roquetas de Mar (Almería)</name>
      
        
      <description>Parking Recinto Ferial tierra gratuito Mixto, sin tiempo.</description>
      
        
      <styleUrl>#icon-1644-0288D1</styleUrl>
      
        
      <Point>
        
          
        <coordinates>
            -2.6107582,36.773188,0
          </coordinates>
        
        
      </Point>
      
      
    </Placemark>
    <Placemark>
      
        
      <name>PARKING BUS ✅️ / Mataró (Barcelona)</name>
      
        
      <description>1 Plaza/ Parking Bus Escolar / SOLO de 8,30h a 17h / Plaza Aràbia i Solanas,  Mataró </description>
      
        
      <styleUrl>#icon-1532-7CB342</styleUrl>
      
        
      <Point>
        
          
        <coordinates>
            2.4224495,41.5436239,0
          </coordinates>
        
        
      </Point>
      
      
    </Placemark>
    <Placemark>
      
        
      <name>PARKING BUS ✅ / Parets del Vallès / Barcelona </name>
      
        
      <description>Parking Bus / 3 Plazas en Pabellón Municipal de Parets / Gratuito </description>
      
        
      <styleUrl>#icon-1532-7CB342</styleUrl>
      
        
      <Point>
        
          
        <coordinates>
            2.2350031,41.5712298,0
          </coordinates>
        
        
      </Point>
      
      
    </Placemark>
    <Placemark>
      
        
      <name><![CDATA[MASÍA Ca N'Illa 🍽 / La Garriga (Barcelona)]]></name>
      
        
      <description>Masia donde celebraciones y Grupos. Parking donde puedas en Polígono. Carrer del Mil·lenari de Catalunya, 29, 08530 La Garriga, Barcelona</description>
      
        
      <styleUrl>#icon-1577-795548</styleUrl>
      
        
      <Point>
        
          
        <coordinates>
            2.2832652,41.6747965,0
          </coordinates>
        
        
      </Point>
      
      
    </Placemark>
    <Placemark>
      
        
      <name>PARKING 🅿️ / Gurb (Barcelona)</name>
      
        
      <description>Parking gratuito de tierra afueras de Gurb, en Polígono.</description>
      
        
      <styleUrl>#icon-1644-0288D1</styleUrl>
      
        
      <Point>
        
          
        <coordinates>
            2.2504453,41.9460648,0
          </coordinates>
        
        
      </Point>
      
      
    </Placemark>
    <Placemark>
      
        
      <name>RESTAURANTE Font del Grèvol 🍽 / Sant Joan Les Fonts (Girona)</name>
      
        
      <description>Parking Restaurante/ Aceptan Grupos desayunos y comidas / Deja Bus encarado para salir bien. GI-522, Km. 13, 17857 Sant Joan les Fonts, Girona www.guiacat.cat +34 972 29 20 61</description>
      
        
      <styleUrl>#icon-1577-795548</styleUrl>
      
        
      <Point>
        
          
        <coordinates>
            2.5270748,42.2133234,0
          </coordinates>
        
        
      </Point>
      
      
    </Placemark>
    <Placemark>
      
        
      <name>PARKING 🅿️ / Pozuelo de Alarcón (Madrid)</name>
      
        
      <description>Parking mixto al lado de TeleMadrid. Pozuelo de Alarcón. </description>
      
        
      <styleUrl>#icon-1644-0288D1</styleUrl>
      
        
      <Point>
        
          
        <coordinates>
            -3.7871619,40.397786,0
          </coordinates>
        
        
      </Point>
      
      
    </Placemark>
    <Placemark>
      
        
      <name>PARKING BUS ✅️ / Manresa (Barcelona)</name>
      
        
      <description>Parking Bus gratuito 2 plazas en línea en C/ de la Pau, Manresa.</description>
      
        
      <styleUrl>#icon-1532-7CB342</styleUrl>
      
        
      <Point>
        
          
        <coordinates>
            1.8379947,41.7419775,0
          </coordinates>
        
        
      </Point>
      
      
    </Placemark>
    <Placemark>
      
        
      <name>PARKING BUS ✅️ / Manresa (Barcelona)</name>
      
        
      <description><![CDATA[Parking Bus en Linea Gratuito/ NO aparcar en horario escolar . C / D'Amadeu Vives , Manresa]]></description>
      
        
      <styleUrl>#icon-1532-7CB342</styleUrl>
      
        
      <Point>
        
          
        <coordinates>
            1.8357675,41.7408713,0
          </coordinates>
        
        
      </Point>
      
      
    </Placemark>
    <Placemark>
      
        
      <name>PARKING BUS ✅️ / Barcena Mayor (Cantabria)</name>
      
        
      <description>Parking Bus gratuito (8 Plazas)</description>
      
        
      <styleUrl>#icon-1532-7CB342</styleUrl>
      
        
      <Point>
        
          
        <coordinates>
            -4.1957738,43.1460323,0
          </coordinates>
        
        
      </Point>
      
      
    </Placemark>
    <Placemark>
      
        
      <name>INFO PARKING POLÍGONO- FIESTA CALÇOTS / Valls (Tarragona)</name>
      
        
      <description>Recoges y dejas en la estación de autobuses, a la Hora que diga grupo, para no molestar a los compis ya que seremos muchos. APARCAS EN EL POLÍGONO </description>
      
        
      <styleUrl>#icon-1608-3949AB</styleUrl>
      
        
      <Point>
        
          
        <coordinates>
            1.256273,41.2846113,0
          </coordinates>
        
        
      </Point>
      
      
    </Placemark>
    <Placemark>
      
        
      <name>PARKING 🅿️ / Robledo de Chavela, (Madrid)</name>
      
        
      <description>Parking gratuito Tierra mixto. Al lado supermercado. Robledo de Chavela.</description>
      
        
      <styleUrl>#icon-1644-0288D1</styleUrl>
      
        
      <Point>
        
          
        <coordinates>
            -4.2356662,40.5032519,0
          </coordinates>
        
        
      </Point>
      
      
    </Placemark>
    <Placemark>
      
        
      <name>BASÍLICA Santo Cristo ⛪️ / Balaguer (Lérida)</name>
      
        
      <description>Parking Mixto gratuito para visita Basílica y Castillo Formós de Balaguer / Dejar Bus encarado para que no te dejen encerrado los domingueros.</description>
      
        
      <styleUrl>#icon-1670-E65100</styleUrl>
      
        
      <Point>
        
          
        <coordinates>
            0.8058641,41.7951765,0
          </coordinates>
        
        
      </Point>
      
      
    </Placemark>
    <Placemark>
      
        
      <name>PARKING BUS ✅️ / Manresa (Barcelona)</name>
      
        
      <description>2 PlaAs de parking Bus gratuitas en el Complejo Congost, Manresa.</description>
      
        
      <styleUrl>#icon-1532-7CB342</styleUrl>
      
        
      <Point>
        
          
        <coordinates>
            1.8105181,41.7260889,0
          </coordinates>
        
        
      </Point>
      
      
    </Placemark>
    <Placemark>
      
        
      <name>COLEGIO La Roureda 🚸 / Tordera (Barcelona)</name>
      
        
      <description>Puedes aparcar fuera de horario escolar/ Zona reservada para Colegio parking Bus en linea. Horario: 8,45h a 9,15h y 16,15h a 16,45h.</description>
      
        
      <styleUrl>#icon-1682-FFD600</styleUrl>
      
        
      <Point>
        
          
        <coordinates>
            2.7295637,41.7089869,0
          </coordinates>
        
        
      </Point>
      
      
    </Placemark>
    <Placemark>
      
        
      <name>PARKING 🅿️ / La Vajol (Girona)</name>
      
        
      <description>Parking Mixto gratuito asfaltado para la visita de La Vajol.</description>
      
        
      <styleUrl>#icon-1644-0288D1</styleUrl>
      
        
      <Point>
        
          
        <coordinates>
            2.8015175,42.4038476,0
          </coordinates>
        
        
      </Point>
      
      
    </Placemark>
    <Placemark>
      
        
      <name>PARKING BUS ✅️ / Madrid </name>
      
        
      <description>Parking Bus en Paseo de la Ciudad de Plasencia. Horario de 8h a 19h (MAX. 2horas)(Madrid)</description>
      
        
      <styleUrl>#icon-1532-7CB342</styleUrl>
      
        
      <Point>
        
          
        <coordinates>
            -3.7174468,40.4148675,0
          </coordinates>
        
        
      </Point>
      
      
    </Placemark>
    <Placemark>
      
        
      <name>PARKING BUS ✅️ / Casteil (FR)</name>
      
        
      <description>Parking Bus Gratuito / visita Casteil, Francia.</description>
      
        
      <styleUrl>#icon-1532-7CB342</styleUrl>
      
        
      <Point>
        
          
        <coordinates>
            2.3931873,42.5328373,0
          </coordinates>
        
        
      </Point>
      
      
    </Placemark>
    <Placemark>
      
        
      <name>PARKING BUS ✅️ / Oviedo </name>
      
        
      <description>Parking Bus Prerromanico,  gratuito plazas reservadas visitas Naranco.</description>
      
        
      <styleUrl>#icon-1532-7CB342</styleUrl>
      
        
      <Point>
        
          
        <coordinates>
            -5.8669297,43.3764738,0
          </coordinates>
        
        
      </Point>
      
      
    </Placemark>
    <Placemark>
      
        
      <name>PARKING 🅿️ / Valencia</name>
      
        
      <description>Parking libre de tierra. Se recomienda no dejarlo por la noche.</description>
      
        
      <styleUrl>#icon-1644-0288D1</styleUrl>
      
        
      <Point>
        
          
        <coordinates>
            -0.3362103,39.4499829,0
          </coordinates>
        
        
      </Point>
      
      
    </Placemark>
    <Placemark>
      
        
      <name>PARKING 🅿️ / Granollers (Barcelona)</name>
      
        
      <description>Parking Mixto camiones y autocares. Gratuito sin tiempo. Granollers.</description>
      
        
      <styleUrl>#icon-1644-0288D1</styleUrl>
      
        
      <Point>
        
          
        <coordinates>
            2.2751811,41.5921751,0
          </coordinates>
        
        
      </Point>
      
      
    </Placemark>
    <Placemark>
      
        
      <name>PARKING BUS ✅️ / Jávea (Alicante)</name>
      
        
      <description>Parking Bus gratuito 2 Plazas en Linea. Av/ de Augusta en Jávea.</description>
      
        
      <styleUrl>#icon-1532-7CB342</styleUrl>
      
        
      <Point>
        
          
        <coordinates>
            0.1785749,38.7889344,0
          </coordinates>
        
        
      </Point>
      
      
    </Placemark>
    <Placemark>
      
        
      <name>PARKING BUS ✅️ / Madrid </name>
      
        
      <description>Parking Bus Parque Juan Carlos I / Madrid </description>
      
        
      <styleUrl>#icon-1532-7CB342</styleUrl>
      
        
      <Point>
        
          
        <coordinates>
            -3.6071595,40.454419,0
          </coordinates>
        
        
      </Point>
      
      
    </Placemark>
    <Placemark>
      
        
      <name>PARKING 🅿️ / Monells (Girona)</name>
      
        
      <description>Parking Mixto gratuito de tierra. Déjalo encarado que no te dejen encerrado los iluminados</description>
      
        
      <styleUrl>#icon-1644-0288D1</styleUrl>
      
        
      <Point>
        
          
        <coordinates>
            3.00187,41.9756244,0
          </coordinates>
        
        
      </Point>
      
      
    </Placemark>
    <Placemark>
      
        
      <name>PARKING BUS ✅️ / Pas de la Casa (Andorra)</name>
      
        
      <description>Parking Bus delante centro Comercial Pyrénées Andorra</description>
      
        
      <styleUrl>#icon-1532-7CB342</styleUrl>
      
        
      <Point>
        
          
        <coordinates>
            1.7316358,42.5434605,0
          </coordinates>
        
        
      </Point>
      
      
    </Placemark>
    <Placemark>
      
        
      <name>PARKING BUS ✅️ / La Bisbal del Penedés (Barcelona)</name>
      
        
      <description>Parking Bus gratuito en Bateria en la Bisbal. Intentar no aparcar en Horario Escolar. Al lado Instituto Coster De La Torre.</description>
      
        
      <styleUrl>#icon-1532-7CB342</styleUrl>
      
        
      <Point>
        
          
        <coordinates>
            1.4893435,41.2759369,0
          </coordinates>
        
        
      </Point>
      
      
    </Placemark>
    <Placemark>
      
        
      <name>COLEGIO Angels Garriga 🚸 / El Vendrell (Tarragona)</name>
      
        
      <description>No aparques en horario Escolar / Parking Bus Colegios : Angels Garriga / Pau Casals / CEE Garbí / Baix Penedès.</description>
      
        
      <styleUrl>#icon-1682-FFD600</styleUrl>
      
        
      <Point>
        
          
        <coordinates>
            1.5240443,41.2141986,0
          </coordinates>
        
        
      </Point>
      
      
    </Placemark>
    <Placemark>
      
        
      <name>PARKING 🅿️ / Majaelrayo (Guadalajara)</name>
      
        
      <description>Parking afueras de Majaelrayo,si haces la espera no tienes nada, 10min. Andando al pueblo.</description>
      
        
      <styleUrl>#icon-1644-0288D1</styleUrl>
      
        
      <Point>
        
          
        <coordinates>
            -3.3037935,41.1086633,0
          </coordinates>
        
        
      </Point>
      
      
    </Placemark>
    <Placemark>
      
        
      <name>PARKING BUS ✅️ / Erandio (Bizkaia)</name>
      
        
      <description>Parking Bus Gratuito andenes reservados. Gratuito </description>
      
        
      <styleUrl>#icon-1532-7CB342</styleUrl>
      
        
      <Point>
        
          
        <coordinates>
            -2.9633981,43.3305922,0
          </coordinates>
        
        
      </Point>
      
      
    </Placemark>
    <Placemark>
      
        
      <name><![CDATA[PARKING 🅿️ / Boadella D'Empordá (Girona)]]></name>
      
        
      <description><![CDATA[Parking De tierra Mixto gratuito en Boadella D'Empordá ]]></description>
      
        
      <styleUrl>#icon-1644-0288D1</styleUrl>
      
        
      <Point>
        
          
        <coordinates>
            2.8577281,42.3317057,0
          </coordinates>
        
        
      </Point>
      
      
    </Placemark>
    <Placemark>
      
        
      <name>PARKING Pago💰 / Villafranche de Conflent (FR)</name>
      
        
      <description>Parking de Pago (Fechas del 16-03 al 31-10) fuwra de esta fecha gratuito / Villefranche-de-Conflent (FR)</description>
      
        
      <styleUrl>#icon-1513-1A237E</styleUrl>
      
        
      <Point>
        
          
        <coordinates>
            2.3701585,42.5903515,0
          </coordinates>
        
        
      </Point>
      
      
    </Placemark>
    <Placemark>
      
        
      <name>PARQUE Serralada Litoral 🚴 / Premià de Dalt (Barcelona)</name>
      
        
      <description>Parking para visitar el Parque Serralada Litoral / Hermita Sant Mateu. Dejalo que puedas salir por si te cierran los domingueros.</description>
      
        
      <styleUrl>#icon-1542-3949AB</styleUrl>
      
        
      <Point>
        
          
        <coordinates>
            2.3334543,41.5170995,0
          </coordinates>
        
        
      </Point>
      
      
    </Placemark>
    <Placemark>
      
        
      <name>PARKING BUS ✅️ / Porto Cristo (Islas Baleares)</name>
      
        
      <description>Parking Bus gratuito 6 plazas para visitar Centro turístico de Porto Cristo.</description>
      
        
      <styleUrl>#icon-1532-7CB342</styleUrl>
      
        
      <Point>
        
          
        <coordinates>
            3.3346145,39.5407248,0
          </coordinates>
        
        
      </Point>
      
      
    </Placemark>
    <Placemark>
      
        
      <name>PARKING 🅿️ / Manacor (Illes Balears)</name>
      
        
      <description>Parking Mixto de Tierra gratuito sin vigilancia.  Puedes hacer la espera no se recomienda dejarlo por la noche</description>
      
        
      <styleUrl>#icon-1644-0288D1</styleUrl>
      
        
      <Point>
        
          
        <coordinates>
            3.2180076,39.5728881,0
          </coordinates>
        
        
      </Point>
      
      
    </Placemark>
    <Placemark>
      
        
      <name>PARKING BUS ✅️ / Puerto de Alcúdia (Illes Balears)</name>
      
        
      <description><![CDATA[Parking Bus 1 Plaza / No aparcar en horario escolar Carretera D'Artà. Port d'Alcùdia]]></description>
      
        
      <styleUrl>#icon-1532-7CB342</styleUrl>
      
        
      <Point>
        
          
        <coordinates>
            3.122036,39.8400705,0
          </coordinates>
        
        
      </Point>
      
      
    </Placemark>
    <Placemark>
      
        
      <name>PARKING 🅿️ / Alcúdia (Illes Balears)</name>
      
        
      <description>Parking Mixto libre de tierra. Dejalo qué puedas salir en caso que se llene en épocas de verano</description>
      
        
      <styleUrl>#icon-1644-0288D1</styleUrl>
      
        
      <Point>
        
          
        <coordinates>
            3.1281256,39.8481712,0
          </coordinates>
        
        
      </Point>
      
      
    </Placemark>
    <Placemark>
      
        
      <name>PARKING BUS ✅️ / Alcúdia (Illes Balears</name>
      
        
      <description>Parking Bus Gratuito entre Pinos de tierra. JUsto al lado de la Muralla Renacentista de Alcúdia. </description>
      
        
      <styleUrl>#icon-1532-7CB342</styleUrl>
      
        
      <Point>
        
          
        <coordinates>
            3.1232002,39.855378,0
          </coordinates>
        
        
      </Point>
      
      
    </Placemark>
    <Placemark>
      
        
      <name>PARKING 🅿️ / Moncloa - Aravaca (Madrid)</name>
      
        
      <description>Parking para hacer la espera en Av/ de Valdemarín.</description>
      
        
      <styleUrl>#icon-1644-0288D1</styleUrl>
      
        
      <Point>
        
          
        <coordinates>
            -3.7752863,40.4705568,0
          </coordinates>
        
        
      </Point>
      
      
    </Placemark>
    <Placemark>
      
        
      <name>PARKING 🅿️ / Pedrezuela (Madrid)</name>
      
        
      <description>Parking Tierra Mixto gratuito afueras de la Población de Pedrezuela.</description>
      
        
      <styleUrl>#icon-1644-0288D1</styleUrl>
      
        
      <Point>
        
          
        <coordinates>
            -3.6064861,40.7426744,0
          </coordinates>
        
        
      </Point>
      
      
    </Placemark>
    <Placemark>
      
        
      <name>PARKING 🅿️ / Majadahonda (Madrid)</name>
      
        
      <description>Parking Camiones, aunque puedes aparcar si tienes sitio al lado Pistas de atletismo de Majadahonda. </description>
      
        
      <styleUrl>#line-0288D1-5723</styleUrl>
      
        
      <LineString>
        
          
        <tessellate>1</tessellate>
        
          
        <coordinates>
            -3.8825897,40.4744382,0
            -3.8825803,40.4761085,0
          </coordinates>
        
        
      </LineString>
      
      
    </Placemark>
    <Placemark>
      
        
      <name>PARKING 🅿️ / Majadahonda (Madrid)</name>
      
        
      <description>Zona reservada parking camiones. Se suele aparcar está al lado de las pistas de atletismo </description>
      
        
      <styleUrl>#icon-1644-0288D1</styleUrl>
      
        
      <Point>
        
          
        <coordinates>
            -3.8825598,40.4760272,0
          </coordinates>
        
        
      </Point>
      
      
    </Placemark>
    <Placemark>
      
        
      <name>GETAFE C.F ⚽️ / Getafe (Madrid)</name>
      
        
      <description>Parking Estadio Coliseum dem Getafe C.F</description>
      
        
      <styleUrl>#icon-1899-DB4436</styleUrl>
      
        
      <Point>
        
          
        <coordinates>
            -3.7168002,40.3268651,0
          </coordinates>
        
        
      </Point>
      
      
    </Placemark>
    <Placemark>
      
        
      <name>PARKING 🅿️ / Patones (Madrid)</name>
      
        
      <description>Parking visita Patones y para dejar senderistas (Senda Ecológica del Barranco) / NO subir a Patones de arriba!! (+10 Metros)  /  Difícil cambio sentido imposible entrar al pueblo.  GRACIAS Compañero Rubén!!👍🏻</description>
      
        
      <styleUrl>#icon-1644-0288D1</styleUrl>
      
        
      <Point>
        
          
        <coordinates>
            -3.4865173,40.8582838,0
          </coordinates>
        
        
      </Point>
      
      
    </Placemark>
    <Placemark>
      
        
      <name>INFO ⚠️ /  Patones de Arriba (Madrid)</name>
      
        
      <description>No subir a Patones de Arriba, (+ 10Metros) difícil cambio sentido IMPOSIBLE entrar al pueblo. Dejarlos en Parking indicado en ViaBus. INFO Gracias al Compañero Rubén. Gracias!!🖖🏻</description>
      
        
      <styleUrl>#icon-1608-3949AB</styleUrl>
      
        
      <Point>
        
          
        <coordinates>
            -3.4869527,40.8579454,0
          </coordinates>
        
        
      </Point>
      
      
    </Placemark>
    <Placemark>
      
        
      <name>PARKING BUS -Pass Z2  / Paris (FR)</name>
      
        
      <description>Parking Bus 3 Plazas  Bd de Ménilmontant  (Paris) (CHECPOINT)</description>
      
        
      <styleUrl>#icon-1513-1A237E</styleUrl>
      
        
      <Point>
        
          
        <coordinates>
            2.3888177,48.8603345,0
          </coordinates>
        
        
      </Point>
      
      
    </Placemark>
    <Placemark>
      
        
      <name>PARKING Índigo (Pago) 💰 / París (FR)</name>
      
        
      <description>Parking Indigo Paris Louvre 1 Av. du Général Lemonnier, 75001 Paris, Franciawww.indigoneo.fr +33 1 41 72 02 61</description>
      
        
      <styleUrl>#icon-1513-1A237E</styleUrl>
      
        
      <Point>
        
          
        <coordinates>
            2.3304578,48.8614572,0
          </coordinates>
        
        
      </Point>
      
      
    </Placemark>
    <Placemark>
      
        
      <name>PARKING 🅿️ / Santoña (Cantabria)</name>
      
        
      <description>Parking asfaltado Mixto afueras de Santoña al lado campo fútbol. </description>
      
        
      <styleUrl>#icon-1644-0288D1</styleUrl>
      
        
      <Point>
        
          
        <coordinates>
            -3.4573116,43.4496535,0
          </coordinates>
        
        
      </Point>
      
      
    </Placemark>
    <Placemark>
      
        
      <name>PK BUS Escolar ✅️ / (Teruel)</name>
      
        
      <description>Parking en Linea Reservado para Bus  Escolar/ No aparcar horario escolar. (LUNES A VIERNES 8H A 15H)</description>
      
        
      <styleUrl>#icon-1532-F9A825</styleUrl>
      
        
      <Point>
        
          
        <coordinates>
            -1.1106736,40.3507339,0
          </coordinates>
        
        
      </Point>
      
      
    </Placemark>
    <Placemark>
      
        
      <name>PARKING 🅿️ / Landete (Cuenca)</name>
      
        
      <description>Parking tierra al lado gasolinera para hacer la espera </description>
      
        
      <styleUrl>#icon-1644-0288D1</styleUrl>
      
        
      <Point>
        
          
        <coordinates>
            -1.3590118,39.902342,0
          </coordinates>
        
        
      </Point>
      
      
    </Placemark>
    <Placemark>
      
        
      <name>PARKING 🅿️ El Bosque Encantado / San Martín de Valdeiglesias (Madrid)</name>
      
        
      <description>Parking Mixto visita Bisque Encantado/  Sige las flechas de Jardín Botánico, Camino Marañones, 217, 28680 San Martín de Valdeiglesias, Madrid  www.bosqueencantado.net</description>
      
        
      <styleUrl>#icon-1644-0288D1</styleUrl>
      
        
      <Point>
        
          
        <coordinates>
            -4.4032403,40.3476182,0
          </coordinates>
        
        
      </Point>
      
      
    </Placemark>
    <Placemark>
      
        
      <name>PARKING BUS ✅️ / Florencia (IT)</name>
      
        
      <description>Parking Bus 30 Plazas en Florencia / Amplio gratuito. Zona deportiva</description>
      
        
      <styleUrl>#icon-1532-7CB342</styleUrl>
      
        
      <Point>
        
          
        <coordinates>
            11.2837342,43.7797043,0
          </coordinates>
        
        
      </Point>
      
      
    </Placemark>
    <Placemark>
      
        
      <name>La Rocina (Centro visitantes) 📷 / El Rocío (Huelva)</name>
      
        
      <description><![CDATA[Parking para visitar La Rocina / Carretera, A-483, Km. 27, 5, 21750 El Rocío, Huelva <br>www.juntadeandalucia.es <br>+34 677 15 98 40]]></description>
      
        
      <styleUrl>#icon-1535-757575</styleUrl>
      
        
      <Point>
        
          
        <coordinates>
            -6.4968504,37.123178,0
          </coordinates>
        
        
      </Point>
      
      
    </Placemark>
    <Placemark>
      
        
      <name>PARKING BUS Acebrón ✅️ / El Rocío (Huelva)</name>
      
        
      <description>Parking gratuito Palacio de Acebrón / Parque Nacional de Doñana, A-483, Km 27,5. 21730, 21730 El Rocío, Huelva www.juntadeandalucia.es +34 600 14 46 25</description>
      
        
      <styleUrl>#icon-1532-7CB342</styleUrl>
      
        
      <Point>
        
          
        <coordinates>
            -6.5453708,37.1418974,0
          </coordinates>
        
        
      </Point>
      
      
    </Placemark>
    <Placemark>
      
        
      <name>PARKING 🅿️ / Moguer (Huelva)</name>
      
        
      <description>Parking tierra afueras Moguer cerca zona deportiva y estación Autobuses. </description>
      
        
      <styleUrl>#icon-1644-0288D1</styleUrl>
      
        
      <Point>
        
          
        <coordinates>
            -6.8324927,37.2789234,0
          </coordinates>
        
        
      </Point>
      
      
    </Placemark>
    <Placemark>
      
        
      <name>PARKING BUS ✅️ / Matalascaña (Huelva)</name>
      
        
      <description>Parking Bus El Acebuche / Gratuito.Centro Administrativo El Acebuche Matalascañas, Huelva www.juntadeandalucia.es +34 959 43 96 27</description>
      
        
      <styleUrl>#icon-1532-7CB342</styleUrl>
      
        
      <Point>
        
          
        <coordinates>
            -6.5666815,37.0446186,0
          </coordinates>
        
        
      </Point>
      
      
    </Placemark>
    <Placemark>
      
        
      <name>PARQUE Ciudad de la Infancia 🎡 / Jerez de la Frontera (Cádiz)</name>
      
        
      <description><![CDATA[Parking reservado Bus, para visita a la Ciudad de la infancia. / Av. de Arcos, Jerez de la Frontera, Cádiz <br>www.ciudaddelainfancia.com <br>+34 645 20 84 29]]></description>
      
        
      <styleUrl>#icon-1502-C2185B</styleUrl>
      
        
      <Point>
        
          
        <coordinates>
            -6.1048075,36.6918656,0
          </coordinates>
        
        
      </Point>
      
      
    </Placemark>
    <Placemark>
      
        
      <name>PARKING 🅿️ / Madrid</name>
      
        
      <description>Zona de espera / Se puede aparcar por la noche, es zona Azul debajo A2 / si vas a Hotel Puerta América Este es el sitio más cercano para dejarlo.Av/ de Camilo José Cela</description>
      
        
      <styleUrl>#icon-1644-0288D1</styleUrl>
      
        
      <Point>
        
          
        <coordinates>
            -3.6665862,40.4416906,0
          </coordinates>
        
        
      </Point>
      
      
    </Placemark>
    <Placemark>
      
        
      <name>ESTACIÓN BUS 🚍 / Vigo</name>
      
        
      <description>Estación de autobuses de Vigo /Parking de Pago /  Praza Estación, 1, Santiago de Vigo, 36201 Vigo, Pontevedra www.estacionautobusesvigo.es +34 986 37 34 11 </description>
      
        
      <styleUrl>#icon-1532-0288D1</styleUrl>
      
        
      <Point>
        
          
        <coordinates>
            -8.7141143,42.2345722,0
          </coordinates>
        
        
      </Point>
      
      
    </Placemark>
    <Placemark>
      
        
      <name>Domaine Preissac 📷 / Castelmaurou (FR)</name>
      
        
      <description><![CDATA[Parking Gratuito Visita Domaine Preissac / 2 Rte du Clos du Loup, 31180 Castelmaurou, Francia<br>www.domainedepreissac.fr <br>+33 5 61 37 53 75]]></description>
      
        
      <styleUrl>#icon-1598-757575</styleUrl>
      
        
      <Point>
        
          
        <coordinates>
            1.5058793,43.6757485,0
          </coordinates>
        
        
      </Point>
      
      
    </Placemark>
    <Placemark>
      
        
      <name>PARKING (Pago)💰  / Madrid</name>
      
        
      <description>Av. Villa de Vallecas, Vallecas, 28053 Madrid. 1Hora 1,80€ / 9h 16,20€</description>
      
        
      <styleUrl>#icon-1513-1A237E</styleUrl>
      
        
      <Point>
        
          
        <coordinates>
            -3.6562038,40.3657675,0
          </coordinates>
        
        
      </Point>
      
      
    </Placemark>
    <Placemark>
      
        
      <name>MUSEO Airbus 🏛️/ Blagnac (FR)</name>
      
        
      <description><![CDATA[Parking Bus Visita Museo All. André Turcat, 31700 Blagnac, Francia <br>www.manatour.fr <br>+33 5 34 39 42 00]]></description>
      
        
      <styleUrl>#icon-1636-A52714</styleUrl>
      
        
      <Point>
        
          
        <coordinates>
            1.3589945,43.6591644,0
          </coordinates>
        
        
      </Point>
      
      
    </Placemark>
    <Placemark>
      
        
      <name>ACUARIO de Lyon ✅ / Lyon (FR)</name>
      
        
      <description>Parking Bus Sin tiempo en linea 4 Plazas gratuito Visita Acuario de Lyon./  PL. Général Leclerc</description>
      
        
      <styleUrl>#icon-1532-7CB342</styleUrl>
      
        
      <Point>
        
          
        <coordinates>
            4.8158194,45.7288511,0
          </coordinates>
        
        
      </Point>
      
      
    </Placemark>
    <Placemark>
      
        
      <name>PARKING BUS ✅/ Milán (IT)</name>
      
        
      <description>3 Plazas de Bus Gratuito / En Via Giovanni L´orenzini</description>
      
        
      <styleUrl>#icon-1532-7CB342</styleUrl>
      
        
      <Point>
        
          
        <coordinates>
            9.204846,45.4444683,0
          </coordinates>
        
        
      </Point>
      
      
    </Placemark>
    <Placemark>
      
        
      <name>PARKING BUS ✅/ Milán (IT)</name>
      
        
      <description>Parking Bus 10 Plazas en linea / en Via Achille de Milán </description>
      
        
      <styleUrl>#icon-1532-7CB342</styleUrl>
      
        
      <Point>
        
          
        <coordinates>
            9.1225455,45.4804201,0
          </coordinates>
        
        
      </Point>
      
      
    </Placemark>
    <Placemark>
      
        
      <name>PARKING BUS ✅/ Milán (IT)</name>
      
        
      <description>Parking Bus Gratuito en Via Predil / Milán (It).</description>
      
        
      <styleUrl>#icon-1532-7CB342</styleUrl>
      
        
      <Point>
        
          
        <coordinates>
            9.2384474,45.485065,0
          </coordinates>
        
        
      </Point>
      
      
    </Placemark>
    <Placemark>
      
        
      <name>PARKING BUS ✅ / Gallipoli (IT)</name>
      
        
      <description>Parking en Gallipoli 3 Plazas/  Gallipoli - Corso Italia 2b (Cimitero</description>
      
        
      <styleUrl>#icon-1532-7CB342</styleUrl>
      
        
      <Point>
        
          
        <coordinates>
            17.9966868,40.0549941,0
          </coordinates>
        
        
      </Point>
      
      
    </Placemark>
    <Placemark>
      
        
      <name>PARKING BUS ✅ / Gallipoli (it)</name>
      
        
      <description>Parking Bus 5 Plazas / en Puerto de Gallipoli LE, Italia</description>
      
        
      <styleUrl>#icon-1532-7CB342</styleUrl>
      
        
      <Point>
        
          
        <coordinates>
            17.9762683,40.057734,0
          </coordinates>
        
        
      </Point>
      
      
    </Placemark>
    <Placemark>
      
        
      <name>PARKING BUS ✅/ Monchique (PO)</name>
      
        
      <description>Parking Bus Gratuito / 3 Plazas / Cerca de oficina  información y turismo / R. da Estrada Velha en  Monchique, Portugal</description>
      
        
      <styleUrl>#icon-1532-7CB342</styleUrl>
      
        
      <Point>
        
          
        <coordinates>
            -8.5553025,37.3161909,0
          </coordinates>
        
        
      </Point>
      
      
    </Placemark>
    <Placemark>
      
        
      <name>PARKING (Pago)💰 Centro del Transporte / Gijón</name>
      
        
      <description>Parking de Pago Junro camiones. Av/ del Transporte. Muy a las afueras de Gijón.+34 985 30 03 64</description>
      
        
      <styleUrl>#icon-1513-1A237E</styleUrl>
      
        
      <Point>
        
          
        <coordinates>
            -5.7046511,43.5308024,0
          </coordinates>
        
        
      </Point>
      
      
    </Placemark>
    <Placemark>
      
        
      <name>PORTA TRAPANI📷  / Erice (IT)</name>
      
        
      <description><![CDATA[Parking pequeño para visita Porta Trapani en Erice / Gratuito  2 Plazas / Piazza Porta Trapani, 91016 Erice TP, Italia <br>www.comune.erice.tp.it  <br>+39 0923 502111 ]]></description>
      
        
      <styleUrl>#icon-1535-757575</styleUrl>
      
        
      <Point>
        
          
        <coordinates>
            12.5829052,38.0362967,0
          </coordinates>
        
        
      </Point>
      
      
    </Placemark>
    <Placemark>
      
        
      <name>PARKING 🅿️ / Laxe (A Coruña)</name>
      
        
      <description>Parking afueras población NO aparcar los Viernes</description>
      
        
      <styleUrl>#icon-1644-0288D1</styleUrl>
      
        
      <Point>
        
          
        <coordinates>
            -9.0028066,43.215847,0
          </coordinates>
        
        
      </Point>
      
      
    </Placemark>
    <Placemark>
      
        
      <name>PARKING 🅿️ / Tarento (IT)</name>
      
        
      <description>Parking en Puerto  de Tarento</description>
      
        
      <styleUrl>#icon-1644-0288D1</styleUrl>
      
        
      <Point>
        
          
        <coordinates>
            17.2237843,40.4815519,0
          </coordinates>
        
        
      </Point>
      
      
    </Placemark>
    <Placemark>
      
        
      <name>PARKING BUS (Checpoint) 💰 /  Lecce (IT)</name>
      
        
      <description><![CDATA[Parking Bus Checpoint 25 Plazas / Viale Porta d'Europa, 73100 Lecce LE, Italia]]></description>
      
        
      <styleUrl>#icon-1513-1A237E</styleUrl>
      
        
      <Point>
        
          
        <coordinates>
            18.1684345,40.3630821,0
          </coordinates>
        
        
      </Point>
      
      
    </Placemark>
    <Placemark>
      
        
      <name>PARKING BUS ✅️ / Trujillo (Cáceres)</name>
      
        
      <description>Parking Bus y Camiones C. Cordel de Sta. Catalina, 14, 10200 Trujillo, Cáceres</description>
      
        
      <styleUrl>#icon-1532-7CB342</styleUrl>
      
        
      <Point>
        
          
        <coordinates>
            -5.8717122,39.4588299,0
          </coordinates>
        
        
      </Point>
      
      
    </Placemark>
    <Placemark>
      
        
      <name>PARKING 🅿️/ Monchique (PO)</name>
      
        
      <description>Parking Mixto de tierra dejalo encarado en temporadas altas para que no te dejen encerrado. También puedes dejarlo al lado de la pista </description>
      
        
      <styleUrl>#icon-1644-0288D1</styleUrl>
      
        
      <Point>
        
          
        <coordinates>
            -8.5523273,37.3187702,0
          </coordinates>
        
        
      </Point>
      
      
    </Placemark>
    <Placemark>
      
        
      <name>PARKING BUS ✅/ Mirador da Fóia Monchique (PO)</name>
      
        
      <description>Parking Bus gratuito / 2 Plazas / Mirador da Fóia / Monchique, Portugal</description>
      
        
      <styleUrl>#icon-1532-7CB342</styleUrl>
      
        
      <Point>
        
          
        <coordinates>
            -8.5921917,37.3163316,0
          </coordinates>
        
        
      </Point>
      
      
    </Placemark>
    <Placemark>
      
        
      <name>PARKING BUS ✅/ Mirador da Fóia Monchique (PO)</name>
      
        
      <description>Parking Bus gratuito / 5 Plazas  Mirador da Fóia / Monchique, Portugal</description>
      
        
      <styleUrl>#icon-1532-7CB342</styleUrl>
      
        
      <Point>
        
          
        <coordinates>
            -8.5926437,37.3164553,0
          </coordinates>
        
        
      </Point>
      
      
    </Placemark>
    <Placemark>
      
        
      <name>PARKING BUS ✅ / Faro (PO)</name>
      
        
      <description>Parking Bus gratuito / Teatro da Figuras / Faro (Po)</description>
      
        
      <styleUrl>#icon-1532-7CB342</styleUrl>
      
        
      <Point>
        
          
        <coordinates>
            -7.9458049,37.0256816,0
          </coordinates>
        
        
      </Point>
      
      
    </Placemark>
    <Placemark>
      
        
      <name>PARKING 🅿️ / Albufeira (PO)</name>
      
        
      <description>Parking de tierra mixto. Para hacer la espera de visita a la población de Albufeira.</description>
      
        
      <styleUrl>#icon-1644-0288D1</styleUrl>
      
        
      <Point>
        
          
        <coordinates>
            -8.2326485,37.0976711,0
          </coordinates>
        
        
      </Point>
      
      
    </Placemark>
    <Placemark>
      
        
      <name>PARKING 🅿️ /Albufeira (PO)</name>
      
        
      <description>Parking Mixto en/  R. Da Correeira de Albufeira.</description>
      
        
      <styleUrl>#icon-1644-0288D1</styleUrl>
      
        
      <Point>
        
          
        <coordinates>
            -8.2379926,37.0980644,0
          </coordinates>
        
        
      </Point>
      
      
    </Placemark>
    <Placemark>
      
        
      <name>PARKING 🅿️ /Albufeira (PO)</name>
      
        
      <description>Parking eb zona deportiva puedes aparcar por la zona alrededor donde veas sitio y no molestes.</description>
      
        
      <styleUrl>#icon-1644-0288D1</styleUrl>
      
        
      <Point>
        
          
        <coordinates>
            -8.2410011,37.0978639,0
          </coordinates>
        
        
      </Point>
      
      
    </Placemark>
    <Placemark>
      
        
      <name>PARKING 🅿️ / Albufeira (PO)</name>
      
        
      <description>Parking donde puedes hacer la espera  no tienes nada alrededor</description>
      
        
      <styleUrl>#icon-1644-0288D1</styleUrl>
      
        
      <Point>
        
          
        <coordinates>
            -8.273991,37.0828184,0
          </coordinates>
        
        
      </Point>
      
      
    </Placemark>
    <Placemark>
      
        
      <name>PARKING BUS ✅ / Lagos (PO)</name>
      
        
      <description>Parking bus gratuito 2 Plazas </description>
      
        
      <styleUrl>#icon-1532-7CB342</styleUrl>
      
        
      <Point>
        
          
        <coordinates>
            -8.6704205,37.095385,0
          </coordinates>
        
        
      </Point>
      
      
    </Placemark>
    <Placemark>
      
        
      <name>PARKING 🅿️/ Carcavelos (PO)</name>
      
        
      <description>Parking de tierra Mixto en Carcavelos, Portugal</description>
      
        
      <styleUrl>#icon-1644-0288D1</styleUrl>
      
        
      <Point>
        
          
        <coordinates>
            -9.3383738,38.6831339,0
          </coordinates>
        
        
      </Point>
      
      
    </Placemark>
    <Placemark>
      
        
      <name>IES Xarc 🚸 / Santa Eulàlia (Illes Balears</name>
      
        
      <description>3 Plazas de Parking reservadas para Instituto, NO usar en horario escolar. C/ Marià Villangómez en Sta Eulàlia / Illes Balears.</description>
      
        
      <styleUrl>#icon-1682-FFD600</styleUrl>
      
        
      <Point>
        
          
        <coordinates>
            1.5427604,38.9886801,0
          </coordinates>
        
        
      </Point>
      
      
    </Placemark>
    <Placemark>
      
        
      <name>PARKING BUS 💰 / Benidorm (Alicante)</name>
      
        
      <description><![CDATA[Parking de Pago / Partida l' Assagador de la Barrinada, 15, 03503 Benidorm, Alicante  <br>www.parkingbusbenidorm.com <br>+34 656 19 28 07]]></description>
      
        
      <styleUrl>#icon-1513-1A237E</styleUrl>
      
        
      <Point>
        
          
        <coordinates>
            -0.0908623,38.5648452,0
          </coordinates>
        
        
      </Point>
      
      
    </Placemark>
    <Placemark>
      
        
      <name>HOTEL Balneario Hervideros de Cofrentes ⛲ / Cofrentes (Valencia)</name>
      
        
      <description>Parking Bus Balneario. (Se recomienda subir la suspensión) // GRACIAS Compañero Ruben por la indicación.</description>
      
        
      <styleUrl>#icon-1697-9C27B0</styleUrl>
      
        
      <Point>
        
          
        <coordinates>
            -1.0880803,39.2348835,0
          </coordinates>
        
        
      </Point>
      
      
    </Placemark>
    <Placemark>
      
        
      <name>Parking Bus EMBARCADERO Júcar ⛴️  / Cofrentes (Valencia)</name>
      
        
      <description><![CDATA[Carretera con muchas curvas y estrecha. Mucho cuidado y paciencia Compañer@s. / Embarcadero Júcar, 46625 Cofrentes, Valencia <br>www.suaventura.com <br>+34 961 89 47 27]]></description>
      
        
      <styleUrl>#icon-1532-7CB342</styleUrl>
      
        
      <Point>
        
          
        <coordinates>
            -1.0333127,39.2414882,0
          </coordinates>
        
        
      </Point>
      
      
    </Placemark>
    <Placemark>
      
        
      <name>PARKING BUS (Pago) 💰/ Dublin (IR)</name>
      
        
      <description>Parking de pago (MAX 2 Horas) 1Plaza en Herbert Road. Dublin.(Irlanda)</description>
      
        
      <styleUrl>#icon-1513-1A237E</styleUrl>
      
        
      <Point>
        
          
        <coordinates>
            -6.2238812,53.3335121,0
          </coordinates>
        
        
      </Point>
      
      
    </Placemark>
    <Placemark>
      
        
      <name>PARKING BUS (Pago) 💰/ Dublin (IR)</name>
      
        
      <description>Parking de pago 1 Plaza (MAX 2 Horas) Precio 9€ la Hora en Burlington Rd / Dublin (Irlanda)</description>
      
        
      <styleUrl>#icon-1513-1A237E</styleUrl>
      
        
      <Point>
        
          
        <coordinates>
            -6.2471831,53.3332761,0
          </coordinates>
        
        
      </Point>
      
      
    </Placemark>
    <Placemark>
      
        
      <name>PARKING BUS (Pago)💰/  Dublin (IR)</name>
      
        
      <description>Plazas reservadas para Bus en Merrion Square Park (MAX 2Horas) Precio 9€/Hora en Dublin (Irlanda)</description>
      
        
      <styleUrl>#icon-1513-1A237E</styleUrl>
      
        
      <Point>
        
          
        <coordinates>
            -6.2494037,53.3388884,0
          </coordinates>
        
        
      </Point>
      
      
    </Placemark>
    <Placemark>
      
        
      <name>PARKING BUS ✅️ / Ennis (IR)</name>
      
        
      <description>Parking Bus gratuito / 8 Plazas / Lavabo. Ennis Irlanda. </description>
      
        
      <styleUrl>#icon-1532-7CB342</styleUrl>
      
        
      <Point>
        
          
        <coordinates>
            -8.9789551,52.8438547,0
          </coordinates>
        
        
      </Point>
      
      
    </Placemark>
    <Placemark>
      
        
      <name>PARKING BUS ✅️ /Bunratty (IR)</name>
      
        
      <description>Parking Bus  10 Plazas / Bunratty, Irlanda.</description>
      
        
      <styleUrl>#icon-1532-7CB342</styleUrl>
      
        
      <Point>
        
          
        <coordinates>
            -8.8108157,52.6985957,0
          </coordinates>
        
        
      </Point>
      
      
    </Placemark>
    <Placemark>
      
        
      <name>PARKING BUS ✅/ Cobh (IR)</name>
      
        
      <description>Parking Bus 1 PLaza / Westbourne Pl / Cobh. Irlanda</description>
      
        
      <styleUrl>#icon-1532-7CB342</styleUrl>
      
        
      <Point>
        
          
        <coordinates>
            -8.2975624,51.8493067,0
          </coordinates>
        
        
      </Point>
      
      
    </Placemark>
    <Placemark>
      
        
      <name>PARKING BUS ✅/ Cobh (IR)</name>
      
        
      <description>Parking Bus 5 PLazas / Sin tiempo / Westbourne Pl / Cobh. Irlanda</description>
      
        
      <styleUrl>#icon-1532-7CB342</styleUrl>
      
        
      <Point>
        
          
        <coordinates>
            -8.2991994,51.8490409,0
          </coordinates>
        
        
      </Point>
      
      
    </Placemark>
    <Placemark>
      
        
      <name>PARKING BUS ✅ / Cork (IR)</name>
      
        
      <description>Parking Bus gratuito 3 Plazas en Alfred St / Cork (Irlanda)</description>
      
        
      <styleUrl>#icon-1532-7CB342</styleUrl>
      
        
      <Point>
        
          
        <coordinates>
            -8.4634801,51.901258,0
          </coordinates>
        
        
      </Point>
      
      
    </Placemark>
    <Placemark>
      
        
      <name>PARKING BUS ✅ / Cork (IR)</name>
      
        
      <description>Parking Bus gratuito 2 Plazas en Alfred St / Cork (Irlanda)</description>
      
        
      <styleUrl>#icon-1532-7CB342</styleUrl>
      
        
      <Point>
        
          
        <coordinates>
            -8.4648585,51.9012999,0
          </coordinates>
        
        
      </Point>
      
      
    </Placemark>
    <Placemark>
      
        
      <name>MUSEO Cork City Gaol / Radio Museum🏛️  / parking Bus / Cork, Irlanda</name>
      
        
      <description>Museos Cork City Gaol y Radio Reservado Bus 1 Plaza  / Convent Ave./  Cork (Irlanda).</description>
      
        
      <styleUrl>#icon-1636-A52714</styleUrl>
      
        
      <Point>
        
          
        <coordinates>
            -8.498975,51.8988566,0
          </coordinates>
        
        
      </Point>
      
      
    </Placemark>
    <Placemark>
      
        
      <name>PARKING BUS ✅ / Blarney (IR)</name>
      
        
      <description><![CDATA[Parking Bus Gratuito sin tiempo 13 Plazas/  / Visitas Blarney Castle & Gardens]]></description>
      
        
      <styleUrl>#icon-1532-7CB342</styleUrl>
      
        
      <Point>
        
          
        <coordinates>
            -8.5697839,51.9323816,0
          </coordinates>
        
        
      </Point>
      
      
    </Placemark>
    <Placemark>
      
        
      <name>PARKING BUS ✅ / Limerick (IR)</name>
      
        
      <description>Parking Bus (MAX 1Hora ) 1 Plaza / C/ Barrington . Limerick (Irlanda)</description>
      
        
      <styleUrl>#icon-1532-7CB342</styleUrl>
      
        
      <Point>
        
          
        <coordinates>
            -8.6301687,52.6580708,0
          </coordinates>
        
        
      </Point>
      
      
    </Placemark>
    <Placemark>
      
        
      <name>PARKING BUS ✅ / Limerick (IR)</name>
      
        
      <description>Parking Bus 3 Plazas Gratuito sin tiempo / Upper Mallow St / Limerick (Irlanda)</description>
      
        
      <styleUrl>#icon-1532-7CB342</styleUrl>
      
        
      <Point>
        
          
        <coordinates>
            -8.6271288,52.65882,0
          </coordinates>
        
        
      </Point>
      
      
    </Placemark>
    <Placemark>
      
        
      <name>PARKING BUS ✅ / Limerick (IR)</name>
      
        
      <description>Parking Bus 2 Plazas (Max 1h) / The Bishops Quay en Limerick (Irlanda)</description>
      
        
      <styleUrl>#icon-1532-7CB342</styleUrl>
      
        
      <Point>
        
          
        <coordinates>
            -8.6321465,52.6621515,0
          </coordinates>
        
        
      </Point>
      
      
    </Placemark>
    <Placemark>
      
        
      <name>PARKING BUS ✅ / Limerick (IR)</name>
      
        
      <description>Parking Bus 1 Plaza (Max 1h) / Sarsfield Bridge  en Limerick (Irlanda)</description>
      
        
      <styleUrl>#icon-1532-7CB342</styleUrl>
      
        
      <Point>
        
          
        <coordinates>
            -8.6289625,52.6646344,0
          </coordinates>
        
        
      </Point>
      
      
    </Placemark>
    <Placemark>
      
        
      <name>PARKING BUS ✅ / Limerick (IR)</name>
      
        
      <description>Parking Bus 1 Plaza / Clancy´s Strand  en Limerick (Irlanda)</description>
      
        
      <styleUrl>#icon-1532-7CB342</styleUrl>
      
        
      <Point>
        
          
        <coordinates>
            -8.6307515,52.6661252,0
          </coordinates>
        
        
      </Point>
      
      
    </Placemark>
    <Placemark>
      
        
      <name>PARKING BUS ✅ / Limerick (IR)</name>
      
        
      <description>Parking Bus 1 Plaza / (1Hora) Clancy´s Strand en Limerick (Irlanda)</description>
      
        
      <styleUrl>#icon-1532-7CB342</styleUrl>
      
        
      <Point>
        
          
        <coordinates>
            -8.628482,52.6672926,0
          </coordinates>
        
        
      </Point>
      
      
    </Placemark>
    <Placemark>
      
        
      <name>PARKING BUS ✅ / Limerick (IR)</name>
      
        
      <description>Parking Bus 2 Plazas /  En Clancy´s Stand / Limericck (Irlanda)</description>
      
        
      <styleUrl>#icon-1532-7CB342</styleUrl>
      
        
      <Point>
        
          
        <coordinates>
            -8.6280733,52.6694869,0
          </coordinates>
        
        
      </Point>
      
      
    </Placemark>
    <Placemark>
      
        
      <name>PARKING BUS ✅ / Limerick (IR)</name>
      
        
      <description>Parking Bus 1 Plaza / En Clancy´s Stand / Limericck (Irlanda)</description>
      
        
      <styleUrl>#icon-1532-7CB342</styleUrl>
      
        
      <Point>
        
          
        <coordinates>
            -8.6283187,52.6697764,0
          </coordinates>
        
        
      </Point>
      
      
    </Placemark>
    <Placemark>
      
        
      <name>PARKING BUS ✅ / Limerick (IR)</name>
      
        
      <description>Parking Bus 3 Plazas / En Castle St /  (1Hora) Limericck (Irlanda)</description>
      
        
      <styleUrl>#icon-1532-7CB342</styleUrl>
      
        
      <Point>
        
          
        <coordinates>
            -8.624707,52.6705142,0
          </coordinates>
        
        
      </Point>
      
      
    </Placemark>
    <Placemark>
      
        
      <name>PARKING BUS ✅ / Limerick (IR)</name>
      
        
      <description>Parking Bus 1 Plaza (1Hora) Bank Pl / Limerick (Irlanda)</description>
      
        
      <styleUrl>#icon-1532-7CB342</styleUrl>
      
        
      <Point>
        
          
        <coordinates>
            -8.6230488,52.6665176,0
          </coordinates>
        
        
      </Point>
      
      
    </Placemark>
    <Placemark>
      
        
      <name>PARKING BUS ✅ / Limerick (IR)</name>
      
        
      <description>Parking Bus 6 Plazas Max 6 Plazas (Max 1Hora) / Limerick (IR)</description>
      
        
      <styleUrl>#icon-1532-7CB342</styleUrl>
      
        
      <Point>
        
          
        <coordinates>
            -8.6240192,52.6674726,0
          </coordinates>
        
        
      </Point>
      
      
    </Placemark>
    <Placemark>
      
        
      <name>PARKING BUS ✅ / Limerick (IR)</name>
      
        
      <description>Parking Bus en Ballynanty Rd en Limerick (Irlanda)</description>
      
        
      <styleUrl>#icon-1532-7CB342</styleUrl>
      
        
      <Point>
        
          
        <coordinates>
            -8.639643,52.6753659,0
          </coordinates>
        
        
      </Point>
      
      
    </Placemark>
    <Placemark>
      
        
      <name>PARKING BUS ✅ / Limerick (IR)
</name>
      
        
      <description>Parking Bus 3 Plazas ( MAX 1h) NO APARCAR HORARIO ESCOLAR /  Old Cratloe RD / en Limerick (Irlanda)</description>
      
        
      <styleUrl>#icon-1532-7CB342</styleUrl>
      
        
      <Point>
        
          
        <coordinates>
            -8.6492513,52.6743286,0
          </coordinates>
        
        
      </Point>
      
      
    </Placemark>
    <Placemark>
      
        
      <name>PARKING BUS ✅/ Tullamore (IR)</name>
      
        
      <description>Parking Bus 2 Plazas /  St. Kyran´s  St. Tullamore (Irlanda)</description>
      
        
      <styleUrl>#icon-1532-7CB342</styleUrl>
      
        
      <Point>
        
          
        <coordinates>
            -7.4944287,53.2775654,0
          </coordinates>
        
        
      </Point>
      
      
    </Placemark>
    <Placemark>
      
        
      <name>PARKING BUS ✅/ Strandhill (IR)</name>
      
        
      <description>Parking Bus Gratuito 2 Plazas / Strandhill (Irlanda)</description>
      
        
      <styleUrl>#icon-1532-7CB342</styleUrl>
      
        
      <Point>
        
          
        <coordinates>
            -8.6056631,54.2701141,0
          </coordinates>
        
        
      </Point>
      
      
    </Placemark>
    <Placemark>
      
        
      <name>HOTEL Saga 🛏 / Manzanares ( Ciudad Real)</name>
      
        
      <description>Aceptan Grupos / Buena comida y buen trato / Parking delante Hotel /  A-4 Km 170 salida 171, 13200 Manzanares, Ciudad Real www.hotelsaga.com +34 926 61 11 11</description>
      
        
      <styleUrl>#icon-1602-9C27B0</styleUrl>
      
        
      <Point>
        
          
        <coordinates>
            -3.3740519,39.0193218,0
          </coordinates>
        
        
      </Point>
      
      
    </Placemark>
    <Placemark>
      
        
      <name>PARKING BUS (Pago) 💰 / Cashel (IR)</name>
      
        
      <description>Parking de Pago / 10 Plazas en Rock Ln - Cashel (Irlanda)</description>
      
        
      <styleUrl>#icon-1513-1A237E</styleUrl>
      
        
      <Point>
        
          
        <coordinates>
            -7.8879688,52.5203578,0
          </coordinates>
        
        
      </Point>
      
      
    </Placemark>
    <Placemark>
      
        
      <name>PARKING BUS (Pago) 💰 / Cahir (IR)</name>
      
        
      <description>Parking de Pago 6 Plazas/ Lavabos en Castle St Cahir (Irlanda)</description>
      
        
      <styleUrl>#icon-1513-1A237E</styleUrl>
      
        
      <Point>
        
          
        <coordinates>
            -7.9259239,52.3742441,0
          </coordinates>
        
        
      </Point>
      
      
    </Placemark>
    <Placemark>
      
        
      <name>PARKING BUS ✅️ / Bantry (IR)</name>
      
        
      <description>Parking Bus gratuito/ 5 Plazas en Harbour Road de Bantry (Irlanda)</description>
      
        
      <styleUrl>#icon-1532-7CB342</styleUrl>
      
        
      <Point>
        
          
        <coordinates>
            -9.4545587,51.6811754,0
          </coordinates>
        
        
      </Point>
      
      
    </Placemark>
    <Placemark>
      
        
      <name>PARKING BUS (Pago) 💰 / Londonderry (Reino Unido)</name>
      
        
      <description>Parking de Pago Londonderry / Reino Unido</description>
      
        
      <styleUrl>#icon-1513-1A237E</styleUrl>
      
        
      <Point>
        
          
        <coordinates>
            -7.3175515,54.9965319,0
          </coordinates>
        
        
      </Point>
      
      
    </Placemark>
    <Placemark>
      
        
      <name>PARKING BUS (Pago) 💰 / Wexford (IR)</name>
      
        
      <description>Parking Bus en Linea de pago / 3 Plazas  / en Redmond Rd / Wexford (Irlanda)</description>
      
        
      <styleUrl>#icon-1513-1A237E</styleUrl>
      
        
      <Point>
        
          
        <coordinates>
            -6.4690399,52.3445263,0
          </coordinates>
        
        
      </Point>
      
      
    </Placemark>
    <Placemark>
      
        
      <name>PARKING BUS ✅ / Trim (IR)</name>
      
        
      <description>Parking Bus Gratuito 5 Plazas / Finnegan´s Way en Trim (Irlanda)</description>
      
        
      <styleUrl>#icon-1532-7CB342</styleUrl>
      
        
      <Point>
        
          
        <coordinates>
            -6.7919276,53.5539542,0
          </coordinates>
        
        
      </Point>
      
      
    </Placemark>
    <Placemark>
      
        
      <name>PARKING 🅿️ / Bushmills (Reino Unido)</name>
      
        
      <description>Parking Gratuito Mixto en Bushmills (Reino Unido)</description>
      
        
      <styleUrl>#icon-1644-0288D1</styleUrl>
      
        
      <Point>
        
          
        <coordinates>
            -6.5210222,55.2014193,0
          </coordinates>
        
        
      </Point>
      
      
    </Placemark>
    <Placemark>
      
        
      <name>PARKING BUS ✅ / Bushmills (Reino Unido)</name>
      
        
      <description>Parking Bus gratuito 8 Plazas  / Bushmills  (Reino Unido)</description>
      
        
      <styleUrl>#icon-1532-7CB342</styleUrl>
      
        
      <Point>
        
          
        <coordinates>
            -6.5231393,55.2075703,0
          </coordinates>
        
        
      </Point>
      
      
    </Placemark>
    <Placemark>
      
        
      <name>PARKING BUS ✅/ Bushmills (Reino Unido)</name>
      
        
      <description>Parking Bus Gratuito 6 Plazas / En Giants Causeway de Bushmills (Reino Unido)</description>
      
        
      <styleUrl>#icon-1532-7CB342</styleUrl>
      
        
      <Point>
        
          
        <coordinates>
            -6.5185063,55.2335024,0
          </coordinates>
        
        
      </Point>
      
      
    </Placemark>
    <Placemark>
      
        
      <name>PARKING BUS ✅ / Rossaveel (IR)</name>
      
        
      <description>Parking Bus gratuito 3 Plazas /  en Puerto de Rossaveel (Irlanda)</description>
      
        
      <styleUrl>#icon-1532-7CB342</styleUrl>
      
        
      <Point>
        
          
        <coordinates>
            -9.5639813,53.2662118,0
          </coordinates>
        
        
      </Point>
      
      
    </Placemark>
    <Placemark>
      
        
      <name>PARKING BUS ✅ / Lettershea (IR)</name>
      
        
      <description><![CDATA[Parking Visitas  Lettershea, Clifden, Co. Galway, Irlanda<br>www.connemaraheritage.com<br>+353 95 21246]]></description>
      
        
      <styleUrl>#icon-1532-7CB342</styleUrl>
      
        
      <Point>
        
          
        <coordinates>
            -9.9121826,53.4790966,0
          </coordinates>
        
        
      </Point>
      
      
    </Placemark>
    <Placemark>
      
        
      <name>PARKING BUS ✅ / Clifden (IR)</name>
      
        
      <description>Parking Bus grtauito visita Clifden / 6 Plazas / Lavabos / en Galway Rd,  Clifdem (Irlanda)</description>
      
        
      <styleUrl>#icon-1532-7CB342</styleUrl>
      
        
      <Point>
        
          
        <coordinates>
            -10.0179248,53.4892652,0
          </coordinates>
        
        
      </Point>
      
      
    </Placemark>
    <Placemark>
      
        
      <name>Connemara National Park Visitor Centre 📷 / Letterfrack (IR)</name>
      
        
      <description><![CDATA[Parking bus Visita a  Connemara National Park / Letterfrack, Co. Galway, Irlanda <br>www.connemaranationalpark.ie <br>+353 95 41054]]></description>
      
        
      <styleUrl>#icon-1535-757575</styleUrl>
      
        
      <Point>
        
          
        <coordinates>
            -9.9461021,53.5505196,0
          </coordinates>
        
        
      </Point>
      
      
    </Placemark>
    <Placemark>
      
        
      <name>PARKING BUS ✅ / Kylemore (IR)</name>
      
        
      <description>Parking Bus gratuito  20 Plazas / Lavabos . Kylemore (Irlanda)</description>
      
        
      <styleUrl>#icon-1532-7CB342</styleUrl>
      
        
      <Point>
        
          
        <coordinates>
            -9.8905467,53.5595707,0
          </coordinates>
        
        
      </Point>
      
      
    </Placemark>
    <Placemark>
      
        
      <name>PARKING 🅿️ / Leenaun (IR)</name>
      
        
      <description>Parking Mixto en Leenaun (Irlanda)</description>
      
        
      <styleUrl>#icon-1644-0288D1</styleUrl>
      
        
      <Point>
        
          
        <coordinates>
            -9.6940554,53.5965011,0
          </coordinates>
        
        
      </Point>
      
      
    </Placemark>
    <Placemark>
      
        
      <name>AUTOS Valverde ✔️ / Jerez de la Frontera (Cádiz)</name>
      
        
      <description>Parking nocturno / llamar antes / Carretera Jerez Sanlúcar, 0, 11400 Las Tablas, Cádiz www.grupovalenzuela.com +34 956 18 10 96</description>
      
        
      <styleUrl>#icon-1532-000000</styleUrl>
      
        
      <Point>
        
          
        <coordinates>
            -6.1563343,36.6806796,0
          </coordinates>
        
        
      </Point>
      
      
    </Placemark>
    <Placemark>
      
        
      <name>PARKING BUS ✅️ Cong / (IR)</name>
      
        
      <description>Parking Bus gratuito / 4 Plazas en Cong (Irlanda)</description>
      
        
      <styleUrl>#icon-1532-7CB342</styleUrl>
      
        
      <Point>
        
          
        <coordinates>
            -9.2844972,53.5413349,0
          </coordinates>
        
        
      </Point>
      
      
    </Placemark>
    <Placemark>
      
        
      <name>PARKING BUS ✅️ / Durham (Reino Unido)</name>
      
        
      <description><![CDATA[Parking Bus gratuito /Durham Park & Ride Belmont]]></description>
      
        
      <styleUrl>#icon-1532-7CB342</styleUrl>
      
        
      <Point>
        
          
        <coordinates>
            -1.5262788,54.7947213,0
          </coordinates>
        
        
      </Point>
      
      
    </Placemark>
    <Placemark>
      
        
      <name><![CDATA[C Y D Parque De l'Agulla 🔄 / Sant Fruitós de Balles / (Barcelona)]]></name>
      
        
      <description><![CDATA[Si tienes puedes dejar y recoger aqui / si no te vas al parking / sitio Parque De l'Agulla]]></description>
      
        
      <styleUrl>#icon-1826-0F9D58</styleUrl>
      
        
      <Point>
        
          
        <coordinates>
            1.8408409,41.7485959,0
          </coordinates>
        
        
      </Point>
      
      
    </Placemark>
    <Placemark>
      
        
      <name>PARKING 🅿️ / Puig-reig (Barcelona)</name>
      
        
      <description>Parking Tierra Mixto gratuito sin tiempo en  Puig-reig, (Barcelona)</description>
      
        
      <styleUrl>#icon-1644-0288D1</styleUrl>
      
        
      <Point>
        
          
        <coordinates>
            1.8774696,41.9727049,0
          </coordinates>
        
        
      </Point>
      
      
    </Placemark>
    <Placemark>
      
        
      <name>PARKING 🅿️ / Hostalets D ´en Bas (Girona)</name>
      
        
      <description>Parking Mixto de tierra gartuito. Si entras quedate encarado para poder salir.</description>
      
        
      <styleUrl>#icon-1644-0288D1</styleUrl>
      
        
      <Point>
        
          
        <coordinates>
            2.4521947,42.1035033,0
          </coordinates>
        
        
      </Point>
      
      
    </Placemark>
    <Placemark>
      
        
      <name>ALBERGUE La Vall d´en Bas 🚸/ Vall D´en Bas (Girona)</name>
      
        
      <description><![CDATA[Parking Albergue Vall den Bas, Girona <br>www.xanascat.gencat.cat <br>+34 972 69 07 94]]></description>
      
        
      <styleUrl>#icon-1682-673AB7</styleUrl>
      
        
      <Point>
        
          
        <coordinates>
            2.4502904,42.1211357,0
          </coordinates>
        
        
      </Point>
      
      
    </Placemark>
    <Placemark>
      
        
      <name>PARKING BUS ✅/ Arinsal (AND)</name>
      
        
      <description>Parking Bus gratuito 5 Plazas Arinsal. (Andorra).</description>
      
        
      <styleUrl>#icon-1532-7CB342</styleUrl>
      
        
      <Point>
        
          
        <coordinates>
            1.484001,42.5713593,0
          </coordinates>
        
        
      </Point>
      
      
    </Placemark>
    <Placemark>
      
        
      <name>PARKING BUS (Pago) 💰 / San Sebastián (Gipuzkoa)</name>
      
        
      <description>Parking Bus de Pago en linea  en Av/ Tolosa de San Sebastián</description>
      
        
      <styleUrl>#icon-1513-1A237E</styleUrl>
      
        
      <Point>
        
          
        <coordinates>
            -2.0075063,43.3057583,0
          </coordinates>
        
        
      </Point>
      
      
    </Placemark>
    <Placemark>
      
        
      <name>PARKING BUS ✅️ / Tarragona </name>
      
        
      <description>Parking Bus en Linea Gratuito/ detrás Itv </description>
      
        
      <styleUrl>#icon-1532-7CB342</styleUrl>
      
        
      <Point>
        
          
        <coordinates>
            1.2749319,41.1248295,0
          </coordinates>
        
        
      </Point>
      
      
    </Placemark>
    <Placemark>
      
        
      <name>PARKING 🅿️ / Ciudad Real </name>
      
        
      <description>Parking en linea en toda esta zona / afueras ciudad.</description>
      
        
      <styleUrl>#icon-1644-0288D1</styleUrl>
      
        
      <Point>
        
          
        <coordinates>
            -3.9181485,38.9736029,0
          </coordinates>
        
        
      </Point>
      
      
    </Placemark>
    <Placemark>
      
        
      <name>PARKING 🅿️ / Manzanares (Ciudad Real)</name>
      
        
      <description>Parking gratuito en linea en linea Manzanares. C/ Victimas del terrorismo. </description>
      
        
      <styleUrl>#icon-1644-0288D1</styleUrl>
      
        
      <Point>
        
          
        <coordinates>
            -3.3753995,38.9934827,0
          </coordinates>
        
        
      </Point>
      
      
    </Placemark>
    <Placemark>
      
        
      <name>PARKING 🅿️ / Zafra (Badajoz)</name>
      
        
      <description>Parking de tierra gratuito afueras de Zafra. Al lado del Carrefour.</description>
      
        
      <styleUrl>#icon-1644-0288D1</styleUrl>
      
        
      <Point>
        
          
        <coordinates>
            -6.4210463,38.4346334,0
          </coordinates>
        
        
      </Point>
      
      
    </Placemark>
    <Placemark>
      
        
      <name>PARKING 🅿️ / Zafra (Badajoz)</name>
      
        
      <description>Parking de tierra gratuito / OJO dejalo cerca entrada encarado para poder salir. Si está muy lleno no podrás entrar. </description>
      
        
      <styleUrl>#icon-1644-0288D1</styleUrl>
      
        
      <Point>
        
          
        <coordinates>
            -6.4208256,38.4295148,0
          </coordinates>
        
        
      </Point>
      
      
    </Placemark>
    <Placemark>
      
        
      <name>HOTEL Acosta Centro 🛏 / Almendralejo (Badajoz)</name>
      
        
      <description>Parking hotel Acosta / aceptan grupos se aparca en la puerta sin problemas.</description>
      
        
      <styleUrl>#icon-1602-9C27B0</styleUrl>
      
        
      <Point>
        
          
        <coordinates>
            -6.413846,38.6834751,0
          </coordinates>
        
        
      </Point>
      
      
    </Placemark>
    <Placemark>
      
        
      <name>PARKING BUS ✅️ / Alcalá de Henares (Madrid)</name>
      
        
      <description>4 Plazas Parking Bus en ciudad deportiva ElJuncal en Alcalá de Henares.  Madrid. </description>
      
        
      <styleUrl>#icon-1532-7CB342</styleUrl>
      
        
      <Point>
        
          
        <coordinates>
            -3.3904498,40.4771533,0
          </coordinates>
        
        
      </Point>
      
      
    </Placemark>
    <Placemark>
      
        
      <name>PARKING 🅿️ / Premià de Mar (Barcelona)</name>
      
        
      <description>Parking en linea afuera población / cerca Mossos de Escuadra de Premià de Mar.</description>
      
        
      <styleUrl>#icon-1644-0288D1</styleUrl>
      
        
      <Point>
        
          
        <coordinates>
            2.3471604,41.4880402,0
          </coordinates>
        
        
      </Point>
      
      
    </Placemark>
    <Placemark>
      
        
      <name>PARKING 🅿️ / Premià de Dalt (Barcelona)</name>
      
        
      <description>Parking de tierra al lado campo de Fútbol / OJO!!! Aparcar de lunes a viernes,  porque el fin de semana se llena de coches de los papis para ver a los nenes jugar a fútbol. </description>
      
        
      <styleUrl>#icon-1644-0288D1</styleUrl>
      
        
      <Point>
        
          
        <coordinates>
            2.3496327,41.5005595,0
          </coordinates>
        
        
      </Point>
      
      
    </Placemark>
    <Placemark>
      
        
      <name>PARKING 🅿️ / Vilassar de Mar (Barcelona)</name>
      
        
      <description>Parking mixto al lado Mercado de la Flor. Siempre ahí sitio. NO suelen decir nada aunque sea de coches. A las afueras de Vilassar de Mar.</description>
      
        
      <styleUrl>#icon-1644-0288D1</styleUrl>
      
        
      <Point>
        
          
        <coordinates>
            2.3774336,41.4972467,0
          </coordinates>
        
        
      </Point>
      
      
    </Placemark>
    <Placemark>
      
        
      <name>PARKING 🅿️ / Noja (Cantabria)</name>
      
        
      <description>Parking mixto de tierra. Dejalo qué puedas salir por si se llena de coches </description>
      
        
      <styleUrl>#icon-1644-0288D1</styleUrl>
      
        
      <Point>
        
          
        <coordinates>
            -3.5283549,43.4779526,0
          </coordinates>
        
        
      </Point>
      
      
    </Placemark>
    <Placemark>
      
        
      <name>PARKING 🅿️ / Cazalla de la Sierra (Sevilla)</name>
      
        
      <description>Zona tranquila para aparcar o hacer la espera al lado de la ITV.</description>
      
        
      <styleUrl>#icon-1644-0288D1</styleUrl>
      
        
      <Point>
        
          
        <coordinates>
            -5.7606197,37.9435704,0
          </coordinates>
        
        
      </Point>
      
      
    </Placemark>
    <Placemark>
      
        
      <name>PARKING BUS ✅️ / Amélie-les-Bains-Palalda (FR)</name>
      
        
      <description>Parking Bus en Linea 2 Plazas gratuito. Amélie-les-Bains-Palalda, Francia</description>
      
        
      <styleUrl>#icon-1532-7CB342</styleUrl>
      
        
      <Point>
        
          
        <coordinates>
            2.6623018,42.4721788,0
          </coordinates>
        
        
      </Point>
      
      
    </Placemark>
    <Placemark>
      
        
      <name>PARKING BUS ✅️ / Arles-sur-Tech, (FR)</name>
      
        
      <description>Parking Bus 4 Plazas Gratuitas / Rue du 14 Juille en Arles-sur-Tech, (FR)</description>
      
        
      <styleUrl>#icon-1532-7CB342</styleUrl>
      
        
      <Point>
        
          
        <coordinates>
            2.6370224,42.4583043,0
          </coordinates>
        
        
      </Point>
      
      
    </Placemark>
    <Placemark>
      
        
      <name>PARKING BUS ✅️ / Pollestres (FR)</name>
      
        
      <description><![CDATA[Parking Bus 2 Plazas Gratuitas/ Rue Pierre Jonqueres D'Oriola. Pollestres (Francia)]]></description>
      
        
      <styleUrl>#icon-1532-7CB342</styleUrl>
      
        
      <Point>
        
          
        <coordinates>
            2.8691578,42.6424763,0
          </coordinates>
        
        
      </Point>
      
      
    </Placemark>
    <Placemark>
      
        
      <name><![CDATA[PARKING 🅿️ / La Vall d'Uixó (Castelló)]]></name>
      
        
      <description><![CDATA[Parking en linea cerca centros comerciales / para gacer la espera / La Vall d'Uixó, Castelló]]></description>
      
        
      <styleUrl>#icon-1644-0288D1</styleUrl>
      
        
      <Point>
        
          
        <coordinates>
            -0.2305589,39.8167393,0
          </coordinates>
        
        
      </Point>
      
      
    </Placemark>
    <Placemark>
      
        
      <name><![CDATA[PARKING 🅿️ / La Vall d'Uixó (Castelló)]]></name>
      
        
      <description>Parking  afueras población / Supermercado para hacer compras por si fuera necesario </description>
      
        
      <styleUrl>#icon-1644-0288D1</styleUrl>
      
        
      <Point>
        
          
        <coordinates>
            -0.2428935,39.8221233,0
          </coordinates>
        
        
      </Point>
      
      
    </Placemark>
    <Placemark>
      
        
      <name>CASA Colonies El Pinar 🚸 / Canyelles (Barcelona)</name>
      
        
      <description>Parking Casa Colonies Entrada por camino de tierra. C/del Pinar, 100, Canyelles, Barcelona www.elpinar.cat </description>
      
        
      <styleUrl>#icon-1682-673AB7</styleUrl>
      
        
      <Point>
        
          
        <coordinates>
            1.722019,41.290727,0
          </coordinates>
        
        
      </Point>
      
      
    </Placemark>
    <Placemark>
      
        
      <name>PARKING BUS ✅️ / Vic (Barcelona)</name>
      
        
      <description><![CDATA[Parking Bus en Linea zona deportiva de Vic. C/ Del  Mas D'Osona.]]></description>
      
        
      <styleUrl>#icon-1532-7CB342</styleUrl>
      
        
      <Point>
        
          
        <coordinates>
            2.238018,41.9392686,0
          </coordinates>
        
        
      </Point>
      
      
    </Placemark>
    <Placemark>
      
        
      <name>SANTUARIO Virgen del Toro ⛪️ / Es Mercadal (Illes Balears)</name>
      
        
      <description>Parking Bus Visita al Santuario del Toro y Mirador</description>
      
        
      <styleUrl>#icon-1670-E65100</styleUrl>
      
        
      <Point>
        
          
        <coordinates>
            4.1129736,39.9850653,0
          </coordinates>
        
        
      </Point>
      
      
    </Placemark>
    <Placemark>
      
        
      <name>PARKING 🅿️ / Moraña (Pontevedra)</name>
      
        
      <description>Parking gratuito para hacer la espera amplio de tierra al lado Cementerio.No hay cafetería cerca.</description>
      
        
      <styleUrl>#icon-1644-0288D1</styleUrl>
      
        
      <Point>
        
          
        <coordinates>
            -8.6279559,42.2008838,0
          </coordinates>
        
        
      </Point>
      
      
    </Placemark>
    <Placemark>
      
        
      <name>CASA Colonies Can Caballé 🚸 / Estanyol (Girona)</name>
      
        
      <description><![CDATA[Casa de Colonies para Escolares. Parking Amplio de tierra para variar. Masia Can Caballé, disseminat, s/n,  Estanyol, Girona <br>www.cancaballe.com  <br>+34 972 44 26 93]]></description>
      
        
      <styleUrl>#icon-1682-673AB7</styleUrl>
      
        
      <Point>
        
          
        <coordinates>
            2.7333049,41.932013,0
          </coordinates>
        
        
      </Point>
      
      
    </Placemark>
    <Placemark>
      
        
      <name>PARKING 🅿️ / Vigo</name>
      
        
      <description>Parking Zona Navia en toda esta zona.</description>
      
        
      <styleUrl>#line-0288D1-4893</styleUrl>
      
        
      <LineString>
        
          
        <tessellate>1</tessellate>
        
          
        <coordinates>
            -8.7580152,42.2142994,0
            -8.7582555,42.2142428,0
            -8.7587053,42.2141331,0
            -8.7588357,42.2140977,0
            -8.7590042,42.2140578,0
            -8.7590667,42.2140405,0
          </coordinates>
        
        
      </LineString>
      
      
    </Placemark>
    <Placemark>
      
        
      <name>PARKING 🅿️ / Vigo
</name>
      
        
      <description>Parking Zona Navia en toda esta zona</description>
      
        
      <styleUrl>#line-0288D1-5471</styleUrl>
      
        
      <LineString>
        
          
        <tessellate>1</tessellate>
        
          
        <coordinates>
            -8.7584163,42.2118166,0
            -8.7584429,42.2116371,0
            -8.7585409,42.211421,0
            -8.7586846,42.2111946,0
            -8.7592696,42.2103806,0
          </coordinates>
        
        
      </LineString>
      
      
    </Placemark>
    <Placemark>
      
        
      <name>PARKING 🅿️ / Vigo
</name>
      
        
      <description>Parking Zona Navia en toda esta zona</description>
      
        
      <styleUrl>#line-0288D1-5019</styleUrl>
      
        
      <LineString>
        
          
        <tessellate>1</tessellate>
        
          
        <coordinates>
            -8.7593485,42.2137146,0
            -8.7587435,42.2123472,0
          </coordinates>
        
        
      </LineString>
      
      
    </Placemark>
    <Placemark>
      
        
      <name>PARKING 🅿️ / Irún (Guipúzcoa)</name>
      
        
      <description>Parking Mixto gratuito dejalo que puedas salir cerca de la entrada en caso que se llene el parking. Si vas a Hondarribia es la mejor opción. </description>
      
        
      <styleUrl>#icon-1644-0288D1</styleUrl>
      
        
      <Point>
        
          
        <coordinates>
            -1.7901482,43.3457356,0
          </coordinates>
        
        
      </Point>
      
      
    </Placemark>
    <Placemark>
      
        
      <name>CENTRO Comercial River 🛒 / Sant Julià de Lòria (AND)</name>
      
        
      <description><![CDATA[Parking River Centre Comercial. / Te dan dinero si llevas grupos / Depende tiempo te dan una cisa o otra., CG-1, AD600 Sant Julià de Lòria, Andorra<br>+376 765 050]]></description>
      
        
      <styleUrl>#icon-1769-000000</styleUrl>
      
        
      <Point>
        
          
        <coordinates>
            1.486815,42.4534108,0
          </coordinates>
        
        
      </Point>
      
      
    </Placemark>
    <Placemark>
      
        
      <name>PARKING BUS ✅️ /  Manacor (Illes Balears)</name>
      
        
      <description><![CDATA[Parking Bus gratuito en linea Av/ D'Es Tren Manacir.]]></description>
      
        
      <styleUrl>#icon-1532-7CB342</styleUrl>
      
        
      <Point>
        
          
        <coordinates>
            3.2034093,39.5708783,0
          </coordinates>
        
        
      </Point>
      
      
    </Placemark>
    <Placemark>
      
        
      <name>ACTIVIDADES El Mas de Xetà 🚸 / Llutxent (Valencia)</name>
      
        
      <description>Parking Campamento Actividades escolares Camino de Xetà, s/n, 46838 Llutxent, Valencia www.elmasdexeta.com +34 962 13 12 82</description>
      
        
      <styleUrl>#icon-1682-673AB7</styleUrl>
      
        
      <Point>
        
          
        <coordinates>
            -0.3603577,38.9158619,0
          </coordinates>
        
        
      </Point>
      
      
    </Placemark>
    <Placemark>
      
        
      <name>PARKING 🅿️ /Badalona (Barcelona)</name>
      
        
      <description>Parking Mixto gratuito al lado campo Fútbol del Pomar. Badalona.</description>
      
        
      <styleUrl>#icon-1644-0288D1</styleUrl>
      
        
      <Point>
        
          
        <coordinates>
            2.2516099,41.4671574,0
          </coordinates>
        
        
      </Point>
      
      
    </Placemark>
    <Placemark>
      
        
      <name>PARKING BUS ✅️ / Sant Quirze del Vallès (Barcelona)</name>
      
        
      <description>Parking Bus en la zona deportiva de Sant Quirze del Vallès, Barcelona</description>
      
        
      <styleUrl>#icon-1532-7CB342</styleUrl>
      
        
      <Point>
        
          
        <coordinates>
            2.0822293,41.5373869,0
          </coordinates>
        
        
      </Point>
      
      
    </Placemark>
    <Placemark>
      
        
      <name>PARKING 🅿️ / Paterna (Valencia)</name>
      
        
      <description>Parking afueras Paterna cerca del Polígono. </description>
      
        
      <styleUrl>#icon-1644-0288D1</styleUrl>
      
        
      <Point>
        
          
        <coordinates>
            -0.4447864,39.513459,0
          </coordinates>
        
        
      </Point>
      
      
    </Placemark>
    <Placemark>
      
        
      <name>PARKING 🅿️ / Taradell (Barcelona)</name>
      
        
      <description>Zona donde puedes aparcar para hacer la espera. NO se puede entrar a Mas Casablanca. </description>
      
        
      <styleUrl>#icon-1644-0288D1</styleUrl>
      
        
      <Point>
        
          
        <coordinates>
            2.2863692,41.8806335,0
          </coordinates>
        
        
      </Point>
      
      
    </Placemark>
    <Placemark>
      
        
      <name>PARKING 🅿️ / Faro (PO)</name>
      
        
      <description>Parking gratuito mixto para la espera de la visita en Faro.</description>
      
        
      <styleUrl>#icon-1644-0288D1</styleUrl>
      
        
      <Point>
        
          
        <coordinates>
            -7.985451,37.0151033,0
          </coordinates>
        
        
      </Point>
      
      
    </Placemark>
    <Placemark>
      
        
      <name>PARKING BUS ✅️ / Faro (PO)</name>
      
        
      <description>Parking Bus gratuito en line visita a Faro. Av/ da República </description>
      
        
      <styleUrl>#icon-1532-7CB342</styleUrl>
      
        
      <Point>
        
          
        <coordinates>
            -7.9369844,37.0170509,0
          </coordinates>
        
        
      </Point>
      
      
    </Placemark>
    <Placemark>
      
        
      <name>PARKING BUS ✅️ / Guimarães (PO)</name>
      
        
      <description>Parking Bus en batería Azurém (Portugal)</description>
      
        
      <styleUrl>#icon-1532-7CB342</styleUrl>
      
        
      <Point>
        
          
        <coordinates>
            -8.2865074,41.4411666,0
          </coordinates>
        
        
      </Point>
      
      
    </Placemark>
    <Placemark>
      
        
      <name>PARKING BUS ✅️ / Marsella (FR)</name>
      
        
      <description>Parking Bus en linea en Quai du Lazaret Marsella (Francia).</description>
      
        
      <styleUrl>#icon-1532-7CB342</styleUrl>
      
        
      <Point>
        
          
        <coordinates>
            5.366104,43.3080928,0
          </coordinates>
        
        
      </Point>
      
      
    </Placemark>
    <Placemark>
      
        
      <name>PARKING BUS ✅️  / Bédoin (FR)</name>
      
        
      <description>Parking gratuito en Linea  / Bedoin Francia. Chemin Derrière St Jean.</description>
      
        
      <styleUrl>#icon-1532-7CB342</styleUrl>
      
        
      <Point>
        
          
        <coordinates>
            5.1837249,44.1242797,0
          </coordinates>
        
        
      </Point>
      
      
    </Placemark>
    <Placemark>
      
        
      <name>PARKING 🅿️ / Villard-de-Lans (FR)</name>
      
        
      <description>Parking en a las afueras de la  población </description>
      
        
      <styleUrl>#icon-1644-0288D1</styleUrl>
      
        
      <Point>
        
          
        <coordinates>
            5.5549614,45.0748466,0
          </coordinates>
        
        
      </Point>
      
      
    </Placemark>
    <Placemark>
      
        
      <name>PARKING 🅿️ / Autrans (FR)</name>
      
        
      <description>Parking libre en Autrans, Francia</description>
      
        
      <styleUrl>#icon-1644-0288D1</styleUrl>
      
        
      <Point>
        
          
        <coordinates>
            5.5433161,45.173174,0
          </coordinates>
        
        
      </Point>
      
      
    </Placemark>
    <Placemark>
      
        
      <name>PARKING 🅿️ / Autrans (FR)</name>
      
        
      <description>Parking libre en Autrans, Francia</description>
      
        
      <styleUrl>#icon-1644-0288D1</styleUrl>
      
        
      <Point>
        
          
        <coordinates>
            5.5412768,45.1774341,0
          </coordinates>
        
        
      </Point>
      
      
    </Placemark>
    <Placemark>
      
        
      <name>PARKING 🅿️ / Montblanc (Tarragona)</name>
      
        
      <description>Por toda esta zona puedes aparcar o hacer la espera amplio sin problemas . Montblanc (Tarragona).</description>
      
        
      <styleUrl>#icon-1644-0288D1</styleUrl>
      
        
      <Point>
        
          
        <coordinates>
            1.1557158,41.3713301,0
          </coordinates>
        
        
      </Point>
      
      
    </Placemark>
    <Placemark>
      
        
      <name>PARKING 🅿️ / Sta Margarida i els Monjos (Barcelona)</name>
      
        
      <description>Zona industrial para aparcar por donde tengas sitio suele estar lleno de camiones aparcados.</description>
      
        
      <styleUrl>#icon-1644-0288D1</styleUrl>
      
        
      <Point>
        
          
        <coordinates>
            1.655503,41.3227495,0
          </coordinates>
        
        
      </Point>
      
      
    </Placemark>
    <Placemark>
      
        
      <name>PARKING - C Y D 🔄 / Nevada Shopping / Granada</name>
      
        
      <description>Zona de espera cuando llevas Clientes al Centro comercial. Tambien C y D si no quieres dar vultas.</description>
      
        
      <styleUrl>#icon-1644-0288D1</styleUrl>
      
        
      <Point>
        
          
        <coordinates>
            -3.612069,37.1450785,0
          </coordinates>
        
        
      </Point>
      
      
    </Placemark>
    <Placemark>
      
        
      <name>PARKING 🅿️ / Zaragoza </name>
      
        
      <description>Parking Expo Se puede aparcar todos los dias EXCEPTO MIERCOLES Y DOMINGO Por Mercadillo semanal/ </description>
      
        
      <styleUrl>#icon-1644-0288D1</styleUrl>
      
        
      <Point>
        
          
        <coordinates>
            -0.9092295,41.6629534,0
          </coordinates>
        
        
      </Point>
      
      
    </Placemark>
    <Placemark>
      
        
      <name>PARKING BUS ✅️ / Roda de Ter (Barcelona)</name>
      
        
      <description>Parking Bus 2 Plazas al lado campo Fútbol / Complicado hacer maniobra  los días de partido, si se ponen delante. </description>
      
        
      <styleUrl>#icon-1532-7CB342</styleUrl>
      
        
      <Point>
        
          
        <coordinates>
            2.3120152,41.9870761,0
          </coordinates>
        
        
      </Point>
      
      
    </Placemark>
    <Placemark>
      
        
      <name>PARKING BUS ✅️ / Canet de Mar (Barcelona)</name>
      
        
      <description>1 Plaza Bus gratuito en Rotonda Polígono Industrial de Canet.</description>
      
        
      <styleUrl>#icon-1532-7CB342</styleUrl>
      
        
      <Point>
        
          
        <coordinates>
            2.568478,41.5983014,0
          </coordinates>
        
        
      </Point>
      
      
    </Placemark>
    <Placemark>
      
        
      <name>PARKING 🅿️ / Masnou (Barcelona)</name>
      
        
      <description>Por esta zona suele haber sitio para aparcar. Si es temporada alta OJO  que los playeros lo inundan .</description>
      
        
      <styleUrl>#icon-1644-0288D1</styleUrl>
      
        
      <Point>
        
          
        <coordinates>
            2.33296,41.4830136,0
          </coordinates>
        
        
      </Point>
      
      
    </Placemark>
    <Placemark>
      
        
      <name>PARKING Bus (Escolar) 🅿️ / Durango  (Bizkaia)</name>
      
        
      <description>Zona Bus Rscolar / NO aparcar en horas de salidas y entradas colegios.</description>
      
        
      <styleUrl>#icon-1532-F57C00</styleUrl>
      
        
      <Point>
        
          
        <coordinates>
            -2.6331871,43.1770113,0
          </coordinates>
        
        
      </Point>
      
      
    </Placemark>
    <Placemark>
      
        
      <name>CASA Colonies Mas Gircós 🚸 / San Ferreol (Girona)</name>
      
        
      <description>Parking Casa de colonies Mas Gircós,  Camino estrecho para llegar / parking amplio para dar la vuelta sin problema / últimos 600 metros camino de tierra S/N, 17850 San Ferreol, Girona www.albaserveis.com +34 972 59 05 07</description>
      
        
      <styleUrl>#icon-1682-673AB7</styleUrl>
      
        
      <Point>
        
          
        <coordinates>
            2.6793153,42.224003,0
          </coordinates>
        
        
      </Point>
      
      
    </Placemark>
    <Placemark>
      
        
      <name>PARKING BUS ✅️ / Montgat (Barcelona)</name>
      
        
      <description>Parking Bus en linea. plazas reservadas para Bus Escolar </description>
      
        
      <styleUrl>#icon-1532-7CB342</styleUrl>
      
        
      <Point>
        
          
        <coordinates>
            2.2849494,41.4737057,0
          </coordinates>
        
        
      </Point>
      
      
    </Placemark>
    <Placemark>
      
        
      <name>CDAN / Centro de Arte y Naturaleza de Huesca - Fundación Beulas</name>
      
        
      <description><![CDATA[Parking Bus 3 Plazas visita CDAN / Av. del Dr. Artero, s/n, 22004 Huesca <br>www.cdan.es <br>+34 974 23 98 93]]></description>
      
        
      <styleUrl>#icon-1636-A52714</styleUrl>
      
        
      <Point>
        
          
        <coordinates>
            -0.4292693,42.1513508,0
          </coordinates>
        
        
      </Point>
      
      
    </Placemark>
    <Placemark>
      
        
      <name>PARKING BUS Escolar 🅿️ / Barcelona</name>
      
        
      <description>2 Plazas reservadas Bus Escolar Av / Miramar al lado de colegio Bodque de Montjuic y de Museo Miró</description>
      
        
      <styleUrl>#icon-1532-F9A825</styleUrl>
      
        
      <Point>
        
          
        <coordinates>
            2.1612444,41.3686927,0
          </coordinates>
        
        
      </Point>
      
      
    </Placemark>
    <Placemark>
      
        
      <name>PARKING BUS Molinos ✅️ / Campo de Criptana (Ciudad Real)</name>
      
        
      <description>4 Plazas de Bus en linea Gratuito pegadito a la cera para que no ensucien el Bus. </description>
      
        
      <styleUrl>#line-0288D1-4971</styleUrl>
      
        
      <LineString>
        
          
        <tessellate>1</tessellate>
        
          
        <coordinates>
            -3.120102,39.4093418,0
            -3.1198978,39.4086938,0
          </coordinates>
        
        
      </LineString>
      
      
    </Placemark>
    <Placemark>
      
        
      <name>PARKING 🅿️ / Daimiel (Ciudad Real)</name>
      
        
      <description>Parking al lado de estación de tren. Pegado a la pared</description>
      
        
      <styleUrl>#icon-1644-0288D1</styleUrl>
      
        
      <Point>
        
          
        <coordinates>
            -3.6029434,39.0614601,0
          </coordinates>
        
        
      </Point>
      
      
    </Placemark>
    <Placemark>
      
        
      <name>PARKING 🅿️ / París (FR)</name>
      
        
      <description>Se suele aparcar si no han cambiado las normas / infórmate antes de dejarlo. Normalmente hay Buses aparcados encima del puente. </description>
      
        
      <styleUrl>#icon-1644-0288D1</styleUrl>
      
        
      <Point>
        
          
        <coordinates>
            2.4132263,48.8641337,0
          </coordinates>
        
        
      </Point>
      
      
    </Placemark>
    <Placemark>
      
        
      <name>PARKING 🅿️ / París (FR)</name>
      
        
      <description>3 Plazas amplias Rue Marcel Cachin</description>
      
        
      <styleUrl>#icon-1644-0288D1</styleUrl>
      
        
      <Point>
        
          
        <coordinates>
            2.3892549,48.8158245,0
          </coordinates>
        
        
      </Point>
      
      
    </Placemark>
    <Placemark>
      
        
      <name>PARKING BUS Pago 💰 / París (FR)</name>
      
        
      <description>Rparking Bus Pago en línea MAX 3Horas Av/ de Lowenfal </description>
      
        
      <styleUrl>#icon-1513-1A237E</styleUrl>
      
        
      <Point>
        
          
        <coordinates>
            2.3049203,48.8502421,0
          </coordinates>
        
        
      </Point>
      
      
    </Placemark>
    <Placemark>
      
        
      <name>PARKING BUS ✅️ / La Gineta (Albacete)</name>
      
        
      <description>Parking Bus gratuito en La Gineta,  Albacete </description>
      
        
      <styleUrl>#icon-1532-7CB342</styleUrl>
      
        
      <Point>
        
          
        <coordinates>
            -1.9993791,39.1179373,0
          </coordinates>
        
        
      </Point>
      
      
    </Placemark>
    <Placemark>
      
        
      <name>PARKING 🅿️ / Alcalá de Júcar (Albacete)</name>
      
        
      <description>Parking en el mirador tienes que andar un buen pasito por la carretera si vas al pueblo.</description>
      
        
      <styleUrl>#icon-1644-0288D1</styleUrl>
      
        
      <Point>
        
          
        <coordinates>
            -1.4224296,39.1880434,0
          </coordinates>
        
        
      </Point>
      
      
    </Placemark>
    <Placemark>
      
        
      <name>HOTEL La Cartuja del Prior Valencia 🛏💍 / El Puig (Valencia)</name>
      
        
      <description><![CDATA[Hotel y bodas La Cartuja del Prior Valencia. Parking amplio de tierra / HMVJ+94, 46540 El Puig, Valencia <br>www.gourmetcatering.es <br>+34 961 41 41 95]]></description>
      
        
      <styleUrl>#icon-1602-9C27B0</styleUrl>
      
        
      <Point>
        
          
        <coordinates>
            -0.3216969,39.594364,0
          </coordinates>
        
        
      </Point>
      
      
    </Placemark>
    <Placemark>
      
        
      <name>Els Senyals - Espai Educatiu 🚸 / Beters (Valencia)</name>
      
        
      <description><![CDATA[Parking Camino de Calle Alcublas s/n, 46117 Bétera, Valencia <br>www.senyals.es <br>+34 961 60 00 26]]></description>
      
        
      <styleUrl>#icon-1682-673AB7</styleUrl>
      
        
      <Point>
        
          
        <coordinates>
            -0.4698256,39.5999108,0
          </coordinates>
        
        
      </Point>
      
      
    </Placemark>
    <Placemark>
      
        
      <name>PARKING 🅿️ / Almonaster la Real (Huelva)</name>
      
        
      <description>Parking de tierra gratuito. Al entrar y al salir levantar suspensión. Gracias compañero Ruben por la info.</description>
      
        
      <styleUrl>#icon-1644-0288D1</styleUrl>
      
        
      <Point>
        
          
        <coordinates>
            -6.7825617,37.8701429,0
          </coordinates>
        
        
      </Point>
      
      
    </Placemark>
    <Placemark>
      
        
      <name>PARKING 🅿️ / Hellín (Albacete)</name>
      
        
      <description>Parking de tierra a las afueras de Hellín, Albacete. </description>
      
        
      <styleUrl>#icon-1644-0288D1</styleUrl>
      
        
      <Point>
        
          
        <coordinates>
            -1.6979118,38.5028294,0
          </coordinates>
        
        
      </Point>
      
      
    </Placemark>
    <Placemark>
      
        
      <name>PARKING BUS ✅️ / 66120 Font-Romeu-Odeillo-Via (FR)</name>
      
        
      <description>Parking gratuito en linea / 2 Buses Font-Romeu </description>
      
        
      <styleUrl>#icon-1532-7CB342</styleUrl>
      
        
      <Point>
        
          
        <coordinates>
            2.0375947,42.4972075,0
          </coordinates>
        
        
      </Point>
      
      
    </Placemark>
    <Placemark>
      
        
      <name>PARKING BUS ✅️ / 66120 Font-Romeu-Odeillo-Via (FR)</name>
      
        
      <description>Parking 3 Bus / Gratuito .Font-Romeu-Odeillo-Via, Francia</description>
      
        
      <styleUrl>#icon-1532-7CB342</styleUrl>
      
        
      <Point>
        
          
        <coordinates>
            2.0454297,42.5055862,0
          </coordinates>
        
        
      </Point>
      
      
    </Placemark>
    <Placemark>
      
        
      <name>HOTEL Solineu 🛏 / La Molina (Girona)</name>
      
        
      <description>Hotel que acepta grupos / no tiene parking. Avinguda Supermolina, 7, 17537 Alp, Girona www.lamolina.es +34 972 89 20 33</description>
      
        
      <styleUrl>#icon-1602-9C27B0</styleUrl>
      
        
      <Point>
        
          
        <coordinates>
            1.9354585,42.3371158,0
          </coordinates>
        
        
      </Point>
      
      
    </Placemark>
    <Placemark>
      
        
      <name>PARKING 🅿️ / Ceret (FR)</name>
      
        
      <description>Parking tierra Mixto para parking o hacer la espera.</description>
      
        
      <styleUrl>#icon-1644-0288D1</styleUrl>
      
        
      <Point>
        
          
        <coordinates>
            2.73228,42.4947955,0
          </coordinates>
        
        
      </Point>
      
      
    </Placemark>
    <Placemark>
      
        
      <name><![CDATA[PARKING 🅿️ / L' Ampolla (Tarragona)]]></name>
      
        
      <description><![CDATA[Parking en L'Ampolla andando al centro 5 Minutos.]]></description>
      
        
      <styleUrl>#icon-1644-0288D1</styleUrl>
      
        
      <Point>
        
          
        <coordinates>
            0.7082111,40.8140191,0
          </coordinates>
        
        
      </Point>
      
      
    </Placemark>
    <Placemark>
      
        
      <name>MUSEO Kaunas 9th Fort 🏛️/ Lituania</name>
      
        
      <description>Lituania | Parking del Noveno Fuerte de Kaunas IX Fuerte</description>
      
        
      <styleUrl>#icon-1636-A52714</styleUrl>
      
        
      <Point>
        
          
        <coordinates>
            23.876177,54.942305,0
          </coordinates>
        
        
      </Point>
      
      
    </Placemark>
    <Placemark>
      
        
      <name>PARKING (Viena)</name>
      
        
      <description>Viena | Parking de Pago Barato cerca del Prater | 48.217783,16.398770 </description>
      
        
      <styleUrl>#icon-1513-1A237E</styleUrl>
      
        
      <Point>
        
          
        <coordinates>
            16.39877,48.217783,0
          </coordinates>
        
        
      </Point>
      
      
    </Placemark>
    <Placemark>
      
        
      <name>Pont du Gard | Parking (Pago) / Remoulins, (FR)
</name>
      
        
      <description><![CDATA[Pont du Gard | Parking de Pago | para realizar Visita de Ciudad | 24 Avenue du Pont du Gard, 30210 Remoulins, Francia<br>www.pontdugard.fr<br>+33 4 66 37 50 99]]></description>
      
        
      <styleUrl>#icon-1899-DB4436</styleUrl>
      
        
      <Point>
        
          
        <coordinates>
            4.542629,43.948985,0
          </coordinates>
        
        
      </Point>
      
      
    </Placemark>
    <Placemark>
      
        
      <name>PARKING BUS ✅/ Hendaye (FR)</name>
      
        
      <description>Hendaye | Parking Bus.</description>
      
        
      <styleUrl>#icon-1532-7CB342</styleUrl>
      
        
      <Point>
        
          
        <coordinates>
            -1.765795,43.369938,0
          </coordinates>
        
        
      </Point>
      
      
    </Placemark>
    <Placemark>
      
        
      <name>Gran Hotel Peñíscola **** / Peñíscola (Castellón)</name>
      
        
      <description>Parking Mixto del Gran Hotel Peñíscola **** Los dejas y recoges también en el parking.</description>
      
        
      <styleUrl>#icon-1602-9C27B0</styleUrl>
      
        
      <Point>
        
          
        <coordinates>
            0.4103134,40.3936192,0
          </coordinates>
        
        
      </Point>
      
      
    </Placemark>
    <Placemark>
      
        
      <name>PARKING BUS / Auray (FR)</name>
      
        
      <description>Parking bus en Auray /  Centre Culturel Athéna</description>
      
        
      <styleUrl>#icon-1532-7CB342</styleUrl>
      
        
      <Point>
        
          
        <coordinates>
            -2.9900192,47.6658253,0
          </coordinates>
        
        
      </Point>
      
      
    </Placemark>
    <Placemark>
      
        
      <name>PARKING BUS / Caen (FR)</name>
      
        
      <description>Parking bus en linea cerca de zona deportiva de Caen.</description>
      
        
      <styleUrl>#icon-1532-7CB342</styleUrl>
      
        
      <Point>
        
          
        <coordinates>
            -0.3709014,49.1766114,0
          </coordinates>
        
        
      </Point>
      
      
    </Placemark>
    <Placemark>
      
        
      <name>GROTTES DE BÉTHARRAM </name>
      
        
      <description>Parking donde recoger los pasajeros de las Rutas de Bétharram.</description>
      
        
      <styleUrl>#icon-1532-7CB342</styleUrl>
      
        
      <Point>
        
          
        <coordinates>
            -0.1871073,43.1020189,0
          </coordinates>
        
        
      </Point>
      
      
    </Placemark>
    <Placemark>
      
        
      <name>PARKING BUS / Caen (FR)</name>
      
        
      <description>Zona de espera y parking Bus en Caen.</description>
      
        
      <styleUrl>#icon-1532-7CB342</styleUrl>
      
        
      <Point>
        
          
        <coordinates>
            -0.3780104,49.1698734,0
          </coordinates>
        
        
      </Point>
      
      
    </Placemark>
    <Placemark>
      
        
      <name>GROTTES DE BÉTHARRAM</name>
      
        
      <description>Aquí se deja al grupo para la visita a las cuevas. Te tienes que ir al otro parking para recogerlos. ( Mirar en ViaBus.</description>
      
        
      <styleUrl>#icon-1535-757575</styleUrl>
      
        
      <Point>
        
          
        <coordinates>
            -0.1980146,43.0999519,0
          </coordinates>
        
        
      </Point>
      
      
    </Placemark>
    <Placemark>
      
        
      <name>CASTILLO LE CHÂTEAU DE CAEN</name>
      
        
      <description>Parking visita Castillo de Caen / Francia+33 2 31 30 47 60</description>
      
        
      <styleUrl>#icon-1598-757575</styleUrl>
      
        
      <Point>
        
          
        <coordinates>
            -0.362614,49.1863847,0
          </coordinates>
        
        
      </Point>
      
      
    </Placemark>
    <Placemark>
      
        
      <name>PARKING (Pago) / Innsbruck (Austria)</name>
      
        
      <description>Austria | Innsbruck | Parking de Pago | 30 €</description>
      
        
      <styleUrl>#icon-1513-000000</styleUrl>
      
        
      <Point>
        
          
        <coordinates>
            11.398809,47.270538,0
          </coordinates>
        
        
      </Point>
      
      
    </Placemark>
    <Placemark>
      
        
      <name>CASTILLO Fontvieille (FR)</name>
      
        
      <description>Parking para visita castillo Fontvieille y Moulin De Daudet.</description>
      
        
      <styleUrl>#icon-1598-757575</styleUrl>
      
        
      <Point>
        
          
        <coordinates>
            4.7118573,43.7193441,0
          </coordinates>
        
        
      </Point>
      
      
    </Placemark>
    <Placemark>
      
        
      <name>PARKING BUS ✅ / Cluny (FR)</name>
      
        
      <description>Parking libre sin tiempo gratuito de tierra en Cluny / </description>
      
        
      <styleUrl>#icon-1532-7CB342</styleUrl>
      
        
      <Point>
        
          
        <coordinates>
            4.6627625,46.427514,0
          </coordinates>
        
        
      </Point>
      
      
    </Placemark>
    <Placemark>
      
        
      <name>PARKING BUS (Pago)/ Avignon (FR)</name>
      
        
      <description>Parking Bus en linea de Pago al lado del Puente  de Saint Benezet.</description>
      
        
      <styleUrl>#icon-1513-000000</styleUrl>
      
        
      <Point>
        
          
        <coordinates>
            4.8041397,43.9525575,0
          </coordinates>
        
        
      </Point>
      
      
    </Placemark>
    <Placemark>
      
        
      <name>PARKING BUS (Pago) / Roma (IT)</name>
      
        
      <description>Roma | Parking PANTANO | Larga Estancia | Metro C</description>
      
        
      <styleUrl>#icon-1513-1A237E</styleUrl>
      
        
      <Point>
        
          
        <coordinates>
            12.7091277,41.8653732,0
          </coordinates>
        
        
      </Point>
      
      
    </Placemark>
    <Placemark>
      
        
      <name><![CDATA[GROTTE CHAUVET (Parking)  / Vallon-Pont-d'Arc (FR)]]></name>
      
        
      <description><![CDATA[4941 Route de Bourg St Andéol, 07150 Vallon-Pont-d'Arc, Francia www.grottechauvet2ardeche.com +33 4 75 94 39 40]]></description>
      
        
      <styleUrl>#icon-1535-757575</styleUrl>
      
        
      <Point>
        
          
        <coordinates>
            4.4319048,44.4063135,0
          </coordinates>
        
        
      </Point>
      
      
    </Placemark>
    <Placemark>
      
        
      <name>LAS LAGUNAS DE RUIDERA 📷 / Osa De Montiel / (Ciudad Real)</name>
      
        
      <description>Parking de tierra / levantalo en entrada y salida a la carretera/ prepara cubo y mocho / aquí suele estar en temporadas una persona que guarda sitio para Bus. </description>
      
        
      <styleUrl>#icon-1535-757575</styleUrl>
      
        
      <Point>
        
          
        <coordinates>
            -2.8613133,38.9515472,0
          </coordinates>
        
        
      </Point>
      
      
    </Placemark>
    <Placemark>
      
        
      <name>PARKING BUS (Pago) 💰/ Wieliczka, Polonia</name>
      
        
      <description>Parking Bus de Pago cerc de minas de Sal</description>
      
        
      <styleUrl>#icon-1513-000000</styleUrl>
      
        
      <Point>
        
          
        <coordinates>
            20.0563402,49.9854278,0
          </coordinates>
        
        
      </Point>
      
      
    </Placemark>
    <Placemark>
      
        
      <name>PARKING BUS / Lyon (FR)</name>
      
        
      <description>Parking bus en linea sin tiempo.</description>
      
        
      <styleUrl>#icon-1532-7CB342</styleUrl>
      
        
      <Point>
        
          
        <coordinates>
            4.8395445,45.7551868,0
          </coordinates>
        
        
      </Point>
      
      
    </Placemark>
    <Placemark>
      
        
      <name>PARKING BUS / Wieliczka, Polonia</name>
      
        
      <description>Parking reservado Bus /Wieliczka, Polonia</description>
      
        
      <styleUrl>#icon-1532-7CB342</styleUrl>
      
        
      <Point>
        
          
        <coordinates>
            20.0533113,49.9851057,0
          </coordinates>
        
        
      </Point>
      
      
    </Placemark>
    <Placemark>
      
        
      <name>PARKING BUS / Nimes (FR)</name>
      
        
      <description>Parking en linea en Nimes cerca de los Jardines de La Fontaine y el Templo de Diane.</description>
      
        
      <styleUrl>#icon-1532-7CB342</styleUrl>
      
        
      <Point>
        
          
        <coordinates>
            4.3458291,43.8369538,0
          </coordinates>
        
        
      </Point>
      
      
    </Placemark>
    <Placemark>
      
        
      <name>PARKING BUS / Dublín (Irlanda)</name>
      
        
      <description>Parking Bus en Wellington Quay / Dublín </description>
      
        
      <styleUrl>#icon-1532-7CB342</styleUrl>
      
        
      <Point>
        
          
        <coordinates>
            -6.2641163,53.3458519,0
          </coordinates>
        
        
      </Point>
      
      
    </Placemark>
    <Placemark>
      
        
      <name>PARKING BUS / Tours (FR)</name>
      
        
      <description>Parking bus gratuito también de noche en Tours Francia.</description>
      
        
      <styleUrl>#icon-1532-7CB342</styleUrl>
      
        
      <Point>
        
          
        <coordinates>
            0.701995,47.3836077,0
          </coordinates>
        
        
      </Point>
      
      
    </Placemark>
    <Placemark>
      
        
      <name>PARKING BUS / Disneyland Paris</name>
      
        
      <description>Parking para dejar pasajeros en Disneyland París </description>
      
        
      <styleUrl>#icon-1532-7CB342</styleUrl>
      
        
      <Point>
        
          
        <coordinates>
            2.7844498,48.8745043,0
          </coordinates>
        
        
      </Point>
      
      
    </Placemark>
    <Placemark>
      
        
      <name>PARKING BUS / Budapest (Hungría)</name>
      
        
      <description>Parking Bus gratuito al lado del Museo de Arte contemporáneo de Budapest.</description>
      
        
      <styleUrl>#icon-1532-7CB342</styleUrl>
      
        
      <Point>
        
          
        <coordinates>
            19.0787661,47.5134997,0
          </coordinates>
        
        
      </Point>
      
      
    </Placemark>
    <Placemark>
      
        
      <name>PARKING BUS / Potsdam (Alemania)</name>
      
        
      <description>Parking céntrico para poder hacer visitas.</description>
      
        
      <styleUrl>#icon-1532-7CB342</styleUrl>
      
        
      <Point>
        
          
        <coordinates>
            13.0600482,52.4006761,0
          </coordinates>
        
        
      </Point>
      
      
    </Placemark>
    <Placemark>
      
        
      <name>PARKING BUS / Nápoles (IT)</name>
      
        
      <description>Stazionamento autobus Sita sud</description>
      
        
      <styleUrl>#icon-1532-7CB342</styleUrl>
      
        
      <Point>
        
          
        <coordinates>
            14.2575025,40.8419143,0
          </coordinates>
        
        
      </Point>
      
      
    </Placemark>
    <Placemark>
      
        
      <name>PARKING BUS / Mechelen (Bélgica)</name>
      
        
      <description>1 plaza de Bus libre gratuita en Mechelen</description>
      
        
      <styleUrl>#icon-1532-7CB342</styleUrl>
      
        
      <Point>
        
          
        <coordinates>
            4.4985834,51.0264607,0
          </coordinates>
        
        
      </Point>
      
      
    </Placemark>
    <Placemark>
      
        
      <name>PHOENIX Park / Dublin, (Irlanda)</name>
      
        
      <description><![CDATA[Parking Bus reservadas 2 Plazas/ Phoenix Park Visitor Centre<br>Phoenix Park, Dublin, Irlanda]]></description>
      
        
      <styleUrl>#icon-1535-757575</styleUrl>
      
        
      <Point>
        
          
        <coordinates>
            -6.3319552,53.3646899,0
          </coordinates>
        
        
      </Point>
      
      
    </Placemark>
    <Placemark>
      
        
      <name>MINI EUROPA / Bruselas </name>
      
        
      <description>Parking para la visita de Mini Europa, Planetario , en Bruselas.</description>
      
        
      <styleUrl>#icon-1535-757575</styleUrl>
      
        
      <Point>
        
          
        <coordinates>
            4.3381933,50.893632,0
          </coordinates>
        
        
      </Point>
      
      
    </Placemark>
    <Placemark>
      
        
      <name>GREENWICH PARK (Parking) / Londres (Reino Unido)</name>
      
        
      <description>Parking en linea visita el parque y Observatorio.</description>
      
        
      <styleUrl>#icon-1532-7CB342</styleUrl>
      
        
      <Point>
        
          
        <coordinates>
            0.002091,51.4726401,0
          </coordinates>
        
        
      </Point>
      
      
    </Placemark>
    <Placemark>
      
        
      <name>PARKING 🅿️ / Engelberg (Suiza)</name>
      
        
      <description>Parking Teleférico de Engelberg.</description>
      
        
      <styleUrl>#icon-1644-0288D1</styleUrl>
      
        
      <Point>
        
          
        <coordinates>
            8.4157624,46.8186853,0
          </coordinates>
        
        
      </Point>
      
      
    </Placemark>
    <Placemark>
      
        
      <name>PARKING - C Y D 🅿️🔁 / Águilas (Murcia)</name>
      
        
      <description>Aqui se puede dejar pasajeros visita paseo maritimo de Águilas / OJO dejalo listo para dalir que no te dejen encerrado en temporada Alta.</description>
      
        
      <styleUrl>#icon-1644-0288D1</styleUrl>
      
        
      <Point>
        
          
        <coordinates>
            -1.5788379,37.402884,0
          </coordinates>
        
        
      </Point>
      
      
    </Placemark>
    <Placemark>
      
        
      <name>PARKING (Pago) 💰/ Praga (Chequia)</name>
      
        
      <description>Parking de pago en Praga </description>
      
        
      <styleUrl>#icon-1513-1A237E</styleUrl>
      
        
      <Point>
        
          
        <coordinates>
            14.439778,50.1087981,0
          </coordinates>
        
        
      </Point>
      
      
    </Placemark>
    <Placemark>
      
        
      <name>PARKING BUS ✅️ / Assisi (IT)</name>
      
        
      <description>Plazas de Parking reservadas para la visita de Assisi. Italia</description>
      
        
      <styleUrl>#icon-1532-7CB342</styleUrl>
      
        
      <Point>
        
          
        <coordinates>
            12.6018145,43.0781668,0
          </coordinates>
        
        
      </Point>
      
      
    </Placemark>
    <Placemark>
      
        
      <name>PARKING BUS ✅️ / Berna (SUIZA)</name>
      
        
      <description>Plaza de Bus en Berna</description>
      
        
      <styleUrl>#icon-1532-7CB342</styleUrl>
      
        
      <Point>
        
          
        <coordinates>
            7.4452261,46.9455435,0
          </coordinates>
        
        
      </Point>
      
      
    </Placemark>
    <Placemark>
      
        
      <name>PARKING BUS ✅️ / Estavayer-le-Lac (SUIZA)</name>
      
        
      <description>Plazas de Parking Bus Gratuito.</description>
      
        
      <styleUrl>#icon-1532-7CB342</styleUrl>
      
        
      <Point>
        
          
        <coordinates>
            6.8402764,46.8515031,0
          </coordinates>
        
        
      </Point>
      
      
    </Placemark>
    <Placemark>
      
        
      <name>PARKING BUS ✅️ Gretna (Reino Unido)</name>
      
        
      <description>8 Bensmoor Rd, Gretna Green, Gretna DG16 5EE, Reino Unido</description>
      
        
      <styleUrl>#icon-1532-7CB342</styleUrl>
      
        
      <Point>
        
          
        <coordinates>
            -3.061208,55.0059771,0
          </coordinates>
        
        
      </Point>
      
      
    </Placemark>
    <Placemark>
      
        
      <name>PARKING BUS ✅️ /Stratford-upon-Avon (Reino Unido)</name>
      
        
      <description>Parking Bus Bridgeway, Stratford-upon-Avon CV37 6YX, Reino Unido</description>
      
        
      <styleUrl>#icon-1532-7CB342</styleUrl>
      
        
      <Point>
        
          
        <coordinates>
            -1.6992608,52.1954152,0
          </coordinates>
        
        
      </Point>
      
      
    </Placemark>
    <Placemark>
      
        
      <name>PARKING BUS ✅️ / Waterford, (Irlanda)</name>
      
        
      <description>2 plazas de Parking Bus en Waterford, Irlanda</description>
      
        
      <styleUrl>#icon-1532-7CB342</styleUrl>
      
        
      <Point>
        
          
        <coordinates>
            -7.5067672,52.1292129,0
          </coordinates>
        
        
      </Point>
      
      
    </Placemark>
    <Placemark>
      
        
      <name>EUREXPO (Parking)✅️ / Chassieu (FR)</name>
      
        
      <description>Parking Bus Chassieu, Francia</description>
      
        
      <styleUrl>#icon-1532-7CB342</styleUrl>
      
        
      <Point>
        
          
        <coordinates>
            4.9482934,45.7322604,0
          </coordinates>
        
        
      </Point>
      
      
    </Placemark>
    <Placemark>
      
        
      <name>PARKING 🅿️ / Bron (FR)</name>
      
        
      <description>Psrking cerca de Espace Albert Camus</description>
      
        
      <styleUrl>#icon-1644-0288D1</styleUrl>
      
        
      <Point>
        
          
        <coordinates>
            4.9201597,45.7267715,0
          </coordinates>
        
        
      </Point>
      
      
    </Placemark>
    <Placemark>
      
        
      <name>PARKING BUS CHECPOINT Z2 🛃/ París (FR) </name>
      
        
      <description><![CDATA[PARKING BUS CHECPOINT Z2 / París (FR)<br>Parking Bus (2Plazas) Maximo 3h / Av/ Victor Hugo, París ]]></description>
      
        
      <styleUrl>#icon-1532-A52714</styleUrl>
      
        
      <Point>
        
          
        <coordinates>
            2.293786,48.8732853,0
          </coordinates>
        
        
      </Point>
      
      
    </Placemark>
    <Placemark>
      
        
      <name>PARKING BUS CHECPOINT Z2 🛃/ París (FR) </name>
      
        
      <description><![CDATA[PARKING BUS CHECPOINT Z2 / París (FR)<br>Parking Bus (2Plazas) Maximo 3h / Av/ Foch, París ]]></description>
      
        
      <styleUrl>#icon-1532-A52714</styleUrl>
      
        
      <Point>
        
          
        <coordinates>
            2.2935509,48.8737142,0
          </coordinates>
        
        
      </Point>
      
      
    </Placemark>
    <Placemark>
      
        
      <name>PARKING BUS CHECPOINT Z2 🛃 / París (FR) </name>
      
        
      <description><![CDATA[PARKING BUS CHECPOINT Z2 / París (FR)<br>Parking Bus (2Plazas) Maximo 3h / Av/ de la Grande Armée , París ]]></description>
      
        
      <styleUrl>#icon-1532-A52714</styleUrl>
      
        
      <Point>
        
          
        <coordinates>
            2.2937687,48.8742853,0
          </coordinates>
        
        
      </Point>
      
      
    </Placemark>
    <Placemark>
      
        
      <name>PARKING BUS CHECPOINT Z1 🛃/ París (FR)
</name>
      
        
      <description><![CDATA[PARKING BUS CHECPOINT Z2 / París (FR)<br>Parking Bus (2 Plazas) Maximo 3h / Av/ Hoche París ]]></description>
      
        
      <styleUrl>#icon-1532-A52714</styleUrl>
      
        
      <Point>
        
          
        <coordinates>
            2.2962176,48.8742465,0
          </coordinates>
        
        
      </Point>
      
      
    </Placemark>
    <Placemark>
      
        
      <name>PARKING BUS CHECPOINT Z2 🛃/ París (FR)
</name>
      
        
      <description><![CDATA[PARKING BUS CHECPOINT Z2 / París (FR) <br>Parking Bus (1Plaza) Maximo 3h / Av/ De Friedland  París ]]></description>
      
        
      <styleUrl>#icon-1532-A52714</styleUrl>
      
        
      <Point>
        
          
        <coordinates>
            2.2964016,48.8738597,0
          </coordinates>
        
        
      </Point>
      
      
    </Placemark>
    <Placemark>
      
        
      <name>PARKING Puerto 🅿️ / Liverpool (REINO U)</name>
      
        
      <description>Liverpool | Parking Puerto</description>
      
        
      <styleUrl>#icon-1644-0288D1</styleUrl>
      
        
      <Point>
        
          
        <coordinates>
            -2.98785,53.39545,0
          </coordinates>
        
        
      </Point>
      
      
    </Placemark>
    <Placemark>
      
        
      <name>PARKING BUS (Pago) 💰 / Dublin (IR)</name>
      
        
      <description>Entrada al Parking de Pago / 50 Plazas (10€ -15€  3Horas) / Precios aprox</description>
      
        
      <styleUrl>#icon-1513-000000</styleUrl>
      
        
      <Point>
        
          
        <coordinates>
            -6.2375564,53.3491987,0
          </coordinates>
        
        
      </Point>
      
      
    </Placemark>
    <Placemark>
      
        
      <name>PARKING BUS (Pago)💰/ Dublin (IR)</name>
      
        
      <description>Plazas reservadas para Bus en Cardiff Ln (MAX 2 Horas) Precio 9€/Hora en Dublin (Irlanda)</description>
      
        
      <styleUrl>#icon-1513-000000</styleUrl>
      
        
      <Point>
        
          
        <coordinates>
            -6.2404995,53.3456556,0
          </coordinates>
        
        
      </Point>
      
      
    </Placemark>
    <Placemark>
      
        
      <name>PARKING BUS ✅ /Dublin (IR)</name>
      
        
      <description>Parking Bus Gratuito en Phoenix Park / Papal Cross Car Park (Monumento dedicado al Papa Juan Pablo II</description>
      
        
      <styleUrl>#icon-1532-7CB342</styleUrl>
      
        
      <Point>
        
          
        <coordinates>
            -6.3261599,53.3569008,0
          </coordinates>
        
        
      </Point>
      
      
    </Placemark>
    <Placemark>
      
        
      <name>PARKING BUS ✅ / Malahide - Dublin (IR)</name>
      
        
      <description>Parking Bus 3 Plazas en Linea Gratuito Lateral parking</description>
      
        
      <styleUrl>#icon-1532-7CB342</styleUrl>
      
        
      <Point>
        
          
        <coordinates>
            -6.1574431,53.4437662,0
          </coordinates>
        
        
      </Point>
      
      
    </Placemark>
    <Placemark>
      
        
      <name>PARKING BUS ✅ / Malahide - Dublin (IR)</name>
      
        
      <description>Parking Bus 2 Plazas Gratuito</description>
      
        
      <styleUrl>#icon-1532-7CB342</styleUrl>
      
        
      <Point>
        
          
        <coordinates>
            -6.1429773,53.4506004,0
          </coordinates>
        
        
      </Point>
      
      
    </Placemark>
    <Placemark>
      
        
      <name>PARKING BUS ✅ / Donore (IR)</name>
      
        
      <description><![CDATA[Parking Bus  Gratuito / 9 Plazas / Lavabos /  Centro de visitantes de Brú na Bóinne / Brú na Bóinne, Stalleen, Donore, Co. Meath, A92 EH5C, Irlanda <br>www.heritageireland.ie <br>+353 41 988 0300]]></description>
      
        
      <styleUrl>#icon-1532-7CB342</styleUrl>
      
        
      <Point>
        
          
        <coordinates>
            -6.4466356,53.6947762,0
          </coordinates>
        
        
      </Point>
      
      
    </Placemark>
    <Placemark>
      
        
      <name>PARKING BUS ✅ / Malahide - Dublin (IR)</name>
      
        
      <description>Parking Bus Visita Malahide Castle Gratuito 7 Plazas / Lavabos </description>
      
        
      <styleUrl>#icon-1532-7CB342</styleUrl>
      
        
      <Point>
        
          
        <coordinates>
            -6.1625389,53.4446761,0
          </coordinates>
        
        
      </Point>
      
      
    </Placemark>
    <Placemark>
      
        
      <name>PARKING BUS ✅ / Belfast (Reino Unido)</name>
      
        
      <description>Parking Bus 4 Plazas Albert St / Belfast </description>
      
        
      <styleUrl>#icon-1532-7CB342</styleUrl>
      
        
      <Point>
        
          
        <coordinates>
            -5.9390794,54.597275,0
          </coordinates>
        
        
      </Point>
      
      
    </Placemark>
    <Placemark>
      
        
      <name>PARKING BUS ✅ / Belfast (Reino Unido)</name>
      
        
      <description>Parking Bus en Linea 4 Plazas / College Square. Belfast</description>
      
        
      <styleUrl>#icon-1532-7CB342</styleUrl>
      
        
      <Point>
        
          
        <coordinates>
            -5.9373823,54.5977924,0
          </coordinates>
        
        
      </Point>
      
      
    </Placemark>
    <Placemark>
      
        
      <name>PARKING BUS ✅ / Tralee  (IR)</name>
      
        
      <description>Parking Bus Gratuito / 2 Plazas. delante Kerry County Museum </description>
      
        
      <styleUrl>#icon-1532-7CB342</styleUrl>
      
        
      <Point>
        
          
        <coordinates>
            -9.7053919,52.2668219,0
          </coordinates>
        
        
      </Point>
      
      
    </Placemark>
    <Placemark>
      
        
      <name>PARKING BUS ✅ / Tralee (IR)</name>
      
        
      <description>Parking Bus  gratuito / 2 Plazas  Godfrey Pl  / Tralee (Irlanda)</description>
      
        
      <styleUrl>#icon-1532-7CB342</styleUrl>
      
        
      <Point>
        
          
        <coordinates>
            -9.7122732,52.2670685,0
          </coordinates>
        
        
      </Point>
      
      
    </Placemark>
    <Placemark>
      
        
      <name>PARKING BUS ✅/ Lahinch (IR)</name>
      
        
      <description>Parking Bus 6 Plazas gratuito  . Sin tiempo / Promenade / Lahinch,Irlanda</description>
      
        
      <styleUrl>#icon-1532-7CB342</styleUrl>
      
        
      <Point>
        
          
        <coordinates>
            -9.347415,52.9331196,0
          </coordinates>
        
        
      </Point>
      
      
    </Placemark>
    <Placemark>
      
        
      <name>PARKING BUS ✅ Dublin (IR)</name>
      
        
      <description>Parking Bus Gratuito  / 3 Plazas Jardin Botanico  / Botanic Lane , Dublin (Irlanda)</description>
      
        
      <styleUrl>#icon-1532-7CB342</styleUrl>
      
        
      <Point>
        
          
        <coordinates>
            -6.270413,53.371062,0
          </coordinates>
        
        
      </Point>
      
      
    </Placemark>
    <Placemark>
      
        
      <name>PARKING BUS CHECPOINT Z2 🛃  / París (FR) </name>
      
        
      <description>Parking Bus (2Plazas) Maximo 3h / Av/ D´Iéna,  París </description>
      
        
      <styleUrl>#icon-1532-A52714</styleUrl>
      
        
      <Point>
        
          
        <coordinates>
            2.2951771,48.8729661,0
          </coordinates>
        
        
      </Point>
      
      
    </Placemark>
    <Placemark>
      
        
      <name>PARKING BUS CHECPOINT Z2 🛃/ París (FR) </name>
      
        
      <description>Parking Bus (2Plazas) Maximo 3h / Av/ Klever, París </description>
      
        
      <styleUrl>#icon-1532-A52714</styleUrl>
      
        
      <Point>
        
          
        <coordinates>
            2.2944056,48.8729598,0
          </coordinates>
        
        
      </Point>
      
      
    </Placemark>
    <Placemark>
      
        
      <name>PARKING 🅿️ / La Ràpita (Tarragona)</name>
      
        
      <description>Parking Mixto en La Ràpita zona deportiva. Av/ del Sagrat Cor.</description>
      
        
      <styleUrl>#icon-1644-0288D1</styleUrl>
      
        
      <Point>
        
          
        <coordinates>
            0.5900075,40.6261101,0
          </coordinates>
        
        
      </Point>
      
      
    </Placemark>
    <Placemark>
      
        
      <name><![CDATA[ALBERGUE Los Josepets 🚸 / Les Cases d'Alcanar (Tarragona)]]></name>
      
        
      <description>Parking para dejar grupos en el ALBERGUE Los Josepets.</description>
      
        
      <styleUrl>#icon-1682-673AB7</styleUrl>
      
        
      <Point>
        
          
        <coordinates>
            0.5272672,40.5534642,0
          </coordinates>
        
        
      </Point>
      
      
    </Placemark>
    <Placemark>
      
        
      <name><![CDATA[PARKING 🅿️ / Les Cases d'Alcanar (Tarragona)]]></name>
      
        
      <description><![CDATA[Parking Público de tierra Mixto gratuito en Les Cases d'Alcanar (Tarragona).]]></description>
      
        
      <styleUrl>#icon-1644-0288D1</styleUrl>
      
        
      <Point>
        
          
        <coordinates>
            0.5273003,40.5532302,0
          </coordinates>
        
        
      </Point>
      
      
    </Placemark>
    <Placemark>
      
        
      <name>ÁREA Servicio Lleida 🍽 / Lleida</name>
      
        
      <description>3 Plazas Bus . OJO NO entres por donde estan los voladizos de parking coches que esta estrecho / Área de Servicio Lleida. Autopista AP-2, Km. 143 Dirección Lleida, 25161 Alfés, Lérida +34 973 13 60 24</description>
      
        
      <styleUrl>#icon-1577-795548</styleUrl>
      
        
      <Point>
        
          
        <coordinates>
            0.6391034,41.5427786,0
          </coordinates>
        
        
      </Point>
      
      
    </Placemark>
    <Placemark>
      
        
      <name>PARKING BUS ✅️ / Sitges (Barcelona)</name>
      
        
      <description><![CDATA[Parking Bus en linea Gratuito, sin tiempo en C/ D'Issac Peral en Sitges.]]></description>
      
        
      <styleUrl>#icon-1532-7CB342</styleUrl>
      
        
      <Point>
        
          
        <coordinates>
            1.7866182,41.2265847,0
          </coordinates>
        
        
      </Point>
      
      
    </Placemark>
    <Placemark>
      
        
      <name>PARKING 🅿️ / Caldes De Montbui (Barcelona)</name>
      
        
      <description>Parking mixto de tierra gratuito, sin tiempo.</description>
      
        
      <styleUrl>#icon-1644-0288D1</styleUrl>
      
        
      <Point>
        
          
        <coordinates>
            2.1572665,41.6377578,0
          </coordinates>
        
        
      </Point>
      
      
    </Placemark>
    <Placemark>
      
        
      <name>BODAS Miravent 💍 / Vilanova del Vallès (Barcelona)</name>
      
        
      <description><![CDATA[Parking Restaurante Miravent / si te quedas dejalo encarado para poder salir. Camí de Vilassar, s/n, 08410, Barcelona <br>www.miraventbodas.com <br>+34 617 47 51 35]]></description>
      
        
      <styleUrl>#icon-1613-F9A825</styleUrl>
      
        
      <Point>
        
          
        <coordinates>
            2.2938788,41.5448098,0
          </coordinates>
        
        
      </Point>
      
      
    </Placemark>
    <Placemark>
      
        
      <name>ERMITA Mare de deu de la Roca 🕍 / Mont-Roig (Tarragona)</name>
      
        
      <description>Parking de la Ermita. Se llega sin problema sitio amplio para hacer maniobra cambio sentido.</description>
      
        
      <styleUrl>#icon-1670-E65100</styleUrl>
      
        
      <Point>
        
          
        <coordinates>
            0.938028,41.0955651,0
          </coordinates>
        
        
      </Point>
      
      
    </Placemark>
    <Placemark>
      
        
      <name>GRANJA Escuela Les Pedreres 🚸 / Sant Fruitós de Bages (Barcelona)</name>
      
        
      <description><![CDATA[Parking Granja Escuela Les Pedreres / Camí de Viladordis, s/n, 08272 Sant Fruitós de Bages, Barcelona. <br>www.granjaescolalespedreres.cat <br>+34 618 31 22 30]]></description>
      
        
      <styleUrl>#icon-1682-673AB7</styleUrl>
      
        
      <Point>
        
          
        <coordinates>
            1.872239,41.7389889,0
          </coordinates>
        
        
      </Point>
      
      
    </Placemark>
    <Placemark>
      
        
      <name>Poblado Ibérico de Ullastret 📸 / Ullastret (Girona)</name>
      
        
      <description>Parking mixto gratuito, hay plaza reservada Bus, Otra cosa es que la respeten.</description>
      
        
      <styleUrl>#icon-1596-1A237E</styleUrl>
      
        
      <Point>
        
          
        <coordinates>
            3.076886,42.0075165,0
          </coordinates>
        
        
      </Point>
      
      
    </Placemark>
    <Placemark>
      
        
      <name>Gnomo Park 🎡 / Lloret de Mar (Girona)</name>
      
        
      <description>Parking Mixto no hay reserva Bus pero puedes entrar y buscar Hueco / Dejalo encarado para poder salir / Carretera de Lloret a Blanes GI682, KM 7.8, Lloret de Mar, Girona www.gnomo-park.com +34 680 83 02 93</description>
      
        
      <styleUrl>#icon-1502-C2185B</styleUrl>
      
        
      <Point>
        
          
        <coordinates>
            2.814855,41.693984,0
          </coordinates>
        
        
      </Point>
      
      
    </Placemark>
    <Placemark>
      
        
      <name>RESTAURANTE Les Mallorquines  🍽 / Les Mallorquines (Girona)</name>
      
        
      <description>Parking de tierra Mixto / Aceptan grupos eeserva/   Suele estar lleno de coches pero siempre hay huevos. Tienen que cruzar carretera si los dejas aquí.</description>
      
        
      <styleUrl>#icon-1577-795548</styleUrl>
      
        
      <Point>
        
          
        <coordinates>
            2.7322862,41.818783,0
          </coordinates>
        
        
      </Point>
      
      
    </Placemark>
    <Placemark>
      
        
      <name>SANTUARIO De Lourdes 🕍 / Prats de Lluçanès (Barcelona)</name>
      
        
      <description>Parking para visitar el Santiario. Se puede subir sin problema.</description>
      
        
      <styleUrl>#icon-1670-E65100</styleUrl>
      
        
      <Point>
        
          
        <coordinates>
            2.0382355,42.0086028,0
          </coordinates>
        
        
      </Point>
      
      
    </Placemark>
    <Placemark>
      
        
      <name>PARKING 🅿️ / Perafita (Barcelona)</name>
      
        
      <description>Parking de tierra Mixto a las afueras de la población de Perafita.</description>
      
        
      <styleUrl>#icon-1644-0288D1</styleUrl>
      
        
      <Point>
        
          
        <coordinates>
            2.1098758,42.0456417,0
          </coordinates>
        
        
      </Point>
      
      
    </Placemark>
    <Placemark>
      
        
      <name>PARKING BUS ✅️ / Anglès (Girona)</name>
      
        
      <description>1 Plaza de Parking sin tiempo gratuito en Av/ Floricel de Anglés.NO Usar en horario escolar Colegio Pompeu Fabra.</description>
      
        
      <styleUrl>#icon-1532-7CB342</styleUrl>
      
        
      <Point>
        
          
        <coordinates>
            2.6371409,41.9534265,0
          </coordinates>
        
        
      </Point>
      
      
    </Placemark>
    <Placemark>
      
        
      <name>PARKING 🅿️ / Anglès (Girona)</name>
      
        
      <description>Parking tierra Mixto gratuito también camiones.</description>
      
        
      <styleUrl>#icon-1644-0288D1</styleUrl>
      
        
      <Point>
        
          
        <coordinates>
            2.6349562,41.9587222,0
          </coordinates>
        
        
      </Point>
      
      
    </Placemark>
    <Placemark>
      
        
      <name>ERMITA De Sant Josep 🕍 / Montblanc (Tarragona)</name>
      
        
      <description>Parking de tierra visita Ermita /  Si hay coches complicado dar la vuelta. </description>
      
        
      <styleUrl>#icon-1670-E65100</styleUrl>
      
        
      <Point>
        
          
        <coordinates>
            1.1544572,41.3649052,0
          </coordinates>
        
        
      </Point>
      
      
    </Placemark>
    <Placemark>
      
        
      <name>PARQUE Montnegre y el Corredor 🌲 / Dosrius (Barcelona)</name>
      
        
      <description>Parking del Corredor. Si este está lleno puedes ir al de más arriba. Llevate comida el restaurante abre pocos días a la semana. Suelen venir muchos colegios a pasar el día, Haz la maniobra con calma ya que se te puede complicar.</description>
      
        
      <styleUrl>#icon-1542-3949AB</styleUrl>
      
        
      <Point>
        
          
        <coordinates>
            2.4701514,41.6216062,0
          </coordinates>
        
        
      </Point>
      
      
    </Placemark>
    <Placemark>
      
        
      <name>PARQUE Montnegre y el Corredor 🌲 / Dosrius (Barcelona)</name>
      
        
      <description>Aquí también puedes aparcar si el parking de abajo está lleno.</description>
      
        
      <styleUrl>#icon-1542-3949AB</styleUrl>
      
        
      <Point>
        
          
        <coordinates>
            2.4808492,41.6261189,0
          </coordinates>
        
        
      </Point>
      
      
    </Placemark>
    <Placemark>
      
        
      <name>PARKING BUS ✅️ / Huesca</name>
      
        
      <description>Parking Bus 2 Plazas en Rda Misericordia en Huesca junto Piscina Almeriz. / Gracias Neil </description>
      
        
      <styleUrl>#icon-1532-7CB342</styleUrl>
      
        
      <Point>
        
          
        <coordinates>
            -0.4053825,42.1419325,0
          </coordinates>
        
        
      </Point>
      
      
    </Placemark>
    <Placemark>
      
        
      <name>PARKING 🅿️ / Porrúa (Asturias)</name>
      
        
      <description>Parking Mixto a las afueras de Porrúa.</description>
      
        
      <styleUrl>#icon-1644-0288D1</styleUrl>
      
        
      <Point>
        
          
        <coordinates>
            -4.8040252,43.4145391,0
          </coordinates>
        
        
      </Point>
      
      
    </Placemark>
    <Placemark>
      
        
      <name>PARKING 🅿️ / Fuendetodos (Zaragoza)</name>
      
        
      <description>Parking de tierra a las afueras de la población. </description>
      
        
      <styleUrl>#icon-1644-0288D1</styleUrl>
      
        
      <Point>
        
          
        <coordinates>
            -0.9570806,41.3402203,0
          </coordinates>
        
        
      </Point>
      
      
    </Placemark>
    <Placemark>
      
        
      <name>PARKING BUS ✅ / Florencia (IT)</name>
      
        
      <description>Parking Bus 11 Plazas en Viale Machiaavelli Florencia. (Italia) /  (MOTOR PARADO)</description>
      
        
      <styleUrl>#icon-1532-7CB342</styleUrl>
      
        
      <Point>
        
          
        <coordinates>
            11.2502448,43.7557017,0
          </coordinates>
        
        
      </Point>
      
      
    </Placemark>
    <Placemark>
      
        
      <name>PARKING BUS ✅ / Florencia (IT)</name>
      
        
      <description>Parking Bus 10 Plazas / en Vía madre Teresa de Calcutta en Florencia</description>
      
        
      <styleUrl>#icon-1532-7CB342</styleUrl>
      
        
      <Point>
        
          
        <coordinates>
            11.2204413,43.8194497,0
          </coordinates>
        
        
      </Point>
      
      
    </Placemark>
    <Placemark>
      
        
      <name>CASTILLO Monasterio San Miguel de Escornalbou 🕍 / Riudecanyes (Tarragona)</name>
      
        
      <description>Parking gratuito mixto visita Castillo Monasterio .</description>
      
        
      <styleUrl>#icon-1598-424242</styleUrl>
      
        
      <Point>
        
          
        <coordinates>
            0.9169467,41.1281653,0
          </coordinates>
        
        
      </Point>
      
      
    </Placemark>
    <Placemark>
      
        
      <name>PARKING BUS ✅️ / Eibar (Guipúzcoa </name>
      
        
      <description><![CDATA[7 Plazas de Bus en Polideportivo Municipal. / Polideportivo Municipal.<br>Otaola Hiribidea, 33, 20600 Éibar, Gipuzkoa<br>www.eibarkirola.eus<br>+34 943 70 15 06]]></description>
      
        
      <styleUrl>#icon-1532-7CB342</styleUrl>
      
        
      <Point>
        
          
        <coordinates>
            -2.467727,43.1761894,0
          </coordinates>
        
        
      </Point>
      
      
    </Placemark>
    <Placemark>
      
        
      <name>HOTEL Monasterio De Les Avellanes 🛏 / Os de Balaguer (Lleida)</name>
      
        
      <description>Parking mixto de tierra de la Hospedería Monasterio de Les Avellanes.Monestir de les Avellanes, C-12, Km. 181, 25612 Os de Balaguer, Lleida www.monestirdelesavellanes.com +34 973 43 80 06</description>
      
        
      <styleUrl>#icon-1602-9C27B0</styleUrl>
      
        
      <Point>
        
          
        <coordinates>
            0.7580007,41.8755998,0
          </coordinates>
        
        
      </Point>
      
      
    </Placemark>
    <Placemark>
      
        
      <name>MONASTERIO de Avellanes 🕍 / (Lérida)

</name>
      
        
      <description>Parking de tierra visitas Monestir de Avellanes, Lérida www.invarquit.cultura.gencat.cat</description>
      
        
      <styleUrl>#icon-1670-E65100</styleUrl>
      
        
      <Point>
        
          
        <coordinates>
            0.7581227,41.8756546,0
          </coordinates>
        
        
      </Point>
      
      
    </Placemark>
    <Placemark>
      
        
      <name>PK BUS ✅️ / Espelette (FR)</name>
      
        
      <description>Parking Bus gratuito / si no está ocupado por los listos.</description>
      
        
      <styleUrl>#icon-1532-7CB342</styleUrl>
      
        
      <Point>
        
          
        <coordinates>
            -1.4473786,43.3386298,0
          </coordinates>
        
        
      </Point>
      
      
    </Placemark>
    <Placemark>
      
        
      <name>HOTEL Reyes Ziríes 🛏 / Albolote (Granada)</name>
      
        
      <description><![CDATA[Parking del Hotel / 5 plazas reservadas / Autovía Km. 239, A-92, 18220 Albolote, Granada <br>www.hotelreyesziries.com <br>+34 958 43 05 38]]></description>
      
        
      <styleUrl>#icon-1602-9C27B0</styleUrl>
      
        
      <Point>
        
          
        <coordinates>
            -3.6690236,37.2313958,0
          </coordinates>
        
        
      </Point>
      
      
    </Placemark>
    <Placemark>
      
        
      <name>HOTEL ILUNION Golf 🛏️ / Badajoz</name>
      
        
      <description><![CDATA[Parking Hotel / Urb. Golf Guadiana, 161, 06195 Badajoz <br>www.iluniongolfbadajoz.com <br>+34 924 44 37 11]]></description>
      
        
      <styleUrl>#icon-1602-9C27B0</styleUrl>
      
        
      <Point>
        
          
        <coordinates>
            -6.8815214,38.8820487,0
          </coordinates>
        
        
      </Point>
      
      
    </Placemark>
    <Placemark>
      
        
      <name>PARKING 🅿️ / Creixell (Tarragona)</name>
      
        
      <description>Parking de tierra Mixto en Creixell.</description>
      
        
      <styleUrl>#icon-1644-0288D1</styleUrl>
      
        
      <Point>
        
          
        <coordinates>
            1.4353908,41.1602863,0
          </coordinates>
        
        
      </Point>
      
      
    </Placemark>
    <Placemark>
      
        
      <name>PARKING 🅿️ / Roda de Bará (Tarragona)</name>
      
        
      <description>Parking mixto para camiones autocares y se meten coches. Si puedes meterte dejalo para poder salir.</description>
      
        
      <styleUrl>#icon-1644-0288D1</styleUrl>
      
        
      <Point>
        
          
        <coordinates>
            1.4524877,41.1825506,0
          </coordinates>
        
        
      </Point>
      
      
    </Placemark>
    <Placemark>
      
        
      <name>PARKING 🅿️ / Vila-Rodona (Tarragona)</name>
      
        
      <description>Parking en el Polígono de Vila-Rodona.</description>
      
        
      <styleUrl>#icon-1644-0288D1</styleUrl>
      
        
      <Point>
        
          
        <coordinates>
            1.3444284,41.2929846,0
          </coordinates>
        
        
      </Point>
      
      
    </Placemark>
    <Placemark>
      
        
      <name>PARKING 🅿️ / Masnou (Barcelona)</name>
      
        
      <description>Pequeño parking asfaltado. Para dejar grupos si van al Polideportivo Municipal del Masnou. Que bajen y suban andando que son deportistas.</description>
      
        
      <styleUrl>#icon-1644-0288D1</styleUrl>
      
        
      <Point>
        
          
        <coordinates>
            2.3213884,41.487095,0
          </coordinates>
        
        
      </Point>
      
      
    </Placemark>
    <Placemark>
      
        
      <name>PARKING BUS ✅️ / Roses (Girona)</name>
      
        
      <description><![CDATA[Terreno particular de Autocares Viñolas. Permite dejar el Bus gratuito. Gran detalle por su parte. Llamar antes. 972 25 66 17  /  972 15 24 37<br>joan@autocarsvinolas.com]]></description>
      
        
      <styleUrl>#icon-1532-7CB342</styleUrl>
      
        
      <Point>
        
          
        <coordinates>
            3.1620699,42.2676704,0
          </coordinates>
        
        
      </Point>
      
      
    </Placemark>
    <Placemark>
      
        
      <name>PARKING BUS ✅️ / Roc de Sant Gaietà (Tarragona)</name>
      
        
      <description>Parking Gratuito 5 Plazas / Roc de Sant Gaietà, Tarragona / siguenos en nuestro grupo de Telegram @viabus23 </description>
      
        
      <styleUrl>#icon-1532-7CB342</styleUrl>
      
        
      <Point>
        
          
        <coordinates>
            1.4896082,41.1731441,0
          </coordinates>
        
        
      </Point>
      
      
    </Placemark>
    <Placemark>
      
        
      <name>AIRA Natura Parque Aventuras 🎡 / Sant Antoni de Vilamajor (Barcelona)</name>
      
        
      <description>Parking donde se dejan grupos para el parque Aira Natura de Sant Antoni de Vilamajor. www.airanatura.com</description>
      
        
      <styleUrl>#icon-1502-C2185B</styleUrl>
      
        
      <Point>
        
          
        <coordinates>
            2.390783,41.6661137,0
          </coordinates>
        
        
      </Point>
      
      
    </Placemark>
    <Placemark>
      
        
      <name>PARKING BUS ℹ️ / Praga (CH)</name>
      
        
      <description>Parking Bus en Linea incluso debajo del túnel </description>
      
        
      <styleUrl>#line-0288D1-5651</styleUrl>
      
        
      <LineString>
        
          
        <tessellate>1</tessellate>
        
          
        <coordinates>
            14.4147843,50.0932479,0
            14.4149781,50.0932855,0
            14.4150568,50.0933116,0
            14.4152263,50.0933627,0
            14.4154628,50.0934366,0
            14.4157101,50.0935113,0
            14.4160454,50.0936125,0
            14.4168575,50.0938541,0
            14.4169374,50.0938682,0
            14.417088,50.0938958,0
            14.4172071,50.0939138,0
            14.4175797,50.0939678,0
          </coordinates>
        
        
      </LineString>
      
      
    </Placemark>
    <Placemark>
      
        
      <name>PARKING BUS ✅️ / Praga (CH)</name>
      
        
      <description>Parking en linea al lado del río incluso debajo túnel. </description>
      
        
      <styleUrl>#icon-1532-7CB342</styleUrl>
      
        
      <Point>
        
          
        <coordinates>
            14.4149417,50.093275,0
          </coordinates>
        
        
      </Point>
      
      
    </Placemark>
    <Placemark>
      
        
      <name>PARKING (Pago) 💰 / Praga (CH)</name>
      
        
      <description>Parking de pago pocas plazas suelen estar llenas.cerca estación tren.Praga.</description>
      
        
      <styleUrl>#icon-1513-1A237E</styleUrl>
      
        
      <Point>
        
          
        <coordinates>
            14.4346602,50.0839484,0
          </coordinates>
        
        
      </Point>
      
      
    </Placemark>
    <Placemark>
      
        
      <name>Salida Parking</name>
      
        
      <description>Salida Parkkng después de la visita.</description>
      
        
      <styleUrl>#line-9C27B0-5814</styleUrl>
      
        
      <LineString>
        
          
        <tessellate>1</tessellate>
        
          
        <coordinates>
            -8.6621906,39.6158288,0
            -8.6619027,39.6158333,0
            -8.6613829,39.6158758,0
            -8.6609167,39.615873,0
            -8.6605323,39.6159151,0
            -8.6602644,39.6160194,0
            -8.6599532,39.6161981,0
            -8.6597807,39.6163551,0
            -8.6596098,39.6167039,0
            -8.6594388,39.6170928,0
            -8.6594424,39.6171799,0
            -8.6595615,39.6171802,0
            -8.6603264,39.6172015,0
            -8.6609675,39.6172575,0
            -8.6612887,39.6172567,0
            -8.6613664,39.6172726,0
            -8.6614495,39.6173822,0
            -8.6616097,39.6178799,0
          </coordinates>
        
        
      </LineString>
      
      
    </Placemark>
    <Placemark>
      
        
      <name>Entrada a Parking</name>
      
        
      <description>Visita Pastorcillos</description>
      
        
      <styleUrl>#line-F9A825-5362</styleUrl>
      
        
      <LineString>
        
          
        <tessellate>1</tessellate>
        
          
        <coordinates>
            -8.6617163,39.6181377,0
            -8.6619519,39.6179676,0
            -8.6622509,39.617728,0
            -8.6625307,39.6174565,0
            -8.6628271,39.6172218,0
            -8.6630952,39.6169241,0
            -8.6632536,39.6166738,0
            -8.6626544,39.6162721,0
            -8.6626157,39.6162004,0
          </coordinates>
        
        
      </LineString>
      
      
    </Placemark>
    <Placemark>
      
        
      <name>AQUOPOLIS Cullera 🎡 / Cullera (Valencia)</name>
      
        
      <description><![CDATA[Parking parque acuático / 5PPV+9V, Antigua Carretera Nazaret-Oliva, km. 33, 46400 Valencia <br> www.cullera.aquopolis.es <br>+34 961 73 80 52]]></description>
      
        
      <styleUrl>#icon-1502-C2185B</styleUrl>
      
        
      <Point>
        
          
        <coordinates>
            -0.2550622,39.1849776,0
          </coordinates>
        
        
      </Point>
      
      
    </Placemark>
    <Placemark>
      
        
      <name>PARKING BUS ✅️ / Mairena de Aljarafe (Sevilla)</name>
      
        
      <description>Parking Bus de 9h a 13h / Martes ,Miércoles, Jueves y viernes</description>
      
        
      <styleUrl>#icon-1532-7CB342</styleUrl>
      
        
      <Point>
        
          
        <coordinates>
            -6.0441855,37.3518139,0
          </coordinates>
        
        
      </Point>
      
      
    </Placemark>
    <Placemark>
      
        
      <name>AQUARAMA 🎡 Benicassim (Castellón)</name>
      
        
      <description><![CDATA[Parking parque acuático Aquarama / N-340, km. 986, 8, 12560 Benicasim, Castellón <br>www.aquarama.net <br>+34 964 30 33 21 ]]></description>
      
        
      <styleUrl>#icon-1502-C2185B</styleUrl>
      
        
      <Point>
        
          
        <coordinates>
            0.0494054,40.0469749,0
          </coordinates>
        
        
      </Point>
      
      
    </Placemark>
    <Placemark>
      
        
      <name>PARKING 🅿️ / Benicassim (Castellón)</name>
      
        
      <description>Parking de tierra gratuito a las afueras de Benicassim.</description>
      
        
      <styleUrl>#icon-1644-0288D1</styleUrl>
      
        
      <Point>
        
          
        <coordinates>
            0.0563452,40.0500905,0
          </coordinates>
        
        
      </Point>
      
      
    </Placemark>
    <Placemark>
      
        
      <name>PARKING BUS ✅️ / Matemale (FR)</name>
      
        
      <description>Parking Bus Gratuito en Linea. Zona Deportiva de Matemale (Francia)</description>
      
        
      <styleUrl>#icon-1532-7CB342</styleUrl>
      
        
      <Point>
        
          
        <coordinates>
            2.1116058,42.5809374,0
          </coordinates>
        
        
      </Point>
      
      
    </Placemark>
    <Placemark>
      
        
      <name>PARKING ✅ / La Molina (Girona)</name>
      
        
      <description>Parking amplio de tierra gratuito cerca de los albergues.</description>
      
        
      <styleUrl>#icon-1644-0288D1</styleUrl>
      
        
      <Point>
        
          
        <coordinates>
            1.9578053,42.3413854,0
          </coordinates>
        
        
      </Point>
      
      
    </Placemark>
    <Placemark>
      
        
      <name>PARKING BUS Escolar 🅿️ / Sant Cugat (Barcelona)</name>
      
        
      <description>Parking Bus Escolar en Linea. NO usar salidas y entradas a colegio.</description>
      
        
      <styleUrl>#icon-1532-F57C00</styleUrl>
      
        
      <Point>
        
          
        <coordinates>
            2.0908082,41.4662946,0
          </coordinates>
        
        
      </Point>
      
      
    </Placemark>
    <Placemark>
      
        
      <name>PARKING BUS ✅ / Deltebre (Tarragona)</name>
      
        
      <description>Parking Bus gratuito zona de supeercado. Para visita el Ecomuseo.</description>
      
        
      <styleUrl>#icon-1532-7CB342</styleUrl>
      
        
      <Point>
        
          
        <coordinates>
            0.7237538,40.7231884,0
          </coordinates>
        
        
      </Point>
      
      
    </Placemark>
    <Placemark>
      
        
      <name>PARKING 🅿️ / La Antilla - Lepe (Huelva)</name>
      
        
      <description>Parking de tierra gratuito en La Antilla. Para dejarlo aparcado o esperar. // Gracias Compañero Gonzalo👍🏼</description>
      
        
      <styleUrl>#icon-1644-0288D1</styleUrl>
      
        
      <Point>
        
          
        <coordinates>
            -7.2221841,37.2081426,0
          </coordinates>
        
        
      </Point>
      
      
    </Placemark>
    <Placemark>
      
        
      <name>PARKING 🅿️ / Noreña (Asturias)</name>
      
        
      <description>Aquí se suele aparcar también de noche. Junto vías tren. Noreña (Asturias)</description>
      
        
      <styleUrl>#icon-1644-0288D1</styleUrl>
      
        
      <Point>
        
          
        <coordinates>
            -5.7031003,43.3958556,0
          </coordinates>
        
        
      </Point>
      
      
    </Placemark>
    <Placemark>
      
        
      <name>PARKING BUS ✅ / Avilés (Asturias)</name>
      
        
      <description>Parking Bus gratuito en linea al lado de Palacio deportes de Avilés.</description>
      
        
      <styleUrl>#icon-1532-7CB342</styleUrl>
      
        
      <Point>
        
          
        <coordinates>
            -5.9356212,43.5560771,0
          </coordinates>
        
        
      </Point>
      
      
    </Placemark>
    <Placemark>
      
        
      <name>PARKING 🅿️ / Perán (Asturias)</name>
      
        
      <description>Parking público mixto gratuito de tierra. Déjalo para poder salir en caso que se llene.</description>
      
        
      <styleUrl>#icon-1644-0288D1</styleUrl>
      
        
      <Point>
        
          
        <coordinates>
            -5.75779,43.5826953,0
          </coordinates>
        
        
      </Point>
      
      
    </Placemark>
    <Placemark>
      
        
      <name>PARKING BUS ✅ /  Sant Antoni de Calonge (Girona)</name>
      
        
      <description>2 Plazas de BUS Gratis afueras población al lado de centro deporte y Salud Gavarres. Sant Antoni de Calonge, Girona.</description>
      
        
      <styleUrl>#icon-1532-7CB342</styleUrl>
      
        
      <Point>
        
          
        <coordinates>
            3.1149867,41.8526587,0
          </coordinates>
        
        
      </Point>
      
      
    </Placemark>
    <Placemark>
      
        
      <name>PARKING 🅿️ / Chiclana de la Frontera (Cádiz)</name>
      
        
      <description>Puedes aparcar en Avenida Octavio Augusto. / Urbanización Santi Petri. gracias al Amigo Gonzalo por la Información 👍🏼</description>
      
        
      <styleUrl>#icon-1644-0288D1</styleUrl>
      
        
      <Point>
        
          
        <coordinates>
            -6.1643177,36.3620923,0
          </coordinates>
        
        
      </Point>
      
      
    </Placemark>
    <Placemark>
      
        
      <name>PARKING BUS ✅ / Jerez de La Frontera (Cádiz)</name>
      
        
      <description>Parking Bus gratuito en Av/ Rey Felipe VI a las afueras de Jerez de la Frontera. Gracias Lucía!!.</description>
      
        
      <styleUrl>#icon-1532-7CB342</styleUrl>
      
        
      <Point>
        
          
        <coordinates>
            -6.1535808,36.6865096,0
          </coordinates>
        
        
      </Point>
      
      
    </Placemark>
    <Placemark>
      
        
      <name>BODAS Restaurante Masia Pinguillem 💍 / Sant Andreu de Vola (Barcelona)</name>
      
        
      <description>Parking Masia / Déjalo encarado para que puedas salir, que se llena de los invitados  y no piensan mucho / Carretera C-37, km. 163, 08572 Sant Andreu de la Vola, Barcelonawww.masiapiguillem.com+34 938 58 43 80</description>
      
        
      <styleUrl>#icon-1613-F9A825</styleUrl>
      
        
      <Point>
        
          
        <coordinates>
            2.3569339,42.0889536,0
          </coordinates>
        
        
      </Point>
      
      
    </Placemark>
    <Placemark>
      
        
      <name>Totem Sports Center ⚽ / Tordera (Barcelona)</name>
      
        
      <description>Parking de tierra. Campo de de Fútbol Totem Sports Center / Campeonatos de verano. </description>
      
        
      <styleUrl>#icon-1696-006064</styleUrl>
      
        
      <Point>
        
          
        <coordinates>
            2.7569986,41.688527,0
          </coordinates>
        
        
      </Point>
      
      
    </Placemark>
    <Placemark>
      
        
      <name>HOTEL Velada 🛏️ / Mérida (Badajoz)</name>
      
        
      <description>Parking Bus Hotel Velada. Entradas por C/ Octavio Augusto. Merida. Badajozwww.hotelveladamerida.com +34 924 31 51 10</description>
      
        
      <styleUrl>#icon-1602-9C27B0</styleUrl>
      
        
      <Point>
        
          
        <coordinates>
            -6.3321783,38.9134804,0
          </coordinates>
        
        
      </Point>
      
      
    </Placemark>
    <Placemark>
      
        
      <name>HOTEL Ilunion Las Lomas 🛏️ / Mérida (Badajoz)</name>
      
        
      <description><![CDATA[Parking Hotel Las Lomas 1 Plaza Mérida, Badajoz <br>www.ilunionlaslomas.com <br>+34 924 31 10 11]]></description>
      
        
      <styleUrl>#icon-1602-9C27B0</styleUrl>
      
        
      <Point>
        
          
        <coordinates>
            -6.3172896,38.9293678,0
          </coordinates>
        
        
      </Point>
      
      
    </Placemark>
    <Placemark>
      
        
      <name>IES Valverde de Lucerna 🚸 / Puebla de Sanabria (Zamora)</name>
      
        
      <description>Parking tierra Instituto. Ctra. Lago, 30, 49300 Puebla de Sanabria,  Zamora  www.iesvalverdedelucerna.centros.educa.jcyl.es +34 980 62 05 20  </description>
      
        
      <styleUrl>#icon-1682-FFD600</styleUrl>
      
        
      <Point>
        
          
        <coordinates>
            -6.6255591,42.0576483,0
          </coordinates>
        
        
      </Point>
      
      
    </Placemark>
    <Placemark>
      
        
      <name>PARKING BUS ✅ / Puebla de Sanabria (Zamora)</name>
      
        
      <description>En este punto Permiten aparcar Bus. Afueras población.</description>
      
        
      <styleUrl>#icon-1532-7CB342</styleUrl>
      
        
      <Point>
        
          
        <coordinates>
            -6.6271824,42.0574251,0
          </coordinates>
        
        
      </Point>
      
      
    </Placemark>
    <Placemark>
      
        
      <name>PARKING 🅿️ / Málaga</name>
      
        
      <description>Parking en Cam.de la Térmica / se suele aparcar camiones. Cerca aeropuerto. Bastante retirado del centro.</description>
      
        
      <styleUrl>#icon-1644-0288D1</styleUrl>
      
        
      <Point>
        
          
        <coordinates>
            -4.4517003,36.6795029,0
          </coordinates>
        
        
      </Point>
      
      
    </Placemark>
    <Placemark>
      
        
      <name>SIDRA El Gaitero 🍷 / Villaviciosa (Asturias)</name>
      
        
      <description>Parking Mixto para visita a Sidra El Gaitero. Déjalo para poder salir. Cruzan la carretera para entrada.</description>
      
        
      <styleUrl>#icon-1798-F9A825</styleUrl>
      
        
      <Point>
        
          
        <coordinates>
            -5.4236507,43.4926458,0
          </coordinates>
        
        
      </Point>
      
      
    </Placemark>
    <Placemark>
      
        
      <name>Museo del Jurásico de Asturias 🏛️ / Colunga (Asturias)</name>
      
        
      <description><![CDATA[Parking en linea para visitas al Museo del Jurásico de Asturias / Rasa de San Telmo, s/n, 33328 Colunga, Asturias <br>www.museojurasicoasturias.com <br>+34 985 86 80 00]]></description>
      
        
      <styleUrl>#icon-1502-C2185B</styleUrl>
      
        
      <Point>
        
          
        <coordinates>
            -5.2762499,43.5018848,0
          </coordinates>
        
        
      </Point>
      
      
    </Placemark>
    <Placemark>
      
        
      <name>PARKING 🅿️ / A Coruña </name>
      
        
      <description>Parking de tierra mixto. Aquí lo puedes dejar si vas a comer al Restaurante A Peneira. Déjalo encarado para poder salir.</description>
      
        
      <styleUrl>#icon-1644-0288D1</styleUrl>
      
        
      <Point>
        
          
        <coordinates>
            -8.4135344,43.3644312,0
          </coordinates>
        
        
      </Point>
      
      
    </Placemark>
    <Placemark>
      
        
      <name>PARKING BUS ✅ / La Lanzada San Vicente del Mar (Pontevedra)</name>
      
        
      <description>Parking Bus gratuito en linea chiringuitos y playa de la Lanzada. San Vicente del Mar.</description>
      
        
      <styleUrl>#icon-1532-7CB342</styleUrl>
      
        
      <Point>
        
          
        <coordinates>
            -8.8968735,42.4615702,0
          </coordinates>
        
        
      </Point>
      
      
    </Placemark>
    <Placemark>
      
        
      <name>PARKING 🅿️ / Arzúa (A Coruña)</name>
      
        
      <description>Parking en linea vehículos pesados, a las afueras de la  población, para variar. Molestamos siempre :( </description>
      
        
      <styleUrl>#icon-1644-0288D1</styleUrl>
      
        
      <Point>
        
          
        <coordinates>
            -8.1526793,42.9300211,0
          </coordinates>
        
        
      </Point>
      
      
    </Placemark>
    <Placemark>
      
        
      <name>PARKING BUS (Pago) 💰/ Armilla (Granada)</name>
      
        
      <description>PARKING PAGO / PRECIOS a 15/8/24 (30€ noche)C/ NELSON MANDELA - ARMILLA ( GRANADA ). TEL. 672 803 773 - 634 776 375 TEL.24 HORAS: 858 988913 Parking 24 horas.VIGILADO..Servicio de Mecánica, Traslado de choferes PARKING-HOTEL-PARKING. Servicio de lavado de AUTOCAR.</description>
      
        
      <styleUrl>#icon-1513-1A237E</styleUrl>
      
        
      <Point>
        
          
        <coordinates>
            -3.6204369,37.1494778,0
          </coordinates>
        
        
      </Point>
      
      
    </Placemark>
    <Placemark>
      
        
      <name>PARKING 🅿️ / Motril (Granada)</name>
      
        
      <description>Aquí se puede aparcar o hacer tiempo Av/ Costa Tropical.</description>
      
        
      <styleUrl>#icon-1644-0288D1</styleUrl>
      
        
      <Point>
        
          
        <coordinates>
            -3.5147633,36.7373944,0
          </coordinates>
        
        
      </Point>
      
      
    </Placemark>
    <Placemark>
      
        
      <name>HOTEL Nuevo Astur 🛏️ / Sanxenxo (Pontevedra)</name>
      
        
      <description>Levantalo al entrar y salir del parking / amplio y puedes dejarlo. Se come bien / PO-504, 45, 36990 Sanxenxo, Pontevedra www.nuevoastur.com +34 986 74 30 06</description>
      
        
      <styleUrl>#icon-1602-9C27B0</styleUrl>
      
        
      <Point>
        
          
        <coordinates>
            -8.8269229,42.4376238,0
          </coordinates>
        
        
      </Point>
      
      
    </Placemark>
    <Placemark>
      
        
      <name>PARKING 🅿️ / Barría (Álava)</name>
      
        
      <description>Parking en pequeña población de  Barría, Álava </description>
      
        
      <styleUrl>#icon-1644-0288D1</styleUrl>
      
        
      <Point>
        
          
        <coordinates>
            -2.4367494,42.9159835,0
          </coordinates>
        
        
      </Point>
      
      
    </Placemark>
    <Placemark>
      
        
      <name>PARKING Y Zona Espera 🅿️☕ / Salinas de Añana (Álava)</name>
      
        
      <description>Parking de tierra mixto para aparcar o esperar grupos.</description>
      
        
      <styleUrl>#icon-1644-0288D1</styleUrl>
      
        
      <Point>
        
          
        <coordinates>
            -2.9905199,42.8031168,0
          </coordinates>
        
        
      </Point>
      
      
    </Placemark>
    <Placemark>
      
        
      <name>PARKING 🅿️ / Benidorm (Alicante)</name>
      
        
      <description>Parking sin vigilar en Av/del Alcalde Vicente Pérez Devesa. Afueras población Playa Poniente. Benidorm .Gracias Compañero Sergio,👍🏼</description>
      
        
      <styleUrl>#icon-1644-0288D1</styleUrl>
      
        
      <Point>
        
          
        <coordinates>
            -0.1498572,38.5402245,0
          </coordinates>
        
        
      </Point>
      
      
    </Placemark>
    <Placemark>
      
        
      <name>PARKING 🅿️ / Motril (Granada)</name>
      
        
      <description>Parking de tierra mixto. Déjalo que no te dejen en errado en temporada alta.</description>
      
        
      <styleUrl>#icon-1644-0288D1</styleUrl>
      
        
      <Point>
        
          
        <coordinates>
            -3.5066729,36.7514963,0
          </coordinates>
        
        
      </Point>
      
      
    </Placemark>
    <Placemark>
      
        
      <name><![CDATA[PARKING BUS ✅ / S'Agaró (Girona)]]></name>
      
        
      <description><![CDATA[1 Plaza Parking Bus gratuito en Av/de Platja D'Aro en S'Agaró.]]></description>
      
        
      <styleUrl>#icon-1532-7CB342</styleUrl>
      
        
      <Point>
        
          
        <coordinates>
            3.048294,41.7962255,0
          </coordinates>
        
        
      </Point>
      
      
    </Placemark>
    <Placemark>
      
        
      <name>PARKING BUS ✅ / Arenys de Munt (Barcelona)</name>
      
        
      <description>Parking Bus gratuito, delante pavellon municipal de Arenys de Munt.</description>
      
        
      <styleUrl>#icon-1532-7CB342</styleUrl>
      
        
      <Point>
        
          
        <coordinates>
            2.5425037,41.5987743,0
          </coordinates>
        
        
      </Point>
      
      
    </Placemark>
    <Placemark>
      
        
      <name>HOTEL ibis budget Paris Porte de Bercy 🛏️ / Paris (FR)</name>
      
        
      <description><![CDATA[Tiene delante Parking / Paris Bercy 2, 2 Pl. de l'Europe, 94220 Charenton-le-Pont, Franciaall.accor.com+33 892 68 06 71]]></description>
      
        
      <styleUrl>#icon-1602-9C27B0</styleUrl>
      
        
      <Point>
        
          
        <coordinates>
            2.3937712,48.825173,0
          </coordinates>
        
        
      </Point>
      
      
    </Placemark>
    <Placemark>
      
        
      <name>PARKING 🅿️ / Yecla (Murcia)</name>
      
        
      <description>Parking en esta zona de Yecla. Cerca plaza toros.C/ de las Tejeras.</description>
      
        
      <styleUrl>#icon-1644-0288D1</styleUrl>
      
        
      <Point>
        
          
        <coordinates>
            -1.1294951,38.6160913,0
          </coordinates>
        
        
      </Point>
      
      
    </Placemark>
    <Placemark>
      
        
      <name>PARKING 🅿️ / Biescas (Huesca)</name>
      
        
      <description>Parking Mixto libre en Biescas (Huesca)</description>
      
        
      <styleUrl>#icon-1644-0288D1</styleUrl>
      
        
      <Point>
        
          
        <coordinates>
            -0.3256406,42.6306159,0
          </coordinates>
        
        
      </Point>
      
      
    </Placemark>
    <Placemark>
      
        
      <name>HOTEL Ría Mar 🛏️ / Meaño (Pontevedra)</name>
      
        
      <description>Parking Exclusivo del Hotel Ría Mar / Aldea Altamira, 9, 36967 Meaño, Pontevedra www.hotelriamar.com +34 986 74 60 20 // Gracias compañero Gonzalo por colaborar 👍🏼</description>
      
        
      <styleUrl>#icon-1602-9C27B0</styleUrl>
      
        
      <Point>
        
          
        <coordinates>
            -8.8186126,42.44832,0
          </coordinates>
        
        
      </Point>
      
      
    </Placemark>
    <Placemark>
      
        
      <name>PARKING BUS ✅ / Viladecans (Barcelona)</name>
      
        
      <description>Parking Bus en linea Gratuito / 2 plazas . C/ De Andorra, Viladecans, Barcelona.</description>
      
        
      <styleUrl>#icon-1532-7CB342</styleUrl>
      
        
      <Point>
        
          
        <coordinates>
            2.0292433,41.3208506,0
          </coordinates>
        
        
      </Point>
      
      
    </Placemark>
    <Placemark>
      
        
      <name>PARKING BUS ✅ / Barca de Alba (PO)</name>
      
        
      <description><![CDATA[Parking Gratuito visita y Barco en Barca d'Alba. Portugal.]]></description>
      
        
      <styleUrl>#icon-1532-7CB342</styleUrl>
      
        
      <Point>
        
          
        <coordinates>
            -6.9411978,41.0280216,0
          </coordinates>
        
        
      </Point>
      
      
    </Placemark>
    <Placemark>
      
        
      <name>PARKING BUS ✅️ / Olot (Girona)</name>
      
        
      <description>Parking Bus gratuito en Olot.</description>
      
        
      <styleUrl>#line-0288D1-6273</styleUrl>
      
        
      <LineString>
        
          
        <tessellate>1</tessellate>
        
          
        <coordinates>
            2.4831732,42.1711949,0
            2.4841811,42.1707144,0
          </coordinates>
        
        
      </LineString>
      
      
    </Placemark>
    <Placemark>
      
        
      <name>PARKING BUS ✅️ / Olot (Girona)</name>
      
        
      <description>PARKING BUS gratuito en línea.  Av/ Ecuador en Olot. Gracias Compañero Ramón!!! 👍🏻</description>
      
        
      <styleUrl>#icon-1532-7CB342</styleUrl>
      
        
      <Point>
        
          
        <coordinates>
            2.4835955,42.1709982,0
          </coordinates>
        
        
      </Point>
      
      
    </Placemark>
    <Placemark>
      
        
      <name>PARKING BUS (Pago) 💰 / Gibraltar</name>
      
        
      <description>Parking Bus de Pago en Gibraltar</description>
      
        
      <styleUrl>#icon-1513-1A237E</styleUrl>
      
        
      <Point>
        
          
        <coordinates>
            -5.3553138,36.1422149,0
          </coordinates>
        
        
      </Point>
      
      
    </Placemark>
    <Placemark>
      
        
      <name>PARKING BUS ✅ / Bayona (FR)</name>
      
        
      <description>Parking Bus gratuito en Bayona</description>
      
        
      <styleUrl>#icon-1532-7CB342</styleUrl>
      
        
      <Point>
        
          
        <coordinates>
            -1.4952015,43.5045004,0
          </coordinates>
        
        
      </Point>
      
      
    </Placemark>
    <Placemark>
      
        
      <name>PARKING BUS (Pago)💰 / Lourdes (FR)</name>
      
        
      <description>Parking para autocares de Pago en Lourdes.</description>
      
        
      <styleUrl>#icon-1513-1A237E</styleUrl>
      
        
      <Point>
        
          
        <coordinates>
            -0.0636202,43.1000242,0
          </coordinates>
        
        
      </Point>
      
      
    </Placemark>
    <Placemark>
      
        
      <name>PROHIBIDO ⛔ / Erill La Vall (Lleida)</name>
      
        
      <description>Prohibido el Paso. Se entra en el Parking gratuito 1 Plaza reservada BUS.</description>
      
        
      <styleUrl>#icon-1898-C2185B</styleUrl>
      
        
      <Point>
        
          
        <coordinates>
            0.8262626,42.5254386,0
          </coordinates>
        
        
      </Point>
      
      
    </Placemark>
    <Placemark>
      
        
      <name>PARKING Bus ✅ / Roda de Isábena (Huesca)</name>
      
        
      <description>Parking Bus Gratuito tierra  para visita población y Catedral de Roda de Isábena.Si subes más, puede que tengas que bajar de culo. Se llena de coches y no podrás dar la vuelta. NO te compliques aque suban andando que eso es salud.</description>
      
        
      <styleUrl>#icon-1532-7CB342</styleUrl>
      
        
      <Point>
        
          
        <coordinates>
            0.5275798,42.2937469,0
          </coordinates>
        
        
      </Point>
      
      
    </Placemark>
    <Placemark>
      
        
      <name>INFO ℹ️ / Roda de Isábena</name>
      
        
      <description>SI Subes para dejarlos puede que tengas que bajar de culo al Parking BUS. Complicado dar la vuelta si hay coches.</description>
      
        
      <styleUrl>#icon-1608-0288D1</styleUrl>
      
        
      <Point>
        
          
        <coordinates>
            0.5296407,42.2919111,0
          </coordinates>
        
        
      </Point>
      
      
    </Placemark>
    <Placemark>
      
        
      <name>PARKING 🅿️ / El Pardo (Madrid)</name>
      
        
      <description>Parking mixto gratuito en El Pardo.</description>
      
        
      <styleUrl>#icon-1644-0288D1</styleUrl>
      
        
      <Point>
        
          
        <coordinates>
            -3.7797916,40.5238885,0
          </coordinates>
        
        
      </Point>
      
      
    </Placemark>
    <Placemark>
      
        
      <name>PARKING BUS ✅️  / Vielha  (Lleida)</name>
      
        
      <description>Parking BUS en línea al lado Instituto / NO aparcar en horarios de entrada y salida, para no molestar a los compañeros de ruta escolar y excursiones. </description>
      
        
      <styleUrl>#icon-1532-7CB342</styleUrl>
      
        
      <Point>
        
          
        <coordinates>
            0.8027112,42.6996922,0
          </coordinates>
        
        
      </Point>
      
      
    </Placemark>
    <Placemark>
      
        
      <name>PARKING 🅿️ / Premià de Dalt (Barcelona)</name>
      
        
      <description>Aquí puedes aparcar si no es temporada verano. Al lado Isla Fantasía.</description>
      
        
      <styleUrl>#icon-1644-0288D1</styleUrl>
      
        
      <Point>
        
          
        <coordinates>
            2.3617349,41.5028391,0
          </coordinates>
        
        
      </Point>
      
      
    </Placemark>
    <Placemark>
      
        
      <name>PARKING 🅿️ / Pastrana (Guadalajara)</name>
      
        
      <description>Parking Mixto asfaltado gratuito para dejarlo o hacer la espera.</description>
      
        
      <styleUrl>#icon-1644-0288D1</styleUrl>
      
        
      <Point>
        
          
        <coordinates>
            -2.9219676,40.4123296,0
          </coordinates>
        
        
      </Point>
      
      
    </Placemark>
    <Placemark>
      
        
      <name>Parc Astronòmic del Montsec 🌝 / Àger (Lleida)</name>
      
        
      <description><![CDATA[2 Plazas de Parking BUS visita /  se llega bien carretera estrecha / Camí del Coll d'Ares, s/n, 25691 Àger, Lleida <br> www.parcastronomic.cat <br>+34 973 05 30 22]]></description>
      
        
      <styleUrl>#icon-1502-C2185B</styleUrl>
      
        
      <Point>
        
          
        <coordinates>
            0.7375514,42.0249643,0
          </coordinates>
        
        
      </Point>
      
      
    </Placemark>
    <Placemark>
      
        
      <name>PARKING 🅿️ /Peñafiel / (Valladolid)</name>
      
        
      <description>En toda está Avenida se suele aparcar sin problema. En Peñafiel.</description>
      
        
      <styleUrl>#icon-1644-0288D1</styleUrl>
      
        
      <Point>
        
          
        <coordinates>
            -4.1257179,41.5989311,0
          </coordinates>
        
        
      </Point>
      
      
    </Placemark>
    <Placemark>
      
        
      <name>PARKING 🅿️ /Peñafiel / (Valladolid)
</name>
      
        
      <description>En toda está Avenida se suele aparcar sin problema. En Peñafiel</description>
      
        
      <styleUrl>#icon-1644-0288D1</styleUrl>
      
        
      <Point>
        
          
        <coordinates>
            -4.1279573,41.5987446,0
          </coordinates>
        
        
      </Point>
      
      
    </Placemark>
    <Placemark>
      
        
      <name>Entrada o Salida Buffet</name>
      
        
      <description>Puedes entrar sin problemas y dar la vuelta en el parking. Te guardan sitio / Si has reservado </description>
      
        
      <styleUrl>#line-F9A825-4945</styleUrl>
      
        
      <LineString>
        
          
        <tessellate>1</tessellate>
        
          
        <coordinates>
            2.868138,42.4279817,0
            2.8676568,42.4278673,0
          </coordinates>
        
        
      </LineString>
      
      
    </Placemark>
    <Placemark>
      
        
      <name>PARKING BUS ✅ / Luso (PO)</name>
      
        
      <description>Parking Bus Bosque de Buzaco</description>
      
        
      <styleUrl>#icon-1532-7CB342</styleUrl>
      
        
      <Point>
        
          
        <coordinates>
            -8.3665916,40.3767424,0
          </coordinates>
        
        
      </Point>
      
      
    </Placemark>
    <Placemark>
      
        
      <name>PARKING BUS ✅ / Luso (PO)</name>
      
        
      <description>Parking Bus en linea / 2 Plazas en Luso (Portugal).</description>
      
        
      <styleUrl>#icon-1532-7CB342</styleUrl>
      
        
      <Point>
        
          
        <coordinates>
            -8.3746782,40.3825549,0
          </coordinates>
        
        
      </Point>
      
      
    </Placemark>
    <Placemark>
      
        
      <name>PARKING BUS ✅ / Orihuela (Alicante)</name>
      
        
      <description>Parking Bus gratuito, asfaltado en Orihuela. (10 plazas). Bo. San Antón </description>
      
        
      <styleUrl>#icon-1532-7CB342</styleUrl>
      
        
      <Point>
        
          
        <coordinates>
            -0.9399327,38.0912668,0
          </coordinates>
        
        
      </Point>
      
      
    </Placemark>
    <Placemark>
      
        
      <name>PARKING 🅿️ / Sant Andreu de Llavaneres (Barcelona)</name>
      
        
      <description>En esta zona se suelen aparcar camiones, puedes dejarlo si tienes. NO hay nada para poder comer o café.</description>
      
        
      <styleUrl>#icon-1644-0288D1</styleUrl>
      
        
      <Point>
        
          
        <coordinates>
            2.4875115,41.559601,0
          </coordinates>
        
        
      </Point>
      
      
    </Placemark>
    <Placemark>
      
        
      <name><![CDATA[PARKING 🅿️ /  L'Hospitalet de l'Infant (Tarragona)]]></name>
      
        
      <description><![CDATA[Parking por el polígono C/ Monturiol,  L'Hospitalet de l'Infant, Tarragona]]></description>
      
        
      <styleUrl>#icon-1644-0288D1</styleUrl>
      
        
      <Point>
        
          
        <coordinates>
            0.9130838,41.0099867,0
          </coordinates>
        
        
      </Point>
      
      
    </Placemark>
    <Placemark>
      
        
      <name>PARKING 🅿️ / León </name>
      
        
      <description>Parking afueras ciudad. Se puede aparcar si tienes un sitio. Es amplio . C/ Los Aluches. León </description>
      
        
      <styleUrl>#icon-1644-0288D1</styleUrl>
      
        
      <Point>
        
          
        <coordinates>
            -5.5684057,42.5809133,0
          </coordinates>
        
        
      </Point>
      
      
    </Placemark>
    <Placemark>
      
        
      <name>PARKING BUS ✅ / Torelló (Barcelona)</name>
      
        
      <description>2.plazas Parking Bus en Linea, gratuito en Passatge Dels Esports de Torelló</description>
      
        
      <styleUrl>#icon-1532-7CB342</styleUrl>
      
        
      <Point>
        
          
        <coordinates>
            2.2586631,42.0444739,0
          </coordinates>
        
        
      </Point>
      
      
    </Placemark>
    <Placemark>
      
        
      <name>COLEGIO Montecalpe 🚸 / Algeciras (Cádiz)</name>
      
        
      <description>Colegio Montecalpe / tienen parking Bus dentro privado. / Algeciras, Cádiz www.attendis.com+34 956 60 58 88</description>
      
        
      <styleUrl>#icon-1682-FFD600</styleUrl>
      
        
      <Point>
        
          
        <coordinates>
            -5.445635,36.106618,0
          </coordinates>
        
        
      </Point>
      
      
    </Placemark>
    <Placemark>
      
        
      <name>PARKING BUS ✅ / Calahorra (La Rioja) </name>
      
        
      <description>Parking Bus gratuito/ parking mixto en Calahorra </description>
      
        
      <styleUrl>#icon-1532-7CB342</styleUrl>
      
        
      <Point>
        
          
        <coordinates>
            -1.9635863,42.3079058,0
          </coordinates>
        
        
      </Point>
      
      
    </Placemark>
    <Placemark>
      
        
      <name>PARKING 🅿️ / Trani (IT)</name>
      
        
      <description>Parking en poligono para hacer la espera en Via Finanzieri de Trani. Italia.</description>
      
        
      <styleUrl>#icon-1644-0288D1</styleUrl>
      
        
      <Point>
        
          
        <coordinates>
            16.4082658,41.2831427,0
          </coordinates>
        
        
      </Point>
      
      
    </Placemark>
    <Placemark>
      
        
      <name>PARKING BUS ✅ / Tarbes (FR)</name>
      
        
      <description>2 Plazas en linea Gratuito sin tiempo. Al lado Estación tren, Tarbes. Francia.</description>
      
        
      <styleUrl>#icon-1532-7CB342</styleUrl>
      
        
      <Point>
        
          
        <coordinates>
            0.0685388,43.2396241,0
          </coordinates>
        
        
      </Point>
      
      
    </Placemark>
    <Placemark>
      
        
      <name>PARKING 🅿️ / Bigues i Riells (Barcelona)</name>
      
        
      <description>Parking de tierra gratuito al lado de la gasolinera de Bigues i Riells.</description>
      
        
      <styleUrl>#icon-1644-0288D1</styleUrl>
      
        
      <Point>
        
          
        <coordinates>
            2.2164636,41.6715062,0
          </coordinates>
        
        
      </Point>
      
      
    </Placemark>
    <Placemark>
      
        
      <name>C Y D - PARKING 🔄🅿️ / El Bosque  (Cádiz)</name>
      
        
      <description>Aquí puedes dejar grupos y quedar te aparcado. Entrar de culo desde la rotonda. </description>
      
        
      <styleUrl>#icon-1826-0F9D58</styleUrl>
      
        
      <Point>
        
          
        <coordinates>
            -5.5120772,36.7576369,0
          </coordinates>
        
        
      </Point>
      
      
    </Placemark>
    <Placemark>
      
        
      <name>PARKING BUS (9,30h / 13,30h) ✅ / Madrid </name>
      
        
      <description>Parking Bus 2 Plazas en Linea Gratuito/ OJO!! De 8,30h a 13,30h  C/Del Príncipe de Vergara. Madrid.</description>
      
        
      <styleUrl>#icon-1532-7CB342</styleUrl>
      
        
      <Point>
        
          
        <coordinates>
            -3.6782261,40.4446697,0
          </coordinates>
        
        
      </Point>
      
      
    </Placemark>
    <Placemark>
      
        
      <name>PARKING BUS ( Sábados y Festivos) ✅ / Madrid </name>
      
        
      <description>Permiten aparcar los sábados y festivos ambos lados / Calle de los Yébenes </description>
      
        
      <styleUrl>#icon-1532-7CB342</styleUrl>
      
        
      <Point>
        
          
        <coordinates>
            -3.7589478,40.4001506,0
          </coordinates>
        
        
      </Point>
      
      
    </Placemark>
    <Placemark>
      
        
      <name>PARKING BUS Escolar 🅿️ / Sant Iscle de Vallalta (Barcelona)</name>
      
        
      <description><![CDATA[Aquí se recogen Escolares colegio Dones D'aigua Parking Bus Escolar Horario de 8,30h a 18h / Solo periodo escolar]]></description>
      
        
      <styleUrl>#icon-1532-F57C00</styleUrl>
      
        
      <Point>
        
          
        <coordinates>
            2.5703059,41.6237007,0
          </coordinates>
        
        
      </Point>
      
      
    </Placemark>
    <Placemark>
      
        
      <name>RUCS Del Corredor 🐎 / Dosrius (Barcelona)</name>
      
        
      <description><![CDATA[Parking de tierra  para llevar grupos a los RUCS del corredor. OJO!! Entrada y salida  parking  Camí del Santuari del Corredor, s/n, 08319, Barcelona <br>www.rukimon.com <br>+34 610 89 99 26]]></description>
      
        
      <styleUrl>#icon-1502-C2185B</styleUrl>
      
        
      <Point>
        
          
        <coordinates>
            2.466528,41.6202346,0
          </coordinates>
        
        
      </Point>
      
      
    </Placemark>
    <Placemark>
      
        
      <name>PARKING BUS ✅ / El Prat de Llobregat (Barcelona)</name>
      
        
      <description>Parking Bus gratuito 1 plaza. Te va bien si llevas escolares al Parc Nou. </description>
      
        
      <styleUrl>#icon-1532-7CB342</styleUrl>
      
        
      <Point>
        
          
        <coordinates>
            2.0922595,41.3161825,0
          </coordinates>
        
        
      </Point>
      
      
    </Placemark>
    <Placemark>
      
        
      <name>PARKING BUS ✅ / Sitges (Barcelona)</name>
      
        
      <description>Parking Bus gratuito, en Av/ Camí. Dels Capellans en Sitges </description>
      
        
      <styleUrl>#icon-1532-7CB342</styleUrl>
      
        
      <Point>
        
          
        <coordinates>
            1.7990784,41.2411951,0
          </coordinates>
        
        
      </Point>
      
      
    </Placemark>
    <Placemark>
      
        
      <name>PARKING BUS ✅ / Alfaro (La Rioja)</name>
      
        
      <description>Parking Bus gratuito ambos lados, en Linea cerca estación Bus de Alfaro.</description>
      
        
      <styleUrl>#icon-1532-7CB342</styleUrl>
      
        
      <Point>
        
          
        <coordinates>
            -1.7592164,42.1797313,0
          </coordinates>
        
        
      </Point>
      
      
    </Placemark>
    <Placemark>
      
        
      <name>PARKING 🅿️ / Alfaro (La Rioja)</name>
      
        
      <description>Aquí puedes aparcar cuando los llevas a comer al Hotel Moderno La Fonda. Al entrar a la calle levantarlo por el cambio de rasante.</description>
      
        
      <styleUrl>#icon-1644-0288D1</styleUrl>
      
        
      <Point>
        
          
        <coordinates>
            -1.7495665,42.1826173,0
          </coordinates>
        
        
      </Point>
      
      
    </Placemark>
    <Placemark>
      
        
      <name>PARKING BUS ✅ / Soria</name>
      
        
      <description>Parking Bus 2 Plazas gratuito (De 10h a 19h)</description>
      
        
      <styleUrl>#icon-1532-7CB342</styleUrl>
      
        
      <Point>
        
          
        <coordinates>
            -2.4540261,41.7678489,0
          </coordinates>
        
        
      </Point>
      
      
    </Placemark>
    <Placemark>
      
        
      <name>Ermita San Saturio 🕍 / Soria </name>
      
        
      <description>Parking gratuito para visitas a Ermita de San Saturio / Monumento hierro San Juan de Duero / y puerta San Santuario.</description>
      
        
      <styleUrl>#icon-1670-E65100</styleUrl>
      
        
      <Point>
        
          
        <coordinates>
            -2.4562554,41.7564918,0
          </coordinates>
        
        
      </Point>
      
      
    </Placemark>
    <Placemark>
      
        
      <name>PARKING 🅿️ / Soria </name>
      
        
      <description>Parking en polígono Industrial cerca de Burguer King.</description>
      
        
      <styleUrl>#icon-1644-0288D1</styleUrl>
      
        
      <Point>
        
          
        <coordinates>
            -2.4922675,41.7730428,0
          </coordinates>
        
        
      </Point>
      
      
    </Placemark>
    <Placemark>
      
        
      <name>PARKING BUS ✅ / Puigcerdà (Girona)</name>
      
        
      <description>Parking Bus gratuito 1 Plaza en Passeig de Pérez Borrell. Puigcerdà. Aportado por el compañero Ramón 👍🏻</description>
      
        
      <styleUrl>#icon-1532-7CB342</styleUrl>
      
        
      <Point>
        
          
        <coordinates>
            1.9281387,42.436113,0
          </coordinates>
        
        
      </Point>
      
      
    </Placemark>
    <Placemark>
      
        
      <name>MUSEO de esculturas eróticas 🧐 / Porqueres (Girona)</name>
      
        
      <description><![CDATA[Parking gratuito asfaltado / Se puede llegar al parking para visitar Esculturas Eróticas. / Está en medio del Bosque.  / Carr. de Mieres, km 25.5, 17834 Porqueras, Girona <br>www.canginebreda.cat <br>+34 972 58 25 38 ]]></description>
      
        
      <styleUrl>#icon-1636-A52714</styleUrl>
      
        
      <Point>
        
          
        <coordinates>
            2.7089442,42.1220838,0
          </coordinates>
        
        
      </Point>
      
      
    </Placemark>
    <Placemark>
      
        
      <name>PARKING 🅿️ / Buitrago de Lozoya (Madrid)</name>
      
        
      <description>Parking gratuito de tierra donde podrás hacer la espera a Buitrago de Lozoya.</description>
      
        
      <styleUrl>#icon-1644-0288D1</styleUrl>
      
        
      <Point>
        
          
        <coordinates>
            -3.6378685,40.9879588,0
          </coordinates>
        
        
      </Point>
      
      
    </Placemark>
    <Placemark>
      
        
      <name>PARKING BUS Escolar 🅿️ / Montgat (Barcelona)</name>
      
        
      <description>Parking Bus Escolar (Horario de 8:30h a 17:00h) en Av/ del Turó, Montgat. Barcelona.</description>
      
        
      <styleUrl>#icon-1532-F57C00</styleUrl>
      
        
      <Point>
        
          
        <coordinates>
            2.2798177,41.4691437,0
          </coordinates>
        
        
      </Point>
      
      
    </Placemark>
    <Placemark>
      
        
      <name>PARKING 🅿️ / Sils (Girona)</name>
      
        
      <description>Parking afueras de la Población,  cerca polígono Industrial.</description>
      
        
      <styleUrl>#icon-1644-0288D1</styleUrl>
      
        
      <Point>
        
          
        <coordinates>
            2.7709492,41.801867,0
          </coordinates>
        
        
      </Point>
      
      
    </Placemark>
    <Placemark>
      
        
      <name>PARKING 🅿️ / Quinto (Zaragoza)</name>
      
        
      <description>Parking Mixto gratuito. Informaros antes ya que pueden cambiar las normas. Suelen aparcar camiones y coches sin problema.</description>
      
        
      <styleUrl>#icon-1644-0288D1</styleUrl>
      
        
      <Point>
        
          
        <coordinates>
            -0.4953903,41.4245226,0
          </coordinates>
        
        
      </Point>
      
      
    </Placemark>
    <Placemark>
      
        
      <name>PARKING BUS ✅ / Le Mans (FR)</name>
      
        
      <description>Parking Bus 7 plazas Batería / en Le Mans (FR)</description>
      
        
      <styleUrl>#icon-1532-7CB342</styleUrl>
      
        
      <Point>
        
          
        <coordinates>
            0.1989852,48.0122413,0
          </coordinates>
        
        
      </Point>
      
      
    </Placemark>
    <Placemark>
      
        
      <name>PARKING BUS 💰 / La Massana (AND)</name>
      
        
      <description>Parking Bus pago en linea en la Massana Andorra.</description>
      
        
      <styleUrl>#icon-1513-1A237E</styleUrl>
      
        
      <Point>
        
          
        <coordinates>
            1.5084089,42.5524034,0
          </coordinates>
        
        
      </Point>
      
      
    </Placemark>
    <Placemark>
      
        
      <name>BUS Escolar 🅿️ / Vizille (FR)</name>
      
        
      <description>Parking Bus Escolar. NO usar en horario de entradas y salidas colegios. Vizille (Francia)</description>
      
        
      <styleUrl>#icon-1532-F57C00</styleUrl>
      
        
      <Point>
        
          
        <coordinates>
            5.7749544,45.0865828,0
          </coordinates>
        
        
      </Point>
      
      
    </Placemark>
    <Placemark>
      
        
      <name>PARKING BUS ✅ / Vizille (FR)</name>
      
        
      <description>Parking Bus gratuito 8 plazas en Vizille. También BUS Escolar </description>
      
        
      <styleUrl>#icon-1532-7CB342</styleUrl>
      
        
      <Point>
        
          
        <coordinates>
            5.766406,45.0689471,0
          </coordinates>
        
        
      </Point>
      
      
    </Placemark>
    <Placemark>
      
        
      <name>PARKING BUS (Trineos) ✅ / La Molina (Barcelona)</name>
      
        
      <description>Parking Bus gratuito. Aquí se dejan si van a la pista de Trineos.</description>
      
        
      <styleUrl>#icon-1532-7CB342</styleUrl>
      
        
      <Point>
        
          
        <coordinates>
            1.9460194,42.3335324,0
          </coordinates>
        
        
      </Point>
      
      
    </Placemark>
    <Placemark>
      
        
      <name>PARKING BUS ✅ / Masella (Girona)</name>
      
        
      <description>Parking Bus gratuito en la Masella /  En temporada alta habilitan el parking indicado en ViaBus. Aquí te ponen si no hay más sitio en el otro parking.</description>
      
        
      <styleUrl>#icon-1532-7CB342</styleUrl>
      
        
      <Point>
        
          
        <coordinates>
            1.8977286,42.3491712,0
          </coordinates>
        
        
      </Point>
      
      
    </Placemark>
    <Placemark>
      
        
      <name>PARKING BUS ✅ / Masella (Girona)</name>
      
        
      <description>Parking Bus habilitado en temporada alta / gratuito y lo suelen organizar el personal.</description>
      
        
      <styleUrl>#poly-0288D1-1241-64</styleUrl>
      
        
      <Polygon>
        
          
        <outerBoundaryIs>
          
            
          <LinearRing>
            
              
            <tessellate>1</tessellate>
            
              
            <coordinates>
                1.8987924,42.3494598,0
                1.8989385,42.3493479,0
                1.8990137,42.3493083,0
                1.8990981,42.3493021,0
                1.8992121,42.3493097,0
                1.8993238,42.3493471,0
                1.8996548,42.3494722,0
                1.8993724,42.3497488,0
                1.8987924,42.3494598,0
              </coordinates>
            
            
          </LinearRing>
          
          
        </outerBoundaryIs>
        
        
      </Polygon>
      
      
    </Placemark>
    <Placemark>
      
        
      <name>Campo Fútbol / Plasencia (Cáceres)</name>
      
        
      <description>Parking de tierra campo de fútbol a las afueras.</description>
      
        
      <styleUrl>#icon-1644-0288D1</styleUrl>
      
        
      <Point>
        
          
        <coordinates>
            -6.0561289,40.0475572,0
          </coordinates>
        
        
      </Point>
      
      
    </Placemark>
    <Placemark>
      
        
      <name>Chófer / Hotel Recio 👤 / Santa Olalla (Toledo)</name>
      
        
      <description><![CDATA[Hotel para chófer / sin problema de parking / Av. de la Constitución, 32, 45530 Santa Olalla, Toledo<br>+34 925 79 72 09 ]]></description>
      
        
      <styleUrl>#icon-1531-9C27B0</styleUrl>
      
        
      <Point>
        
          
        <coordinates>
            -4.4227933,40.0284447,0
          </coordinates>
        
        
      </Point>
      
      
    </Placemark>
    <Placemark>
      
        
      <name>PARKING 🅿️  / Guadalajara </name>
      
        
      <description>Parking gratuito compartido con trailers / lo tienes cerca del Centro comercial Ferial plaza de Guadalajara.</description>
      
        
      <styleUrl>#icon-1644-0288D1</styleUrl>
      
        
      <Point>
        
          
        <coordinates>
            -3.1682567,40.6224803,0
          </coordinates>
        
        
      </Point>
      
      
    </Placemark>
    <Placemark>
      
        
      <name>PARKING 🅿️ / Medellín (Badajoz)</name>
      
        
      <description>Por esta zona podrás aparcar gratuito. OJO con el mercadillo  / Medellín.Badajoz.</description>
      
        
      <styleUrl>#icon-1644-0288D1</styleUrl>
      
        
      <Point>
        
          
        <coordinates>
            -5.9627158,38.9647721,0
          </coordinates>
        
        
      </Point>
      
      
    </Placemark>
    <Placemark>
      
        
      <name>PARKING BUS ✅ / Sorèze (FR)</name>
      
        
      <description>Parking gratuito 6 Plazas  sin tiempo .en Sorèze, Francia</description>
      
        
      <styleUrl>#icon-1532-7CB342</styleUrl>
      
        
      <Point>
        
          
        <coordinates>
            2.0656507,43.450448,0
          </coordinates>
        
        
      </Point>
      
      
    </Placemark>
    <Placemark>
      
        
      <name>PARKING Nocturno  🅿️  / Sant Boi de Llobregat (Barcelona)</name>
      
        
      <description>Alexandre Hotel Frontair Congress En el parking público puedes aparcar sin problema. Dejalo para poder salir .</description>
      
        
      <styleUrl>#icon-1644-0288D1</styleUrl>
      
        
      <Point>
        
          
        <coordinates>
            2.0508703,41.3289614,0
          </coordinates>
        
        
      </Point>
      
      
    </Placemark>
    <Placemark>
      
        
      <name>PARKING 🅿️ / Évora (PO)</name>
      
        
      <description>Parking gratuito compartido con camiones/ Évora (Portugal).</description>
      
        
      <styleUrl>#icon-1644-0288D1</styleUrl>
      
        
      <Point>
        
          
        <coordinates>
            -7.9162539,38.5677675,0
          </coordinates>
        
        
      </Point>
      
      
    </Placemark>
    <Placemark>
      
        
      <name>PARKING BUS ✅ / Manresa (Barcelona)</name>
      
        
      <description>Parking Bus gratuito en Pº del Río en Manresa . Ramón 👍🏼</description>
      
        
      <styleUrl>#icon-1532-7CB342</styleUrl>
      
        
      <Point>
        
          
        <coordinates>
            1.8288416,41.7212561,0
          </coordinates>
        
        
      </Point>
      
      
    </Placemark>
    <Placemark>
      
        
      <name>PARKING 🅿️ / Úbeda (Jaén)</name>
      
        
      <description>Parking gratuito compartido libre sin tiempo. De tierra. En Ubeda (Jaén)</description>
      
        
      <styleUrl>#icon-1644-0288D1</styleUrl>
      
        
      <Point>
        
          
        <coordinates>
            -3.3846765,38.0138426,0
          </coordinates>
        
        
      </Point>
      
      
    </Placemark>
    <Placemark>
      
        
      <name>PARA TÍ 👌🏻 / Arbucies (Girona)</name>
      
        
      <description>Desayunos y comidas. Aquí puedes parar o hacer descansos y zonas de espera. PARKING compartido con camiones.</description>
      
        
      <styleUrl>#icon-1803-757575</styleUrl>
      
        
      <Point>
        
          
        <coordinates>
            2.5192353,41.8186977,0
          </coordinates>
        
        
      </Point>
      
      
    </Placemark>
    <Placemark>
      
        
      <name>CASTILLO De Montsoriu 🏰 / Montsoriu (Girona)</name>
      
        
      <description>Parking de tierra para visitas al castillo. NO se llega a 100 metros se hace el cambio de sentido. </description>
      
        
      <styleUrl>#icon-1598-424242</styleUrl>
      
        
      <Point>
        
          
        <coordinates>
            2.5364884,41.7808322,0
          </coordinates>
        
        
      </Point>
      
      
    </Placemark>
    <Placemark>
      
        
      <name>PARKING 🅿️ / Baeza (Jaén)</name>
      
        
      <description>Parking de tierra gratuito mixto no vigilado. Amplio parking en Baeza Jaén. Gracias compañero Gonzalo por la aportación.👍🏼</description>
      
        
      <styleUrl>#icon-1644-0288D1</styleUrl>
      
        
      <Point>
        
          
        <coordinates>
            -3.4761211,37.9921048,0
          </coordinates>
        
        
      </Point>
      
      
    </Placemark>
    <Placemark>
      
        
      <name>PARKING BUS ✅ / Sant Adrià de Besòs (Barcelona)</name>
      
        
      <description>PARKING Bus gratuito en linea 3 plazas. C/ Olimpic de Sant Adrià de Besòs. Barcelona </description>
      
        
      <styleUrl>#icon-1532-7CB342</styleUrl>
      
        
      <Point>
        
          
        <coordinates>
            2.2200994,41.4271857,0
          </coordinates>
        
        
      </Point>
      
      
    </Placemark>
    <Placemark>
      
        
      <name>PARKING BUS ✅ / Vilanova del Vallés ( Barcelona)</name>
      
        
      <description>PARKING Bus gratuito 1 plaza  C/ M. Aurèlia Campmany de Vilanova del Vallès</description>
      
        
      <styleUrl>#icon-1532-7CB342</styleUrl>
      
        
      <Point>
        
          
        <coordinates>
            2.2874526,41.5524906,0
          </coordinates>
        
        
      </Point>
      
      
    </Placemark>
    <Placemark>
      
        
      <name>PARKING BUS ✅ / Riglos (Huesca)</name>
      
        
      <description>Parking Bus gratuito 3 plazas  en Riglos. Gracias Gonzalo 👍🏼</description>
      
        
      <styleUrl>#icon-1532-7CB342</styleUrl>
      
        
      <Point>
        
          
        <coordinates>
            -0.7259856,42.3449619,0
          </coordinates>
        
        
      </Point>
      
      
    </Placemark>
    <Placemark>
      
        
      <name>PARKING BUS ✅ / Villajoyosa (Alicante)</name>
      
        
      <description>Parking Bus en linea gratuito en C/ Joan Beneyto de Villajoyosa (Alicante).</description>
      
        
      <styleUrl>#icon-1532-7CB342</styleUrl>
      
        
      <Point>
        
          
        <coordinates>
            -0.2413565,38.5036912,0
          </coordinates>
        
        
      </Point>
      
      
    </Placemark>
    <Placemark>
      
        
      <name>PARKING 🅿️ / Casares (Málaga)</name>
      
        
      <description>Parking gratuito mixto de tierra en Casares (Málaga)</description>
      
        
      <styleUrl>#icon-1644-0288D1</styleUrl>
      
        
      <Point>
        
          
        <coordinates>
            -5.2681429,36.4439415,0
          </coordinates>
        
        
      </Point>
      
      
    </Placemark>
    <Placemark>
      
        
      <name>PARKING 🅿️ / Entroncamento (PO)</name>
      
        
      <description>Parking vehículo grande. No está señalizado para Bus pero tampoco lo prohíbe. Al lado zona deportiva de Entroncamento.Portugal.</description>
      
        
      <styleUrl>#icon-1644-0288D1</styleUrl>
      
        
      <Point>
        
          
        <coordinates>
            -8.4660783,39.474771,0
          </coordinates>
        
        
      </Point>
      
      
    </Placemark>
    <Placemark>
      
        
      <name>PARKING 🅿️ / Valladolid </name>
      
        
      <description>Puedes aparcar sin problema en esta zona C/ M.de la Sta Espina en Valladolid. Gracias al Compañero Eduardo por la aportación.</description>
      
        
      <styleUrl>#icon-1644-0288D1</styleUrl>
      
        
      <Point>
        
          
        <coordinates>
            -4.7472661,41.6532328,0
          </coordinates>
        
        
      </Point>
      
      
    </Placemark>
    <Placemark>
      
        
      <name>PARKING 🅿️ / Dalías (Almería)</name>
      
        
      <description>Parking de tierra mixto / ojo quédate encarado para que no te encierre algún lumbreras. Dalías (Almería)</description>
      
        
      <styleUrl>#icon-1644-0288D1</styleUrl>
      
        
      <Point>
        
          
        <coordinates>
            -2.8726894,36.8289816,0
          </coordinates>
        
        
      </Point>
      
      
    </Placemark>
    <Placemark>
      
        
      <name>PARKING BUS Escolar 🅿️ / Aiguafreda (Barcelona)</name>
      
        
      <description>Parking Bus horario escolar en linea Aiguafreda Barcelona)</description>
      
        
      <styleUrl>#icon-1532-F57C00</styleUrl>
      
        
      <Point>
        
          
        <coordinates>
            2.2482956,41.770293,0
          </coordinates>
        
        
      </Point>
      
      
    </Placemark>
    <Placemark>
      
        
      <name>LAVADERO Tres Adanal💧 / Barcelona </name>
      
        
      <description>Lavadero dentro del parking Tres Adanal.</description>
      
        
      <styleUrl>#icon-1702-0097A7</styleUrl>
      
        
      <Point>
        
          
        <coordinates>
            2.2118331,41.413283,0
          </coordinates>
        
        
      </Point>
      
      
    </Placemark>
    <Placemark>
      
        
      <name>PARKING BUS ✅ / Sant Vicenç Dels Horts (Barcelona)</name>
      
        
      <description>Parking Bus gratuito en linea en C/ del Claverol en S. Vicenç del Horts.</description>
      
        
      <styleUrl>#icon-1532-7CB342</styleUrl>
      
        
      <Point>
        
          
        <coordinates>
            2.0104071,41.3865691,0
          </coordinates>
        
        
      </Point>
      
      
    </Placemark>
    <Placemark>
      
        
      <name>PARA TI Los Panochas👌🏻 / Sant Vicenç del Horts (Barcelona)</name>
      
        
      <description>Buenos desayunos Los Panochas. Si vas a Catalunya en Miniatura aquí puedes desayunar o comer. Parking indicado en ViaBus.</description>
      
        
      <styleUrl>#icon-1803-757575</styleUrl>
      
        
      <Point>
        
          
        <coordinates>
            2.0105793,41.3857916,0
          </coordinates>
        
        
      </Point>
      
      
    </Placemark>
    <Placemark>
      
        
      <name>PARKING BUS ✅ / Campdevànol, (Girona)</name>
      
        
      <description>Parking Bus 2 Plazas horario de 8h a 21h / gratuito en Camí de la Creus. Campdevànol, Girona</description>
      
        
      <styleUrl>#icon-1532-7CB342</styleUrl>
      
        
      <Point>
        
          
        <coordinates>
            2.1650941,42.2225077,0
          </coordinates>
        
        
      </Point>
      
      
    </Placemark>
    <Placemark>
      
        
      <name>RESTAURANTE La Catedral 🍽️ / León </name>
      
        
      <description>Bar Restaurante La Catedral, es pequeño pero se come bien Aceptan Grupos. Callejón peatonal al lado de la Catedral de León. El Bus en Parking Autocares.Calle Mariano Domínguez Berrueta, 17, 24003 León www.facebook.com +34 987 21 59 18</description>
      
        
      <styleUrl>#icon-1577-795548</styleUrl>
      
        
      <Point>
        
          
        <coordinates>
            -5.5670488,42.5983297,0
          </coordinates>
        
        
      </Point>
      
      
    </Placemark>
    <Placemark>
      
        
      <name>PARKING 🅿️ / Torelló (Barcelona)</name>
      
        
      <description>Parking zona de espera en polígono de Torelló. Gracias compañero Armand por la información.</description>
      
        
      <styleUrl>#icon-1644-0288D1</styleUrl>
      
        
      <Point>
        
          
        <coordinates>
            2.2516683,42.0493083,0
          </coordinates>
        
        
      </Point>
      
      
    </Placemark>
    <Placemark>
      
        
      <name>PARKING BUS ✅ / Périgueux (FR)</name>
      
        
      <description><![CDATA[PARKING BUS ✅ / Périgueux (FR)<br>PARKING Bus gratuito en D6021 Périgueux, Francia]]></description>
      
        
      <styleUrl>#icon-1532-7CB342</styleUrl>
      
        
      <Point>
        
          
        <coordinates>
            0.7248788,45.1841777,0
          </coordinates>
        
        
      </Point>
      
      
    </Placemark>
    <Placemark>
      
        
      <name>PARKING 🅿️ / Castelldefels (Barcelona)</name>
      
        
      <description>Parking gratuito asfaltado al lado Canal Olímpico. Puedes entrar al bar del Canal.</description>
      
        
      <styleUrl>#icon-1644-0288D1</styleUrl>
      
        
      <Point>
        
          
        <coordinates>
            1.9900758,41.2794523,0
          </coordinates>
        
        
      </Point>
      
      
    </Placemark>
    <Placemark>
      
        
      <name>MUSEO Conjunto Arqueológico Dólmenes 🏛 / Antequera (Málaga)</name>
      
        
      <description>Antequera | Parking | Conjunto Arqueológico Dólmenes de Antequera</description>
      
        
      <styleUrl>#icon-1636-A52714</styleUrl>
      
        
      <Point>
        
          
        <coordinates>
            -4.545478,37.024109,0
          </coordinates>
        
        
      </Point>
      
      
    </Placemark>
    <Placemark>
      
        
      <name>Madrid | Aparcamiento Alternativo Parque de Atracciones </name>
      
        
      <description>Parking alternativo del Parque de Atracciones por si el principal está lleno.</description>
      
        
      <styleUrl>#icon-1644-0288D1</styleUrl>
      
        
      <Point>
        
          
        <coordinates>
            -3.75338,40.411207,0
          </coordinates>
        
        
      </Point>
      
      
    </Placemark>
    <Placemark>
      
        
      <name>PARKING BUS (2Horas) ✅ / Madrid </name>
      
        
      <description>Madrid ( 6Plazas) | Aparcamiento Pago Regulado SER |Calle Comercio 16.  Zona para descansos no excesivamente largos.</description>
      
        
      <styleUrl>#icon-1513-000000</styleUrl>
      
        
      <Point>
        
          
        <coordinates>
            -3.684679,40.400231,0
          </coordinates>
        
        
      </Point>
      
      
    </Placemark>
    <Placemark>
      
        
      <name>AEROPUERTO MADRID </name>
      
        
      <description>Parking de autocares para la espera de pasajeros, gratuito. Cuidado los autocares aparcados al lado derecho junto a las columnas, si te aparcan delante y cerca del morro del bus, al salir posiblemente ROCES CON LA CULERA el lado derecho.</description>
      
        
      <styleUrl>#icon-1608-3949AB</styleUrl>
      
        
      <Point>
        
          
        <coordinates>
            -3.569232,40.468966,0
          </coordinates>
        
        
      </Point>
      
      
    </Placemark>
    <Placemark>
      
        
      <name>PARKING BUS / Toledo</name>
      
        
      <description>TOLEDO | Parking Toletum | GRATUITO y sin Tiempo Limite | Asfaltado</description>
      
        
      <styleUrl>#icon-1532-7CB342</styleUrl>
      
        
      <Point>
        
          
        <coordinates>
            -4.019996,39.868697,0
          </coordinates>
        
        
      </Point>
      
      
    </Placemark>
    <Placemark>
      
        
      <name>SAN MILLAN DE LA COGOLLA | Parking | Gratuito </name>
      
        
      <description><![CDATA[Parking de bus"MONASTERIO DE YUSO" amplio y sin horarios, LIBRE de pago.]]></description>
      
        
      <styleUrl>#icon-1670-E65100</styleUrl>
      
        
      <Point>
        
          
        <coordinates>
            -2.866445,42.324825,0
          </coordinates>
        
        
      </Point>
      
      
    </Placemark>
    <Placemark>
      
        
      <name>APARCAMIENTO LA PEDRIZA / Manzanares la Real </name>
      
        
      <description>Una de las excursiones típicas en temporada con colegios y montañeros. Parking exclusivo para autocares. Si hay guarda en la barrera de acceso pedir la lleve del candado. ENTRE SEMANA NO HAY NADA PARA COMER. Los fines de semana hay dos chiringuitos.</description>
      
        
      <styleUrl>#icon-1644-0288D1</styleUrl>
      
        
      <Point>
        
          
        <coordinates>
            -3.896091,40.74928,0
          </coordinates>
        
        
      </Point>
      
      
    </Placemark>
    <Placemark>
      
        
      <name>PARKING 🅿️ / El Plantío (Murcia)</name>
      
        
      <description>Parking asfaltado, libre y no vigilado.</description>
      
        
      <styleUrl>#icon-1644-0288D1</styleUrl>
      
        
      <Point>
        
          
        <coordinates>
            -3.679197,42.344304,0
          </coordinates>
        
        
      </Point>
      
      
    </Placemark>
    <Placemark>
      
        
      <name>SANTUARIO DE SANTO ANDRÉ DE TEIXIDO</name>
      
        
      <description>Parking Bus para visitar el Santuario </description>
      
        
      <styleUrl>#icon-1670-E65100</styleUrl>
      
        
      <Point>
        
          
        <coordinates>
            -7.982887,43.709435,0
          </coordinates>
        
        
      </Point>
      
      
    </Placemark>
    <Placemark>
      
        
      <name>PARKING BUS ✅️ / Bilbao</name>
      
        
      <description>Parking Gratuito en linea Av/ Lehendakari Aguirre 50 / 5 Plazas de Bus</description>
      
        
      <styleUrl>#icon-1532-7CB342</styleUrl>
      
        
      <Point>
        
          
        <coordinates>
            -2.9533222,43.2725031,0
          </coordinates>
        
        
      </Point>
      
      
    </Placemark>
    <Placemark>
      
        
      <name>PARKING BUS / Cascais (PO)</name>
      
        
      <description>APARCAMIENTOS EN LINEA /;AUTORIZADOS PARA 4 BUSES.</description>
      
        
      <styleUrl>#icon-1532-7CB342</styleUrl>
      
        
      <Point>
        
          
        <coordinates>
            -9.423577,38.694504,0
          </coordinates>
        
        
      </Point>
      
      
    </Placemark>
    <Placemark>
      
        
      <name>AUTOCARES Sanalon ☑️ / Villares de la Reina (Salamanca)</name>
      
        
      <description>Empresa de autocares / Parking de Autobuses en SALAMANCA.Tel. 923 10 09 77----24horas. C/ ALEMANIA 22-26 VILLARES DE LA REINA ( Salamanca ). Vigilancia 24H. Traslado de chofer PARKING-HOTEL-PARKING. 20€ por día. Lavado gratis a mano y 10€ el lavado de Rodillo. Aparcamiento cubierto. C. Alemania, 22, 37184 Villares de la Reina, Salamanca www.autocares-sanalon.com +34 923 10 09 77</description>
      
        
      <styleUrl>#icon-1532-000000</styleUrl>
      
        
      <Point>
        
          
        <coordinates>
            -5.637574,40.996501,0
          </coordinates>
        
        
      </Point>
      
      
    </Placemark>
    <Placemark>
      
        
      <name>PARKING BUS / Vila Nova de Gaia (PO)</name>
      
        
      <description>Dársenas parking bus discreccional</description>
      
        
      <styleUrl>#icon-1532-7CB342</styleUrl>
      
        
      <Point>
        
          
        <coordinates>
            -8.61959,41.137684,0
          </coordinates>
        
        
      </Point>
      
      
    </Placemark>
    <Placemark>
      
        
      <name>CREMALLERA DE MONTSERRAT </name>
      
        
      <description>Parking de abajo de Montserrat desde allí suben en el Interrail al Monasterio!!! parking Gratis</description>
      
        
      <styleUrl>#icon-1532-7CB342</styleUrl>
      
        
      <Point>
        
          
        <coordinates>
            1.843697,41.615539,0
          </coordinates>
        
        
      </Point>
      
      
    </Placemark>
    <Placemark>
      
        
      <name>PARKING BUS / Olite (Navarra)</name>
      
        
      <description>Zona de subida y bajada de pasajeros y estacionamiento de bus que vayan a visitar el Palacio Real de Olite tanto en paseo de Doña Leonor como junto al polideportivo de Olite en la calle Meridad de Tudela, no hay señales de límite de tiempo. Yo he estado haciendo la visita con un 15mtrs. Y no he tenido ningún problema de entradas ni salidas</description>
      
        
      <styleUrl>#icon-1532-7CB342</styleUrl>
      
        
      <Point>
        
          
        <coordinates>
            -1.646994,42.479132,0
          </coordinates>
        
        
      </Point>
      
      
    </Placemark>
    <Placemark>
      
        
      <name>PARKING BUS / Arenys de Mar</name>
      
        
      <description>Aparcamiento para 3 buses plazas reservadas.</description>
      
        
      <styleUrl>#icon-1532-7CB342</styleUrl>
      
        
      <Point>
        
          
        <coordinates>
            2.547669,41.583292,0
          </coordinates>
        
        
      </Point>
      
      
    </Placemark>
    <Placemark>
      
        
      <name>PARKING 🅿️ / Sanxenxo (Pontevedra)</name>
      
        
      <description>Aparcamiento libre para autocares, sin problemas</description>
      
        
      <styleUrl>#icon-1644-0288D1</styleUrl>
      
        
      <Point>
        
          
        <coordinates>
            -8.824328,42.399704,0
          </coordinates>
        
        
      </Point>
      
      
    </Placemark>
    <Placemark>
      
        
      <name>PARKING (Pago) 💰 / Logroño </name>
      
        
      <description>Parking de  pago en Logroño.</description>
      
        
      <styleUrl>#icon-1513-000000</styleUrl>
      
        
      <Point>
        
          
        <coordinates>
            -2.438192,42.453343,0
          </coordinates>
        
        
      </Point>
      
      
    </Placemark>
    <Placemark>
      
        
      <name>PARKING (Pago) 💰 / Logroño </name>
      
        
      <description>APARCAMIENTO DE PAGO Y VIGILADO DETRÁS DE LA GASOLINERA DE LAS GAUNAS...TAMBIÉN LAVADERO PARA EL BUS </description>
      
        
      <styleUrl>#icon-1513-000000</styleUrl>
      
        
      <Point>
        
          
        <coordinates>
            -2.446861,42.451834,0
          </coordinates>
        
        
      </Point>
      
      
    </Placemark>
    <Placemark>
      
        
      <name>PARKING BUS / Las Médulas (León)</name>
      
        
      <description>Parking gratuito para 4  buses en las Médulas-León</description>
      
        
      <styleUrl>#icon-1532-7CB342</styleUrl>
      
        
      <Point>
        
          
        <coordinates>
            -6.767342,42.461349,0
          </coordinates>
        
        
      </Point>
      
      
    </Placemark>
    <Placemark>
      
        
      <name>ESTACIÓN BUS / Lugo</name>
      
        
      <description>Parking de pago en la estación de bus de Lugo </description>
      
        
      <styleUrl>#icon-1532-0288D1</styleUrl>
      
        
      <Point>
        
          
        <coordinates>
            -7.553465,43.008413,0
          </coordinates>
        
        
      </Point>
      
      
    </Placemark>
    <Placemark>
      
        
      <name>MONASTERIO STA MARIALA REAL DE OSEIRA</name>
      
        
      <description>Parking con plazas de bus gratuito para la visita al monasterio </description>
      
        
      <styleUrl>#icon-1532-7CB342</styleUrl>
      
        
      <Point>
        
          
        <coordinates>
            -7.950448,42.539505,0
          </coordinates>
        
        
      </Point>
      
      
    </Placemark>
    <Placemark>
      
        
      <name>PARKING BUS / Padrón (A Coruña)</name>
      
        
      <description>Aparcamientos gratuito con baños públicos, cerca del Mercado de Abastos</description>
      
        
      <styleUrl>#icon-1532-7CB342</styleUrl>
      
        
      <Point>
        
          
        <coordinates>
            -8.661282,42.735216,0
          </coordinates>
        
        
      </Point>
      
      
    </Placemark>
    <Placemark>
      
        
      <name>SANTUÁRIO de  LOYOLA</name>
      
        
      <description>Parking para bus en santuario de Loiola. Gratuito y asfaltado, con baños</description>
      
        
      <styleUrl>#icon-1670-E65100</styleUrl>
      
        
      <Point>
        
          
        <coordinates>
            -2.284298,43.174998,0
          </coordinates>
        
        
      </Point>
      
      
    </Placemark>
    <Placemark>
      
        
      <name>PARKING BUS / Castro Urdiales (Cantabria)</name>
      
        
      <description>Aparcamiento gratuito al lado polideportivo de Castro Urdiales </description>
      
        
      <styleUrl>#icon-1532-7CB342</styleUrl>
      
        
      <Point>
        
          
        <coordinates>
            -3.222556,43.38155,0
          </coordinates>
        
        
      </Point>
      
      
    </Placemark>
    <Placemark>
      
        
      <name>PARKING 🅿️ / Castro Caldelas, (Ourense)</name>
      
        
      <description>Se puede aparcar en la plaza. El bar Rubio invita y obsequia a los conductores si paras a comprar las famosas bicas (una especie de bizcocho tipico).</description>
      
        
      <styleUrl>#icon-1644-0288D1</styleUrl>
      
        
      <Point>
        
          
        <coordinates>
            -7.415707,42.374755,0
          </coordinates>
        
        
      </Point>
      
      
    </Placemark>
    <Placemark>
      
        
      <name>PARKING BUS (pago) 💰/ Obidos (PO)</name>
      
        
      <description>Óbidos. Parking de pago en maquina, poner tiket. Sitio muy turistico.Ciudad amurallada. Popular licores de cereza y chupitos de chocolate.</description>
      
        
      <styleUrl>#icon-1513-1A237E</styleUrl>
      
        
      <Point>
        
          
        <coordinates>
            -9.158199,39.357927,0
          </coordinates>
        
        
      </Point>
      
      
    </Placemark>
    <Placemark>
      
        
      <name>PARKING BUS / Braga (PO)</name>
      
        
      <description>Parking gratis. Con un chiringuito para tomar un cafe</description>
      
        
      <styleUrl>#icon-1532-7CB342</styleUrl>
      
        
      <Point>
        
          
        <coordinates>
            -8.430398,41.553016,0
          </coordinates>
        
        
      </Point>
      
      
    </Placemark>
    <Placemark>
      
        
      <name>CUEVAS DEL SOPLAO / Celis (Cantabria)</name>
      
        
      <description><![CDATA[Parking bus reservado gratuito / Prao el Colla, s/n, 39553 Celis, Cantabria, España<br>www.elsoplao.es<br>+34 902 82 02 82]]></description>
      
        
      <styleUrl>#icon-1535-757575</styleUrl>
      
        
      <Point>
        
          
        <coordinates>
            -4.412352,43.295246,0
          </coordinates>
        
        
      </Point>
      
      
    </Placemark>
    <Placemark>
      
        
      <name>PARKING BUS ✅️ / Basilica Begoña (Bilbao)</name>
      
        
      <description>Parada para bus discrecional para 2 buses</description>
      
        
      <styleUrl>#icon-1532-7CB342</styleUrl>
      
        
      <Point>
        
          
        <coordinates>
            -2.913748,43.259112,0
          </coordinates>
        
        
      </Point>
      
      
    </Placemark>
    <Placemark>
      
        
      <name>PARKING BUS / (PAGO) - Calella</name>
      
        
      <description>Parking de pago en Calella</description>
      
        
      <styleUrl>#icon-1513-000000</styleUrl>
      
        
      <Point>
        
          
        <coordinates>
            2.652742,41.616421,0
          </coordinates>
        
        
      </Point>
      
      
    </Placemark>
    <Placemark>
      
        
      <name>CASTILLO Santa Catalina 🏰 / Jaén </name>
      
        
      <description>Parking bus para visitar castillo y parador nacional.  OJO EN LA ÚLTIMA CURVA HAY QUE SUBIRSE MARCHA ATRAS. El arco de la muralla no se puede pasar y no hay otro lugar para dar la vuelta.</description>
      
        
      <styleUrl>#icon-1598-757575</styleUrl>
      
        
      <Point>
        
          
        <coordinates>
            -3.7996687,37.7681004,0
          </coordinates>
        
        
      </Point>
      
      
    </Placemark>
    <Placemark>
      
        
      <name>PARKING BUS / Palencia </name>
      
        
      <description>Aparcamiento para dos autocares para la visita de la catedral de la Palencia</description>
      
        
      <styleUrl>#icon-1532-7CB342</styleUrl>
      
        
      <Point>
        
          
        <coordinates>
            -4.537697,42.011566,0
          </coordinates>
        
        
      </Point>
      
      
    </Placemark>
    <Placemark>
      
        
      <name>PARKING BUS / Santo Domingo de la Calzada</name>
      
        
      <description>Reservado para 2 buses. IMPORTANTE estas obligado a aparcar de morro por la proximidad de las casas.</description>
      
        
      <styleUrl>#icon-1532-7CB342</styleUrl>
      
        
      <Point>
        
          
        <coordinates>
            -2.957302,42.440568,0
          </coordinates>
        
        
      </Point>
      
      
    </Placemark>
    <Placemark>
      
        
      <name>PARKING BUS / Miranda do Douro (PO)</name>
      
        
      <description>Parking para autocares con unas 10 dársenas. Aparcamiento gratuito.</description>
      
        
      <styleUrl>#icon-1532-558B2F</styleUrl>
      
        
      <Point>
        
          
        <coordinates>
            -6.272472,41.496583,0
          </coordinates>
        
        
      </Point>
      
      
    </Placemark>
    <Placemark>
      
        
      <name>MUSEO CIENCIA (Parking) / Valladolid</name>
      
        
      <description>Aparcamiento para varios autocares.Permitido el aparcamiento para la visita del museo. Por la noche no se permite el aparcamiento.</description>
      
        
      <styleUrl>#icon-1532-7CB342</styleUrl>
      
        
      <Point>
        
          
        <coordinates>
            -4.745745,41.638352,0
          </coordinates>
        
        
      </Point>
      
      
    </Placemark>
    <Placemark>
      
        
      <name>PARKING BUS / Jaca</name>
      
        
      <description>Aparcamiento asfaltado compartido con auto-caravanas GRATUITO</description>
      
        
      <styleUrl>#icon-1532-7CB342</styleUrl>
      
        
      <Point>
        
          
        <coordinates>
            -0.5451,42.567834,0
          </coordinates>
        
        
      </Point>
      
      
    </Placemark>
    <Placemark>
      
        
      <name>PARKING BUS / Jaca</name>
      
        
      <description>Parking Bus señalizado junto al campo de fútbol de jaca. Sin problemas.</description>
      
        
      <styleUrl>#icon-1532-7CB342</styleUrl>
      
        
      <Point>
        
          
        <coordinates>
            -0.550464,42.563638,0
          </coordinates>
        
        
      </Point>
      
      
    </Placemark>
    <Placemark>
      
        
      <name>PARKING 🅿️/ Hondarribia (Guipúzcoa)</name>
      
        
      <description>Aqui en Hondarribia se puede aparcar el bus...menos en temporada alta</description>
      
        
      <styleUrl>#icon-1644-0288D1</styleUrl>
      
        
      <Point>
        
          
        <coordinates>
            -1.794645,43.374797,0
          </coordinates>
        
        
      </Point>
      
      
    </Placemark>
    <Placemark>
      
        
      <name>PARKING (Pago) 💰/Foz de Lumbier (Navarra)</name>
      
        
      <description>Parking de pago 5€. para visitar la Foz De Lumbier en Navarra. Se puede entrar con cualquier bus sin problema, también con 15mtrs. A veces más de diez autocares y tienen en cuenta el acceso de los mismos</description>
      
        
      <styleUrl>#icon-1513-1A237E</styleUrl>
      
        
      <Point>
        
          
        <coordinates>
            -1.307459,42.637925,0
          </coordinates>
        
        
      </Point>
      
      
    </Placemark>
    <Placemark>
      
        
      <name>IGLESIA SANTA MARÍA DE EUNATE / Muruzábal, Navarra</name>
      
        
      <description>Zona de estacionamiento para la visita de la Iglesia de Santa Maria de Eunate salvo que este lleno el parking no hay problemas para entrar con cualquier bus.</description>
      
        
      <styleUrl>#icon-1670-E65100</styleUrl>
      
        
      <Point>
        
          
        <coordinates>
            -1.761128,42.672726,0
          </coordinates>
        
        
      </Point>
      
      
    </Placemark>
    <Placemark>
      
        
      <name>PARKING Universidad 🅿️ / Gijón </name>
      
        
      <description>Parking junto a la universidad laboral para la visita de la universidad.</description>
      
        
      <styleUrl>#icon-1644-0288D1</styleUrl>
      
        
      <Point>
        
          
        <coordinates>
            -5.61348,43.524311,0
          </coordinates>
        
        
      </Point>
      
      
    </Placemark>
    <Placemark>
      
        
      <name>ZONA ESPERA / Castillo Peñafiel </name>
      
        
      <description>Parking de espera para visita del castillo de peñafiel si no te dejan esperar arriba del castillo</description>
      
        
      <styleUrl>#icon-1534-4E342E</styleUrl>
      
        
      <Point>
        
          
        <coordinates>
            -4.115774,41.594889,0
          </coordinates>
        
        
      </Point>
      
      
    </Placemark>
    <Placemark>
      
        
      <name>Los Chorros de Navafria | zona para el aparcamiento de autocares EN LINEA. La entrada al recinto en temporada (Mayo-Septiembre) 45€ al autocar. Zona complicada para dar la vuelta como se encuentren mas autocares en el parking. Existen y están permitidas las barbacoas.</name>
      
        
      <description>zona para el aparcamiento de autocares EN LINEA. La entrada al recinto en temporada (Mayo-Septiembre) 45€ al autocar. Zona complicada para dar la vuelta como se encuentren mas autocares en el parking. Existen y están permitidas las barbacoas.</description>
      
        
      <styleUrl>#icon-1644-0288D1</styleUrl>
      
        
      <Point>
        
          
        <coordinates>
            -3.829669,41.027454,0
          </coordinates>
        
        
      </Point>
      
      
    </Placemark>
    <Placemark>
      
        
      <name>PARKING MIXTO (Pago) 💰/ Bilbao </name>
      
        
      <description>Pk Vista Alegre en el centro de Bilbao, en la Plaza de Toros, es de pago, admiten Autobuses,el tlf 944979567. Repito es de pago.</description>
      
        
      <styleUrl>#icon-1513-000000</styleUrl>
      
        
      <Point>
        
          
        <coordinates>
            -2.93644,43.255975,0
          </coordinates>
        
        
      </Point>
      
      
    </Placemark>
    <Placemark>
      
        
      <name>PARKING BUS ✅️ / Tazones</name>
      
        
      <description>Zona de aparcamiento para 4 autocares, Subida y Bajada de viajeros. Preferiblemente aparcar de culo pues no sobra mucho espacio</description>
      
        
      <styleUrl>#icon-1532-7CB342</styleUrl>
      
        
      <Point>
        
          
        <coordinates>
            -5.402017,43.544862,0
          </coordinates>
        
        
      </Point>
      
      
    </Placemark>
    <Placemark>
      
        
      <name>RECORRIDO PARKING BUS Puerto Tazones </name>
      
        
      <description>Itinerario a seguir para llegar al puerto de Tazones.</description>
      
        
      <styleUrl>#line-FFD600-3605</styleUrl>
      
        
      <LineString>
        
          
        <tessellate>1</tessellate>
        
          
        <coordinates>
            -5.4390776,43.5201433,0
            -5.4392509,43.5203245,0
            -5.4393018,43.5205111,0
            -5.4392598,43.5206873,0
            -5.4386087,43.5219047,0
            -5.4380331,43.5228905,0
            -5.4371665,43.5236688,0
            -5.4354,43.525464,0
            -5.4317955,43.5287521,0
            -5.428534,43.532372,0
            -5.426474,43.534798,0
            -5.4245826,43.5348827,0
            -5.4238518,43.5348717,0
            -5.4231735,43.535006,0
            -5.4223641,43.5352337,0
            -5.4215212,43.5354477,0
            -5.420582,43.5355895,0
            -5.419092,43.535483,0
            -5.418427,43.5354129,0
            -5.4180922,43.535384,0
            -5.417805,43.5352876,0
            -5.416977,43.5349779,0
            -5.4166481,43.5349105,0
            -5.416088,43.535296,0
            -5.4159139,43.5354274,0
            -5.4153846,43.5355416,0
            -5.4150853,43.5356722,0
            -5.4148194,43.5358632,0
            -5.4141872,43.5364216,0
            -5.413257,43.5368728,0
            -5.4127201,43.5371077,0
            -5.412491,43.5372732,0
            -5.4123072,43.5375233,0
            -5.4119637,43.5377932,0
            -5.4116583,43.5380856,0
            -5.4114767,43.5385105,0
            -5.4111932,43.5387438,0
            -5.4105616,43.5389841,0
            -5.4099858,43.5391518,0
            -5.4095877,43.5392901,0
            -5.4090774,43.5395528,0
            -5.4086423,43.539889,0
            -5.4081929,43.5404484,0
            -5.4078478,43.540732,0
            -5.4075075,43.5409431,0
            -5.4072798,43.5413487,0
            -5.4069383,43.5415973,0
            -5.4068805,43.541858,0
            -5.4071444,43.5425527,0
            -5.4069488,43.543098,0
            -5.4068795,43.5433059,0
            -5.4069224,43.5438334,0
            -5.406791,43.5440469,0
            -5.4064951,43.5441913,0
            -5.4059572,43.5441871,0
            -5.4054406,43.5443704,0
            -5.4051147,43.5444323,0
            -5.4048587,43.5444418,0
            -5.4047123,43.5444046,0
            -5.4043165,43.5443239,0
            -5.4035679,43.5445382,0
            -5.402941,43.5446643,0
            -5.4022831,43.5446963,0
            -5.4021165,43.5447853,0
            -5.4020241,43.5448509,0
          </coordinates>
        
        
      </LineString>
      
      
    </Placemark>
    <Placemark>
      
        
      <name>MUSEO Minero 🏛/ Almadén (Ciudad Real)</name>
      
        
      <description>Parking para bus gratuito en almaden, ideal para hacer visitas al Museo minero y Almadén</description>
      
        
      <styleUrl>#icon-1636-A52714</styleUrl>
      
        
      <Point>
        
          
        <coordinates>
            -4.843066,38.775018,0
          </coordinates>
        
        
      </Point>
      
      
    </Placemark>
    <Placemark>
      
        
      <name>PARKING BUS / Pamplona </name>
      
        
      <description>Aparcamiento gratuito para 2 autobuses MAX 2HORAS </description>
      
        
      <styleUrl>#icon-1532-7CB342</styleUrl>
      
        
      <Point>
        
          
        <coordinates>
            -1.662444,42.811947,0
          </coordinates>
        
        
      </Point>
      
      
    </Placemark>
    <Placemark>
      
        
      <name>PARKING (PAGO) / Málaga </name>
      
        
      <description>Parking vigilado amplio . De pago.</description>
      
        
      <styleUrl>#icon-1513-1A237E</styleUrl>
      
        
      <Point>
        
          
        <coordinates>
            -4.512494,36.713005,0
          </coordinates>
        
        
      </Point>
      
      
    </Placemark>
    <Placemark>
      
        
      <name>PARKING - C Y D / Urueña</name>
      
        
      <description>Parking y C Y D / Todo a los pies de la muralla de Ureña</description>
      
        
      <styleUrl>#icon-1532-7CB342</styleUrl>
      
        
      <Point>
        
          
        <coordinates>
            -5.201463,41.727159,0
          </coordinates>
        
        
      </Point>
      
      
    </Placemark>
    <Placemark>
      
        
      <name>MONASTERIO DE SANT PERE DE RODES</name>
      
        
      <description>Parking bus para visitar el Monasterio de San Pedro de Rodes. Ir por Vilajuïga no por el Port de la Selva. Se deja a los pasajeros y van andando. 1000 mts.</description>
      
        
      <styleUrl>#icon-1670-E65100</styleUrl>
      
        
      <Point>
        
          
        <coordinates>
            3.15769,42.329013,0
          </coordinates>
        
        
      </Point>
      
      
    </Placemark>
    <Placemark>
      
        
      <name>APARCAMIENTO / Llançà</name>
      
        
      <description>Parking gratuito en Llansà de uso compartido con turismos.</description>
      
        
      <styleUrl>#icon-1644-0288D1</styleUrl>
      
        
      <Point>
        
          
        <coordinates>
            3.156783,42.372246,0
          </coordinates>
        
        
      </Point>
      
      
    </Placemark>
    <Placemark>
      
        
      <name>Madrid | Teatro El Canal | Zona de Aparcamiento Vigilado por SER | Si vas a salir del Bus deja ticket de parking</name>
      
        
      <description>Zona Parking Teatro El Canal</description>
      
        
      <styleUrl>#line-0288D1-6000</styleUrl>
      
        
      <LineString>
        
          
        <tessellate>1</tessellate>
        
          
        <coordinates>
            -3.70419,40.440644,0
            -3.704243,40.438827,0
          </coordinates>
        
        
      </LineString>
      
      
    </Placemark>
    <Placemark>
      
        
      <name>Puerto De Cotos ⛰️| Parking Compartido | Cuidado no te Quedes Encerrado</name>
      
        
      <description>Puerto De Cotos | Parking Compartido | Cuidado no te Quedes Encerrado</description>
      
        
      <styleUrl>#icon-1634-0F9D58</styleUrl>
      
        
      <Point>
        
          
        <coordinates>
            -3.960408,40.823097,0
          </coordinates>
        
        
      </Point>
      
      
    </Placemark>
    <Placemark>
      
        
      <name>MUSEO de la Minería y la Industria  🏛️/ El Entrego (Asturias)</name>
      
        
      <description><![CDATA[Parking Dársenas Gratuitas para más de 10 autocares | Museo Minería |Calle El Trabanquin, s/n, 33940 El Entrego, Asturias, España<br>www.mumi.es<br>+34 985 66 31 33]]></description>
      
        
      <styleUrl>#icon-1636-A52714</styleUrl>
      
        
      <Point>
        
          
        <coordinates>
            -5.652841,43.287804,0
          </coordinates>
        
        
      </Point>
      
      
    </Placemark>
    <Placemark>
      
        
      <name><![CDATA[PARKING BUS ✅/ La Bisbal D'Empordà(Girona)]]></name>
      
        
      <description><![CDATA[La Bisbal d'Empordà | parking 2 Plazas Gratuito | Cerca del Centro y Tiendas de Ceramica]]></description>
      
        
      <styleUrl>#icon-1532-7CB342</styleUrl>
      
        
      <Point>
        
          
        <coordinates>
            3.037484,41.964293,0
          </coordinates>
        
        
      </Point>
      
      
    </Placemark>
    <Placemark>
      
        
      <name>PARKING  BUS ✅ / Calpe (Alicante)</name>
      
        
      <description>Calpe | Parking  Busen Linea gratuito | Lado derecho de Calle | No hay Prohibición</description>
      
        
      <styleUrl>#icon-1532-7CB342</styleUrl>
      
        
      <Point>
        
          
        <coordinates>
            0.0694782,38.6411584,0
          </coordinates>
        
        
      </Point>
      
      
    </Placemark>
    <Placemark>
      
        
      <name>PARKING ✅️ / Salamanca </name>
      
        
      <description>Salamanca | Aparcamiento Via Servicio | Para entrar aquí subir a la Rotonda</description>
      
        
      <styleUrl>#icon-1644-0288D1</styleUrl>
      
        
      <Point>
        
          
        <coordinates>
            -5.647123,40.947991,0
          </coordinates>
        
        
      </Point>
      
      
    </Placemark>
    <Placemark>
      
        
      <name>PARKING (Pago) 💰 / Almuñécar (Granada) </name>
      
        
      <description>Almuñecar | Parking de Pago | Khan Jounes, 22, 18690 Almuñécar, Granada, España</description>
      
        
      <styleUrl>#icon-1513-000000</styleUrl>
      
        
      <Point>
        
          
        <coordinates>
            -3.6825617,36.734996,0
          </coordinates>
        
        
      </Point>
      
      
    </Placemark>
    <Placemark>
      
        
      <name>PARKING BUS / Amarante / (PO)</name>
      
        
      <description>Termas de Amarante / Parking Gratuito</description>
      
        
      <styleUrl>#icon-1532-7CB342</styleUrl>
      
        
      <Point>
        
          
        <coordinates>
            -8.074978,41.271719,0
          </coordinates>
        
        
      </Point>
      
      
    </Placemark>
    <Placemark>
      
        
      <name>PARKING (PAGO) | Centro De Transportes De Mercancias</name>
      
        
      <description>Sevilla | Parking de Pago | Centro De Transportes De Mercancias</description>
      
        
      <styleUrl>#icon-1513-1A237E</styleUrl>
      
        
      <Point>
        
          
        <coordinates>
            -5.937761,37.385532,0
          </coordinates>
        
        
      </Point>
      
      
    </Placemark>
    <Placemark>
      
        
      <name>APARCAMIENTO Alternativo/ Cáceres </name>
      
        
      <description>Caceres | Parking Alternativo al Parking Valhondo si esta este lleno | Lado derecho de Avenida Cordel de Merinas | Aparcar en Linea</description>
      
        
      <styleUrl>#icon-1644-0288D1</styleUrl>
      
        
      <Point>
        
          
        <coordinates>
            -6.372041,39.484391,0
          </coordinates>
        
        
      </Point>
      
      
    </Placemark>
    <Placemark>
      
        
      <name>PARKING (Pago) 💰 / Valladolid </name>
      
        
      <description>Aparcamiento para camiones y autobuses en Valladolid. Es de pago. Al lado del hotel Ibis. Si duermes ahí te hacen un 15% de descuento.</description>
      
        
      <styleUrl>#icon-1513-000000</styleUrl>
      
        
      <Point>
        
          
        <coordinates>
            -4.722014,41.672487,0
          </coordinates>
        
        
      </Point>
      
      
    </Placemark>
    <Placemark>
      
        
      <name>PARKING BUS / Torla - Ordesa</name>
      
        
      <description>Torla - Ordesa | Parking gratuito Autorizado | Dársenas para Bus</description>
      
        
      <styleUrl>#icon-1532-7CB342</styleUrl>
      
        
      <Point>
        
          
        <coordinates>
            -0.111727,42.625728,0
          </coordinates>
        
        
      </Point>
      
      
    </Placemark>
    <Placemark>
      
        
      <name>EL TORCAL DE ANTEQUERA</name>
      
        
      <description><![CDATA[El Torcal de Antequera | Parking | Visita Torcal de Antequera | Calle el Torcal de Antequera, 70-75, 29200 Antequera, Málaga, España<br>www.torcaldeantequera.com<br>+34 952 24 33 24]]></description>
      
        
      <styleUrl>#icon-1542-3949AB</styleUrl>
      
        
      <Point>
        
          
        <coordinates>
            -4.54433,36.953023,0
          </coordinates>
        
        
      </Point>
      
      
    </Placemark>
    <Placemark>
      
        
      <name>PARKING 🅿️ / Jerez de Los Caballeros (Badajoz)</name>
      
        
      <description>Parking  mixto señalizado para Buses | EXCEPTO Los Miércoles por Mercadillo (De 00:00h a 15:00h ). AVISO: SALIR POR EL MISMO SITIO QUE SE ENTRA |</description>
      
        
      <styleUrl>#icon-1644-0288D1</styleUrl>
      
        
      <Point>
        
          
        <coordinates>
            -6.76998,38.318073,0
          </coordinates>
        
        
      </Point>
      
      
    </Placemark>
    <Placemark>
      
        
      <name>MONASTERIO DE LA RÁBIDA</name>
      
        
      <description>La Rábida - Monasterio de la Rabida | Parking de Tierra para la Visita del monasterio</description>
      
        
      <styleUrl>#icon-1670-E65100</styleUrl>
      
        
      <Point>
        
          
        <coordinates>
            -6.923506,37.207512,0
          </coordinates>
        
        
      </Point>
      
      
    </Placemark>
    <Placemark>
      
        
      <name>CASTILLO CASTRO MARIN | Parking | Visita del Castillo Castro Marin </name>
      
        
      <description>Castro Marin | Parking | Visita del Castillo Castro Marin</description>
      
        
      <styleUrl>#icon-1598-424242</styleUrl>
      
        
      <Point>
        
          
        <coordinates>
            -7.444643,37.218693,0
          </coordinates>
        
        
      </Point>
      
      
    </Placemark>
    <Placemark>
      
        
      <name>PARKING BUS ✅ / Zaragoza </name>
      
        
      <description>Parking Bus en linea Zaragoza | Aparcamiento Autorizado | En Linea</description>
      
        
      <styleUrl>#icon-1532-7CB342</styleUrl>
      
        
      <Point>
        
          
        <coordinates>
            -0.881031,41.66315,0
          </coordinates>
        
        
      </Point>
      
      
    </Placemark>
    <Placemark>
      
        
      <name>PARKING BUS ✅ / Zaragoza </name>
      
        
      <description>Parking Bus Zaragoza |  gratuito Aparcamiento Autorizado en Linea</description>
      
        
      <styleUrl>#icon-1532-7CB342</styleUrl>
      
        
      <Point>
        
          
        <coordinates>
            -0.880516,41.663647,0
          </coordinates>
        
        
      </Point>
      
      
    </Placemark>
    <Placemark>
      
        
      <name>CATALUNYA EN MINIATURA / Torrelles de Llobregat </name>
      
        
      <description>Parking Bus reservado para la visita al Parque temático Cataluña en Miniatura</description>
      
        
      <styleUrl>#icon-1502-C2185B</styleUrl>
      
        
      <Point>
        
          
        <coordinates>
            1.9851133,41.3601333,0
          </coordinates>
        
        
      </Point>
      
      
    </Placemark>
    <Placemark>
      
        
      <name>APARCAMIENTO / Guadalajara </name>
      
        
      <description>Guadalajara | Parking Autorizado | Estadio Futbol Pedro Escartin | Asfaltado | Gratuito | Compartido con Turismos y Camiones</description>
      
        
      <styleUrl>#icon-1644-0288D1</styleUrl>
      
        
      <Point>
        
          
        <coordinates>
            -3.184034,40.633565,0
          </coordinates>
        
        
      </Point>
      
      
    </Placemark>
    <Placemark>
      
        
      <name>Guadalajara | Zona Parking Autorizado | Campo Futbol Pedro Escartin | Compartido | Asfaltado | Gratuito  </name>
      
        
      <description>Guadalajara | Zona Parking Autorizado | Campo Futbol Pedro Escartin | Compartido | Asfaltado | Gratuito</description>
      
        
      <styleUrl>#poly-4186F0-3456-84</styleUrl>
      
        
      <Polygon>
        
          
        <outerBoundaryIs>
          
            
          <LinearRing>
            
              
            <tessellate>1</tessellate>
            
              
            <coordinates>
                -3.184804,40.633771,0
                -3.184475,40.63369,0
                -3.184313,40.633633,0
                -3.184138,40.633623,0
                -3.184052,40.633633,0
                -3.183967,40.633637,0
                -3.183868,40.633635,0
                -3.183622,40.633991,0
                -3.184516,40.634272,0
                -3.184804,40.633771,0
              </coordinates>
            
            
          </LinearRing>
          
          
        </outerBoundaryIs>
        
        
      </Polygon>
      
      
    </Placemark>
    <Placemark>
      
        
      <name>PARKING BUS / Gijón </name>
      
        
      <description>Gijon | Aparcamiento Autorizado Junto al Acuario | 3/4 Plazas</description>
      
        
      <styleUrl>#icon-1532-7CB342</styleUrl>
      
        
      <Point>
        
          
        <coordinates>
            -5.676815,43.541578,0
          </coordinates>
        
        
      </Point>
      
      
    </Placemark>
    <Placemark>
      
        
      <name>PARKING 🅿️ / Lugo</name>
      
        
      <description>Lugo | Zona Libre de Aparcamiento afueras Lugo</description>
      
        
      <styleUrl>#line-0288D1-5112</styleUrl>
      
        
      <LineString>
        
          
        <tessellate>1</tessellate>
        
          
        <coordinates>
            -7.5439299,42.9978143,0
            -7.5440338,42.9978581,0
            -7.5439299,42.9978143,0
            -7.5434726,42.9976197,0
            -7.5433132,42.9975552,0
            -7.5431935,42.9974766,0
            -7.5428417,42.9970919,0
            -7.5426257,42.9968521,0
            -7.5421442,42.9963415,0
          </coordinates>
        
        
      </LineString>
      
      
    </Placemark>
    <Placemark>
      
        
      <name>PARKING 🅿️ / Lugo</name>
      
        
      <description>Parking en linea por toda esta zona. Lugo | Aparcamiento Libre | Rua Das Artes y Paseo dos Estudantes | y alrededores.</description>
      
        
      <styleUrl>#icon-1644-0288D1</styleUrl>
      
        
      <Point>
        
          
        <coordinates>
            -7.5428509,42.9971046,0
          </coordinates>
        
        
      </Point>
      
      
    </Placemark>
    <Placemark>
      
        
      <name>PARKING (Pago) 💰 / Camarate (PO)</name>
      
        
      <description><![CDATA[Lisboa - Camarate | Bus Park Parque Camarate | Parking Pago - Lavadero Bus | Junto Aeropuerto | <br>R. das Oliveiras, 2680 Camarate, Portugal<br>+351 916 199 367]]></description>
      
        
      <styleUrl>#icon-1513-1A237E</styleUrl>
      
        
      <Point>
        
          
        <coordinates>
            -9.138974,38.793513,0
          </coordinates>
        
        
      </Point>
      
      
    </Placemark>
    <Placemark>
      
        
      <name>PARKING BUS / Peso Da Ragua (PO)</name>
      
        
      <description>Peso Da Regua | Aparcamiento Gratuito y sin Tiempo</description>
      
        
      <styleUrl>#icon-1532-7CB342</styleUrl>
      
        
      <Point>
        
          
        <coordinates>
            -7.792904,41.162413,0
          </coordinates>
        
        
      </Point>
      
      
    </Placemark>
    <Placemark>
      
        
      <name>PARKING 🅿️ / Gernika (Vizcaya)</name>
      
        
      <description>Guernika | Zona de Aparcamiento | Aqui piluedes estar despuea de dejarlos en C Y D / zona industrial donde se puede aparcar el bus en C/Bekoibarra Kalea.</description>
      
        
      <styleUrl>#icon-1644-0288D1</styleUrl>
      
        
      <Point>
        
          
        <coordinates>
            -2.6724771,43.3125103,0
          </coordinates>
        
        
      </Point>
      
      
    </Placemark>
    <Placemark>
      
        
      <name>ERMITA SAN BARTOLOMÉ / Soria</name>
      
        
      <description>San Bartolome | Parking | Ermita San Bartolome</description>
      
        
      <styleUrl>#icon-1670-E65100</styleUrl>
      
        
      <Point>
        
          
        <coordinates>
            -3.060083,41.745954,0
          </coordinates>
        
        
      </Point>
      
      
    </Placemark>
    <Placemark>
      
        
      <name>PARKING BUS / Betanzos (A Coruña)</name>
      
        
      <description>Es para Bus escolar, pero si no es horario escolar sin problemas Aparcamiento Libre</description>
      
        
      <styleUrl>#icon-1532-7CB342</styleUrl>
      
        
      <Point>
        
          
        <coordinates>
            -8.219791,43.279137,0
          </coordinates>
        
        
      </Point>
      
      
    </Placemark>
    <Placemark>
      
        
      <name>PARKING (Pago) 💰 / Dos Hermanas (Sevilla)</name>
      
        
      <description><![CDATA[Parking de Pago | Vigilado 24H. con lavado para Buses | Empresa Bus Los Amarillos | <br>+34 902 21 03 17]]></description>
      
        
      <styleUrl>#icon-1513-1A237E</styleUrl>
      
        
      <Point>
        
          
        <coordinates>
            -5.952354,37.270209,0
          </coordinates>
        
        
      </Point>
      
      
    </Placemark>
    <Placemark>
      
        
      <name>PARKING BUS ✅️ / Alarcón (Cuenca)</name>
      
        
      <description><![CDATA[Alarcón | Parking Autocares/ <br>Calle Santiago, 2, 16214 Alarcón, Cuenca]]></description>
      
        
      <styleUrl>#icon-1532-7CB342</styleUrl>
      
        
      <Point>
        
          
        <coordinates>
            -2.088721,39.545903,0
          </coordinates>
        
        
      </Point>
      
      
    </Placemark>
    <Placemark>
      
        
      <name>PARKING BUS / Frómista / Palencia</name>
      
        
      <description>Parking Buses | gratuito/ No indica Hora limite</description>
      
        
      <styleUrl>#icon-1532-7CB342</styleUrl>
      
        
      <Point>
        
          
        <coordinates>
            -4.406702,42.265889,0
          </coordinates>
        
        
      </Point>
      
      
    </Placemark>
    <Placemark>
      
        
      <name>PARKING BUS - C Y D / Mertola ( PO)</name>
      
        
      <description>Parking reservado para bus Mertola | Aparcamiento |</description>
      
        
      <styleUrl>#icon-1532-7CB342</styleUrl>
      
        
      <Point>
        
          
        <coordinates>
            -7.65826,37.642232,0
          </coordinates>
        
        
      </Point>
      
      
    </Placemark>
    <Placemark>
      
        
      <name>PARKING 🅿️ / Fuente del Maestre</name>
      
        
      <description>Fuente Maestre | Aparcamiento en linea | Visitas al Polideportivo</description>
      
        
      <styleUrl>#icon-1644-0288D1</styleUrl>
      
        
      <Point>
        
          
        <coordinates>
            -6.452956,38.529121,0
          </coordinates>
        
        
      </Point>
      
      
    </Placemark>
    <Placemark>
      
        
      <name>APARCAMIENTO / Cazorla</name>
      
        
      <description>Cazorla | Parking Gratuito | No vigilado y Compartido con turismos (en ocasiones)</description>
      
        
      <styleUrl>#icon-1644-0288D1</styleUrl>
      
        
      <Point>
        
          
        <coordinates>
            -3.005205,37.909025,0
          </coordinates>
        
        
      </Point>
      
      
    </Placemark>
    <Placemark>
      
        
      <name>ESTACIÓN BUS / Pamplona </name>
      
        
      <description>ESTACIÓN DE AUTOBUSES CON PLAZAS LIBRES PARA APARCAMIENTO DE PAGO. http://www.estaciondeautobusesdepamplona.com/La-estacion/Servicios-de-la-estacion/Parking-de-autobuses.aspx.html</description>
      
        
      <styleUrl>#icon-1532-0288D1</styleUrl>
      
        
      <Point>
        
          
        <coordinates>
            -1.645526,42.812277,0
          </coordinates>
        
        
      </Point>
      
      
    </Placemark>
    <Placemark>
      
        
      <name>ESTACIÓN BUS / Murcia </name>
      
        
      <description><![CDATA[Murcia | Estacion de Autocares | Parking de Pago | Lavadero - Surtidor |Calle Sierra de la Pila, nº 3 Barrio de San Andrés 30005 - Murcia<br>Teléfono: 968 29 22 11]]></description>
      
        
      <styleUrl>#icon-1532-0288D1</styleUrl>
      
        
      <Point>
        
          
        <coordinates>
            -1.139139,37.985221,0
          </coordinates>
        
        
      </Point>
      
      
    </Placemark>
    <Placemark>
      
        
      <name>PARKING BUS ✅ /;ZONA DE ESPERA AEROPUERTO Barcelona - El Prat T1 - T2</name>
      
        
      <description>PARKING DE ESPERA O LARGA ESTANCIA DE T1 y T2 GRATUITO / Espera que te llamen para i a recogerlos. terminal T1 y T2.</description>
      
        
      <styleUrl>#icon-1532-7CB342</styleUrl>
      
        
      <Point>
        
          
        <coordinates>
            2.0713166,41.3053642,0
          </coordinates>
        
        
      </Point>
      
      
    </Placemark>
    <Placemark>
      
        
      <name>ISLA FANTASÍA 🎡/ Vilassar de Dalt (Barcelona)</name>
      
        
      <description>Parking del Parque acuatico Isla Fantasia/ gratuito, han puesto barreras entrada estrecha abrete bien para entrar / vas abajo del todo y das la vuelta. ABIERTO SOLO TEMPORADA VERANO</description>
      
        
      <styleUrl>#icon-1502-C2185B</styleUrl>
      
        
      <Point>
        
          
        <coordinates>
            2.3621008,41.5027301,0
          </coordinates>
        
        
      </Point>
      
      
    </Placemark>
    <Placemark>
      
        
      <name>PARKING BUS / Estepona ( Málaga)</name>
      
        
      <description>Aparcamiento Gratuito Estepona</description>
      
        
      <styleUrl>#icon-1532-7CB342</styleUrl>
      
        
      <Point>
        
          
        <coordinates>
            -5.127887,36.430862,0
          </coordinates>
        
        
      </Point>
      
      
    </Placemark>
    <Placemark>
      
        
      <name>PARKING 🅿️ / Valderrobles (Teruel)</name>
      
        
      <description>Parking de tierra libre, a las afueras de la población (Para variar)</description>
      
        
      <styleUrl>#icon-1644-0288D1</styleUrl>
      
        
      <Point>
        
          
        <coordinates>
            0.152838,40.870462,0
          </coordinates>
        
        
      </Point>
      
      
    </Placemark>
    <Placemark>
      
        
      <name>PARKING BUS / Valencia</name>
      
        
      <description>Valencia | Aparcamiento Autorizado para 10 Autocares Turisticos</description>
      
        
      <styleUrl>#icon-1532-7CB342</styleUrl>
      
        
      <Point>
        
          
        <coordinates>
            -0.398858,39.451958,0
          </coordinates>
        
        
      </Point>
      
      
    </Placemark>
    <Placemark>
      
        
      <name>ESTACIÓN BUS / Valencia</name>
      
        
      <description>Estación de autocares en Valencia.Tambien hay parking de pago por horas</description>
      
        
      <styleUrl>#icon-1532-0288D1</styleUrl>
      
        
      <Point>
        
          
        <coordinates>
            -0.38917,39.481574,0
          </coordinates>
        
        
      </Point>
      
      
    </Placemark>
    <Placemark>
      
        
      <name>PARKING BUS / Albacete</name>
      
        
      <description>Una plaza de bus reservada</description>
      
        
      <styleUrl>#icon-1532-7CB342</styleUrl>
      
        
      <Point>
        
          
        <coordinates>
            -1.849523,39.001242,0
          </coordinates>
        
        
      </Point>
      
      
    </Placemark>
    <Placemark>
      
        
      <name>PARKING BUS / Elche</name>
      
        
      <description>Parking bus reservado al lado estación buses</description>
      
        
      <styleUrl>#icon-1532-7CB342</styleUrl>
      
        
      <Point>
        
          
        <coordinates>
            -0.694153,38.271727,0
          </coordinates>
        
        
      </Point>
      
      
    </Placemark>
    <Placemark>
      
        
      <name>Oasys MiniHollywood / Tavernas (Almería)</name>
      
        
      <description>Oasis mini Hollywood en Tabernas Almeria, tiene zona reservada para los autobuses. Parking gratis. Si entras por Tabernas debes de bajar hasta la rotonda del acceso al la A.92 ya que no puedes girar por la raya horizontal continua</description>
      
        
      <styleUrl>#icon-1502-C2185B</styleUrl>
      
        
      <Point>
        
          
        <coordinates>
            -2.434192,37.020586,0
          </coordinates>
        
        
      </Point>
      
      
    </Placemark>
    <Placemark>
      
        
      <name>PARKING 🅿️ / Villanueva de Los Infantes (Ciudad Real)</name>
      
        
      <description>Parking en linea Gratuito afueras población.</description>
      
        
      <styleUrl>#icon-1644-0288D1</styleUrl>
      
        
      <Point>
        
          
        <coordinates>
            -3.0097371,38.7295234,0
          </coordinates>
        
        
      </Point>
      
      
    </Placemark>
    <Placemark>
      
        
      <name>PARKING BUS ✅ / Parque de las Ciencias (Granada)</name>
      
        
      <description>Granada | Parking Museo de Las Ciencias | Gratuito si has llevado Grupo</description>
      
        
      <styleUrl>#icon-1532-7CB342</styleUrl>
      
        
      <Point>
        
          
        <coordinates>
            -3.604255,37.162659,0
          </coordinates>
        
        
      </Point>
      
      
    </Placemark>
    <Placemark>
      
        
      <name>PARKING BUS / Vejer de la Frontera </name>
      
        
      <description>Parking reservado 8 buses</description>
      
        
      <styleUrl>#icon-1532-7CB342</styleUrl>
      
        
      <Point>
        
          
        <coordinates>
            -5.96762,36.255972,0
          </coordinates>
        
        
      </Point>
      
      
    </Placemark>
    <Placemark>
      
        
      <name>PARKING BUS / Medina Sidonia ( Cádiz)</name>
      
        
      <description>Reservado para bus. Gratis sin tiempo</description>
      
        
      <styleUrl>#icon-1532-7CB342</styleUrl>
      
        
      <Point>
        
          
        <coordinates>
            -5.925776,36.453237,0
          </coordinates>
        
        
      </Point>
      
      
    </Placemark>
    <Placemark>
      
        
      <name>PARKING 🅿️ / Chiclana de la Frontera ( Cádiz)</name>
      
        
      <description>Chiclana de la Frontera | Aparcamiento Mixto | Libre y Junto Plaza Toros</description>
      
        
      <styleUrl>#icon-1644-0288D1</styleUrl>
      
        
      <Point>
        
          
        <coordinates>
            -6.155076,36.422963,0
          </coordinates>
        
        
      </Point>
      
      
    </Placemark>
    <Placemark>
      
        
      <name>PARKING / Pulo do Lobo</name>
      
        
      <description>Aquí se aparca para ver cascadas de Puño do Lobo</description>
      
        
      <styleUrl>#icon-1535-757575</styleUrl>
      
        
      <Point>
        
          
        <coordinates>
            -7.644715,37.810118,0
          </coordinates>
        
        
      </Point>
      
      
    </Placemark>
    <Placemark>
      
        
      <name>CASTELO DE PALMELA / Parking bus</name>
      
        
      <description>ZONA reservada para la visita al pueblo y al castillo</description>
      
        
      <styleUrl>#icon-1598-424242</styleUrl>
      
        
      <Point>
        
          
        <coordinates>
            -8.89864,38.566308,0
          </coordinates>
        
        
      </Point>
      
      
    </Placemark>
    <Placemark>
      
        
      <name>PARKING BUS / Villarreal de S. Carlos</name>
      
        
      <description>Villarreal De San Carlos | Aparcamiento Bus | Visita Centro Interpretación | Poblado Villarreal de San Carlos, 32D, 10695 Serradilla, Cáceres, España</description>
      
        
      <styleUrl>#icon-1532-7CB342</styleUrl>
      
        
      <Point>
        
          
        <coordinates>
            -6.028511,39.847754,0
          </coordinates>
        
        
      </Point>
      
      
    </Placemark>
    <Placemark>
      
        
      <name>PARKING BUS / Coria</name>
      
        
      <description>Junto estación de autobuses reservado para aparcar bus</description>
      
        
      <styleUrl>#icon-1532-7CB342</styleUrl>
      
        
      <Point>
        
          
        <coordinates>
            -6.531987,39.989352,0
          </coordinates>
        
        
      </Point>
      
      
    </Placemark>
    <Placemark>
      
        
      <name>PARKING BUS / Ciudad Rodrigo ( Salamanca)</name>
      
        
      <description>Parking en linea en Avenida Sefarad</description>
      
        
      <styleUrl>#icon-1532-7CB342</styleUrl>
      
        
      <Point>
        
          
        <coordinates>
            -6.532467,40.59993,0
          </coordinates>
        
        
      </Point>
      
      
    </Placemark>
    <Placemark>
      
        
      <name>PARKING BUS / Toro (Zamora)</name>
      
        
      <description>Parking de tierra libre no vigilado</description>
      
        
      <styleUrl>#icon-1532-7CB342</styleUrl>
      
        
      <Point>
        
          
        <coordinates>
            -5.385104,41.522234,0
          </coordinates>
        
        
      </Point>
      
      
    </Placemark>
    <Placemark>
      
        
      <name>QUESERÍA CHILLÓN </name>
      
        
      <description>Tienen parking propio hacen pequeña explicación y degustación a grupos. Buen trato y detalle con chofer.</description>
      
        
      <styleUrl>#icon-1769-000000</styleUrl>
      
        
      <Point>
        
          
        <coordinates>
            -5.383178,41.524158,0
          </coordinates>
        
        
      </Point>
      
      
    </Placemark>
    <Placemark>
      
        
      <name>PARKING BUS / Murcia</name>
      
        
      <description>Parking disuasorio y gratuito de tiempo ilimitado junto al Cuartel de Artillería de Murcia, buena zona y cercana para dejar pasajeros si van a la zona del Cuartel de Artillería ya que pasan bajo la autovia de circunvalación de Murcia A-30 por un paso peatonal. Se entra por la rotonda de avenida ciudad de Almería, Esta delimitada la zona para autobuses con más de 30 dársenas pero estar atentos si lo dejas ya que los turismos te pueden dejar encerrado... si fuese así avisar a la Policía Local que los retiran con la grúa.</description>
      
        
      <styleUrl>#icon-1532-7CB342</styleUrl>
      
        
      <Point>
        
          
        <coordinates>
            -1.138056,37.977952,0
          </coordinates>
        
        
      </Point>
      
      
    </Placemark>
    <Placemark>
      
        
      <name>PARKING BUS / Coimbra (PO)</name>
      
        
      <description>Zona habilitada con andenes para aparcar sin problemas al lado de la gasolinera</description>
      
        
      <styleUrl>#icon-1532-7CB342</styleUrl>
      
        
      <Point>
        
          
        <coordinates>
            -8.425693,40.203872,0
          </coordinates>
        
        
      </Point>
      
      
    </Placemark>
    <Placemark>
      
        
      <name>PARKING BUS ✅️ / Aveiro (PO)</name>
      
        
      <description>Parking Bus y Caravanas  para hacer la espera de visitas en Aveiro</description>
      
        
      <styleUrl>#icon-1532-7CB342</styleUrl>
      
        
      <Point>
        
          
        <coordinates>
            -8.6591674,40.6437542,0
          </coordinates>
        
        
      </Point>
      
      
    </Placemark>
    <Placemark>
      
        
      <name>PARKING BUS (pago) 💰/Oporto (PO)</name>
      
        
      <description>Parking de Pago, Junto Palacio de la Bolsa</description>
      
        
      <styleUrl>#icon-1513-1A237E</styleUrl>
      
        
      <Point>
        
          
        <coordinates>
            -8.618628,41.141208,0
          </coordinates>
        
        
      </Point>
      
      
    </Placemark>
    <Placemark>
      
        
      <name>PARKING BUS EN LINEA / Oporto (PO)</name>
      
        
      <description>OJO SÁBADOS AQUI PONEN MERCADILLO NO APARCAR</description>
      
        
      <styleUrl>#line-0288D1-5000</styleUrl>
      
        
      <LineString>
        
          
        <tessellate>1</tessellate>
        
          
        <coordinates>
            -8.589167,41.156273,0
            -8.58576,41.156296,0
          </coordinates>
        
        
      </LineString>
      
      
    </Placemark>
    <Placemark>
      
        
      <name>PARKING Mixto (Pago) 💰/ Oporto (PO)</name>
      
        
      <description>Entrada estrecha por las Barrera pero se accede bien | Estrada da Circunvalação 7316, 4425-420 Porto, Portugal www.nparking.pt</description>
      
        
      <styleUrl>#icon-1513-1A237E</styleUrl>
      
        
      <Point>
        
          
        <coordinates>
            -8.594551,41.182772,0
          </coordinates>
        
        
      </Point>
      
      
    </Placemark>
    <Placemark>
      
        
      <name>PARKING BUS / Alcalá de Henares </name>
      
        
      <description>Parking en Linea para unos 5 autocares Libre sin tiempo</description>
      
        
      <styleUrl>#icon-1532-7CB342</styleUrl>
      
        
      <Point>
        
          
        <coordinates>
            -3.358567,40.479937,0
          </coordinates>
        
        
      </Point>
      
      
    </Placemark>
    <Placemark>
      
        
      <name>APARCAMIENTO/ Rivas Vaciamadrid</name>
      
        
      <description><![CDATA[Parking Gratuito Holiday Inn Express<br>Te permiten aparcar en el interior del recinto, incluso si te alojas solo.cerca del centro comercial y metro.]]></description>
      
        
      <styleUrl>#icon-1644-0288D1</styleUrl>
      
        
      <Point>
        
          
        <coordinates>
            -3.547238,40.353597,0
          </coordinates>
        
        
      </Point>
      
      
    </Placemark>
    <Placemark>
      
        
      <name>PARKING BUS / Logroño </name>
      
        
      <description>Aparcamiento del palacio de deportes.</description>
      
        
      <styleUrl>#icon-1532-7CB342</styleUrl>
      
        
      <Point>
        
          
        <coordinates>
            -2.4568625,42.454126,0
          </coordinates>
        
        
      </Point>
      
      
    </Placemark>
    <Placemark>
      
        
      <name>MONASTERIO DE LA OLIVA MONASTEGIA / </name>
      
        
      <description>Parking Monasterio de Oliva / Carcastillo, Navarra</description>
      
        
      <styleUrl>#icon-1670-E65100</styleUrl>
      
        
      <Point>
        
          
        <coordinates>
            -1.4678309,42.3717912,0
          </coordinates>
        
        
      </Point>
      
      
    </Placemark>
    <Placemark>
      
        
      <name>PARKING BUS / Tafalla</name>
      
        
      <description>Zona parking autocares, cerca zona deportiva y piscina</description>
      
        
      <styleUrl>#icon-1532-7CB342</styleUrl>
      
        
      <Point>
        
          
        <coordinates>
            -1.6779769,42.5198059,0
          </coordinates>
        
        
      </Point>
      
      
    </Placemark>
    <Placemark>
      
        
      <name>PARKING BERLEBUS (Pago) / Madrid </name>
      
        
      <description>Parking Berlebus - Madrid | 20€ x Dìa | Tel. 630881187 | Vigilado 24H. | Traslado Choferes y Recogidas a Hoteles alrededor del Aeropuerto | Servicio de Lavado Rodillo 18€ | Mantenimiento Vehiculos: Cambios de Aceite - Filtros - Mecánica Rápida ( Pastillas Freno - Neumáticos ) | 3 Dias Parking 1 Lavado Gratis</description>
      
        
      <styleUrl>#icon-1513-1A237E</styleUrl>
      
        
      <Point>
        
          
        <coordinates>
            -3.5555979,40.4510725,0
          </coordinates>
        
        
      </Point>
      
      
    </Placemark>
    <Placemark>
      
        
      <name>PARKING BUS / Madrid</name>
      
        
      <description>Parking bus gratuito .Cerca de Universidad Autónoma de Madrd</description>
      
        
      <styleUrl>#icon-1532-7CB342</styleUrl>
      
        
      <Point>
        
          
        <coordinates>
            -3.6912636,40.5449742,0
          </coordinates>
        
        
      </Point>
      
      
    </Placemark>
    <Placemark>
      
        
      <name>PARKING BUS ✅️/ Alcobendas </name>
      
        
      <description>Parking en Alcobendas gratuito junto al polideportivo de Jose Caballero. Cerca del centro comercial Plaza Norte.</description>
      
        
      <styleUrl>#icon-1532-7CB342</styleUrl>
      
        
      <Point>
        
          
        <coordinates>
            -3.616229,40.536271,0
          </coordinates>
        
        
      </Point>
      
      
    </Placemark>
    <Placemark>
      
        
      <name>PARKING 🅿️ / La Guardia </name>
      
        
      <description>Parking libre en esplanada de tierra, al lado de la gasolinera.</description>
      
        
      <styleUrl>#icon-1644-0288D1</styleUrl>
      
        
      <Point>
        
          
        <coordinates>
            -2.5803969,42.547806,0
          </coordinates>
        
        
      </Point>
      
      
    </Placemark>
    <Placemark>
      
        
      <name>PARKING BUS / La Guardia </name>
      
        
      <description>Parking en Linea para a autocares </description>
      
        
      <styleUrl>#icon-1532-7CB342</styleUrl>
      
        
      <Point>
        
          
        <coordinates>
            -2.5829905,42.5529522,0
          </coordinates>
        
        
      </Point>
      
      
    </Placemark>
    <Placemark>
      
        
      <name>PARKING BUS / La Guardia </name>
      
        
      <description>Parking reservado para 3 autocares en La Guardia </description>
      
        
      <styleUrl>#icon-1532-7CB342</styleUrl>
      
        
      <Point>
        
          
        <coordinates>
            -2.5867102,42.5548348,0
          </coordinates>
        
        
      </Point>
      
      
    </Placemark>
    <Placemark>
      
        
      <name>PARKING 🅿️ / La Guardia </name>
      
        
      <description>Amplio aparcamiento a las afueras s de la población </description>
      
        
      <styleUrl>#icon-1644-0288D1</styleUrl>
      
        
      <Point>
        
          
        <coordinates>
            -2.5877157,42.5600102,0
          </coordinates>
        
        
      </Point>
      
      
    </Placemark>
    <Placemark>
      
        
      <name>PARKING BUS / Santo Domingo de la Calzada </name>
      
        
      <description>Aparcamiento en linea / 2 plazas señalizadas y autorizadas de aparcamiento bus gratuito.</description>
      
        
      <styleUrl>#icon-1532-7CB342</styleUrl>
      
        
      <Point>
        
          
        <coordinates>
            -2.9505606,42.4420925,0
          </coordinates>
        
        
      </Point>
      
      
    </Placemark>
    <Placemark>
      
        
      <name>PARKING BUS / Burgo de Osma (Soria)</name>
      
        
      <styleUrl>#icon-1532-7CB342-nodesc</styleUrl>
      
        
      <Point>
        
          
        <coordinates>
            -3.0733051,41.5865768,0
          </coordinates>
        
        
      </Point>
      
      
    </Placemark>
    <Placemark>
      
        
      <name>PARKING BUS / Huesca</name>
      
        
      <description>Parking bus en linea reservado en toda la calle, cerca zona deportiva y Palacio Municipal de deportes.</description>
      
        
      <styleUrl>#icon-1532-7CB342</styleUrl>
      
        
      <Point>
        
          
        <coordinates>
            -0.421358,42.1351844,0
          </coordinates>
        
        
      </Point>
      
      
    </Placemark>
    <Placemark>
      
        
      <name>CASTILLO DE LOS TEMPLARIOS (Parking) / Ponferrada </name>
      
        
      <description>Aparcamiento para 3 -4 autocares. Con poca maniobrabilidad. No seguir la calle adelante porque posiblemente no puede dar la vuelta.</description>
      
        
      <styleUrl>#icon-1598-000000</styleUrl>
      
        
      <Point>
        
          
        <coordinates>
            -6.5948438,42.5426293,0
          </coordinates>
        
        
      </Point>
      
      
    </Placemark>
    <Placemark>
      
        
      <name>PARKING BUS / Ponferrada </name>
      
        
      <description>Aparcamiento compartido con turismos y camiones pero con espacio reservado para autocares. gratuito </description>
      
        
      <styleUrl>#icon-1532-7CB342</styleUrl>
      
        
      <Point>
        
          
        <coordinates>
            -6.5867586,42.5429571,0
          </coordinates>
        
        
      </Point>
      
      
    </Placemark>
    <Placemark>
      
        
      <name>PARKING BUS / Ponferrada </name>
      
        
      <description>Andenes  reservados  en la zona deportiva.</description>
      
        
      <styleUrl>#icon-1532-7CB342</styleUrl>
      
        
      <Point>
        
          
        <coordinates>
            -6.6014206,42.5578714,0
          </coordinates>
        
        
      </Point>
      
      
    </Placemark>
    <Placemark>
      
        
      <name>PARKING BUS / Peso Da Tregua (PO)</name>
      
        
      <description>Peso Da Regua | Parking Gratuito | CUIDADO HAY 2 ZONAS: URBANOS Y DISCRECIONAL</description>
      
        
      <styleUrl>#icon-1532-7CB342</styleUrl>
      
        
      <Point>
        
          
        <coordinates>
            -7.7811316,41.1561271,0
          </coordinates>
        
        
      </Point>
      
      
    </Placemark>
    <Placemark>
      
        
      <name>PARKING BUS ✅️ / Guimarães (PO)</name>
      
        
      <description>Parking en linea en Calle R.de Dona Teresa Guimarães ( Po)</description>
      
        
      <styleUrl>#icon-1532-7CB342</styleUrl>
      
        
      <Point>
        
          
        <coordinates>
            -8.288838,41.4495278,0
          </coordinates>
        
        
      </Point>
      
      
    </Placemark>
    <Placemark>
      
        
      <name>PARKING BUS / Viana do Castelo (PO)</name>
      
        
      <description>Parking en calle R.da Argaçosa / gratuito sin tiempo</description>
      
        
      <styleUrl>#icon-1532-7CB342</styleUrl>
      
        
      <Point>
        
          
        <coordinates>
            -8.8174265,41.6968575,0
          </coordinates>
        
        
      </Point>
      
      
    </Placemark>
    <Placemark>
      
        
      <name>Acuario y museo del Río Miño / Vilanova de Cerveira (PO)</name>
      
        
      <description>Parking libre  para visita Acuario y museo del Río Miño /. Vilanova de Cerveira (PO)</description>
      
        
      <styleUrl>#icon-1532-7CB342</styleUrl>
      
        
      <Point>
        
          
        <coordinates>
            -8.7479194,41.9371669,0
          </coordinates>
        
        
      </Point>
      
      
    </Placemark>
    <Placemark>
      
        
      <name>PARKING BUS / Ourense</name>
      
        
      <description>Estacionamiento 2 buses en linea .Libre, debajo de árboles buena sombra en verano</description>
      
        
      <styleUrl>#icon-1532-7CB342</styleUrl>
      
        
      <Point>
        
          
        <coordinates>
            -7.867504,42.3345289,0
          </coordinates>
        
        
      </Point>
      
      
    </Placemark>
    <Placemark>
      
        
      <name>PARKING 🅿️ / Lago Sant Mauricio-Spot (Lleida)</name>
      
        
      <description>Nosotros no podemos subir al Lago de S. Mauricio, suben en taxis / aqui dejamos los grupos y hacemos la espera</description>
      
        
      <styleUrl>#icon-1644-0288D1</styleUrl>
      
        
      <Point>
        
          
        <coordinates>
            1.091018,42.5746524,0
          </coordinates>
        
        
      </Point>
      
      
    </Placemark>
    <Placemark>
      
        
      <name>PARKING BUS / Miranda de Ebro </name>
      
        
      <description>Parking en Miranda para visita del Castillo </description>
      
        
      <styleUrl>#icon-1532-7CB342</styleUrl>
      
        
      <Point>
        
          
        <coordinates>
            -2.9520771,42.6808555,0
          </coordinates>
        
        
      </Point>
      
      
    </Placemark>
    <Placemark>
      
        
      <name>PARKING BUS / Frías (Burgos)</name>
      
        
      <description>Parking para la visita de la población de Frías y su Castillo</description>
      
        
      <styleUrl>#icon-1532-7CB342</styleUrl>
      
        
      <Point>
        
          
        <coordinates>
            -3.2954713,42.7630237,0
          </coordinates>
        
        
      </Point>
      
      
    </Placemark>
    <Placemark>
      
        
      <name>PARKING BUS / Villafranca del Bierzo  (León)</name>
      
        
      <description>Parking en linea autorizado en Villafranca del Bierzo </description>
      
        
      <styleUrl>#icon-1532-7CB342</styleUrl>
      
        
      <Point>
        
          
        <coordinates>
            -6.8057433,42.6093466,0
          </coordinates>
        
        
      </Point>
      
      
    </Placemark>
    <Placemark>
      
        
      <name>PARKING BUS ✅ / Río Barosa</name>
      
        
      <description>Parking  para la Visita del Río Barosa. Se pueden dejar en el parking que está más cerca después venir aquí.</description>
      
        
      <styleUrl>#icon-1532-7CB342</styleUrl>
      
        
      <Point>
        
          
        <coordinates>
            -8.6358552,42.5549326,0
          </coordinates>
        
        
      </Point>
      
      
    </Placemark>
    <Placemark>
      
        
      <name>C Y D / Río Barosa</name>
      
        
      <description>Puedes dejarlos en este Parking que está más cerca del Río Barosa. También te puedes quedar si es una visita corta.</description>
      
        
      <styleUrl>#icon-1826-0F9D58</styleUrl>
      
        
      <Point>
        
          
        <coordinates>
            -8.6327254,42.5548468,0
          </coordinates>
        
        
      </Point>
      
      
    </Placemark>
    <Placemark>
      
        
      <name>PARKING BUS / O Outeiro (El Ferrol)</name>
      
        
      <description>4 dársenas reservadas junto a la playa de Domiños</description>
      
        
      <styleUrl>#icon-1532-7CB342</styleUrl>
      
        
      <Point>
        
          
        <coordinates>
            -8.3141184,43.5000029,0
          </coordinates>
        
        
      </Point>
      
      
    </Placemark>
    <Placemark>
      
        
      <name>HOTEL RESORT Las Sirenas Talaso Cantábrico/ Viveiro (Lugo)</name>
      
        
      <description>Tiene parking justo delante / Playa de Sacido, s/n, 27850 Vivero, Lugo www.resortlassirenas.com +34 982 56 02 00</description>
      
        
      <styleUrl>#icon-1602-9C27B0</styleUrl>
      
        
      <Point>
        
          
        <coordinates>
            -7.6143857,43.6774524,0
          </coordinates>
        
        
      </Point>
      
      
    </Placemark>
    <Placemark>
      
        
      <name>PARKING BUS / Mieres (Asturias)</name>
      
        
      <description>Parking 2 Buses en Linea Gratuito, en zona deportiva de Mieres </description>
      
        
      <styleUrl>#icon-1532-7CB342</styleUrl>
      
        
      <Point>
        
          
        <coordinates>
            -5.7794439,43.2577509,0
          </coordinates>
        
        
      </Point>
      
      
    </Placemark>
    <Placemark>
      
        
      <name>PARKING BUS / Santa Pola de Siero (Asturias)</name>
      
        
      <description>1 plaza de Bus en Av/ Langreo n°6</description>
      
        
      <styleUrl>#icon-1532-7CB342</styleUrl>
      
        
      <Point>
        
          
        <coordinates>
            -5.6535178,43.3916427,0
          </coordinates>
        
        
      </Point>
      
      
    </Placemark>
    <Placemark>
      
        
      <name>ESTADIO El Molinón</name>
      
        
      <description>Gijon | Parking Bus | Estadio El Molinon | 7 Plazas Bus Autorizadas | Se permite aparcamiento en cualquier zona respetando las calles | Gratis y Seguro</description>
      
        
      <styleUrl>#icon-1696-097138</styleUrl>
      
        
      <Point>
        
          
        <coordinates>
            -5.6352918,43.5359038,0
          </coordinates>
        
        
      </Point>
      
      
    </Placemark>
    <Placemark>
      
        
      <name>PARKING BUS / Colunga (Asturias)</name>
      
        
      <description>Parking Bus 5 dársenas gratuito </description>
      
        
      <styleUrl>#icon-1532-7CB342</styleUrl>
      
        
      <Point>
        
          
        <coordinates>
            -5.2633999,43.4988973,0
          </coordinates>
        
        
      </Point>
      
      
    </Placemark>
    <Placemark>
      
        
      <name>PARKING BUS ✅️ / Basílica Begoña (Bilbao)</name>
      
        
      <description>Bilbao | Aparcamiento 3 Bus | Sin limite de Tiempo | Gratuito | Junto Basilica Begoña</description>
      
        
      <styleUrl>#icon-1532-7CB342</styleUrl>
      
        
      <Point>
        
          
        <coordinates>
            -2.9141798,43.2600301,0
          </coordinates>
        
        
      </Point>
      
      
    </Placemark>
    <Placemark>
      
        
      <name>PARKING BUS ✅️ / Bilbao</name>
      
        
      <description>Parking en Linea Gratuito sin tiempo 3 buses en C/ de María Díaz de Haro n° 1</description>
      
        
      <styleUrl>#icon-1532-7CB342</styleUrl>
      
        
      <Point>
        
          
        <coordinates>
            -2.9431257,43.2644968,0
          </coordinates>
        
        
      </Point>
      
      
    </Placemark>
    <Placemark>
      
        
      <name>PARKING BUS  / Bilbao</name>
      
        
      <description>Parking Gratuito en linea Av/ Lehendakari Aguirre 50 / 5 Plazas de Bus</description>
      
        
      <styleUrl>#line-0288D1-4961</styleUrl>
      
        
      <LineString>
        
          
        <tessellate>1</tessellate>
        
          
        <coordinates>
            -2.9543778,43.2727593,0
            -2.953297,43.2725107,0
          </coordinates>
        
        
      </LineString>
      
      
    </Placemark>
    <Placemark>
      
        
      <name>PARKING BUS / Baquio (Vizcaya)</name>
      
        
      <description>Dársenas reservadas para 3 autocares , gratuito</description>
      
        
      <styleUrl>#icon-1532-7CB342</styleUrl>
      
        
      <Point>
        
          
        <coordinates>
            -2.805075,43.4290521,0
          </coordinates>
        
        
      </Point>
      
      
    </Placemark>
    <Placemark>
      
        
      <name>NACIMIENTO RIO EBRO / Fontibre (Cantabria)</name>
      
        
      <description>Parking Bus en Linea para ver nacimiento Río Ebro en Fontibre</description>
      
        
      <styleUrl>#icon-1535-757575</styleUrl>
      
        
      <Point>
        
          
        <coordinates>
            -4.1905421,43.0172927,0
          </coordinates>
        
        
      </Point>
      
      
    </Placemark>
    <Placemark>
      
        
      <name>PARKING BUS - C Y D  ✅🔄 / Santillana del Mar (Cantabria)</name>
      
        
      <description>Aquí se Dejan y recogen ya no se puede en la Parada del Bus del centro. / Santillana del Mar | Aparcamiento Gratuito | DE PAGO del 15 Marzo al 15 Octubre</description>
      
        
      <styleUrl>#icon-1532-7CB342</styleUrl>
      
        
      <Point>
        
          
        <coordinates>
            -4.1032489,43.3870176,0
          </coordinates>
        
        
      </Point>
      
      
    </Placemark>
    <Placemark>
      
        
      <name>PARKING (Pago) / Barakaldo (Vizcaya)</name>
      
        
      <description>Barakaldo parking Mixto de Pago, vigilado.</description>
      
        
      <styleUrl>#icon-1513-1A237E</styleUrl>
      
        
      <Point>
        
          
        <coordinates>
            -3.0062405,43.2955252,0
          </coordinates>
        
        
      </Point>
      
      
    </Placemark>
    <Placemark>
      
        
      <name>PARKING BUS / Vitoria - Gasteiz </name>
      
        
      <description>Zona reservada para 5 Buses sin tiempo gratuito </description>
      
        
      <styleUrl>#icon-1532-7CB342</styleUrl>
      
        
      <Point>
        
          
        <coordinates>
            -2.6439444,42.863895,0
          </coordinates>
        
        
      </Point>
      
      
    </Placemark>
    <Placemark>
      
        
      <name>PARKING BUS / Vitoria</name>
      
        
      <description>Parking libre en Linea / Vitoria</description>
      
        
      <styleUrl>#line-0288D1-5413</styleUrl>
      
        
      <LineString>
        
          
        <tessellate>1</tessellate>
        
          
        <coordinates>
            -2.6891498,42.8594972,0
            -2.6876996,42.8600628,0
          </coordinates>
        
        
      </LineString>
      
      
    </Placemark>
    <Placemark>
      
        
      <name>PARKING BUS / Vitoria - Gasteiz </name>
      
        
      <description>Zona reservada para aparcar Bus en Linea gratuito sin tiempo </description>
      
        
      <styleUrl>#icon-1532-7CB342</styleUrl>
      
        
      <Point>
        
          
        <coordinates>
            -2.6880482,42.8599193,0
          </coordinates>
        
        
      </Point>
      
      
    </Placemark>
    <Placemark>
      
        
      <name>SANTUÁRIO DE ARANZAZU Guipúzcoa </name>
      
        
      <description>Parking mixto en Santuario, zona de espera</description>
      
        
      <styleUrl>#icon-1670-E65100</styleUrl>
      
        
      <Point>
        
          
        <coordinates>
            -2.4001476,42.9791497,0
          </coordinates>
        
        
      </Point>
      
      
    </Placemark>
    <Placemark>
      
        
      <name>APARCAMIENTO/ Tolosa (Guipúzcoa)</name>
      
        
      <description>Tolosa | Parking Libre | Junto Parque de Bomberos</description>
      
        
      <styleUrl>#icon-1644-0288D1</styleUrl>
      
        
      <Point>
        
          
        <coordinates>
            -2.0800453,43.1293003,0
          </coordinates>
        
        
      </Point>
      
      
    </Placemark>
    <Placemark>
      
        
      <name>APARCAMIENTO / San Juan Gaztelugatxe - Behatokia</name>
      
        
      <description>Parking mixto complicado si se llena de turismos.</description>
      
        
      <styleUrl>#icon-1644-0288D1</styleUrl>
      
        
      <Point>
        
          
        <coordinates>
            -2.7846351,43.4412603,0
          </coordinates>
        
        
      </Point>
      
      
    </Placemark>
    <Placemark>
      
        
      <name>PARKING BUS / Lekeitio (Vizcaya)</name>
      
        
      <description>Parking para autocares libre, sin tiempo.</description>
      
        
      <styleUrl>#icon-1532-7CB342</styleUrl>
      
        
      <Point>
        
          
        <coordinates>
            -2.5127856,43.3648309,0
          </coordinates>
        
        
      </Point>
      
      
    </Placemark>
    <Placemark>
      
        
      <name>PARKING BUS / Pamplona</name>
      
        
      <description>Pamplona | Aparcamiento señalizado en Linea | Calle cortada junto a DGT Navarra</description>
      
        
      <styleUrl>#icon-1532-7CB342</styleUrl>
      
        
      <Point>
        
          
        <coordinates>
            -1.6535364,42.8103357,0
          </coordinates>
        
        
      </Point>
      
      
    </Placemark>
    <Placemark>
      
        
      <name>PARKING BUS / Pamplona </name>
      
        
      <description>Aparcamiento en linea para dos autocares ..MAX 2 horas</description>
      
        
      <styleUrl>#icon-1532-7CB342</styleUrl>
      
        
      <Point>
        
          
        <coordinates>
            -1.6541001,42.8152454,0
          </coordinates>
        
        
      </Point>
      
      
    </Placemark>
    <Placemark>
      
        
      <name>PARKING BUS / San Sebastián </name>
      
        
      <description>San Sebastian | Aparcamiento dársenas para 3 buses</description>
      
        
      <styleUrl>#icon-1532-7CB342</styleUrl>
      
        
      <Point>
        
          
        <coordinates>
            -1.963725,43.3182239,0
          </coordinates>
        
        
      </Point>
      
      
    </Placemark>
    <Placemark>
      
        
      <name>PARKING BUS ✅/ Hondarribia (Guipúzcoa)</name>
      
        
      <description>Aparcamiento en linea junto playa de Hondarribia </description>
      
        
      <styleUrl>#icon-1532-7CB342</styleUrl>
      
        
      <Point>
        
          
        <coordinates>
            -1.7982879,43.3802895,0
          </coordinates>
        
        
      </Point>
      
      
    </Placemark>
    <Placemark>
      
        
      <name>PARKING BUS / Roncesvalles</name>
      
        
      <description>Reservado 1 bus</description>
      
        
      <styleUrl>#icon-1532-7CB342</styleUrl>
      
        
      <Point>
        
          
        <coordinates>
            -1.3194533,43.0081429,0
          </coordinates>
        
        
      </Point>
      
      
    </Placemark>
    <Placemark>
      
        
      <name>ÁREA MANZANIL / Loja (Granada)</name>
      
        
      <description>Buen trato , grupos.y parking amplio.  km 190, Autovía A-92, 18300 Loja, Granada</description>
      
        
      <styleUrl>#icon-1577-795548</styleUrl>
      
        
      <Point>
        
          
        <coordinates>
            -4.167288,37.165585,0
          </coordinates>
        
        
      </Point>
      
      
    </Placemark>
    <Placemark>
      
        
      <name>RESTAURANTE TORREMAR / Lodares</name>
      
        
      <description>Aceptan grupos, detalle con chofer. Amplio parking</description>
      
        
      <styleUrl>#icon-1577-795548</styleUrl>
      
        
      <Point>
        
          
        <coordinates>
            -2.4012912,41.1892412,0
          </coordinates>
        
        
      </Point>
      
      
    </Placemark>
    <Placemark>
      
        
      <name>AREA La Hacienda / La Bañeza (León)</name>
      
        
      <description>Área de servicio en plena A6, tiene Parking, abre las 24 horas, dispone de hotel y restaurante.Muy buena atención y si vas con grupo invitan al conductor</description>
      
        
      <styleUrl>#icon-1577-795548</styleUrl>
      
        
      <Point>
        
          
        <coordinates>
            -5.9137088,42.2870356,0
          </coordinates>
        
        
      </Point>
      
      
    </Placemark>
    <Placemark>
      
        
      <name>ÁREA Pazuelo / Ribera de Polvorosa</name>
      
        
      <description>Buen sitio para parar por el buen trato. Buen servicio amplio parking recomendado por muchos compañeros</description>
      
        
      <styleUrl>#icon-1577-795548</styleUrl>
      
        
      <Point>
        
          
        <coordinates>
            -5.6414766,42.1553839,0
          </coordinates>
        
        
      </Point>
      
      
    </Placemark>
    <Placemark>
      
        
      <name>PARKING BUS / San Miguel de Bernuy  (Segovia)</name>
      
        
      <description>Parking afueras población/;San Miguel de Bernuy, Segovia</description>
      
        
      <styleUrl>#icon-1532-7CB342</styleUrl>
      
        
      <Point>
        
          
        <coordinates>
            -3.9509099,41.3951125,0
          </coordinates>
        
        
      </Point>
      
      
    </Placemark>
    <Placemark>
      
        
      <name>ÁREA SERVICIO / Puerta De Barcelona</name>
      
        
      <description><![CDATA[Área / Puerta De Barcelona <br>AMPLIA AREA DE SERVICIOS CON DÁRSENAS PARA BUS (en linea). Amplios baños, WIFI, servicio 24h, hotel restaurante, vigilado por cámaras. Hotel económico para profesionales. TAMBIEN PARKING DE PAGO.]]></description>
      
        
      <styleUrl>#icon-1577-795548</styleUrl>
      
        
      <Point>
        
          
        <coordinates>
            1.9777289,41.466688,0
          </coordinates>
        
        
      </Point>
      
      
    </Placemark>
    <Placemark>
      
        
      <name>PARKING BUS / Valdemorillo (Madrid)</name>
      
        
      <description>Reservado para bus en Calle Eras Cerradas Valdemorillo. Cerca Polideportivo </description>
      
        
      <styleUrl>#icon-1532-7CB342</styleUrl>
      
        
      <Point>
        
          
        <coordinates>
            -4.0622726,40.4983779,0
          </coordinates>
        
        
      </Point>
      
      
    </Placemark>
    <Placemark>
      
        
      <name>PARKING BUS / El Tiemblo (Ávila)</name>
      
        
      <description>Zona reservada para Bus a las Afueras de la población </description>
      
        
      <styleUrl>#icon-1532-7CB342</styleUrl>
      
        
      <Point>
        
          
        <coordinates>
            -4.4953657,40.4074167,0
          </coordinates>
        
        
      </Point>
      
      
    </Placemark>
    <Placemark>
      
        
      <name>ENTRADA Parking Museo Ciencias</name>
      
        
      <description>Entrada al Parking por Av / Domingo Puente Marín </description>
      
        
      <styleUrl>#line-F9A825-5735</styleUrl>
      
        
      <LineString>
        
          
        <tessellate>1</tessellate>
        
          
        <coordinates>
            -3.6033018,37.1620775,0
            -3.6035114,37.1619421,0
            -3.6035864,37.161943,0
            -3.6036524,37.1619578,0
            -3.6039882,37.1624211,0
            -3.6041222,37.1625233,0
          </coordinates>
        
        
      </LineString>
      
      
    </Placemark>
    <Placemark>
      
        
      <name>APARCAMIENTO / O Porriño (Pontevedra)</name>
      
        
      <description>Parking mixto de tierra lejos del centro pero cerca alguna cafetería. OJO déjalo cerca de la salida que no te dejen encerrado los domingueros.</description>
      
        
      <styleUrl>#icon-1644-0288D1</styleUrl>
      
        
      <Point>
        
          
        <coordinates>
            -8.6126939,42.100822,0
          </coordinates>
        
        
      </Point>
      
      
    </Placemark>
    <Placemark>
      
        
      <name>SANTUARIO Mare de Deu de Montserrat / Monferri (Tarragona)</name>
      
        
      <description>Parking pequeño de tierra / Montferri, Tarragonamontferri.altanet.org+34 621 22 38 15</description>
      
        
      <styleUrl>#icon-1670-E65100</styleUrl>
      
        
      <Point>
        
          
        <coordinates>
            1.3692846,41.2682191,0
          </coordinates>
        
        
      </Point>
      
      
    </Placemark>
    <Placemark>
      
        
      <name>PARKING BUS ✅️ / La Almunia de Doña Godina (Zaragoza)</name>
      
        
      <description>Parking bus y  para la espera de la visita a La Almunia.</description>
      
        
      <styleUrl>#icon-1532-7CB342</styleUrl>
      
        
      <Point>
        
          
        <coordinates>
            -1.3807351,41.4797958,0
          </coordinates>
        
        
      </Point>
      
      
    </Placemark>
    <Placemark>
      
        
      <name>PARKING / ZONA DE ESPERA 🅿️☕ / Guadix (Granada)</name>
      
        
      <description>Parking mixto y Zona de espera en Recinto Ferial. OJO !! Sábados Mercadillo </description>
      
        
      <styleUrl>#icon-1644-0288D1</styleUrl>
      
        
      <Point>
        
          
        <coordinates>
            -3.1329266,37.3036758,0
          </coordinates>
        
        
      </Point>
      
      
    </Placemark>
    <Placemark>
      
        
      <name>PARKING BUS ✅ / Madrid </name>
      
        
      <description>Parking Bus  3 Plazas / MAX 2HORAS / Paseo Imperial </description>
      
        
      <styleUrl>#icon-1532-7CB342</styleUrl>
      
        
      <Point>
        
          
        <coordinates>
            -3.7165791,40.4059704,0
          </coordinates>
        
        
      </Point>
      
      
    </Placemark>
    <Placemark>
      
        
      <name>PARKING BUS ✅ / Niza (FR)</name>
      
        
      <description>Parking Bus se puede dejar también de noche/ Hoteles NOVOTEL y NH justo delante </description>
      
        
      <styleUrl>#icon-1532-7CB342</styleUrl>
      
        
      <Point>
        
          
        <coordinates>
            7.2822259,43.7074505,0
          </coordinates>
        
        
      </Point>
      
      
    </Placemark>
    <Placemark>
      
        
      <name>PARKING BUS ✅ / Ville Haute (LUX)</name>
      
        
      <description>Parking Bus  Ville Haute Luxembourg, Luxemburgo</description>
      
        
      <styleUrl>#icon-1532-7CB342</styleUrl>
      
        
      <Point>
        
          
        <coordinates>
            6.128977,49.6094733,0
          </coordinates>
        
        
      </Point>
      
      
    </Placemark>
    <Placemark>
      
        
      <name>PARKING BUS (Máx 2Horas) ✅ / Madrid </name>
      
        
      <description>Zona trasera de plaza toros Las Ventas Máximo 2Horas (3Plazas)</description>
      
        
      <styleUrl>#icon-1532-7CB342</styleUrl>
      
        
      <Point>
        
          
        <coordinates>
            -3.6639742,40.4329864,0
          </coordinates>
        
        
      </Point>
      
      
    </Placemark>
    <Placemark>
      
        
      <name>PARKING BUS ✅️ / Cangas de Narcea (Asturias)</name>
      
        
      <description>Parking Bus en poligono de Cangas de Narcea.</description>
      
        
      <styleUrl>#icon-1532-7CB342</styleUrl>
      
        
      <Point>
        
          
        <coordinates>
            -6.5471419,43.1853387,0
          </coordinates>
        
        
      </Point>
      
      
    </Placemark>
    <Placemark>
      
        
      <name>MUSEO Minero Valle de Samuño 🏛️ / Ciañu (Asturias)</name>
      
        
      <description>Parking Bus / El Cadavíu, s/n, Ciañu, Asturiaswww.ecomuseominero.es +34 984 08 22 15</description>
      
        
      <styleUrl>#icon-1636-A52714</styleUrl>
      
        
      <Point>
        
          
        <coordinates>
            -5.6758646,43.2773275,0
          </coordinates>
        
        
      </Point>
      
      
    </Placemark>
    <Placemark>
      
        
      <name>MUSEO Etnográfico de Quirós y Comarca 🏛️ / San Salvador (Asturias)</name>
      
        
      <description>Parking bus en linea para la visita del museo.</description>
      
        
      <styleUrl>#icon-1636-A52714</styleUrl>
      
        
      <Point>
        
          
        <coordinates>
            -5.9833386,43.1655763,0
          </coordinates>
        
        
      </Point>
      
      
    </Placemark>
    <Placemark>
      
        
      <name>PARKING Poligono / Vilassar de Dalt (Barcelona)</name>
      
        
      <description>Parking en Poligono de Vilassar D.</description>
      
        
      <styleUrl>#icon-1644-0288D1</styleUrl>
      
        
      <Point>
        
          
        <coordinates>
            2.3681879,41.5123177,0
          </coordinates>
        
        
      </Point>
      
      
    </Placemark>
    <Placemark>
      
        
      <name>PARKING BUS ✅️ / Zaragoza </name>
      
        
      <description>Zona reservada Bus en pistas de Atletismo Corona de Aragón.</description>
      
        
      <styleUrl>#icon-1532-7CB342</styleUrl>
      
        
      <Point>
        
          
        <coordinates>
            -0.8901872,41.6855555,0
          </coordinates>
        
        
      </Point>
      
      
    </Placemark>
    <Placemark>
      
        
      <name>PARKING BUS ✅️ / Tortosa (Tarragona)</name>
      
        
      <description>Parking resevado para Bus en el pabellón Ferial de remolins Tortosa.</description>
      
        
      <styleUrl>#icon-1532-7CB342</styleUrl>
      
        
      <Point>
        
          
        <coordinates>
            0.5220291,40.8204765,0
          </coordinates>
        
        
      </Point>
      
      
    </Placemark>
    <Placemark>
      
        
      <name>Parking 🅿️ / Estremoz (PO)</name>
      
        
      <description><![CDATA[APARCAMIENTO / Estremoz (PO)<br>Extremos - Portugal | Parking Libre Gratuito |]]></description>
      
        
      <styleUrl>#icon-1644-0288D1</styleUrl>
      
        
      <Point>
        
          
        <coordinates>
            -7.5789245,38.8487821,0
          </coordinates>
        
        
      </Point>
      
      
    </Placemark>
    <Placemark>
      
        
      <name>PARKING BUS ✅️ / Palma (Illes Balears)</name>
      
        
      <description>Parking Bus al lado pistas atletismo y zona deportiva.</description>
      
        
      <styleUrl>#icon-1532-7CB342</styleUrl>
      
        
      <Point>
        
          
        <coordinates>
            2.6293094,39.5878212,0
          </coordinates>
        
        
      </Point>
      
      
    </Placemark>
    <Placemark>
      
        
      <name><![CDATA[PARKING BUS ✅️ / Port d'Andratx (Illes Balears)]]></name>
      
        
      <description>Parking Bus en Linea gratuito sin tiempo. Perfecto visita población. </description>
      
        
      <styleUrl>#icon-1532-7CB342</styleUrl>
      
        
      <Point>
        
          
        <coordinates>
            2.3890319,39.5476173,0
          </coordinates>
        
        
      </Point>
      
      
    </Placemark>
    <Placemark>
      
        
      <name>PARKING (Pago) Aeropuerto Faro 💰/ Faro (PO)</name>
      
        
      <description>Parking de Pago para hacer la espera en aeropuerto de Faro (Po).</description>
      
        
      <styleUrl>#icon-1513-1A237E</styleUrl>
      
        
      <Point>
        
          
        <coordinates>
            -7.9681913,37.0219792,0
          </coordinates>
        
        
      </Point>
      
      
    </Placemark>
    <Placemark>
      
        
      <name>PARKING BUS ✅️ / El Rocio (Huelva)</name>
      
        
      <description><![CDATA[Parking en el Rocio, cerca de la Ermita<br>En el otro parking no se puede dejar. Este es el PK Bus Autorizado. ]]></description>
      
        
      <styleUrl>#icon-1532-7CB342</styleUrl>
      
        
      <Point>
        
          
        <coordinates>
            -6.4892795,37.1338164,0
          </coordinates>
        
        
      </Point>
      
      
    </Placemark>
    <Placemark>
      
        
      <name>PARKING BUS ✅ / Covadonga (Asturias)</name>
      
        
      <description>Parking Bus OBLIGATORIO para esperar pasajeros visita Basílica y lagos de Covadonga. </description>
      
        
      <styleUrl>#icon-1532-7CB342</styleUrl>
      
        
      <Point>
        
          
        <coordinates>
            -5.0547064,43.3112887,0
          </coordinates>
        
        
      </Point>
      
      
    </Placemark>
    <Placemark>
      
        
      <name>PARKING 🅿️ / Avilés (Asturias)</name>
      
        
      <description>Parking y zona de espera en la zona industrial de Avilés / Trª de la Industria </description>
      
        
      <styleUrl>#icon-1644-0288D1</styleUrl>
      
        
      <Point>
        
          
        <coordinates>
            -5.9260495,43.5718978,0
          </coordinates>
        
        
      </Point>
      
      
    </Placemark>
    <Placemark>
      
        
      <name>PARKING 🅿️ / Viseu (PO)</name>
      
        
      <description>Parking mixto de tierra gratuito en Viseu.</description>
      
        
      <styleUrl>#icon-1644-0288D1</styleUrl>
      
        
      <Point>
        
          
        <coordinates>
            -7.9152705,40.6653559,0
          </coordinates>
        
        
      </Point>
      
      
    </Placemark>
    <Placemark>
      
        
      <name>HOTEL Cristina 🛏️ / Noreña (Asturias)</name>
      
        
      <description>Hotel que aceptan grupos 3⭐ Parking para poder dejar Bus sin problemas.</description>
      
        
      <styleUrl>#icon-1602-9C27B0</styleUrl>
      
        
      <Point>
        
          
        <coordinates>
            -5.7040367,43.4008965,0
          </coordinates>
        
        
      </Point>
      
      
    </Placemark>
    <Placemark>
      
        
      <name>Entradas y Salida Hotel Cristina </name>
      
        
      <description>Entradas y Salida al parking del Hotel Cristina de Noreña</description>
      
        
      <styleUrl>#line-F9A825-5778</styleUrl>
      
        
      <LineString>
        
          
        <tessellate>1</tessellate>
        
          
        <coordinates>
            -5.7030282,43.400621,0
            -5.7034824,43.4004179,0
            -5.7038572,43.4001769,0
            -5.7043666,43.3998284,0
            -5.704553,43.3997392,0
            -5.7049452,43.3997134,0
            -5.7051395,43.3998308,0
            -5.7054486,43.4001739,0
            -5.7049716,43.4004686,0
            -5.7046639,43.4005715,0
            -5.704374,43.4006189,0
            -5.7041611,43.4006851,0
            -5.7040499,43.4008001,0
          </coordinates>
        
        
      </LineString>
      
      
    </Placemark>
    <Placemark>
      
        
      <name>HOTEL Los Acebos 🛏️ / Arriondas (Asturias)</name>
      
        
      <description>Parking Hotel, aceptan grupos también para comer Urbanizacion, 33540 Arriondas, Asturias www.hoteleslosacebos.com +34 985 84 37 00</description>
      
        
      <styleUrl>#icon-1602-9C27B0</styleUrl>
      
        
      <Point>
        
          
        <coordinates>
            -5.1831373,43.3843813,0
          </coordinates>
        
        
      </Point>
      
      
    </Placemark>
    <Placemark>
      
        
      <name>PARKING 🅿️ / Noia (A Coruña)</name>
      
        
      <description>Parking mixto gratuito / si hay feria o fiestas complicado entrar </description>
      
        
      <styleUrl>#icon-1644-0288D1</styleUrl>
      
        
      <Point>
        
          
        <coordinates>
            -8.8908521,42.787936,0
          </coordinates>
        
        
      </Point>
      
      
    </Placemark>
    <Placemark>
      
        
      <name>RUTA Río Borosa 🚶🏻‍♂️/ Loma de María Ángela (Jaén)</name>
      
        
      <description>Parking Bus visita Zona Borosa. Piscifactoría, Ruta senderismo y rio</description>
      
        
      <styleUrl>#icon-1542-3949AB</styleUrl>
      
        
      <Point>
        
          
        <coordinates>
            -2.8644593,38.0146592,0
          </coordinates>
        
        
      </Point>
      
      
    </Placemark>
    <Placemark>
      
        
      <name>PARKING BUS ✅ / Calpe (Alicante)</name>
      
        
      <description>Parking Bus gratuito / Av. Costablanca, 11, Calpe, Alicante</description>
      
        
      <styleUrl>#icon-1532-7CB342</styleUrl>
      
        
      <Point>
        
          
        <coordinates>
            0.0714049,38.6470477,0
          </coordinates>
        
        
      </Point>
      
      
    </Placemark>
    <Placemark>
      
        
      <name>PARKING 🅿️ / Chinchón (Madrid)</name>
      
        
      <description>Parking de tierra mixto Gratuito/ Puedes dejarlo por la noche. </description>
      
        
      <styleUrl>#icon-1644-0288D1</styleUrl>
      
        
      <Point>
        
          
        <coordinates>
            -3.4175924,40.1428272,0
          </coordinates>
        
        
      </Point>
      
      
    </Placemark>
    <Placemark>
      
        
      <name>INFO RESTAURANTES</name>
      
        
      <description>Multitud de restaurantes en la plaza del Pilar donde poder elegir para comer. MENUS dentro de los precios normales. Por la zona del parking no hay donde comer.</description>
      
        
      <styleUrl>#icon-1608-3949AB</styleUrl>
      
        
      <Point>
        
          
        <coordinates>
            -0.879207,41.656249,0
          </coordinates>
        
        
      </Point>
      
      
    </Placemark>
    <Placemark>
      
        
      <name>PARKING BUS / Najera</name>
      
        
      <description>Parking turismos y 4 BUSES en linea. en el cual bien colocado puedes aparcar el bus para hacer noche. Ten en cuenta no quedarte encerrado y el día de mercadillo ( ahí se pone el mercadillo )</description>
      
        
      <styleUrl>#icon-1532-7CB342</styleUrl>
      
        
      <Point>
        
          
        <coordinates>
            -2.732238,42.415314,0
          </coordinates>
        
        
      </Point>
      
      
    </Placemark>
    <Placemark>
      
        
      <name>VISITAR ANDANDO / Playa Altafulla</name>
      
        
      <description>Desde el final del parking de altafulla pasando por debajo de un túnel y las vías del tren sales a tierras aradas y siguiendo por la izquierda llegas al camino que telera directo a la playa .... 8minutos andando tranquilo.</description>
      
        
      <styleUrl>#line-7C3592-4767</styleUrl>
      
        
      <LineString>
        
          
        <tessellate>1</tessellate>
        
          
        <coordinates>
            1.365537,41.137622,0
            1.365568,41.137307,0
            1.365598,41.137061,0
            1.365772,41.136812,0
            1.365715,41.13656,0
            1.367245,41.136206,0
            1.368118,41.136082,0
            1.36826,41.135638,0
            1.368969,41.135722,0
            1.369925,41.133349,0
            1.369483,41.133197,0
            1.36944,41.132821,0
            1.369741,41.132204,0
            1.369906,41.131905,0
          </coordinates>
        
        
      </LineString>
      
      
    </Placemark>
    <Placemark>
      
        
      <name>RECORRIDO APARCAMIENTO Cangas de Onís </name>
      
        
      <description>Para ir al parking de Cangas hay que pasar por debajo del túnel y a la salida de la rotonda derecha tienes el parking y la estación de Bus.</description>
      
        
      <styleUrl>#line-FFD600-4638</styleUrl>
      
        
      <LineString>
        
          
        <tessellate>1</tessellate>
        
          
        <coordinates>
            -5.1371599,43.3571079,0
            -5.1370176,43.357157,0
            -5.1367668,43.3571689,0
            -5.1360614,43.3571554,0
            -5.1350011,43.3569896,0
            -5.1327838,43.3569797,0
            -5.1317986,43.3569395,0
            -5.130873,43.356764,0
            -5.1266721,43.3551335,0
            -5.1262632,43.3548836,0
            -5.1258973,43.354606,0
            -5.12538,43.353971,0
            -5.1252388,43.3535836,0
            -5.1253407,43.3534415,0
            -5.1253733,43.3532259,0
            -5.1255514,43.3530137,0
            -5.1258666,43.3533303,0
            -5.1261314,43.3535979,0
            -5.1262294,43.3535568,0
          </coordinates>
        
        
      </LineString>
      
      
    </Placemark>
    <Placemark>
      
        
      <name>ENTRADA PARKING CUDILLERO (Asturias)</name>
      
        
      <description>La Ruta perfecta Para llegar al parking de Cudillero</description>
      
        
      <styleUrl>#line-FFD600-4660</styleUrl>
      
        
      <LineString>
        
          
        <tessellate>1</tessellate>
        
          
        <coordinates>
            -6.1698954,43.5573012,0
            -6.169708,43.5575922,0
            -6.1663306,43.5591687,0
            -6.1625245,43.5608159,0
            -6.1588564,43.5625321,0
            -6.158094,43.563243,0
            -6.1575279,43.5643112,0
            -6.1567854,43.5653414,0
            -6.1560929,43.565786,0
            -6.1557658,43.5659962,0
            -6.155348,43.56612,0
            -6.1549713,43.5660028,0
            -6.1547043,43.5656507,0
            -6.154768,43.5648368,0
            -6.1548437,43.5645551,0
            -6.1552288,43.564139,0
            -6.1551215,43.5640236,0
            -6.154895,43.563979,0
            -6.1547378,43.5639947,0
            -6.1545806,43.5640502,0
            -6.1543187,43.5642907,0
            -6.154274,43.5649271,0
            -6.1540486,43.5651307,0
            -6.1535206,43.56526,0
            -6.1533245,43.5653748,0
            -6.1531984,43.5655185,0
            -6.1532142,43.5655742,0
            -6.1533417,43.5662535,0
            -6.1534049,43.5669068,0
            -6.1539485,43.5678273,0
            -6.1539186,43.5680136,0
            -6.1537672,43.5680548,0
            -6.1536161,43.5680697,0
            -6.1534805,43.5680008,0
            -6.1534163,43.5678187,0
            -6.1535106,43.5676599,0
            -6.1534537,43.5675029,0
            -6.1530048,43.5667648,0
            -6.1526311,43.5661001,0
            -6.1524925,43.5659082,0
            -6.1519263,43.5655234,0
            -6.1517812,43.5654622,0
            -6.1516309,43.5654499,0
            -6.1510184,43.5654528,0
            -6.1504655,43.5654269,0
            -6.1503834,43.5654144,0
            -6.1503924,43.5654763,0
            -6.1504353,43.5655125,0
            -6.1511079,43.5659791,0
            -6.151231,43.5659079,0
          </coordinates>
        
        
      </LineString>
      
      
    </Placemark>
    <Placemark>
      
        
      <name>PARKING BUS - CHECK POINT / Lucca (IT)</name>
      
        
      <description>Parking y Check Point. En el mismo parking hay una oficina para pagar el Check Point pero en temporada baja hay que ir a pagar a la oficina de turismo que se encuentra en Piazzale San Donato 14-16, a unos 10 minutos andando.</description>
      
        
      <styleUrl>#icon-1532-7CB342</styleUrl>
      
        
      <Point>
        
          
        <coordinates>
            10.495484,43.847063,0
          </coordinates>
        
        
      </Point>
      
      
    </Placemark>
    <Placemark>
      
        
      <name>PARKING BUS / León </name>
      
        
      <description>Parking Bus / dársenas reservadas/ PARA LA ESPERA Y HACER TIEMPO. SIN PROBLEMA DE HORARIOS. ZONA TRANQUILA.</description>
      
        
      <styleUrl>#icon-1532-7CB342</styleUrl>
      
        
      <Point>
        
          
        <coordinates>
            -5.577278,42.589773,0
          </coordinates>
        
        
      </Point>
      
      
    </Placemark>
    <Placemark>
      
        
      <name>PARKING 🅿️ / Benalmádena (Málaga)</name>
      
        
      <description>Puedes aparcar en esta calle también de noche. Benalmádena.</description>
      
        
      <styleUrl>#line-0288D1-5000</styleUrl>
      
        
      <LineString>
        
          
        <tessellate>1</tessellate>
        
          
        <coordinates>
            -4.526512,36.591544,0
            -4.52713,36.59209,0
            -4.527378,36.592453,0
            -4.527257,36.592894,0
            -4.527251,36.59337,0
            -4.527568,36.594117,0
            -4.52833,36.59504,0
            -4.528824,36.595469,0
            -4.529413,36.595812,0
            -4.530032,36.595964,0
            -4.530719,36.596016,0
          </coordinates>
        
        
      </LineString>
      
      
    </Placemark>
    <Placemark>
      
        
      <name>LAS PRESILLAS de RASCAFRIA</name>
      
        
      <description><![CDATA[LAS PRESILLAS de RASCAFRIA <br>EXCURSIONES de colegio y fines de semana. Rutas de senderos o y piscinas naturales. Kiosko los fines de semana. Sólo bocadillos y bebida. Admiten comida de fuera. Precio parking 15€ para autocares]]></description>
      
        
      <styleUrl>#icon-1644-0288D1</styleUrl>
      
        
      <Point>
        
          
        <coordinates>
            -3.88092,40.880879,0
          </coordinates>
        
        
      </Point>
      
      
    </Placemark>
    <Placemark>
      
        
      <name>AUTOCARES PLAZA / Soria</name>
      
        
      <description>Autocares Plaza, C/ de los Santeros 4, Soria. Telefono 975 22 84 47 / 696 938 192 Roberto Plaza. http://www.autocaresplaza.com .Para la Ayuda e Información que se precise de la zona, Autocares Plaza se pone a disposición de todas aquellas empresas y conductores que lo precisen. En caso de necesitar Parking pueden contar con nuestras instalaciones y sus servicios.</description>
      
        
      <styleUrl>#icon-1532-000000</styleUrl>
      
        
      <Point>
        
          
        <coordinates>
            -2.48158,41.761217,0
          </coordinates>
        
        
      </Point>
      
      
    </Placemark>
    <Placemark>
      
        
      <name>HOTEL VILLA CEUTÍ / Ceutí (Murcia)</name>
      
        
      <description><![CDATA[Hotel Villa Ceutí, desayuno, parking para autocares. Buen trato. Calle del Río Segura, 20, 30562 Ceutí, Murcia, España<br>www.hotelvillaceuti.com<br>+34 968 69 38 81]]></description>
      
        
      <styleUrl>#icon-1602-673AB7</styleUrl>
      
        
      <Point>
        
          
        <coordinates>
            -1.26832,38.084801,0
          </coordinates>
        
        
      </Point>
      
      
    </Placemark>
    <Placemark>
      
        
      <name>Hostal San Marcos - San Fernando</name>
      
        
      <description><![CDATA[Hostal por 30€ el día en San Fernando, junto al parking publicado en mapa bus. Al lado de la Policia.<br>Ducha,calefacción y aire acondicionado. Calle San Marcos, 124, 11100 San Fernando, Cádiz, España<br>www.hostaldesanmarcos.com<br>+34 956 94 07 07]]></description>
      
        
      <styleUrl>#icon-1602-9C27B0</styleUrl>
      
        
      <Point>
        
          
        <coordinates>
            -6.197169,36.460316,0
          </coordinates>
        
        
      </Point>
      
      
    </Placemark>
    <Placemark>
      
        
      <name>MOLINOS (Parking Bus)Campo De Criptana 📷 / Campo de Criptana (Ciudad Real)</name>
      
        
      <description>Parking Bus en linea 4 Plazas gratuito / Se aparca pegado a la acera Campo Criptana Sierra de los Molinos CAMPO DE CRIPTANA. Se sube desde la CM 420 por calle Delicias a calle Eras y a calle Huertos.</description>
      
        
      <styleUrl>#icon-1502-C2185B</styleUrl>
      
        
      <Point>
        
          
        <coordinates>
            -3.1200157,39.4091693,0
          </coordinates>
        
        
      </Point>
      
      
    </Placemark>
    <Placemark>
      
        
      <name>CABO DA ROCA 📷 / Colares (PO)</name>
      
        
      <description>Parking en linea en este punto. Cabo da Roca.</description>
      
        
      <styleUrl>#icon-1532-7CB342</styleUrl>
      
        
      <Point>
        
          
        <coordinates>
            -9.496477,38.781499,0
          </coordinates>
        
        
      </Point>
      
      
    </Placemark>
    <Placemark>
      
        
      <name>GRUTAS DE MIRA DE AIRE </name>
      
        
      <description>PARKING GRATUITO/ Impresionante gruta con lago subterráneo// Av. Dr. Luciano Justo Ramos 470, 2485-050 Mira de Aire, Portugal</description>
      
        
      <styleUrl>#icon-1502-C2185B</styleUrl>
      
        
      <Point>
        
          
        <coordinates>
            -8.703249,39.540337,0
          </coordinates>
        
        
      </Point>
      
      
    </Placemark>
    <Placemark>
      
        
      <name>GRUTAS DA MOEDA / São Mamede (PO)</name>
      
        
      <description>Lugar de visita habitual en Fatima. Parking gratis. Cafeteria. // Dirección: R. das Grutas da Moeda, 2495-028 São Mamede, Portugal</description>
      
        
      <styleUrl>#icon-1502-C2185B</styleUrl>
      
        
      <Point>
        
          
        <coordinates>
            -8.704525,39.624433,0
          </coordinates>
        
        
      </Point>
      
      
    </Placemark>
    <Placemark>
      
        
      <name>PARKING BUS / Can Carelleu / Barcelona </name>
      
        
      <description>Zona de parking en Linea libre / piscinas , parque oreneta, Universidad Sarrià...</description>
      
        
      <styleUrl>#icon-1532-7CB342</styleUrl>
      
        
      <Point>
        
          
        <coordinates>
            2.1121896,41.4018042,0
          </coordinates>
        
        
      </Point>
      
      
    </Placemark>
    <Placemark>
      
        
      <name>Santuário do Monte de Santa Luzia / Viana do Castelo (PO)</name>
      
        
      <description>Parking para la visita del Santuario  / Viana do Castelo.</description>
      
        
      <styleUrl>#icon-1670-E65100</styleUrl>
      
        
      <Point>
        
          
        <coordinates>
            -8.834288,41.7017453,0
          </coordinates>
        
        
      </Point>
      
      
    </Placemark>
    <Placemark>
      
        
      <name>MUSEO DOMUS / A Coruña </name>
      
        
      <description>Parking gratuito para la visita al Museo DOMUS de A Coruña </description>
      
        
      <styleUrl>#icon-1636-A52714</styleUrl>
      
        
      <Point>
        
          
        <coordinates>
            -8.406929,43.3775387,0
          </coordinates>
        
        
      </Point>
      
      
    </Placemark>
    <Placemark>
      
        
      <name>PARKING BUS / Miño (A Coruña)</name>
      
        
      <description>Parking libre en linea en Miño</description>
      
        
      <styleUrl>#icon-1532-7CB342</styleUrl>
      
        
      <Point>
        
          
        <coordinates>
            -8.2072761,43.3516139,0
          </coordinates>
        
        
      </Point>
      
      
    </Placemark>
    <Placemark>
      
        
      <name>MARCELLE NATURALEZA / S. Martín De Guillar (Lugo)</name>
      
        
      <description>Parking para Excursiones al parque de naturaleza. Marcelle, 6, 27154 San Martin de Guillar, Lugo www.marcellenatureza.com +34 673 19 84 56</description>
      
        
      <styleUrl>#icon-1542-3949AB</styleUrl>
      
        
      <Point>
        
          
        <coordinates>
            -7.6284267,43.0691624,0
          </coordinates>
        
        
      </Point>
      
      
    </Placemark>
    <Placemark>
      
        
      <name>MONASTERIO Santo Toribio de Liébana ⛪</name>
      
        
      <description>Parking Bus para la Visita al Monasterio de Santo Toribio.</description>
      
        
      <styleUrl>#icon-1670-E65100</styleUrl>
      
        
      <Point>
        
          
        <coordinates>
            -4.6533344,43.1505662,0
          </coordinates>
        
        
      </Point>
      
      
    </Placemark>
    <Placemark>
      
        
      <name>PARKING 🅿️ / Villanueva de Córdoba (Córdoba)</name>
      
        
      <description>Aparcamiento mixto en zona deportiva de Villanueva de Córdoba </description>
      
        
      <styleUrl>#icon-1644-0288D1</styleUrl>
      
        
      <Point>
        
          
        <coordinates>
            -4.6277701,38.3293874,0
          </coordinates>
        
        
      </Point>
      
      
    </Placemark>
    <Placemark>
      
        
      <name>PARKING BUS Tarazona</name>
      
        
      <description>Recinto ferial esplanada de tierra. APARCAMIENTO BUS permitido</description>
      
        
      <styleUrl>#icon-1644-0288D1</styleUrl>
      
        
      <Point>
        
          
        <coordinates>
            -1.7200983,41.9050846,0
          </coordinates>
        
        
      </Point>
      
      
    </Placemark>
    <Placemark>
      
        
      <name>PARKING 🅿️ / Burgos </name>
      
        
      <description>Parking mixto si vas a hotel cercano puedes dejarlo sin problema / déjalo encarado que puedas salir</description>
      
        
      <styleUrl>#icon-1644-0288D1</styleUrl>
      
        
      <Point>
        
          
        <coordinates>
            -3.734162,42.3427715,0
          </coordinates>
        
        
      </Point>
      
      
    </Placemark>
    <Placemark>
      
        
      <name>ZONA AZUL / Barcelona </name>
      
        
      <description>Zona parking de pago</description>
      
        
      <styleUrl>#icon-1513-1A237E</styleUrl>
      
        
      <Point>
        
          
        <coordinates>
            2.1809108,41.4007676,0
          </coordinates>
        
        
      </Point>
      
      
    </Placemark>
    <Placemark>
      
        
      <name>PARKING BUS / Guarda (PO)</name>
      
        
      <description>Parking para visitar población y Castelló da Guarda Torre de Menagem</description>
      
        
      <styleUrl>#icon-1532-7CB342</styleUrl>
      
        
      <Point>
        
          
        <coordinates>
            -7.271899,40.538389,0
          </coordinates>
        
        
      </Point>
      
      
    </Placemark>
    <Placemark>
      
        
      <name>HOTEL HQ La Galería 🛏️ / Burgos </name>
      
        
      <description>El parking se suele llenar déjalo mirando a salida para no tener problemas</description>
      
        
      <styleUrl>#icon-1602-9C27B0</styleUrl>
      
        
      <Point>
        
          
        <coordinates>
            -3.7243496,42.3759806,0
          </coordinates>
        
        
      </Point>
      
      
    </Placemark>
    <Placemark>
      
        
      <name>PARKING 🅿️ / Aitona</name>
      
        
      <description>Parking zona deportiva. Población famosa por el tiempo que sale la flor en los melocotones y otros árboles frutales.(Fecha de Marzo) depende del clima</description>
      
        
      <styleUrl>#icon-1644-0288D1</styleUrl>
      
        
      <Point>
        
          
        <coordinates>
            0.4604367,41.4912981,0
          </coordinates>
        
        
      </Point>
      
      
    </Placemark>
    <Placemark>
      
        
      <name>PARKING BUS / Puigcerdà</name>
      
        
      <description>Parking el linea en zona deportiva,  campo fútbol, polideportivo</description>
      
        
      <styleUrl>#icon-1532-7CB342</styleUrl>
      
        
      <Point>
        
          
        <coordinates>
            1.9343547,42.4399297,0
          </coordinates>
        
        
      </Point>
      
      
    </Placemark>
    <Placemark>
      
        
      <name>PARKING BUS / Lerida</name>
      
        
      <description>Plazas para dos buses en linea Junto estación Renfe AVE</description>
      
        
      <styleUrl>#icon-1532-7CB342</styleUrl>
      
        
      <Point>
        
          
        <coordinates>
            0.6342341,41.619118,0
          </coordinates>
        
        
      </Point>
      
      
    </Placemark>
    <Placemark>
      
        
      <name>PARKING BUS / A Coruña </name>
      
        
      <description>Parking en linea gratuito para 4 Autocares.  Si no tienes sitio la otra opción es ir al parking de la Torre de Hércules.</description>
      
        
      <styleUrl>#icon-1532-7CB342</styleUrl>
      
        
      <Point>
        
          
        <coordinates>
            -8.3893598,43.367424,0
          </coordinates>
        
        
      </Point>
      
      
    </Placemark>
    <Placemark>
      
        
      <name>PARKING🅿️ / Pampanerira  (Granada)</name>
      
        
      <description>Si no tienes sitio en el centro esta es otra opcion para aparcar en Pampaneira.</description>
      
        
      <styleUrl>#icon-1644-0288D1</styleUrl>
      
        
      <Point>
        
          
        <coordinates>
            -3.3643506,36.9297397,0
          </coordinates>
        
        
      </Point>
      
      
    </Placemark>
    <Placemark>
      
        
      <name>PARKING BUS / Coimbra ( PO)</name>
      
        
      <description>Parking libre , gratuito tambien de noche</description>
      
        
      <styleUrl>#icon-1532-7CB342</styleUrl>
      
        
      <Point>
        
          
        <coordinates>
            -8.4395288,40.2203735,0
          </coordinates>
        
        
      </Point>
      
      
    </Placemark>
    <Placemark>
      
        
      <name>APARCAMIENTO / Luanco (Asturias)</name>
      
        
      <description>Parking a las afueras de Luanco.</description>
      
        
      <styleUrl>#icon-1644-0288D1</styleUrl>
      
        
      <Point>
        
          
        <coordinates>
            -5.7997589,43.6113063,0
          </coordinates>
        
        
      </Point>
      
      
    </Placemark>
    <Placemark>
      
        
      <name>ZONA PARKING PARTIDOS</name>
      
        
      <description>Solo parking Bus partidos R.Madrid / La policia avisa cuando se puede aparcar. Empezando por carril central.</description>
      
        
      <styleUrl>#line-0288D1-5164</styleUrl>
      
        
      <LineString>
        
          
        <tessellate>1</tessellate>
        
          
        <coordinates>
            -3.6851557,40.4518273,0
            -3.6750602,40.4516406,0
          </coordinates>
        
        
      </LineString>
      
      
    </Placemark>
    <Placemark>
      
        
      <name>BODAS Mas de Sant Lleí 💍 / Montornés del Vallés</name>
      
        
      <description><![CDATA[Amplio Parking en la entrada hay un arco pero se pasa bien / Camí de Casa Alta s/n, Ctra. Granollers a Masnou, km 10, 5, 08410, Barcelona <br>www.masdesantllei.com <br>+34 938 45 88 22]]></description>
      
        
      <styleUrl>#icon-1613-F9A825</styleUrl>
      
        
      <Point>
        
          
        <coordinates>
            2.2998422,41.548344,0
          </coordinates>
        
        
      </Point>
      
      
    </Placemark>
    <Placemark>
      
        
      <name>COLONIA Vidal 🚸/ Cal Vidal (Barcelona)</name>
      
        
      <description>Parking de tierra Visitas escolares a la Colonia Vidal.www.museucoloniavidal.org</description>
      
        
      <styleUrl>#icon-1636-A52714</styleUrl>
      
        
      <Point>
        
          
        <coordinates>
            1.8790281,41.944774,0
          </coordinates>
        
        
      </Point>
      
      
    </Placemark>
    <Placemark>
      
        
      <name><![CDATA[PARKING BUS / La Seu D'Urgell (Lérida)]]></name>
      
        
      <description>Reservadas 3 plazas Bus.Al lado parque Olímpico </description>
      
        
      <styleUrl>#icon-1532-7CB342</styleUrl>
      
        
      <Point>
        
          
        <coordinates>
            1.4613906,42.3536073,0
          </coordinates>
        
        
      </Point>
      
      
    </Placemark>
    <Placemark>
      
        
      <name><![CDATA[ZONA DE ESPERA / La Seu D'Urgell]]></name>
      
        
      <description>Aqui puedes aparcar si van al parque Olimpico. Y si no tienes sitio en el parking Bus. </description>
      
        
      <styleUrl>#icon-1534-4E342E</styleUrl>
      
        
      <Point>
        
          
        <coordinates>
            1.4611204,42.3525453,0
          </coordinates>
        
        
      </Point>
      
      
    </Placemark>
    <Placemark>
      
        
      <name>PARKING BUS / Cervera (Lérida)</name>
      
        
      <description>Plazas de parking al lado de la Universidad de Cervera./ También C Y D para visita</description>
      
        
      <styleUrl>#icon-1532-7CB342</styleUrl>
      
        
      <Point>
        
          
        <coordinates>
            1.2747045,41.6696108,0
          </coordinates>
        
        
      </Point>
      
      
    </Placemark>
    <Placemark>
      
        
      <name>PARKING BUS ✅️ / Salamanca</name>
      
        
      <description>Reservadas 3 Plazas Bus al lado del Pabellón Municipal de Würzburg.</description>
      
        
      <styleUrl>#icon-1532-7CB342</styleUrl>
      
        
      <Point>
        
          
        <coordinates>
            -5.6533727,40.982308,0
          </coordinates>
        
        
      </Point>
      
      
    </Placemark>
    <Placemark>
      
        
      <name>PARKING BUS ✅ / Bielsa (Huesca)</name>
      
        
      <description>Parking Bus en Bielsa.</description>
      
        
      <styleUrl>#icon-1532-7CB342</styleUrl>
      
        
      <Point>
        
          
        <coordinates>
            0.2159235,42.6364734,0
          </coordinates>
        
        
      </Point>
      
      
    </Placemark>
    <Placemark>
      
        
      <name>PARKING BUS ✅ / Puértolas, Huesca</name>
      
        
      <description>Puértolas, Huesca Parking mixto </description>
      
        
      <styleUrl>#icon-1532-7CB342</styleUrl>
      
        
      <Point>
        
          
        <coordinates>
            0.1413086,42.5007648,0
          </coordinates>
        
        
      </Point>
      
      
    </Placemark>
    <Placemark>
      
        
      <name>PARKING BUS ✅ / Huelva</name>
      
        
      <description>Parking Bus en Estación de tren de Huelva</description>
      
        
      <styleUrl>#icon-1532-7CB342</styleUrl>
      
        
      <Point>
        
          
        <coordinates>
            -6.9448118,37.2529979,0
          </coordinates>
        
        
      </Point>
      
      
    </Placemark>
    <Placemark>
      
        
      <name>PARKING 🅿️ / Matalascaña (Huelva)</name>
      
        
      <description>Parking mixto gratuito de tierra en Matalascaña </description>
      
        
      <styleUrl>#icon-1644-0288D1</styleUrl>
      
        
      <Point>
        
          
        <coordinates>
            -6.5566946,37.0013761,0
          </coordinates>
        
        
      </Point>
      
      
    </Placemark>
    <Placemark>
      
        
      <name>PARKING 🅿️ / Guadarrama (Madrid)</name>
      
        
      <description>Parking de tierra de La Jarosa. Llevate pelis, bocata porque no tienes nada.</description>
      
        
      <styleUrl>#icon-1644-0288D1</styleUrl>
      
        
      <Point>
        
          
        <coordinates>
            -4.1293058,40.6672324,0
          </coordinates>
        
        
      </Point>
      
      
    </Placemark>
    <Placemark>
      
        
      <name>PARKING 🅿️/ Mafra (PO)</name>
      
        
      <description>Parking Mixto gratuito Mafra, Portugal</description>
      
        
      <styleUrl>#icon-1644-0288D1</styleUrl>
      
        
      <Point>
        
          
        <coordinates>
            -9.3263538,38.9327831,0
          </coordinates>
        
        
      </Point>
      
      
    </Placemark>
    <Placemark>
      
        
      <name>PARKING BUS ✅ / Mafra (PO)</name>
      
        
      <description>Parking de bus 8 Plazas en Palacio Nacional de Mafra.</description>
      
        
      <styleUrl>#icon-1532-7CB342</styleUrl>
      
        
      <Point>
        
          
        <coordinates>
            -9.3265573,38.9380071,0
          </coordinates>
        
        
      </Point>
      
      
    </Placemark>
    <Placemark>
      
        
      <name>PARKING 🅿️ / Ericeira (PO)</name>
      
        
      <description>Parking en Ericeira, Portugal</description>
      
        
      <styleUrl>#icon-1644-0288D1</styleUrl>
      
        
      <Point>
        
          
        <coordinates>
            -9.4119849,38.9636826,0
          </coordinates>
        
        
      </Point>
      
      
    </Placemark>
    <Placemark>
      
        
      <name>Molinos de Viento de Alcázar de San Juan 📷</name>
      
        
      <description>Parking mixto de tierra gratuito visita Molinos</description>
      
        
      <styleUrl>#icon-1502-C2185B</styleUrl>
      
        
      <Point>
        
          
        <coordinates>
            -3.1921905,39.3709211,0
          </coordinates>
        
        
      </Point>
      
      
    </Placemark>
    <Placemark>
      
        
      <name>PARKING 🅿️ / Puigcerdà (Girona)</name>
      
        
      <description>Zona tranquila para dejar Bus. Suelen aparcar los camiones.</description>
      
        
      <styleUrl>#icon-1644-0288D1</styleUrl>
      
        
      <Point>
        
          
        <coordinates>
            1.9308943,42.4279234,0
          </coordinates>
        
        
      </Point>
      
      
    </Placemark>
    <Placemark>
      
        
      <name>PALACIO DE ORIENTE (Pago) /  (Madrid)</name>
      
        
      <description>CUIDADO con la entrada y salida JUSTA. Se Recomienda ir con las ruedas izquierdas rozando el bordillo .Parking de Pago.</description>
      
        
      <styleUrl>#icon-1608-3949AB</styleUrl>
      
        
      <Point>
        
          
        <coordinates>
            -3.713041,40.419251,0
          </coordinates>
        
        
      </Point>
      
      
    </Placemark>
    <Placemark>
      
        
      <name>AEROPUERTO MADRID / TERMINAL T-1</name>
      
        
      <description>Parking de bus de la terminal T-1. Aparcamiento de autocares para espera de vuelos, Gratuito. Cafetería Planta 1.</description>
      
        
      <styleUrl>#icon-1504-880E4F</styleUrl>
      
        
      <Point>
        
          
        <coordinates>
            -3.5724,40.463164,0
          </coordinates>
        
        
      </Point>
      
      
    </Placemark>
    <Placemark>
      
        
      <name>PARKING BUS / Sepúlveda (Segovia)</name>
      
        
      <description>Aparcamiento para autocares. c/ Postiguillo estrecha pero se pasa.</description>
      
        
      <styleUrl>#icon-1532-7CB342</styleUrl>
      
        
      <Point>
        
          
        <coordinates>
            -3.745211,41.298936,0
          </coordinates>
        
        
      </Point>
      
      
    </Placemark>
    <Placemark>
      
        
      <name>PARKING PONFERRADA</name>
      
        
      <description>Parking de tierra y no vigilado. Al lado de la comisaría de policía nacional-</description>
      
        
      <styleUrl>#icon-1644-0288D1</styleUrl>
      
        
      <Point>
        
          
        <coordinates>
            -6.594007,42.551729,0
          </coordinates>
        
        
      </Point>
      
      
    </Placemark>
    <Placemark>
      
        
      <name><![CDATA[PARKING / " RECINTO FERIAL"]]></name>
      
        
      <description><![CDATA[APARCAMIENTO AUTORIZADO POR EL AYUNTAMIENTO PARA AUTOCARES. "AVISO" LOS LUNES NO APARCAR POR MERCADILLO.]]></description>
      
        
      <styleUrl>#icon-1644-0288D1</styleUrl>
      
        
      <Point>
        
          
        <coordinates>
            -4.872391,36.51348,0
          </coordinates>
        
        
      </Point>
      
      
    </Placemark>
    <Placemark>
      
        
      <name>PARKING 🅿️/  Benalmadena ( Málaga)</name>
      
        
      <description>Zona donde poder aparcar el autocar sin problemas. En la rotonda de los MOLINILLOS DE VIENTO HACIA ARRIBA. toda la calle donde se pueda aparcar, NO HAY PROBLEMAS.</description>
      
        
      <styleUrl>#icon-1644-0288D1</styleUrl>
      
        
      <Point>
        
          
        <coordinates>
            -4.527215,36.593298,0
          </coordinates>
        
        
      </Point>
      
      
    </Placemark>
    <Placemark>
      
        
      <name>PARKING🅿️ / Benasque </name>
      
        
      <description>ESPLANADA DONDE PODER APARCAR EL BUS. TAMBIEN A LO LARGO DE LA CALLE SI TUVIERAS SITIO NO HAY PROBLEMA.</description>
      
        
      <styleUrl>#icon-1644-0288D1</styleUrl>
      
        
      <Point>
        
          
        <coordinates>
            0.527263,42.60459,0
          </coordinates>
        
        
      </Point>
      
      
    </Placemark>
    <Placemark>
      
        
      <name>PARKING 🅿️ / Recinto Ferial</name>
      
        
      <description>Aparcamiento libre sin vigilancia. NO APARCAR EL BUS LOS MARTES Y SABADOS PONEN MERCADILLO.</description>
      
        
      <styleUrl>#icon-1644-0288D1</styleUrl>
      
        
      <Point>
        
          
        <coordinates>
            -4.620706,36.548863,0
          </coordinates>
        
        
      </Point>
      
      
    </Placemark>
    <Placemark>
      
        
      <name>PARKING BUS /Grupo (BENIDORM)</name>
      
        
      <description>TEL. 610 285 527. PARKING PARA AUTOBUSES Y CAMIONES. VIGILANCIA 24H. TRASLADO DE CHOFER-PARKING-HOTEL-PARKING. MAQUINAS DE LAVADO GRATIS, FACILIDADES PARA LOS CONDUCTORES Y PARA EMPRESAS.</description>
      
        
      <styleUrl>#icon-1644-0288D1</styleUrl>
      
        
      <Point>
        
          
        <coordinates>
            -0.118211,38.548787,0
          </coordinates>
        
        
      </Point>
      
      
    </Placemark>
    <Placemark>
      
        
      <name>PARKING AURELIA-ROMA</name>
      
        
      <description>APARCAMIENTO DE LARGA DURACION.</description>
      
        
      <styleUrl>#icon-1644-0288D1</styleUrl>
      
        
      <Point>
        
          
        <coordinates>
            12.403991,41.887138,0
          </coordinates>
        
        
      </Point>
      
      
    </Placemark>
    <Placemark>
      
        
      <name>PARKING BUS / PAGO Bcn</name>
      
        
      <description>Aparcamiento al lado de poble Espanyol.Zona Montjuic PARKING DE PAGO</description>
      
        
      <styleUrl>#icon-1513-1A237E</styleUrl>
      
        
      <Point>
        
          
        <coordinates>
            2.147211,41.367626,0
          </coordinates>
        
        
      </Point>
      
      
    </Placemark>
    <Placemark>
      
        
      <name>PARKING (Pago) / Lourdes (FR)</name>
      
        
      <description>Parking de pago y vigilado en lourdes. Lourdes | Parking de Pago | 30€ x Día | Vigilado | Explanada Tierra | Av. Monseigneur Rodhain, 65100 Lourdes, Francia |</description>
      
        
      <styleUrl>#icon-1899-DB4436</styleUrl>
      
        
      <Point>
        
          
        <coordinates>
            -0.05152,43.088236,0
          </coordinates>
        
        
      </Point>
      
      
    </Placemark>
    <Placemark>
      
        
      <name>PARKING BUS ( Pago ) / París (FR)</name>
      
        
      <description>Aparcamiento de pago</description>
      
        
      <styleUrl>#icon-1513-1A237E</styleUrl>
      
        
      <Point>
        
          
        <coordinates>
            2.412443,48.841163,0
          </coordinates>
        
        
      </Point>
      
      
    </Placemark>
    <Placemark>
      
        
      <name>CATEDRAL NOTRE-DAME De Remis (Parking) / (FR)</name>
      
        
      <description>Aparcamiento bus junto a la catedral de Reims (Francia) no tiene limite de horario.</description>
      
        
      <styleUrl>#icon-1670-E65100</styleUrl>
      
        
      <Point>
        
          
        <coordinates>
            4.035472,49.253948,0
          </coordinates>
        
        
      </Point>
      
      
    </Placemark>
    <Placemark>
      
        
      <name>INFO: / Santillana del Mar (Cantabria)</name>
      
        
      <description>Parking para turismos/ antes se permitia la espera / mejor informarse antes de aparcar</description>
      
        
      <styleUrl>#icon-1608-3949AB</styleUrl>
      
        
      <Point>
        
          
        <coordinates>
            -4.109187,43.388006,0
          </coordinates>
        
        
      </Point>
      
      
    </Placemark>
    <Placemark>
      
        
      <name>PARKING BUS ✅️ / París (FR)</name>
      
        
      <description>Parking Bus estacionamiento bus / Rue Taitbout París </description>
      
        
      <styleUrl>#icon-1532-7CB342</styleUrl>
      
        
      <Point>
        
          
        <coordinates>
            2.335324,48.873254,0
          </coordinates>
        
        
      </Point>
      
      
    </Placemark>
    <Placemark>
      
        
      <name>PARKING BUS ✅️ / Paris (FR)</name>
      
        
      <description>estacionamiento bus</description>
      
        
      <styleUrl>#icon-1532-7CB342</styleUrl>
      
        
      <Point>
        
          
        <coordinates>
            2.362533,48.867848,0
          </coordinates>
        
        
      </Point>
      
      
    </Placemark>
    <Placemark>
      
        
      <name>PARKING BUS / Coimbra (PO)</name>
      
        
      <description>Parking  gratuito reservado para bus.</description>
      
        
      <styleUrl>#icon-1532-7CB342</styleUrl>
      
        
      <Point>
        
          
        <coordinates>
            -8.433742,40.199961,0
          </coordinates>
        
        
      </Point>
      
      
    </Placemark>
    <Placemark>
      
        
      <name>PARKING BUS / Tuy (Pontevedra)</name>
      
        
      <description>Aparcamiento bus mixto  gratuito</description>
      
        
      <styleUrl>#icon-1532-7CB342</styleUrl>
      
        
      <Point>
        
          
        <coordinates>
            -8.645991,42.052868,0
          </coordinates>
        
        
      </Point>
      
      
    </Placemark>
    <Placemark>
      
        
      <name>ESTACIÓN BUS / La Haya (Países Bajos)</name>
      
        
      <description>Estación autobuses/ PARKING DE BUS GRATUITO. APARCAR DETRAS DE LOS COCHES DE LINEA DE EURO LINE</description>
      
        
      <styleUrl>#icon-1532-0288D1</styleUrl>
      
        
      <Point>
        
          
        <coordinates>
            4.325438,52.080466,0
          </coordinates>
        
        
      </Point>
      
      
    </Placemark>
    <Placemark>
      
        
      <name>PARKING BUS / Lourdes (FR)</name>
      
        
      <description>Aparcamiento gratuito en Lourdes.</description>
      
        
      <styleUrl>#icon-1644-0288D1</styleUrl>
      
        
      <Point>
        
          
        <coordinates>
            -0.039984,43.098121,0
          </coordinates>
        
        
      </Point>
      
      
    </Placemark>
    <Placemark>
      
        
      <name>AMSTERDAM</name>
      
        
      <description><![CDATA[PARKING PARA BUS 10€ LA HORA. POR LA NOCHE COMPLETA 40 LIBRAS. "ADVERTENCIA" SE LLENA MUY PRONTO EL PARKING. ideal para cuando esperas para hacer la panorámica.]]></description>
      
        
      <styleUrl>#icon-1513-1A237E</styleUrl>
      
        
      <Point>
        
          
        <coordinates>
            4.904599,52.374438,0
          </coordinates>
        
        
      </Point>
      
      
    </Placemark>
    <Placemark>
      
        
      <name>PARKING BUS (Pago) / La Haya ( Países Bajos)</name>
      
        
      <description>PARKING DE PAGO JUNTO AL PARQUE DE MINIATURAS DE MADURODAM. VISITA TURISTICA.</description>
      
        
      <styleUrl>#icon-1513-1A237E</styleUrl>
      
        
      <Point>
        
          
        <coordinates>
            4.298766,52.09835,0
          </coordinates>
        
        
      </Point>
      
      
    </Placemark>
    <Placemark>
      
        
      <name>CASTILLO de Nürnberg (A)</name>
      
        
      <description>Parking de espera mientras hacen la visita.Burg 17, 90403 Nürnberg, Alemania www.kaiserburg-nuernberg.de +49 911 2446590</description>
      
        
      <styleUrl>#icon-1598-424242</styleUrl>
      
        
      <Point>
        
          
        <coordinates>
            11.077159,49.45874,0
          </coordinates>
        
        
      </Point>
      
      
    </Placemark>
    <Placemark>
      
        
      <name>INFO !! Freiburgo (A)</name>
      
        
      <description><![CDATA[Parking para bus. ""AVISO"" en este parking se encuentran los baños públicos y suelen aparecer por allí los guardias, SUELEN PEDIR PAPELES asi que vete a dar una vuelta y a compra chocolate que sale mas barato y te ahorraras una revisión y posiblemente alguna multa...........]]></description>
      
        
      <styleUrl>#icon-1608-3949AB</styleUrl>
      
        
      <Point>
        
          
        <coordinates>
            7.855142,47.99706,0
          </coordinates>
        
        
      </Point>
      
      
    </Placemark>
    <Placemark>
      
        
      <name>Monasterio de Montserrat</name>
      
        
      <description><![CDATA[Parking de pago. 30 Minutos 40€  / Día completo 80€/ OSEA SI LOS DEJAS Y VUELVES  DESPUÉS PAGAS LO MISMO Y SI TE PASAS PAGAS MAS/ El horario de los operarios del parking es de 7:30 h hasta 22:00 h.<br>A partir de las 22:00 h hasta las 7:30 h la entrada y salida de los vehiculos, ya sean turismos o autocares, ES LIBRE DE PAGO.<br>(Las barreras están levantadas)]]></description>
      
        
      <styleUrl>#icon-1513-1A237E</styleUrl>
      
        
      <Point>
        
          
        <coordinates>
            1.834844,41.600847,0
          </coordinates>
        
        
      </Point>
      
      
    </Placemark>
    <Placemark>
      
        
      <name>Autocares Izaro / Barcelona </name>
      
        
      <description><![CDATA[Alquiler de plazas de bus y lavado...<br>Hay lavabos y máquina de café....<br>Parking vigilado!!..]]></description>
      
        
      <styleUrl>#icon-1532-000000</styleUrl>
      
        
      <Point>
        
          
        <coordinates>
            2.147758,41.354254,0
          </coordinates>
        
        
      </Point>
      
      
    </Placemark>
    <Placemark>
      
        
      <name>PROHIBIDO ACCEDER AL PUEBLO /    Saint Paul de Vence (FR)</name>
      
        
      <description><![CDATA[Para visitar Saint Paul de Vence:<br>ESTA PROHIBIDO ACCEDER AL PUEBLO CON EL BUS!...<br>En la rotonda donde esta el marcador rojo, hay una señal de dirección obligatoria para el bus....<br>Te mandan al parking directamente, dejamos allí a los pasajeros y tienen que volver al mismo lugar...<br>Es de pago obligatorio de 50 €, no hay límites horarios y tienen lavabos públicos gratuitos y muy limpios...]]></description>
      
        
      <styleUrl>#icon-1898-C2185B</styleUrl>
      
        
      <Point>
        
          
        <coordinates>
            7.118293,43.699481,0
          </coordinates>
        
        
      </Point>
      
      
    </Placemark>
    <Placemark>
      
        
      <name>PARKING (Pago) / Madrid</name>
      
        
      <description>Parking vigilado y de pago junto cocheras de Samar. Te llevan y te traen y tiene precios económicos. Llamar antes de llegada. 28021,, Av. de Andalucía, 34C, Madrid, España. 917967310</description>
      
        
      <styleUrl>#icon-1513-1A237E</styleUrl>
      
        
      <Point>
        
          
        <coordinates>
            -3.693313,40.347294,0
          </coordinates>
        
        
      </Point>
      
      
    </Placemark>
    <Placemark>
      
        
      <name><![CDATA[ESTACIÓN ESQUÍ Pont d'Espagne  /Cauterest ( FR)]]></name>
      
        
      <description><![CDATA[Zona de Aparcamiento para autobuses en Pont de'espagne - Cauterest (Pirineo Frances) <br>Los Autobuses no pagan parking, hay que validar el ticket en la oficina de turismo que esta entrando a la izquierda.]]></description>
      
        
      <styleUrl>#icon-1688-BDBDBD</styleUrl>
      
        
      <Point>
        
          
        <coordinates>
            -0.134996,42.85205,0
          </coordinates>
        
        
      </Point>
      
      
    </Placemark>
    <Placemark>
      
        
      <name>PARKING🅿️ / Marina Dor</name>
      
        
      <description>Parking  autorizado por la policia</description>
      
        
      <styleUrl>#line-3F5BA9-6000</styleUrl>
      
        
      <LineString>
        
          
        <tessellate>1</tessellate>
        
          
        <coordinates>
            0.149002,40.116398,0
            0.148444,40.114922,0
          </coordinates>
        
        
      </LineString>
      
      
    </Placemark>
    <Placemark>
      
        
      <name>PARKING BUS ✅️ / York (Reino Unido)</name>
      
        
      <description><![CDATA[Parking Autobús de York. Muy céntrico. De pago de 6 de la mañana a 6 de la tarde. El resto del tiempo gratuito. Tiempo ilimitado. <br>En temporada baja, 1 de Noviembre a 31 de Marzo:<br>+5,80 £ la primera hora. <br>+8,90 £ todo el día. <br>En temporada alta, 1 de Abril a 31 de Octubre :<br>+5,80 £ la primera hora. <br>+8,90 £ hasta 3 horas. <br>+12,60 £ todo el día.]]></description>
      
        
      <styleUrl>#icon-1532-7CB342</styleUrl>
      
        
      <Point>
        
          
        <coordinates>
            -1.079407,53.953737,0
          </coordinates>
        
        
      </Point>
      
      
    </Placemark>
    <Placemark>
      
        
      <name>PARKING 🅿️ / Consuegra (Toledo)</name>
      
        
      <description>Parking de tierra gratuito Mixto sin tiempo. Consuegra / Toledo. </description>
      
        
      <styleUrl>#icon-1644-0288D1</styleUrl>
      
        
      <Point>
        
          
        <coordinates>
            -3.6123213,39.4584302,0
          </coordinates>
        
        
      </Point>
      
      
    </Placemark>
    <Placemark>
      
        
      <name>C Y D / Praga (Chequia)</name>
      
        
      <description>Parada para bus turístico en Praga. mas info http://www.praguetouristinfo.com/en/classical-groups/group-transport/bus-parking-in-prague/ otra pagina de información es : http://www.prague.eu/en/practical/transport/travel-in-prague/parking-10555</description>
      
        
      <styleUrl>#icon-1826-0F9D58</styleUrl>
      
        
      <Point>
        
          
        <coordinates>
            14.475099,50.079134,0
          </coordinates>
        
        
      </Point>
      
      
    </Placemark>
    <Placemark>
      
        
      <name>PARKING 🅿️ / Castro Caldelas (Ourense)</name>
      
        
      <description>Parking en Rúa da Devesa en Castro Caldelas.</description>
      
        
      <styleUrl>#icon-1644-0288D1</styleUrl>
      
        
      <Point>
        
          
        <coordinates>
            -7.4193254,42.3740052,0
          </coordinates>
        
        
      </Point>
      
      
    </Placemark>
    <Placemark>
      
        
      <name>APARCAMIENTO/ Manlleu</name>
      
        
      <description><![CDATA[Parking de grandes dimensiones. Es gratuito. Para acceder a él hay que seguir las indicaciones de "ZONA ESPORTIVA" con el simbolo olimpico. Bares y restaurantes a menos de 5 min.]]></description>
      
        
      <styleUrl>#icon-1644-0288D1</styleUrl>
      
        
      <Point>
        
          
        <coordinates>
            2.276782,41.998043,0
          </coordinates>
        
        
      </Point>
      
      
    </Placemark>
    <Placemark>
      
        
      <name>PARKING BUS ✅️ / Arenas de Cabrales (Asturias)</name>
      
        
      <description>Parking y C Y D gratuito / 1 Plaza / Museo del Queso de Cabrales a 150MTS</description>
      
        
      <styleUrl>#icon-1532-7CB342</styleUrl>
      
        
      <Point>
        
          
        <coordinates>
            -4.8183471,43.3026763,0
          </coordinates>
        
        
      </Point>
      
      
    </Placemark>
    <Placemark>
      
        
      <name>PARKING PAGO Roma ( IT)</name>
      
        
      <description>Parking de pago. 40 pavos 24 H. Te llevan y recogen. Y hay rulo de lavado...</description>
      
        
      <styleUrl>#icon-1608-3949AB</styleUrl>
      
        
      <Point>
        
          
        <coordinates>
            12.564122,41.915962,0
          </coordinates>
        
        
      </Point>
      
      
    </Placemark>
    <Placemark>
      
        
      <name>PARKING Bus ✅ / Rota (Cádiz)</name>
      
        
      <description>Parking Bus en el Puerto, puedes dejar y recoger 4 plazas gratuito. Rota.</description>
      
        
      <styleUrl>#icon-1532-7CB342</styleUrl>
      
        
      <Point>
        
          
        <coordinates>
            -6.3563679,36.6169242,0
          </coordinates>
        
        
      </Point>
      
      
    </Placemark>
    <Placemark>
      
        
      <name>PARKING BUS ✅ / Santander</name>
      
        
      <description>Parking Bus gratuito en el estadio del Sardinero </description>
      
        
      <styleUrl>#icon-1532-7CB342</styleUrl>
      
        
      <Point>
        
          
        <coordinates>
            -3.7911613,43.4768913,0
          </coordinates>
        
        
      </Point>
      
      
    </Placemark>
    <Placemark>
      
        
      <name>RUTA PARKING Palacio Real / Madrid </name>
      
        
      <description>Ruta para entrar al Parking del Palacio Real de Madrid./ GRACIAS Compañero Gonzalo !!</description>
      
        
      <styleUrl>#line-F9A825-5463</styleUrl>
      
        
      <LineString>
        
          
        <tessellate>1</tessellate>
        
          
        <coordinates>
            -3.7140646,40.401176,0
            -3.7140655,40.401231,0
            -3.714008,40.4013741,0
            -3.7137243,40.4019078,0
            -3.7133922,40.4025996,0
            -3.7131293,40.4031787,0
            -3.7130358,40.4033946,0
            -3.7126401,40.4042448,0
            -3.7124162,40.4047418,0
            -3.7120885,40.4054169,0
            -3.7118055,40.4060502,0
            -3.7117064,40.4062771,0
            -3.7116297,40.4063609,0
            -3.7114683,40.4064524,0
            -3.7112937,40.4066447,0
            -3.7112382,40.4067285,0
            -3.711232,40.4068204,0
            -3.7113273,40.4069312,0
            -3.7115301,40.4069712,0
            -3.7116888,40.407008,0
            -3.7118212,40.4071241,0
            -3.7125557,40.4080036,0
            -3.713129,40.4087861,0
            -3.7135179,40.4095249,0
            -3.7138206,40.4102238,0
            -3.7137573,40.4105935,0
            -3.7139193,40.4111336,0
            -3.7138008,40.4120055,0
            -3.7133927,40.4157369,0
          </coordinates>
        
        
      </LineString>
      
      
    </Placemark>
    <Placemark>
      
        
      <name>INFO RUTA PARKING Palacio Real</name>
      
        
      <description>Ruta para entrar al Parking del Palacio Real</description>
      
        
      <styleUrl>#icon-1608-3949AB</styleUrl>
      
        
      <Point>
        
          
        <coordinates>
            -3.7140636,40.4011571,0
          </coordinates>
        
        
      </Point>
      
      
    </Placemark>
    <Placemark>
      
        
      <name>ESTADIO DE SON MOIX / Mallorca</name>
      
        
      <description>Parking mixto con zonas reservadas para autocares</description>
      
        
      <styleUrl>#icon-1890-817717</styleUrl>
      
        
      <Point>
        
          
        <coordinates>
            2.631792,39.590542,0
          </coordinates>
        
        
      </Point>
      
      
    </Placemark>
    <Placemark>
      
        
      <name>PARKING BUS Palacio de Congresos /  Mallorca </name>
      
        
      <description>Parking en linea delante del Palacio Congresos </description>
      
        
      <styleUrl>#icon-1532-7CB342</styleUrl>
      
        
      <Point>
        
          
        <coordinates>
            2.664067,39.562926,0
          </coordinates>
        
        
      </Point>
      
      
    </Placemark>
    <Placemark>
      
        
      <name>JAVIER / PK BUS</name>
      
        
      <description>Sin problema, amplio y gratis Amplio parking para autocares con darsenas. En época de javierada la espera se realiza en la carretera que te lleva a YESA a lo largo de la carretera.</description>
      
        
      <styleUrl>#icon-1644-0288D1</styleUrl>
      
        
      <Point>
        
          
        <coordinates>
            -1.212443,42.591001,0
          </coordinates>
        
        
      </Point>
      
      
    </Placemark>
    <Placemark>
      
        
      <name>PARKING BUS / París  (FR)</name>
      
        
      <description>Aparcamiento en Linea 3 Plazas. Rue François Ory</description>
      
        
      <styleUrl>#icon-1532-7CB342</styleUrl>
      
        
      <Point>
        
          
        <coordinates>
            2.3292472,48.8187261,0
          </coordinates>
        
        
      </Point>
      
      
    </Placemark>
    <Placemark>
      
        
      <name>PARKING BUS ( CHECK POINT) / París (FR)</name>
      
        
      <description>Parking Bus OJO !!!! CON CHECK POINT !!!</description>
      
        
      <styleUrl>#icon-1513-F9A825</styleUrl>
      
        
      <Point>
        
          
        <coordinates>
            2.3256022,48.8211008,0
          </coordinates>
        
        
      </Point>
      
      
    </Placemark>
    <Placemark>
      
        
      <name>CUEVA De Valporquero 📸 / Valporquero de Torío (León)</name>
      
        
      <description>Parking bus en linea / Zona reservada para ver la Cueva de VALPORQUERO / C. la Cueva, s/n, Valporquero de Torío, León</description>
      
        
      <styleUrl>#icon-1535-757575</styleUrl>
      
        
      <Point>
        
          
        <coordinates>
            -5.5573132,42.9065991,0
          </coordinates>
        
        
      </Point>
      
      
    </Placemark>
    <Placemark>
      
        
      <name>PARKING BUS / Oviedo</name>
      
        
      <description>Parking Bus en Linea libre, también puedes dejarlo por la noche</description>
      
        
      <styleUrl>#line-0288D1-4810</styleUrl>
      
        
      <LineString>
        
          
        <tessellate>1</tessellate>
        
          
        <coordinates>
            -5.830437,43.3672077,0
            -5.8297813,43.3663983,0
          </coordinates>
        
        
      </LineString>
      
      
    </Placemark>
    <Placemark>
      
        
      <name>PARKING BUS / Oviedo</name>
      
        
      <description>Aquí puedes dejarlo aparcado también de noche. Gratuito parking Bus en Linea.</description>
      
        
      <styleUrl>#icon-1532-7CB342</styleUrl>
      
        
      <Point>
        
          
        <coordinates>
            -5.8300984,43.3668091,0
          </coordinates>
        
        
      </Point>
      
      
    </Placemark>
    <Placemark>
      
        
      <name>PARKING BUS ✅ / Ribadesella (Asturias)</name>
      
        
      <description>Aparcamiento gratuito en bateria en Ribadesella  (Delante Cuevas tito Bustillo) / para 5 autocares. El que había delante en linea ya no está. Ahora es en bateria en este punto.</description>
      
        
      <styleUrl>#icon-1532-7CB342</styleUrl>
      
        
      <Point>
        
          
        <coordinates>
            -5.0672759,43.4604124,0
          </coordinates>
        
        
      </Point>
      
      
    </Placemark>
    <Placemark>
      
        
      <name>PARKING BUS / Blois (FR)</name>
      
        
      <description>Parking gratuito 7 buses en Blois France.</description>
      
        
      <styleUrl>#icon-1532-7CB342</styleUrl>
      
        
      <Point>
        
          
        <coordinates>
            1.3249864,47.5861059,0
          </coordinates>
        
        
      </Point>
      
      
    </Placemark>
    <Placemark>
      
        
      <name>PARKING BUS ✅ / Madrid</name>
      
        
      <description>Parking en Linea en Avenida Menéndez Pelayo. Tiempo MAX 2 HORAS.</description>
      
        
      <styleUrl>#icon-1532-7CB342</styleUrl>
      
        
      <Point>
        
          
        <coordinates>
            -3.6797728,40.420804,0
          </coordinates>
        
        
      </Point>
      
      
    </Placemark>
    <Placemark>
      
        
      <name>PARKING BUS / Zizur Mayor (Navarra)</name>
      
        
      <description>APARCAMIENTO libre a las afueras gratuito amplio asfaltado.</description>
      
        
      <styleUrl>#icon-1532-7CB342</styleUrl>
      
        
      <Point>
        
          
        <coordinates>
            -1.7013309,42.7863875,0
          </coordinates>
        
        
      </Point>
      
      
    </Placemark>
    <Placemark>
      
        
      <name>PARKING BUS / Zizur Mayor (Navarra)</name>
      
        
      <description>Parking en linea gratuito.</description>
      
        
      <styleUrl>#icon-1532-7CB342</styleUrl>
      
        
      <Point>
        
          
        <coordinates>
            -1.6965558,42.7897623,0
          </coordinates>
        
        
      </Point>
      
      
    </Placemark>
    <Placemark>
      
        
      <name>PARKING BUS / Molins de Rei (Barcelona)</name>
      
        
      <description>Parking señalizado para Bus 24h. Delante Hotel Holiday Express.</description>
      
        
      <styleUrl>#icon-1532-7CB342</styleUrl>
      
        
      <Point>
        
          
        <coordinates>
            2.021809,41.4039987,0
          </coordinates>
        
        
      </Point>
      
      
    </Placemark>
    <Placemark>
      
        
      <name>PARKING BUS / Le Petit-Quevilly (FR)</name>
      
        
      <description>Parking asfaltado, libre sin tiempo.</description>
      
        
      <styleUrl>#icon-1532-7CB342</styleUrl>
      
        
      <Point>
        
          
        <coordinates>
            1.0515589,49.4340689,0
          </coordinates>
        
        
      </Point>
      
      
    </Placemark>
    <Placemark>
      
        
      <name>PARKING BUS (Pago) 💰 / Gantes (BE)</name>
      
        
      <description><![CDATA[GENT-BRUSELAS<br>PARKING DE BUS DE PAGO. POR UN PAR DE HORAS PAGO 1,10€. ""AVISO"" SOLO SE PERMITE EL PAGO CON TARJETA DE CREDITO O DEBITO]]></description>
      
        
      <styleUrl>#icon-1513-1A237E</styleUrl>
      
        
      <Point>
        
          
        <coordinates>
            3.739738,51.0549197,0
          </coordinates>
        
        
      </Point>
      
      
    </Placemark>
    <Placemark>
      
        
      <name>PARKING BUS (Pago) /Museo Minas de Sal / Polonia</name>
      
        
      <description>Parking bus de las Minas de Sal de Crackovia. De pago. Nos han cobrado 50 Ztl, aproximadamente 12,50 €. ( Tibal Labayen )</description>
      
        
      <styleUrl>#icon-1636-A52714</styleUrl>
      
        
      <Point>
        
          
        <coordinates>
            20.0548557,49.984383,0
          </coordinates>
        
        
      </Point>
      
      
    </Placemark>
    <Placemark>
      
        
      <name>PARKING BUS (Pago) / Mónaco </name>
      
        
      <description>Parking subterraneo de Autocares consultar precios / pero es la mejor opción para hacer la visita.</description>
      
        
      <styleUrl>#icon-1534-DB4436</styleUrl>
      
        
      <Point>
        
          
        <coordinates>
            7.4274179,43.731627,0
          </coordinates>
        
        
      </Point>
      
      
    </Placemark>
    <Placemark>
      
        
      <name>PARKING BUS (Pago) / Benidorm (Alicante)</name>
      
        
      <description>Parking de Pago Vigilado en Benidorm </description>
      
        
      <styleUrl>#icon-1513-1A237E</styleUrl>
      
        
      <Point>
        
          
        <coordinates>
            -0.1155576,38.5486171,0
          </coordinates>
        
        
      </Point>
      
      
    </Placemark>
    <Placemark>
      
        
      <name>APARCAMIENTO / Benidorm (Alicante)</name>
      
        
      <description>Parking a lado de la estación de autobuses no vigilado Público.</description>
      
        
      <styleUrl>#icon-1644-0288D1</styleUrl>
      
        
      <Point>
        
          
        <coordinates>
            -0.1233211,38.5492444,0
          </coordinates>
        
        
      </Point>
      
      
    </Placemark>
    <Placemark>
      
        
      <name>PARKING BUS / Bruselas (Bélgica)</name>
      
        
      <description>Parking libre en toda la calle APARCAMIENTO LIBRE EN CALLE BOULEVARD DE BERLAIMONT EN EL CUAL PUEDES APARCARLO DESPUES DE LA PANORAMICA O INCLUSI SI TIENES EL HOTEL CERCA PUEDES DEJARLO POR LA NOCHE. ESTA CERCA DE LA CATEDRAL Y SE LE LLAMA PACHECO A LA CALLE. LA DIRECCION EXACTA ES BERLAMONTLAAN A LA ALTURA DEL 55</description>
      
        
      <styleUrl>#icon-1532-7CB342</styleUrl>
      
        
      <Point>
        
          
        <coordinates>
            4.3591696,50.8490233,0
          </coordinates>
        
        
      </Point>
      
      
    </Placemark>
    <Placemark>
      
        
      <name>PARKING 🅿️ / Coruche (PO)</name>
      
        
      <description>Parking Gratuito asfaltado al lado plaza toros en Coruche, Portugal </description>
      
        
      <styleUrl>#icon-1644-0288D1</styleUrl>
      
        
      <Point>
        
          
        <coordinates>
            -8.5205003,38.9586267,0
          </coordinates>
        
        
      </Point>
      
      
    </Placemark>
    <Placemark>
      
        
      <name>PARKING 🅿️ / Montemor-o-Novo (PO)</name>
      
        
      <description><![CDATA[Parking gratuito al lado Parque Desportivo de<br>Montemor-o-Novo, Portugal]]></description>
      
        
      <styleUrl>#icon-1644-0288D1</styleUrl>
      
        
      <Point>
        
          
        <coordinates>
            -8.1995957,38.6433591,0
          </coordinates>
        
        
      </Point>
      
      
    </Placemark>
    <Placemark>
      
        
      <name>PARKING 🅿️ / Vendas Novas (PO)</name>
      
        
      <description>Parking a de tierra en Vendas Novas, Portugal</description>
      
        
      <styleUrl>#icon-1644-0288D1</styleUrl>
      
        
      <Point>
        
          
        <coordinates>
            -8.46741,38.6769703,0
          </coordinates>
        
        
      </Point>
      
      
    </Placemark>
    <Placemark>
      
        
      <name>PARKING 🅿️ / Castro Verde (PO)</name>
      
        
      <description>Parking asfaltado Castro Verde / Portugal.</description>
      
        
      <styleUrl>#icon-1644-0288D1</styleUrl>
      
        
      <Point>
        
          
        <coordinates>
            -8.0839512,37.7062778,0
          </coordinates>
        
        
      </Point>
      
      
    </Placemark>
    <Placemark>
      
        
      <name>PARKING (Pago) SPRO 💰/ Barcelona</name>
      
        
      <description>Parking en línea de Pago con Aplicación SPRO o en Máquina monedas / tarjeta. Vamos que no te escapas...</description>
      
        
      <styleUrl>#icon-1513-1A237E</styleUrl>
      
        
      <Point>
        
          
        <coordinates>
            2.1487631,41.3615894,0
          </coordinates>
        
        
      </Point>
      
      
    </Placemark>
    <Placemark>
      
        
      <name>NO SE PUEDE C Y D</name>
      
        
      <description>TA NO se puede dejar pasajeros ni recogerlos. Ir directos al Parking BUS Santillana del Mar / Antes se permitia en el parking de turismos. Ultima noticia no se permite.</description>
      
        
      <styleUrl>#icon-1898-C2185B</styleUrl>
      
        
      <Point>
        
          
        <coordinates>
            -4.1098483,43.3881856,0
          </coordinates>
        
        
      </Point>
      
      
    </Placemark>
    <Placemark>
      
        
      <name>PARKING BUS ✅ / Saint-Jean-de-Luz (FR)</name>
      
        
      <description><![CDATA[Parking San Juan de Luz. 8 autocares. Gratuito<br>PARKING BUSES]]></description>
      
        
      <styleUrl>#icon-1532-7CB342</styleUrl>
      
        
      <Point>
        
          
        <coordinates>
            -1.6541628,43.3879145,0
          </coordinates>
        
        
      </Point>
      
      
    </Placemark>
    <Placemark>
      
        
      <name>PARKING BUS / Luzern (Suiza)</name>
      
        
      <description>Parking Bus reservado andenes. /Alpenquai, 6005 Luzern, Suiza</description>
      
        
      <styleUrl>#icon-1532-7CB342</styleUrl>
      
        
      <Point>
        
          
        <coordinates>
            8.315878,47.046616,0
          </coordinates>
        
        
      </Point>
      
      
    </Placemark>
    <Placemark>
      
        
      <name>Roma | Parking Osteria del Curato- via Vincenzo Guiduce | Larga Duración | Via Vincenzo Giudice, 00173 Roma RM, Italia</name>
      
        
      <description>Roma | Parking Osteria del Curato- via Vincenzo Guiduce | Larga Duración | Via Vincenzo Giudice, 00173 Roma RM, Italia</description>
      
        
      <styleUrl>#icon-1513-1A237E</styleUrl>
      
        
      <Point>
        
          
        <coordinates>
            12.586513,41.84343,0
          </coordinates>
        
        
      </Point>
      
      
    </Placemark>
    <Placemark>
      
        
      <name>PARKING BUS (Pago) / Ponte Mammolo</name>
      
        
      <description>Roma | Aparcamiento | Ponte Mammolo | Larga Duración</description>
      
        
      <styleUrl>#icon-1513-1A237E</styleUrl>
      
        
      <Point>
        
          
        <coordinates>
            12.565419,41.92076,0
          </coordinates>
        
        
      </Point>
      
      
    </Placemark>
    <Placemark>
      
        
      <name>PARKING BUS ✅️ / Roma (IT)</name>
      
        
      <description>Roma | Aparcamiento via Antonio San Giuliano | Larga Duración | Olimpico</description>
      
        
      <styleUrl>#icon-1532-7CB342</styleUrl>
      
        
      <Point>
        
          
        <coordinates>
            12.460974,41.937395,0
          </coordinates>
        
        
      </Point>
      
      
    </Placemark>
    <Placemark>
      
        
      <name>PARKING BUS ✅️ / Roma (IT)</name>
      
        
      <description>Roma | Aparcamiento | Monte Mario | Larga Estancia</description>
      
        
      <styleUrl>#icon-1532-7CB342</styleUrl>
      
        
      <Point>
        
          
        <coordinates>
            12.421026,41.938732,0
          </coordinates>
        
        
      </Point>
      
      
    </Placemark>
    <Placemark>
      
        
      <name>PARKING💰 (Pago) / Burdeos (FR)</name>
      
        
      <description>Burdeaux 2€ / 15Min (2primeras Horas) despues a 1,50€ | (Parking de Pago 24h 39€)</description>
      
        
      <styleUrl>#icon-503-DB4436</styleUrl>
      
        
      <Point>
        
          
        <coordinates>
            -0.5719004,44.846495,0
          </coordinates>
        
        
      </Point>
      
      
    </Placemark>
    <Placemark>
      
        
      <name>PARKING BUS / Pau (FR)</name>
      
        
      <description>Pau - Francia | Parking Bus gratuito cerca del Museo Nacional</description>
      
        
      <styleUrl>#icon-1532-7CB342</styleUrl>
      
        
      <Point>
        
          
        <coordinates>
            -0.375702,43.293638,0
          </coordinates>
        
        
      </Point>
      
      
    </Placemark>
    <Placemark>
      
        
      <name>PARKING BUS ✅️ / Florencia (IT)</name>
      
        
      <description>Florencia | Parking Gratuito | Sin Tiempo | Rai</description>
      
        
      <styleUrl>#icon-1532-7CB342</styleUrl>
      
        
      <Point>
        
          
        <coordinates>
            11.294664,43.76722,0
          </coordinates>
        
        
      </Point>
      
      
    </Placemark>
    <Placemark>
      
        
      <name>PARKING BUS ✅ /Kitzbühel (Austria)</name>
      
        
      <description>Kitzbühel - Austria | Parking Gratuito para visitas</description>
      
        
      <styleUrl>#icon-1532-7CB342</styleUrl>
      
        
      <Point>
        
          
        <coordinates>
            12.383051,47.449916,0
          </coordinates>
        
        
      </Point>
      
      
    </Placemark>
    <Placemark>
      
        
      <name>PARKING (Pago) / Zem am See (Austria)</name>
      
        
      <description>Austria | Zem am See | Parking de Pago | Economico</description>
      
        
      <styleUrl>#icon-1513-1A237E</styleUrl>
      
        
      <Point>
        
          
        <coordinates>
            12.795124,47.325487,0
          </coordinates>
        
        
      </Point>
      
      
    </Placemark>
    <Placemark>
      
        
      <name>PARKING BUS ✅ / Rattenberg (Austria)</name>
      
        
      <description>Austria | Rattenberg | Parking Gratuito</description>
      
        
      <styleUrl>#icon-1532-7CB342</styleUrl>
      
        
      <Point>
        
          
        <coordinates>
            11.889825,47.438074,0
          </coordinates>
        
        
      </Point>
      
      
    </Placemark>
    <Placemark>
      
        
      <name>PARKING BUS ✅ / Freiburgo (A)</name>
      
        
      <description>Freiburgo - Alemainia | Parking | Baños Públicos | Afluencia de Guardias y Posibles Revisiones | Procura no estar en Vehículo</description>
      
        
      <styleUrl>#icon-1532-7CB342</styleUrl>
      
        
      <Point>
        
          
        <coordinates>
            7.855343,47.996929,0
          </coordinates>
        
        
      </Point>
      
      
    </Placemark>
    <Placemark>
      
        
      <name>PARKING BUS (Pago) 💰 / Heidelber (A)</name>
      
        
      <description>Heidelber | Parking de Pago | 7€ aproximadamente.</description>
      
        
      <styleUrl>#icon-1513-1A237E</styleUrl>
      
        
      <Point>
        
          
        <coordinates>
            8.718821,49.414449,0
          </coordinates>
        
        
      </Point>
      
      
    </Placemark>
    <Placemark>
      
        
      <name>PARKING BUS / Bruselas (Bélgica)</name>
      
        
      <description>BRUSELAS | Aparcamiento Libre | Para Esperas o hacer Noche</description>
      
        
      <styleUrl>#icon-1532-7CB342</styleUrl>
      
        
      <Point>
        
          
        <coordinates>
            4.360151,50.84982,0
          </coordinates>
        
        
      </Point>
      
      
    </Placemark>
    <Placemark>
      
        
      <name>PARKING BUS / Delf (Países Bajos)</name>
      
        
      <description><![CDATA[DELFT | Parking Espera | Gratuito | ENTRADA AL PARKING POR LA "VAN MIEREVELTLAAN"]]></description>
      
        
      <styleUrl>#icon-1532-7CB342</styleUrl>
      
        
      <Point>
        
          
        <coordinates>
            4.367387,52.015057,0
          </coordinates>
        
        
      </Point>
      
      
    </Placemark>
    <Placemark>
      
        
      <name>PARADA Visitas / Berlín (Alemania)</name>
      
        
      <description>Berlin | Parking - Parada | Visita Topografia del Horror | </description>
      
        
      <styleUrl>#icon-1644-0288D1</styleUrl>
      
        
      <Point>
        
          
        <coordinates>
            13.380602,52.507053,0
          </coordinates>
        
        
      </Point>
      
      
    </Placemark>
    <Placemark>
      
        
      <name>PARKING BUS / Pompeya (IT)</name>
      
        
      <description>Pompeya | Parking Bus</description>
      
        
      <styleUrl>#icon-1532-7CB342</styleUrl>
      
        
      <Point>
        
          
        <coordinates>
            14.485989,40.746643,0
          </coordinates>
        
        
      </Point>
      
      
    </Placemark>
    <Placemark>
      
        
      <name>PARKING BUS (Pago)💰 / Roma (IT)</name>
      
        
      <description>Roma - Plaza 12 Octubre | Parking Pago | 24h. 60€</description>
      
        
      <styleUrl>#icon-1513-1A237E</styleUrl>
      
        
      <Point>
        
          
        <coordinates>
            12.486252,41.870927,0
          </coordinates>
        
        
      </Point>
      
      
    </Placemark>
    <Placemark>
      
        
      <name>PARKING BUS (Pago) / Èze (FR)</name>
      
        
      <description>EZE - Francia | Parking de Pago | Obligatorio Dejar ahí a Pasajeros | 1/2 Dia 36€ | Vigilado</description>
      
        
      <styleUrl>#icon-503-DB4436</styleUrl>
      
        
      <Point>
        
          
        <coordinates>
            7.360395,43.729681,0
          </coordinates>
        
        
      </Point>
      
      
    </Placemark>
    <Placemark>
      
        
      <name>MUSEO Rijksmuseum (Parking Pago) / Ámsterdam (Países Bajos)</name>
      
        
      <description>Amsterdam | Parking Subterráneo/ Museo Fabrica Diamantes</description>
      
        
      <styleUrl>#icon-1636-A52714</styleUrl>
      
        
      <Point>
        
          
        <coordinates>
            4.883187,52.35932,0
          </coordinates>
        
        
      </Point>
      
      
    </Placemark>
    <Placemark>
      
        
      <name>APARCAMIENTO Val Claret / Tienes (FR)</name>
      
        
      <description><![CDATA[Val Claret - Francia | Parking Autocares | ""AVISO"" Los Guardias miran los limites de Velocidad]]></description>
      
        
      <styleUrl>#icon-1644-0288D1</styleUrl>
      
        
      <Point>
        
          
        <coordinates>
            6.898684,45.458336,0
          </coordinates>
        
        
      </Point>
      
      
    </Placemark>
    <Placemark>
      
        
      <name>PARKING (Pago) / Toulouse (FR)</name>
      
        
      <description>Toulouse - Francia | Parking de Pago</description>
      
        
      <styleUrl>#icon-1513-1A237E</styleUrl>
      
        
      <Point>
        
          
        <coordinates>
            1.452395,43.613724,0
          </coordinates>
        
        
      </Point>
      
      
    </Placemark>
    <Placemark>
      
        
      <name>APARCAMIENTO (Pago) 💰 / Roma (IT)</name>
      
        
      <description><![CDATA[Roma | Parking a las Afueras | 25€ por día y noche. Tienen servicio de Parking-Hotel-Parking y posen agua par la limpieza del bus. Tel. +39 339 52 53 627 Sr. Roberto / +39 06 51 60 00 97 oficina. Roma Vía Cristoforo Colombo 170......Via Cristoforo Colombo, 170, Roma, Italia<br>www.sostacamperroma.com<br>+39 06 5160 0097]]></description>
      
        
      <styleUrl>#icon-1513-1A237E</styleUrl>
      
        
      <Point>
        
          
        <coordinates>
            12.497203,41.862432,0
          </coordinates>
        
        
      </Point>
      
      
    </Placemark>
    <Placemark>
      
        
      <name>PARKING BUS (Pago) / Florencia ( IT)</name>
      
        
      <description>Florencia | Parking Bus Privado | 30€ con Servicio Traslados Chofer | 00 39 339 2095723 (Massimo)</description>
      
        
      <styleUrl>#icon-503-DB4436</styleUrl>
      
        
      <Point>
        
          
        <coordinates>
            11.221569,43.809834,0
          </coordinates>
        
        
      </Point>
      
      
    </Placemark>
    <Placemark>
      
        
      <name>PARKING BUS (Pago) / Luzern (Suiza)</name>
      
        
      <description>Luzern | Parking bus | Funciona con parkimetro máx 2 h. | Moneda suiza.</description>
      
        
      <styleUrl>#icon-1513-1A237E</styleUrl>
      
        
      <Point>
        
          
        <coordinates>
            8.310792,47.056579,0
          </coordinates>
        
        
      </Point>
      
      
    </Placemark>
    <Placemark>
      
        
      <name>PARKING BUS / Chamonix-Mont-Blanc (FR)</name>
      
        
      <description>Chamonix |Parking Bus | Visita Aguille Du Midi y Mont Blanc | Junto al teleférico se puede parar para que se bajen los pasajeros y luego al parking.</description>
      
        
      <styleUrl>#icon-1532-7CB342</styleUrl>
      
        
      <Point>
        
          
        <coordinates>
            6.872796,45.917953,0
          </coordinates>
        
        
      </Point>
      
      
    </Placemark>
    <Placemark>
      
        
      <name>PARKING BUS ✅️ / Roma (IT)</name>
      
        
      <description>Roma - Piramide | Aparcamiento limitado 2h.</description>
      
        
      <styleUrl>#icon-1532-7CB342</styleUrl>
      
        
      <Point>
        
          
        <coordinates>
            12.484717,41.876304,0
          </coordinates>
        
        
      </Point>
      
      
    </Placemark>
    <Placemark>
      
        
      <name>Windsor - London | Parking bus Pago | cerca del castillo y estación tren y metro</name>
      
        
      <description>Windsor - London | Parking bus Pago | cerca del castillo y estación tren y metro</description>
      
        
      <styleUrl>#icon-1598-424242</styleUrl>
      
        
      <Point>
        
          
        <coordinates>
            -0.613046,51.483364,0
          </coordinates>
        
        
      </Point>
      
      
    </Placemark>
    <Placemark>
      
        
      <name>PARKING BUS / San Petersburgo ( Rusia)</name>
      
        
      <description>San Petersburgo | Aparcamiento Gratuito en via publica | Se puede dejar por la Noche</description>
      
        
      <styleUrl>#icon-1532-7CB342</styleUrl>
      
        
      <Point>
        
          
        <coordinates>
            30.333241,59.937026,0
          </coordinates>
        
        
      </Point>
      
      
    </Placemark>
    <Placemark>
      
        
      <name>PARKING BUS ✅ / Lyon (FR)</name>
      
        
      <description>Lyon | Parking sin limite de tiempo | DEBAJO la autopista A6 para 10 autocares | Tener cuidado con la altura. Dirección: Auvernia- Rodano-Alpes </description>
      
        
      <styleUrl>#icon-1532-7CB342</styleUrl>
      
        
      <Point>
        
          
        <coordinates>
            4.823642,45.750801,0
          </coordinates>
        
        
      </Point>
      
      
    </Placemark>
    <Placemark>
      
        
      <name>PARKING BUS / La Tournette- Annecy (FR)</name>
      
        
      <description>La Tournette - Annecy | Parking Bus junto Embarcadero</description>
      
        
      <styleUrl>#icon-1532-7CB342</styleUrl>
      
        
      <Point>
        
          
        <coordinates>
            6.131744,45.897759,0
          </coordinates>
        
        
      </Point>
      
      
    </Placemark>
    <Placemark>
      
        
      <name>PARKING (Pago) / Milán ( IT)</name>
      
        
      <description>Milan | parking de pago.</description>
      
        
      <styleUrl>#icon-1513-1A237E</styleUrl>
      
        
      <Point>
        
          
        <coordinates>
            9.158692,45.468498,0
          </coordinates>
        
        
      </Point>
      
      
    </Placemark>
    <Placemark>
      
        
      <name>PARKING BUS ( Pago) / París (FR)</name>
      
        
      <description>Gare de Paris - Bercy | Parking Autocares | 24 Horas - Cubierto</description>
      
        
      <styleUrl>#icon-1513-1A237E</styleUrl>
      
        
      <Point>
        
          
        <coordinates>
            2.382681,48.839244,0
          </coordinates>
        
        
      </Point>
      
      
    </Placemark>
    <Placemark>
      
        
      <name>PARKING BUS ✅ / Bristol (Reino Unido)</name>
      
        
      <description>Bristol | Parking Bus</description>
      
        
      <styleUrl>#icon-1532-7CB342</styleUrl>
      
        
      <Point>
        
          
        <coordinates>
            -2.60721,51.44842,0
          </coordinates>
        
        
      </Point>
      
      
    </Placemark>
    <Placemark>
      
        
      <name>CASTILLO De Budapest / (Hungría)</name>
      
        
      <description>Budapest | Parking Bus de Pago para visita del Castillo</description>
      
        
      <styleUrl>#icon-1598-757575</styleUrl>
      
        
      <Point>
        
          
        <coordinates>
            19.035659,47.501765,0
          </coordinates>
        
        
      </Point>
      
      
    </Placemark>
    <Placemark>
      
        
      <name>PARKING BUS / Fourviere Lyon (FR)</name>
      
        
      <description>Lyon | Aparcamiento Fourviere | Sin ningún Servicio</description>
      
        
      <styleUrl>#icon-1532-7CB342</styleUrl>
      
        
      <Point>
        
          
        <coordinates>
            4.812897,45.761988,0
          </coordinates>
        
        
      </Point>
      
      
    </Placemark>
    <Placemark>
      
        
      <name>PARKING BUS / Lyon (FR)</name>
      
        
      <description><![CDATA[Liyon | Aparcamiento | 3-4 Buses / Dirección: Pl de L'Abbé Larie , 5 ]]></description>
      
        
      <styleUrl>#icon-1532-7CB342</styleUrl>
      
        
      <Point>
        
          
        <coordinates>
            4.82008,45.755308,0
          </coordinates>
        
        
      </Point>
      
      
    </Placemark>
    <Placemark>
      
        
      <name>PARKING BUS / Ginebra (Suiza)</name>
      
        
      <description>Ginebra | Aparcamiento Gratuito Cerca de la ONU | Sin Limite Tiempo</description>
      
        
      <styleUrl>#icon-1532-7CB342</styleUrl>
      
        
      <Point>
        
          
        <coordinates>
            6.141304,46.222877,0
          </coordinates>
        
        
      </Point>
      
      
    </Placemark>
    <Placemark>
      
        
      <name>PARKING BUS (Pago) / Ginebra (Suiza)</name>
      
        
      <description>Ginebra | Aparcamiento Pago | Puente Mont Blanc | Se puede pagar con Visa</description>
      
        
      <styleUrl>#icon-1513-1A237E</styleUrl>
      
        
      <Point>
        
          
        <coordinates>
            6.148256,46.20829,0
          </coordinates>
        
        
      </Point>
      
      
    </Placemark>
    <Placemark>
      
        
      <name>PARKING BUS / Ginebra (Suiza)</name>
      
        
      <description>Ginebra | Puente Mont Blanc | Aparcamiento de pago limitado a 90 minutos</description>
      
        
      <styleUrl>#icon-1513-1A237E</styleUrl>
      
        
      <Point>
        
          
        <coordinates>
            6.150155,46.204547,0
          </coordinates>
        
        
      </Point>
      
      
    </Placemark>
    <Placemark>
      
        
      <name>PARKING (Pago) / Munich (A)</name>
      
        
      <description>Munich | Aparcamiento en el recinto olímpico de Múnich | De pago y sin límite de tiempo</description>
      
        
      <styleUrl>#icon-1513-1A237E</styleUrl>
      
        
      <Point>
        
          
        <coordinates>
            11.55839,48.174965,0
          </coordinates>
        
        
      </Point>
      
      
    </Placemark>
    <Placemark>
      
        
      <name>PARKING BUS (Pago) / Varsovia (Polonia)</name>
      
        
      <description>Varsovia | Parking pago | Saca ticket en maquina | 1€ x Hora | Adecuado para hacer la visita de Estari Mesto, la parte antigua de la ciudad.</description>
      
        
      <styleUrl>#icon-1513-1A237E</styleUrl>
      
        
      <Point>
        
          
        <coordinates>
            21.002936,52.249806,0
          </coordinates>
        
        
      </Point>
      
      
    </Placemark>
    <Placemark>
      
        
      <name>PARKING BUS / Tours (FR)</name>
      
        
      <description>Tours | Aparcamiento en linea | Frente Biblioteca Nacional | 2 Buses | Sin Limite de Tiempo</description>
      
        
      <styleUrl>#icon-1532-7CB342</styleUrl>
      
        
      <Point>
        
          
        <coordinates>
            0.68774,47.396911,0
          </coordinates>
        
        
      </Point>
      
      
    </Placemark>
    <Placemark>
      
        
      <name>PARKING BUS ✅ / Nantes (FR)</name>
      
        
      <description>Parking Bus en linea | Sin limite de Tiempo. Bd.df Berlín .Nantes. Francia </description>
      
        
      <styleUrl>#icon-1532-7CB342</styleUrl>
      
        
      <Point>
        
          
        <coordinates>
            -1.5372342,47.2165261,0
          </coordinates>
        
        
      </Point>
      
      
    </Placemark>
    <Placemark>
      
        
      <name>PARKING BUS (Pago) 💰 / Nantes (FR)</name>
      
        
      <description>Nantes | Parking Bus | de Pago</description>
      
        
      <styleUrl>#icon-1513-1A237E</styleUrl>
      
        
      <Point>
        
          
        <coordinates>
            -1.53638,47.216427,0
          </coordinates>
        
        
      </Point>
      
      
    </Placemark>
    <Placemark>
      
        
      <name>PARKING BUS (Pago) 💰 / Canterbury (Reino Unido)</name>
      
        
      <description>Canterbury | Parking Bus | 15£ 12 horas.</description>
      
        
      <styleUrl>#icon-503-DB4436</styleUrl>
      
        
      <Point>
        
          
        <coordinates>
            1.083741,51.284031,0
          </coordinates>
        
        
      </Point>
      
      
    </Placemark>
    <Placemark>
      
        
      <name>PARKING BUS / Montpellier (FR)</name>
      
        
      <description>Montpellier | Parking Gratuito | 4-5 Buses | Junto Centro Comercial</description>
      
        
      <styleUrl>#icon-1532-7CB342</styleUrl>
      
        
      <Point>
        
          
        <coordinates>
            3.913,43.605116,0
          </coordinates>
        
        
      </Point>
      
      
    </Placemark>
    <Placemark>
      
        
      <name>Parking (Pago) / Torino (IT)</name>
      
        
      <description>Turin | Parking de Pago | Catedral Giovanni Battista</description>
      
        
      <styleUrl>#icon-1513-1A237E</styleUrl>
      
        
      <Point>
        
          
        <coordinates>
            7.690182,45.072493,0
          </coordinates>
        
        
      </Point>
      
      
    </Placemark>
    <Placemark>
      
        
      <name>PARKING BUS (Pago) / Roma ( IT)</name>
      
        
      <description><![CDATA[Roma Tibur Parking cerca Biblioteca Vaccheria Nardi | Parking de pago. 30€ / 24 H. Te llevan y recogen. Y hay rulo de lavado |Via Grotta di Gregna, 23,00155 Roma, 00155 Roma RM, Italia<br>www.tiburparking.com]]></description>
      
        
      <styleUrl>#icon-1513-1A237E</styleUrl>
      
        
      <Point>
        
          
        <coordinates>
            12.564916,41.916078,0
          </coordinates>
        
        
      </Point>
      
      
    </Placemark>
    <Placemark>
      
        
      <name>PARKING BUS / Olimpia (Grècia)</name>
      
        
      <description>Parking en Olimpia. mas info: Cuando salen del parking se llega a la carretera principal y un poco mas adelante hay una primera gasolinera OMV en el que te lavan el bus a buen precio por fuera y dentro si lo deseais y la segunda tiene DKV y adblue.</description>
      
        
      <styleUrl>#icon-1532-7CB342</styleUrl>
      
        
      <Point>
        
          
        <coordinates>
            21.626512,37.644345,0
          </coordinates>
        
        
      </Point>
      
      
    </Placemark>
    <Placemark>
      
        
      <name>PARKING BUS/ Acrópolis de Atenas</name>
      
        
      <description>Atenas | Parking Acropolis Museo</description>
      
        
      <styleUrl>#icon-1532-7CB342</styleUrl>
      
        
      <Point>
        
          
        <coordinates>
            23.723398,37.9695,0
          </coordinates>
        
        
      </Point>
      
      
    </Placemark>
    <Placemark>
      
        
      <name>BASÍLICA SANTA TERESA / Lisieux (FR)</name>
      
        
      <description>Parking gratis en Lisieux para visitar la basílica de Santa Teresa / 1 Av. Jean XXIII, 14100 Lisieux, Francia www.therese-de-lisieux.catholique.fr +33 2 31 48 55 00</description>
      
        
      <styleUrl>#icon-1670-E65100</styleUrl>
      
        
      <Point>
        
          
        <coordinates>
            0.2345,49.140716,0
          </coordinates>
        
        
      </Point>
      
      
    </Placemark>
    <Placemark>
      
        
      <name>PARKING BUS / Delfos (Grècia)</name>
      
        
      <description>Delfos | Parking sin Asfaltar | De Pago / Delphi 330 54, Grecia</description>
      
        
      <styleUrl>#icon-1532-7CB342</styleUrl>
      
        
      <Point>
        
          
        <coordinates>
            22.485924,38.481872,0
          </coordinates>
        
        
      </Point>
      
      
    </Placemark>
    <Placemark>
      
        
      <name>San Marino | Parking para Buses </name>
      
        
      <description>San Marino | Parking para Buses</description>
      
        
      <styleUrl>#icon-1532-7CB342</styleUrl>
      
        
      <Point>
        
          
        <coordinates>
            12.446608,43.935198,0
          </coordinates>
        
        
      </Point>
      
      
    </Placemark>
    <Placemark>
      
        
      <name>PARKING BUS / Santa Margarita Ligure </name>
      
        
      <description>Santa Margarita Ligure | Parking</description>
      
        
      <styleUrl>#icon-1532-7CB342</styleUrl>
      
        
      <Point>
        
          
        <coordinates>
            9.194334,44.335974,0
          </coordinates>
        
        
      </Point>
      
      
    </Placemark>
    <Placemark>
      
        
      <name>PARKING (Pago) / Nürnberg (A)</name>
      
        
      <description>Nuernberger | Parking de Pago 20€ | SOLO MONEDAS</description>
      
        
      <styleUrl>#icon-1513-1A237E</styleUrl>
      
        
      <Point>
        
          
        <coordinates>
            11.067524,49.444426,0
          </coordinates>
        
        
      </Point>
      
      
    </Placemark>
    <Placemark>
      
        
      <name>PARKING BUS ✅️ / Londres (Reino Unido)</name>
      
        
      <description>Londres | Aparcamiento en Linea</description>
      
        
      <styleUrl>#icon-1532-7CB342</styleUrl>
      
        
      <Point>
        
          
        <coordinates>
            -0.12232,51.49127,0
          </coordinates>
        
        
      </Point>
      
      
    </Placemark>
    <Placemark>
      
        
      <name>PARKING BUS / Levanto (IT)</name>
      
        
      <description>Levanto | Aparcamiento | Bajar con cuidado que es algo estrecho sobre todo con un 15 metros</description>
      
        
      <styleUrl>#icon-1532-7CB342</styleUrl>
      
        
      <Point>
        
          
        <coordinates>
            9.617015,44.174654,0
          </coordinates>
        
        
      </Point>
      
      
    </Placemark>
    <Placemark>
      
        
      <name>PARKING BUS (Pago) / Santa Margarita Liguria (IT)</name>
      
        
      <description>Santa Margarita Liguria | Parking de Pago | 5€ x h. | Dia Completo 30€</description>
      
        
      <styleUrl>#icon-1513-1A237E</styleUrl>
      
        
      <Point>
        
          
        <coordinates>
            9.1748081,44.3415573,0
          </coordinates>
        
        
      </Point>
      
      
    </Placemark>
    <Placemark>
      
        
      <name>PARKING BUS ✅ / Ravenna (IT)</name>
      
        
      <description>Ravenna | Parking </description>
      
        
      <styleUrl>#icon-1532-7CB342</styleUrl>
      
        
      <Point>
        
          
        <coordinates>
            12.209759,44.41769,0
          </coordinates>
        
        
      </Point>
      
      
    </Placemark>
    <Placemark>
      
        
      <name>PARKING BUS ✅/ Irlanda</name>
      
        
      <description>Parking Bus 20 Plazas / Lavabos / Lough South Irlanda - Aparcamiento Acantilados Irlanda - Cliffs of Moher Experience</description>
      
        
      <styleUrl>#icon-1532-7CB342</styleUrl>
      
        
      <Point>
        
          
        <coordinates>
            -9.424853,52.970883,0
          </coordinates>
        
        
      </Point>
      
      
    </Placemark>
    <Placemark>
      
        
      <name>PARKING BUS / Domme (FR)</name>
      
        
      <description>Domme | Parking | Con vaciado de Baño | OJO, aparcar en buen sitio NO TE QUEDES ENCERRADO POR TURISMOS</description>
      
        
      <styleUrl>#icon-1532-7CB342</styleUrl>
      
        
      <Point>
        
          
        <coordinates>
            1.221918,44.801388,0
          </coordinates>
        
        
      </Point>
      
      
    </Placemark>
    <Placemark>
      
        
      <name>PARKING BUS / Sarlat la Caneda (FR)</name>
      
        
      <description>Sarlat la Caneda | Parking reservado para autocares</description>
      
        
      <styleUrl>#icon-1532-7CB342</styleUrl>
      
        
      <Point>
        
          
        <coordinates>
            1.212809,44.89206,0
          </coordinates>
        
        
      </Point>
      
      
    </Placemark>
    <Placemark>
      
        
      <name>PARKING Fort William / Reino Uniddo</name>
      
        
      <description>Fort William | Parking</description>
      
        
      <styleUrl>#icon-1622-757575</styleUrl>
      
        
      <Point>
        
          
        <coordinates>
            -5.117301,56.814816,0
          </coordinates>
        
        
      </Point>
      
      
    </Placemark>
    <Placemark>
      
        
      <name>PARKING BUS / Luzern (Suiza)</name>
      
        
      <description>Suiza | Parking | Seeburgstrasse 35, 6006 Luzern, Suiza</description>
      
        
      <styleUrl>#icon-1532-7CB342</styleUrl>
      
        
      <Point>
        
          
        <coordinates>
            8.341235,47.049487,0
          </coordinates>
        
        
      </Point>
      
      
    </Placemark>
    <Placemark>
      
        
      <name>Chester | Parking Bus</name>
      
        
      <description>Chester | Parking Bus</description>
      
        
      <styleUrl>#icon-1532-7CB342</styleUrl>
      
        
      <Point>
        
          
        <coordinates>
            -2.8947,53.18546,0
          </coordinates>
        
        
      </Point>
      
      
    </Placemark>
    <Placemark>
      
        
      <name>Helsinki | Parking cerca del Palacio Presidencial | Cerca del Mercadillo con Kioscos de comida típica y no muy cara</name>
      
        
      <description>Helsinki | Parking cerca del Palacio Presidencial | Cerca del Mercadillo con Kioscos de comida típica y no muy cara</description>
      
        
      <styleUrl>#icon-1532-7CB342</styleUrl>
      
        
      <Point>
        
          
        <coordinates>
            24.959682,60.16704,0
          </coordinates>
        
        
      </Point>
      
      
    </Placemark>
    <Placemark>
      
        
      <name>Helsinki | Parking Huslab</name>
      
        
      <description>Helsinki | Parking Huslab</description>
      
        
      <styleUrl>#icon-1532-7CB342</styleUrl>
      
        
      <Point>
        
          
        <coordinates>
            24.928544,60.169582,0
          </coordinates>
        
        
      </Point>
      
      
    </Placemark>
    <Placemark>
      
        
      <name>PARKING 🅿️ / Toulusse (FR)</name>
      
        
      <description>Toulusse | Parking Larga Estancia</description>
      
        
      <styleUrl>#icon-1644-0288D1</styleUrl>
      
        
      <Point>
        
          
        <coordinates>
            1.431618,43.585408,0
          </coordinates>
        
        
      </Point>
      
      
    </Placemark>
    <Placemark>
      
        
      <name>PÁRKING (Pago) Londres | Torre de Londres (Reino Unido)</name>
      
        
      <description>Londres | Torre de Londres Bus Parking</description>
      
        
      <styleUrl>#icon-503-DB4436</styleUrl>
      
        
      <Point>
        
          
        <coordinates>
            -0.08042,51.50873,0
          </coordinates>
        
        
      </Point>
      
      
    </Placemark>
    <Placemark>
      
        
      <name>PARKING BUS ( Sábados- Domingos y festivos) / Lourdes (FR)</name>
      
        
      <description>Lourdes | Aparcamiento Escolar |  OJO !!!! SOLO USO SÁBADOS-DOMINGOS Y FESTIVOS YA QUE ES DE USO ESCOLAR.</description>
      
        
      <styleUrl>#icon-1532-7CB342</styleUrl>
      
        
      <Point>
        
          
        <coordinates>
            -0.03798,43.096486,0
          </coordinates>
        
        
      </Point>
      
      
    </Placemark>
    <Placemark>
      
        
      <name>PARKING BUS / Blois (FR)</name>
      
        
      <description>Blois - Francia | Aparcamiento en Linea en Avenue Gambetta</description>
      
        
      <styleUrl>#icon-1532-7CB342</styleUrl>
      
        
      <Point>
        
          
        <coordinates>
            1.327071,47.585521,0
          </coordinates>
        
        
      </Point>
      
      
    </Placemark>
    <Placemark>
      
        
      <name>PARKING (Pago) 💰 / Viena (Austria)</name>
      
        
      <description>Viena | Parking de Pago</description>
      
        
      <styleUrl>#icon-1513-1A237E</styleUrl>
      
        
      <Point>
        
          
        <coordinates>
            16.373487,48.214977,0
          </coordinates>
        
        
      </Point>
      
      
    </Placemark>
    <Placemark>
      
        
      <name>PARKING BUS (Pago) / Viena (Austria)</name>
      
        
      <description>Viena | Parking de Pago</description>
      
        
      <styleUrl>#icon-1513-1A237E</styleUrl>
      
        
      <Point>
        
          
        <coordinates>
            16.376015,48.212292,0
          </coordinates>
        
        
      </Point>
      
      
    </Placemark>
    <Placemark>
      
        
      <name>APARCAMIENTO / Bratislava (Eslovaquia)</name>
      
        
      <description>Debajo del Puente se aparca, tambien a coches .Bratislava | Parking | Botanická, 841 04 Bratislava-Karlova Ves, Eslovaquia</description>
      
        
      <styleUrl>#icon-1532-7CB342</styleUrl>
      
        
      <Point>
        
          
        <coordinates>
            17.075487,48.14588,0
          </coordinates>
        
        
      </Point>
      
      
    </Placemark>
    <Placemark>
      
        
      <name>PARKING BUS (Pago) / Bratislava (Eslovaquia)</name>
      
        
      <description><![CDATA[Bratislava | Parking de Pago | Fajnorovo nábrežie 2, 811 02 Staré Mesto, Eslovaquia<br>propark.sk]]></description>
      
        
      <styleUrl>#icon-1513-1A237E</styleUrl>
      
        
      <Point>
        
          
        <coordinates>
            17.114214,48.139917,0
          </coordinates>
        
        
      </Point>
      
      
    </Placemark>
    <Placemark>
      
        
      <name>PARKING BUS / Liubliana (Eslovenia)</name>
      
        
      <description>Liubliana | Parking Gratuito | Celovška cesta 26, 1000 Ljubljana, Eslovenia</description>
      
        
      <styleUrl>#icon-1532-7CB342</styleUrl>
      
        
      <Point>
        
          
        <coordinates>
            14.498545,46.059108,0
          </coordinates>
        
        
      </Point>
      
      
    </Placemark>
    <Placemark>
      
        
      <name>PARKING BUS / Londres (Reino Unido)</name>
      
        
      <description>Londres | Aparcamiento 3 Bus | Visita Pub´s</description>
      
        
      <styleUrl>#icon-1532-7CB342</styleUrl>
      
        
      <Point>
        
          
        <coordinates>
            -0.082385,51.50522,0
          </coordinates>
        
        
      </Point>
      
      
    </Placemark>
    <Placemark>
      
        
      <name>PARKING BUS / Rennes (FR)</name>
      
        
      <description>Rennes | Aparcamiento Autorizado en linea | plazas Bus | en la Calle Bd Magenta  | Es seguro</description>
      
        
      <styleUrl>#icon-1532-7CB342</styleUrl>
      
        
      <Point>
        
          
        <coordinates>
            -1.674447,48.106987,0
          </coordinates>
        
        
      </Point>
      
      
    </Placemark>
    <Placemark>
      
        
      <name>APARCAMIENTO / Poitiers (FR)</name>
      
        
      <description><![CDATA[Parking en Poitiers<br>aqui se puede aparcar el tiempo que necesiteis sin problema (solo hay que subir el bus a la mediana)]]></description>
      
        
      <styleUrl>#icon-1644-0288D1</styleUrl>
      
        
      <Point>
        
          
        <coordinates>
            0.37075,46.572889,0
          </coordinates>
        
        
      </Point>
      
      
    </Placemark>
    <Placemark>
      
        
      <name>PARKING BUS / Caen (FR)</name>
      
        
      <description>Caen | Aparcamiento Bus | Visitas de pasajeros a Caen</description>
      
        
      <styleUrl>#icon-1532-7CB342</styleUrl>
      
        
      <Point>
        
          
        <coordinates>
            -0.356235,49.184095,0
          </coordinates>
        
        
      </Point>
      
      
    </Placemark>
    <Placemark>
      
        
      <name>PARKING BUS / Niza (FR)</name>
      
        
      <description>Niza | Aparcamiento Gratuito</description>
      
        
      <styleUrl>#icon-1532-7CB342</styleUrl>
      
        
      <Point>
        
          
        <coordinates>
            7.280266,43.70752,0
          </coordinates>
        
        
      </Point>
      
      
    </Placemark>
    <Placemark>
      
        
      <name>RECORRIDO PARKING / Praga (Chequia)</name>
      
        
      <description>Praga | Recorrido de llegada al Aparcamiento Gratuito Praga 5</description>
      
        
      <styleUrl>#line-F9A825-6016</styleUrl>
      
        
      <LineString>
        
          
        <tessellate>1</tessellate>
        
          
        <coordinates>
            14.398173,50.072032,0
            14.397299,50.072308,0
            14.395904,50.07239,0
            14.395781,50.071598,0
            14.396569,50.071526,0
            14.3967788,50.0714302,0
            14.3973018,50.0714278,0
            14.3976676,50.0713611,0
            14.3979162,50.0712873,0
            14.398111,50.0713732,0
          </coordinates>
        
        
      </LineString>
      
      
    </Placemark>
    <Placemark>
      
        
      <name>PARKING BUS (Pago) / Interlaken (Suiza)</name>
      
        
      <description>Interlaken Suíça | Parking de Pago</description>
      
        
      <styleUrl>#icon-1513-1A237E</styleUrl>
      
        
      <Point>
        
          
        <coordinates>
            7.85147,46.681251,0
          </coordinates>
        
        
      </Point>
      
      
    </Placemark>
    <Placemark>
      
        
      <name>PARKING BUS / Quimper (FR)</name>
      
        
      <description>Quimper | Parking Bus en linea | Place de la Résistance et du Général de Gaulle, 29000 Quimper, Francia</description>
      
        
      <styleUrl>#icon-1532-7CB342</styleUrl>
      
        
      <Point>
        
          
        <coordinates>
            -4.104358,47.993707,0
          </coordinates>
        
        
      </Point>
      
      
    </Placemark>
    <Placemark>
      
        
      <name>PARKING BUS  (Pago) 💰 / Locronan (FR)</name>
      
        
      <description>Locronan | Parking Bus Pago | 4€ Todo el Dia</description>
      
        
      <styleUrl>#icon-1513-1A237E</styleUrl>
      
        
      <Point>
        
          
        <coordinates>
            -4.211914,48.097788,0
          </coordinates>
        
        
      </Point>
      
      
    </Placemark>
    <Placemark>
      
        
      <name>PARKING BUS (Pago) / Vaduz (Lintenstaine)</name>
      
        
      <description>Vaduz - Listenstaine | Parking de Pago 606301921</description>
      
        
      <styleUrl>#icon-1513-1A237E</styleUrl>
      
        
      <Point>
        
          
        <coordinates>
            9.510394,47.13922,0
          </coordinates>
        
        
      </Point>
      
      
    </Placemark>
    <Placemark>
      
        
      <name>PARKING BUS ✅ / Sirmione (IT)</name>
      
        
      <description>Sirmione | Parking Bus Sirmione </description>
      
        
      <styleUrl>#icon-1532-7CB342</styleUrl>
      
        
      <Point>
        
          
        <coordinates>
            10.610276,45.488148,0
          </coordinates>
        
        
      </Point>
      
      
    </Placemark>
    <Placemark>
      
        
      <name>PARKING (Pago) / Zurich (Suiza)</name>
      
        
      <description>Zurich | Parking de Pago |Tel. +34 606301921</description>
      
        
      <styleUrl>#icon-1513-1A237E</styleUrl>
      
        
      <Point>
        
          
        <coordinates>
            8.535433,47.360368,0
          </coordinates>
        
        
      </Point>
      
      
    </Placemark>
    <Placemark>
      
        
      <name>PARKING (Pago) / Vilnius / Lituania</name>
      
        
      <description>Vilnius - Lituania | Parking de Pago | Se paga en Recepción del Hotel | 25€ x Noche</description>
      
        
      <styleUrl>#icon-1513-1A237E</styleUrl>
      
        
      <Point>
        
          
        <coordinates>
            25.285329,54.672078,0
          </coordinates>
        
        
      </Point>
      
      
    </Placemark>
    <Placemark>
      
        
      <name>Nordkapp | Parking | Para ver Sol de media noche</name>
      
        
      <description>Nordkapp | Parking | Para ver Sol de media noche</description>
      
        
      <styleUrl>#icon-1502-C2185B</styleUrl>
      
        
      <Point>
        
          
        <coordinates>
            25.781822,71.167982,0
          </coordinates>
        
        
      </Point>
      
      
    </Placemark>
    <Placemark>
      
        
      <name>CASTILLO de Hohenschwangau | (Parking) / Schwangau (Alemania)</name>
      
        
      <description>Castillo de Hohenschwangau | Parking</description>
      
        
      <styleUrl>#icon-1532-AFB42B</styleUrl>
      
        
      <Point>
        
          
        <coordinates>
            10.736196,47.55441,0
          </coordinates>
        
        
      </Point>
      
      
    </Placemark>
    <Placemark>
      
        
      <name>PARKING BUS ✅️ / Selva Negra Singersbach (A)</name>
      
        
      <description>Singersbach | Aparcamiento visita Museo al Aire Libre Selva Negra</description>
      
        
      <styleUrl>#icon-1532-7CB342</styleUrl>
      
        
      <Point>
        
          
        <coordinates>
            8.200908,48.270212,0
          </coordinates>
        
        
      </Point>
      
      
    </Placemark>
    <Placemark>
      
        
      <name>PARKING BUS / Gruyères (Suiza)</name>
      
        
      <description><![CDATA[Gruyeres | Parking | Para unos 10 Buses | Fabrica de Quesos La Maison du Gruyeres | Place de la Gare 3, 1663 Pringy-Gruyères, Suiza<br>www.lamaisondugruyere.ch<br>+41 26 921 84 00 | mapabus.es]]></description>
      
        
      <styleUrl>#icon-1532-7CB342</styleUrl>
      
        
      <Point>
        
          
        <coordinates>
            7.07247,46.582639,0
          </coordinates>
        
        
      </Point>
      
      
    </Placemark>
    <Placemark>
      
        
      <name>PARKING BUS / Gruyères (Suiza)</name>
      
        
      <description>Gruyeres | Parking Bus | Zona Centro y visita Castillo | En caso de estar lleno ir a la ubicación de la Fabrica de Quesos</description>
      
        
      <styleUrl>#icon-1532-7CB342</styleUrl>
      
        
      <Point>
        
          
        <coordinates>
            7.080356,46.582005,0
          </coordinates>
        
        
      </Point>
      
      
    </Placemark>
    <Placemark>
      
        
      <name>CASTILLO Făgăraș ( )Rumanía)</name>
      
        
      <description>Castillo Fagaras | Parking de Autocares . Strada Tudor Vladimirescu 85, Făgăraș 505200, Rumanía</description>
      
        
      <styleUrl>#icon-1598-424242</styleUrl>
      
        
      <Point>
        
          
        <coordinates>
            24.975341,45.846372,0
          </coordinates>
        
        
      </Point>
      
      
    </Placemark>
    <Placemark>
      
        
      <name>PARKING BUS / Brasov (RUM)</name>
      
        
      <description>Brasov | Parking Bus Gratuito | Sin Limite de Tiempo | Para visita de Brasov</description>
      
        
      <styleUrl>#icon-1532-7CB342</styleUrl>
      
        
      <Point>
        
          
        <coordinates>
            25.594583,45.640523,0
          </coordinates>
        
        
      </Point>
      
      
    </Placemark>
    <Placemark>
      
        
      <name>PARKING BUS / Bruselas MAX 5 h</name>
      
        
      <description>Bruselas | Parking Bus Gratuito | Ideal para hacer Tiempo | Pudiéndolo dejar 5 horas</description>
      
        
      <styleUrl>#icon-1532-7CB342</styleUrl>
      
        
      <Point>
        
          
        <coordinates>
            4.361629,50.850871,0
          </coordinates>
        
        
      </Point>
      
      
    </Placemark>
    <Placemark>
      
        
      <name>ZONA DE ESPERA ☕️ /Arcachon (FR)</name>
      
        
      <description>Arcachon | Parking de Espera | Ideal para hacer tiempo mientras hacen visita a ciudad</description>
      
        
      <styleUrl>#icon-1534-4E342E</styleUrl>
      
        
      <Point>
        
          
        <coordinates>
            -1.160882,44.656772,0
          </coordinates>
        
        
      </Point>
      
      
    </Placemark>
    <Placemark>
      
        
      <name>PARKING BUS / Brasov (RUM)</name>
      
        
      <description>Poiana Brasov | Parking Autocares</description>
      
        
      <styleUrl>#icon-1532-7CB342</styleUrl>
      
        
      <Point>
        
          
        <coordinates>
            25.553569,45.608675,0
          </coordinates>
        
        
      </Point>
      
      
    </Placemark>
    <Placemark>
      
        
      <name>PARKING BUS / Oslo (Noruega)</name>
      
        
      <description>Oslo | Parking Gratuito 24H | Cerca de la Opera y Estacion Central</description>
      
        
      <styleUrl>#icon-1532-7CB342</styleUrl>
      
        
      <Point>
        
          
        <coordinates>
            10.744994,59.907514,0
          </coordinates>
        
        
      </Point>
      
      
    </Placemark>
    <Placemark>
      
        
      <name>APARCAMIENTO / Bergen (Noruega)</name>
      
        
      <description>Bergen | Parking Grande compartido | Con caminos cerca de la estación 24H |60.386430,5.336152 | </description>
      
        
      <styleUrl>#icon-1644-0288D1</styleUrl>
      
        
      <Point>
        
          
        <coordinates>
            5.336152,60.38643,0
          </coordinates>
        
        
      </Point>
      
      
    </Placemark>
    <Placemark>
      
        
      <name>PARKING BUS (Pago) / San PetersBurgo (Rusia)</name>
      
        
      <description>San Petesburgo | Parking 24 Horas | Dando propina a los Seguridad del Hotel de enfrente - TE LO VIGILAN </description>
      
        
      <styleUrl>#icon-1513-1A237E</styleUrl>
      
        
      <Point>
        
          
        <coordinates>
            30.307697,59.934242,0
          </coordinates>
        
        
      </Point>
      
      
    </Placemark>
    <Placemark>
      
        
      <name>PARKING BUS / Biarritz (FR)</name>
      
        
      <description>Parking en Linea Gratuito en Biarritz </description>
      
        
      <styleUrl>#icon-1532-7CB342</styleUrl>
      
        
      <Point>
        
          
        <coordinates>
            -1.550746,43.491172,0
          </coordinates>
        
        
      </Point>
      
      
    </Placemark>
    <Placemark>
      
        
      <name>ZONA DE ESPERA / Montpellier (FR)</name>
      
        
      <description>Montpellier | Parking Espera visita Montpellier | Por la noche no lo aconsejan.</description>
      
        
      <styleUrl>#icon-1534-4E342E</styleUrl>
      
        
      <Point>
        
          
        <coordinates>
            3.895681,43.609649,0
          </coordinates>
        
        
      </Point>
      
      
    </Placemark>
    <Placemark>
      
        
      <name>PARKING BUS (Pago) / Berlín (Alemania)</name>
      
        
      <description>Berlin | Parking - Parada | Visita a la isla de los museos</description>
      
        
      <styleUrl>#icon-503-DB4436</styleUrl>
      
        
      <Point>
        
          
        <coordinates>
            13.399721,52.519544,0
          </coordinates>
        
        
      </Point>
      
      
    </Placemark>
    <Placemark>
      
        
      <name>PARADA Visitas/ Berlín (Alemania)</name>
      
        
      <description>Berlin | Parking - Parada para visitas</description>
      
        
      <styleUrl>#icon-1644-0288D1</styleUrl>
      
        
      <Point>
        
          
        <coordinates>
            13.389534,52.507657,0
          </coordinates>
        
        
      </Point>
      
      
    </Placemark>
    <Placemark>
      
        
      <name>PARKING BUS / Berlín (Alemania)</name>
      
        
      <description>Berlin | Parking Libre detrás de la Puerta de Brandemburgo | Ambos lados de la Avenida | 52.516030,13.375728 </description>
      
        
      <styleUrl>#icon-1532-7CB342</styleUrl>
      
        
      <Point>
        
          
        <coordinates>
            13.375728,52.51603,0
          </coordinates>
        
        
      </Point>
      
      
    </Placemark>
    <Placemark>
      
        
      <name>PARKING BUS / Potsdam (Alemania)</name>
      
        
      <description>Potsdam | Parking Palacio de Sanssouci |</description>
      
        
      <styleUrl>#icon-1532-7CB342</styleUrl>
      
        
      <Point>
        
          
        <coordinates>
            13.03367,52.405519,0
          </coordinates>
        
        
      </Point>
      
      
    </Placemark>
    <Placemark>
      
        
      <name>PARKING BUS / Potsdam (Alemania)</name>
      
        
      <description>Potsdam | Parking Palacio Nuevo |</description>
      
        
      <styleUrl>#icon-1532-7CB342</styleUrl>
      
        
      <Point>
        
          
        <coordinates>
            13.013164,52.398669,0
          </coordinates>
        
        
      </Point>
      
      
    </Placemark>
    <Placemark>
      
        
      <name>PARKING BUS ✅️ / Karlovy Vary (Chequia)</name>
      
        
      <description>Karlovy Vary | Parking Bus | 50.229697,12.861286</description>
      
        
      <styleUrl>#icon-1532-7CB342</styleUrl>
      
        
      <Point>
        
          
        <coordinates>
            12.861286,50.229697,0
          </coordinates>
        
        
      </Point>
      
      
    </Placemark>
    <Placemark>
      
        
      <name>PARKING BUS /  Rothenburg ob der Tauber (A)</name>
      
        
      <description><![CDATA[Rothenburg | Parking Bus | <br>Friedrich-Hörner-Weg 4, 91541 Rothenburg ob der Tauber, Alemania |]]></description>
      
        
      <styleUrl>#icon-1532-7CB342</styleUrl>
      
        
      <Point>
        
          
        <coordinates>
            10.18208,49.371977,0
          </coordinates>
        
        
      </Point>
      
      
    </Placemark>
    <Placemark>
      
        
      <name>ZONA DE ESPERA / Munich (AL)</name>
      
        
      <description>Munich | Parking de Espera | Espacio 6-7 Buses | En la Acera de enfrente también se puede pero marca tiempo </description>
      
        
      <styleUrl>#icon-1534-4E342E</styleUrl>
      
        
      <Point>
        
          
        <coordinates>
            11.5837046,48.1402002,0
          </coordinates>
        
        
      </Point>
      
      
    </Placemark>
    <Placemark>
      
        
      <name>PARKING BUS (Pago) / Dresden (Alemania)</name>
      
        
      <description>Dresde | Parking de Pago | Cerca del Centro</description>
      
        
      <styleUrl>#icon-1513-1A237E</styleUrl>
      
        
      <Point>
        
          
        <coordinates>
            13.726687,51.043565,0
          </coordinates>
        
        
      </Point>
      
      
    </Placemark>
    <Placemark>
      
        
      <name>PARKING (Pago) / Livorno ( IT)</name>
      
        
      <description>Livorno | Parking de Pago | 1€ x Hora | 25€ x Dia completo</description>
      
        
      <styleUrl>#icon-1513-1A237E</styleUrl>
      
        
      <Point>
        
          
        <coordinates>
            10.301625,43.552537,0
          </coordinates>
        
        
      </Point>
      
      
    </Placemark>
    <Placemark>
      
        
      <name>PARKING BUS (Pago) / Rapallo (IT)</name>
      
        
      <description>Rapallo | PARKING BUS RAPALLO | Via Savagna, 6D, 16035 Rapallo GE, Italia</description>
      
        
      <styleUrl>#icon-1513-1A237E</styleUrl>
      
        
      <Point>
        
          
        <coordinates>
            9.210408,44.356694,0
          </coordinates>
        
        
      </Point>
      
      
    </Placemark>
    <Placemark>
      
        
      <name>PARKING BUS ✅️ / Como (IT)</name>
      
        
      <description>Como | Parking Bus</description>
      
        
      <styleUrl>#icon-1532-7CB342</styleUrl>
      
        
      <Point>
        
          
        <coordinates>
            9.077929,45.805188,0
          </coordinates>
        
        
      </Point>
      
      
    </Placemark>
    <Placemark>
      
        
      <name>Stuttgart | Parking en el centro | 48.776721,9.180398</name>
      
        
      <description>Stuttgart | Parking en el centro | 48.776721,9.180398</description>
      
        
      <styleUrl>#icon-1532-7CB342</styleUrl>
      
        
      <Point>
        
          
        <coordinates>
            9.18039,48.77672,0
          </coordinates>
        
        
      </Point>
      
      
    </Placemark>
    <Placemark>
      
        
      <name>Wurzburg | Parking con pago en Maquina </name>
      
        
      <description>Wurzburg | Parking con pago en Maquina</description>
      
        
      <styleUrl>#icon-1513-1A237E</styleUrl>
      
        
      <Point>
        
          
        <coordinates>
            9.94091,49.79405,0
          </coordinates>
        
        
      </Point>
      
      
    </Placemark>
    <Placemark>
      
        
      <name>PARKING BUS / Marburgo (A)</name>
      
        
      <description>Marburgo | Parking visita a ciudad de Marburgo | 50.814435,8.771716 |</description>
      
        
      <styleUrl>#icon-1532-7CB342</styleUrl>
      
        
      <Point>
        
          
        <coordinates>
            8.77171,50.81443,0
          </coordinates>
        
        
      </Point>
      
      
    </Placemark>
    <Placemark>
      
        
      <name>PARKING BUS / Kassel (Alemania)</name>
      
        
      <description>Kassel | Parking Bus en Kassel</description>
      
        
      <styleUrl>#icon-1532-7CB342</styleUrl>
      
        
      <Point>
        
          
        <coordinates>
            9.49975,51.31326,0
          </coordinates>
        
        
      </Point>
      
      
    </Placemark>
    <Placemark>
      
        
      <name>PARKING BUS / Érfurt (Alemania)</name>
      
        
      <description>Érfurt | Parking Bus en Erfurt | ViaBus/</description>
      
        
      <styleUrl>#icon-1532-7CB342</styleUrl>
      
        
      <Point>
        
          
        <coordinates>
            11.02311,50.97765,0
          </coordinates>
        
        
      </Point>
      
      
    </Placemark>
    <Placemark>
      
        
      <name>PARKING BUS / Gantes  (BE)</name>
      
        
      <description><![CDATA[Gante | Parking Autocares. / Kasteellaan 433a, 9000 Gent, Bélgica <br>www.flixbus.com <br>+32 485 91 54 47]]></description>
      
        
      <styleUrl>#icon-1532-7CB342</styleUrl>
      
        
      <Point>
        
          
        <coordinates>
            3.740751,51.052974,0
          </coordinates>
        
        
      </Point>
      
      
    </Placemark>
    <Placemark>
      
        
      <name>Roma | Parking Laurentina | Larga Estancia </name>
      
        
      <description>Roma | Parking Laurentina | Larga Estancia</description>
      
        
      <styleUrl>#icon-1513-1A237E</styleUrl>
      
        
      <Point>
        
          
        <coordinates>
            12.481971,41.826444,0
          </coordinates>
        
        
      </Point>
      
      
    </Placemark>
    <Placemark>
      
        
      <name>PARKING BUS (Pago) / Zaandam, (Países Bajos)</name>
      
        
      <description>Zaanse Schans | Parking de Pago</description>
      
        
      <styleUrl>#icon-1513-1A237E</styleUrl>
      
        
      <Point>
        
          
        <coordinates>
            4.821117,52.47355,0
          </coordinates>
        
        
      </Point>
      
      
    </Placemark>
    <Placemark>
      
        
      <name>HOTEL RESTAURANTE Abro / Szczebra (Polonia)</name>
      
        
      <description><![CDATA[Hotel - Restaurante Abro | Menu con Fotos | Buen Precio x Noche 25€ | Con desayuno | Buen Parking | Szczebra 41b, 16-304 Nowinka, Polonia<br>www.abro.home.pl<br>+48 783 888 100]]></description>
      
        
      <styleUrl>#icon-1577-4E342E</styleUrl>
      
        
      <Point>
        
          
        <coordinates>
            22.978788,53.902036,0
          </coordinates>
        
        
      </Point>
      
      
    </Placemark>
    <Placemark>
      
        
      <name>PARKING BUS ✅ /CHECK POINT / Florencia (IT)</name>
      
        
      <description>Florencia | Check Point | check point zona sur de florencia de 7.30 hasta las 19.30. tel. +39 055 4040670 - +39 0554040671</description>
      
        
      <styleUrl>#icon-503-DB4436</styleUrl>
      
        
      <Point>
        
          
        <coordinates>
            11.307582,43.765415,0
          </coordinates>
        
        
      </Point>
      
      
    </Placemark>
    <Placemark>
      
        
      <name>CASTILLO Château de Montségur VENIR SIEMPRE DESDE MONTFERRIER | Montsegur, (FR)
</name>
      
        
      <description><![CDATA[Para vistar el castillo de Montsegur (Francia): Venir SIEMPRE DESDE MONTFERRIER!.... Desde Belesta es demasiado estrecho sobre todo con un 15 mts (ni se os ocurra hacer caso a la guía si os dice por ahi!.... Pierdes mucho tienpo para ahorrar 2,6 km! Y lo que vas a sufrir!).... <br>PARKING para 4 buses de 12/13 mts (el 15 lo dejas ocupando varias plazas de coche en sentido de la carretera)....<br>Dejamos a los clientes alli y ellos suben y bajan....<br>G R A T U I T O !...... Sin límite de tiempo....]]></description>
      
        
      <styleUrl>#icon-1598-424242</styleUrl>
      
        
      <Point>
        
          
        <coordinates>
            1.833183,42.875758,0
          </coordinates>
        
        
      </Point>
      
      
    </Placemark>
    <Placemark>
      
        
      <name>Castiglione del Lago - Ruta al Parking</name>
      
        
      <description>Esta calle es la que tienes que coger para el parking, el resto son demasiado estrechas.</description>
      
        
      <styleUrl>#line-F9A825-4000</styleUrl>
      
        
      <LineString>
        
          
        <tessellate>1</tessellate>
        
          
        <coordinates>
            12.0494157,43.1256961,0
            12.054738,43.12585,0
            12.0551234,43.1258534,0
            12.0554348,43.1258327,0
            12.055778,43.1257034,0
            12.05605,43.1255359,0
            12.0561757,43.1255502,0
          </coordinates>
        
        
      </LineString>
      
      
    </Placemark>
    <Placemark>
      
        
      <name>ESTACIÓN ESQUÍ PIAU ENGALY/ Aragnouet (FR)</name>
      
        
      <description>Estación de Esquí parking amplio</description>
      
        
      <styleUrl>#icon-1688-BDBDBD</styleUrl>
      
        
      <Point>
        
          
        <coordinates>
            0.157073,42.786511,0
          </coordinates>
        
        
      </Point>
      
      
    </Placemark>
    <Placemark>
      
        
      <name>PARKING BUS (Pago) / Colliuore (FR)</name>
      
        
      <description>Collioure | Parking de Pago | Darsenas</description>
      
        
      <styleUrl>#icon-1899-DB4436</styleUrl>
      
        
      <Point>
        
          
        <coordinates>
            3.0688189,42.5256834,0
          </coordinates>
        
        
      </Point>
      
      
    </Placemark>
    <Placemark>
      
        
      <name>PARKING BUS / Bayona (FR)</name>
      
        
      <description>Bayona | Parking Gratuito Mousserolles | 3 Plazas Bus | Cerca Catedral de Bayonna</description>
      
        
      <styleUrl>#icon-1532-7CB342</styleUrl>
      
        
      <Point>
        
          
        <coordinates>
            -1.4686239,43.4893747,0
          </coordinates>
        
        
      </Point>
      
      
    </Placemark>
    <Placemark>
      
        
      <name>PARKING BUS / Arcachon (FR)</name>
      
        
      <description>Parking al lado de colegio Publique Les Mouettes y piscina de Arcachon FR.</description>
      
        
      <styleUrl>#icon-1532-7CB342</styleUrl>
      
        
      <Point>
        
          
        <coordinates>
            -1.1514574,44.6520644,0
          </coordinates>
        
        
      </Point>
      
      
    </Placemark>
    <Placemark>
      
        
      <name>PARKING BUS / Foix (FR)</name>
      
        
      <description>Parking gratuito en Foix</description>
      
        
      <styleUrl>#icon-1532-7CB342</styleUrl>
      
        
      <Point>
        
          
        <coordinates>
            1.6085254,42.9620464,0
          </coordinates>
        
        
      </Point>
      
      
    </Placemark>
    <Placemark>
      
        
      <name>PARKING / Toulouse (FR)</name>
      
        
      <description>Toulouse | Aparcamiento Libre | NO APARCAR LOS DIAS DE EVENTOS</description>
      
        
      <styleUrl>#icon-1532-7CB342</styleUrl>
      
        
      <Point>
        
          
        <coordinates>
            1.4101692,43.5976595,0
          </coordinates>
        
        
      </Point>
      
      
    </Placemark>
    <Placemark>
      
        
      <name>PARKING BUS / Albi (FR)</name>
      
        
      <description>Zona reservada para autocares /Rue de la Milliassole, 81000 Albi, Francia</description>
      
        
      <styleUrl>#icon-1532-7CB342</styleUrl>
      
        
      <Point>
        
          
        <coordinates>
            2.1684586,43.918935,0
          </coordinates>
        
        
      </Point>
      
      
    </Placemark>
    <Placemark>
      
        
      <name>CUEVAS DE LASCAUX / Montignac (FR)</name>
      
        
      <description>Montignac - Cuevas Lascaux | Parking Bus P3</description>
      
        
      <styleUrl>#icon-1532-7CB342</styleUrl>
      
        
      <Point>
        
          
        <coordinates>
            1.1704375,45.0601414,0
          </coordinates>
        
        
      </Point>
      
      
    </Placemark>
    <Placemark>
      
        
      <name>PARKING BUS / Camaret-Sur-Mer (FR)</name>
      
        
      <description>Parking Bus en Linea gratuito en Camaret-Sur-Mer </description>
      
        
      <styleUrl>#icon-1532-7CB342</styleUrl>
      
        
      <Point>
        
          
        <coordinates>
            -4.594768,48.273912,0
          </coordinates>
        
        
      </Point>
      
      
    </Placemark>
    <Placemark>
      
        
      <name>PARKING BUS / Angers  (FR)</name>
      
        
      <description>Angers | Parking Gratuito 24H | Cerrado por Barrera, LLAMAR AL INTERFÓNO</description>
      
        
      <styleUrl>#icon-1532-7CB342</styleUrl>
      
        
      <Point>
        
          
        <coordinates>
            -0.5664731,47.4662065,0
          </coordinates>
        
        
      </Point>
      
      
    </Placemark>
    <Placemark>
      
        
      <name>FUTUROSCOPE / Chasseneuil-du-Poitou (FR)</name>
      
        
      <description><![CDATA[PARKING FUTUSCOPE / Av. René Monory, 86360 Chasseneuil-du-Poitou, Francia <br>www.futuroscope.com <br>+33 5 49 49 30 80]]></description>
      
        
      <styleUrl>#icon-1532-7CB342</styleUrl>
      
        
      <Point>
        
          
        <coordinates>
            0.3628639,46.664668,0
          </coordinates>
        
        
      </Point>
      
      
    </Placemark>
    <Placemark>
      
        
      <name>PARKING BUS / DINAN (FR)</name>
      
        
      <description>Parking en linea en Dinan al lado tribunal</description>
      
        
      <styleUrl>#icon-1532-0288D1</styleUrl>
      
        
      <Point>
        
          
        <coordinates>
            -2.0438497,48.451872,0
          </coordinates>
        
        
      </Point>
      
      
    </Placemark>
    <Placemark>
      
        
      <name>PARKING BUS / Ploubazlanec (FR)</name>
      
        
      <description>Ploubazlanec | Parking Bus | </description>
      
        
      <styleUrl>#icon-1532-7CB342</styleUrl>
      
        
      <Point>
        
          
        <coordinates>
            -3.0146666,48.8211389,0
          </coordinates>
        
        
      </Point>
      
      
    </Placemark>
    <Placemark>
      
        
      <name>PARKING BUS / Tours (FR)</name>
      
        
      <description>Tours | Aparcamiento en linea Junto Castillo | 6 Plazas | Sin Limite de Tiempo</description>
      
        
      <styleUrl>#icon-1532-7CB342</styleUrl>
      
        
      <Point>
        
          
        <coordinates>
            0.6943135,47.397474,0
          </coordinates>
        
        
      </Point>
      
      
    </Placemark>
    <Placemark>
      
        
      <name>PARKING (Pago) / Chambord (FR)</name>
      
        
      <description>Chateau chambord | Parking de Pago | Los Guias Validan el Ticket en Taquilla y es Gratuito</description>
      
        
      <styleUrl>#icon-1513-1A237E</styleUrl>
      
        
      <Point>
        
          
        <coordinates>
            1.5111549,47.6161116,0
          </coordinates>
        
        
      </Point>
      
      
    </Placemark>
    <Placemark>
      
        
      <name>PARKING (Pago) 💰 / Mont Saint-Michel (FR)</name>
      
        
      <description>Monte Saint Michel | Parking Bus | Día completo 54€1 hora 26€</description>
      
        
      <styleUrl>#icon-1513-1A237E</styleUrl>
      
        
      <Point>
        
          
        <coordinates>
            -1.5072449,48.609254,0
          </coordinates>
        
        
      </Point>
      
      
    </Placemark>
    <Placemark>
      
        
      <name>PARKING BUS / Colleville-sur-Mer (FR)</name>
      
        
      <description>Parking reservado Bus para  Cementerio americano de Normandía/ Colleville- Sur- Mer. (FR)</description>
      
        
      <styleUrl>#icon-1532-AFB42B</styleUrl>
      
        
      <Point>
        
          
        <coordinates>
            -0.8528385,49.357259,0
          </coordinates>
        
        
      </Point>
      
      
    </Placemark>
    <Placemark>
      
        
      <name>BATERIA CAÑONES 2ª GUERRA MUNDIAL (Parking) / Longes-Sur-Mer (FR)</name>
      
        
      <description>Longes sur Mer - Francia | Bateria de Cañones Alemanes Normandia</description>
      
        
      <styleUrl>#icon-1535-757575</styleUrl>
      
        
      <Point>
        
          
        <coordinates>
            -0.6921788,49.3422306,0
          </coordinates>
        
        
      </Point>
      
      
    </Placemark>
    <Placemark>
      
        
      <name>MUSEO DESEMBARCO NORMANDÍA (Parking) /Arromanches-les-Bains (FR)</name>
      
        
      <description>Arromanches-les Bains - Francia | Parking Bus | Visita Playa de Normandia y Museo del Desembarco</description>
      
        
      <styleUrl>#icon-1636-FF5252</styleUrl>
      
        
      <Point>
        
          
        <coordinates>
            -0.624418,49.3377682,0
          </coordinates>
        
        
      </Point>
      
      
    </Placemark>
    <Placemark>
      
        
      <name>PARKING BUS / Arromanches les Bains (FR)</name>
      
        
      <description>Reservado para 6 Autocares gratuito sin tiempo.</description>
      
        
      <styleUrl>#icon-1532-7CB342</styleUrl>
      
        
      <Point>
        
          
        <coordinates>
            -0.615041,49.3392,0
          </coordinates>
        
        
      </Point>
      
      
    </Placemark>
    <Placemark>
      
        
      <name>PARKING BUS / Paris (FR)</name>
      
        
      <description>Parking en linea en Bd Auguste Blanqui / Paris (FR)</description>
      
        
      <styleUrl>#icon-1532-7CB342</styleUrl>
      
        
      <Point>
        
          
        <coordinates>
            2.3515448,48.8302953,0
          </coordinates>
        
        
      </Point>
      
      
    </Placemark>
    <Placemark>
      
        
      <name>PARKING BUS / Paris (FR)</name>
      
        
      <description>Paris | Aparcamiento | Rue Auguste Comte</description>
      
        
      <styleUrl>#icon-1532-7CB342</styleUrl>
      
        
      <Point>
        
          
        <coordinates>
            2.334284,48.8443248,0
          </coordinates>
        
        
      </Point>
      
      
    </Placemark>
    <Placemark>
      
        
      <name>PARKING BUS / Hautvillers (FR)</name>
      
        
      <description>Parking Bus Hautvillers 2 plazas sin límite de tiempo/ gratuito </description>
      
        
      <styleUrl>#icon-1532-7CB342</styleUrl>
      
        
      <Point>
        
          
        <coordinates>
            3.9466411,49.0826012,0
          </coordinates>
        
        
      </Point>
      
      
    </Placemark>
    <Placemark>
      
        
      <name>BASÍLICA Saint-Remi (Parking) / (FR)</name>
      
        
      <description>Plazas para la visita a la Basílica de Saint- Remi / Iglesia Mediaval y la Tumba de San Remigio.</description>
      
        
      <styleUrl>#icon-1670-E65100</styleUrl>
      
        
      <Point>
        
          
        <coordinates>
            4.0408551,49.2422281,0
          </coordinates>
        
        
      </Point>
      
      
    </Placemark>
    <Placemark>
      
        
      <name>PARKING BUS / Lyon (FR)</name>
      
        
      <description>Lyon | Aparcamiento | 7 Plazas Junto Hotel Dieu</description>
      
        
      <styleUrl>#icon-1532-7CB342</styleUrl>
      
        
      <Point>
        
          
        <coordinates>
            4.8374341,45.7583832,0
          </coordinates>
        
        
      </Point>
      
      
    </Placemark>
    <Placemark>
      
        
      <name>PARKING BUS / Saintes-Maries-de-la-Mer (FR)</name>
      
        
      <description>Parking Bus y Bajada de viajeros | 19 dársenas | Paseo en Barco al Parque natural /  2 Chem. des Macreuses, 13460 Saintes-Maries-de-la-Mer, Francia</description>
      
        
      <styleUrl>#icon-1532-7CB342</styleUrl>
      
        
      <Point>
        
          
        <coordinates>
            4.4213455,43.4500725,0
          </coordinates>
        
        
      </Point>
      
      
    </Placemark>
    <Placemark>
      
        
      <name>PARKING BUS / Museo Du Pont su Gard / Vers-Pont-du-Gard (FR)</name>
      
        
      <description>Parking reservado para Bus/ Vers-Pont-du-Gard, Francia www.pontdugard.fr</description>
      
        
      <styleUrl>#icon-1532-7CB342</styleUrl>
      
        
      <Point>
        
          
        <coordinates>
            4.5351501,43.9529722,0
          </coordinates>
        
        
      </Point>
      
      
    </Placemark>
    <Placemark>
      
        
      <name>Musée dauphinois (Parking) / GRENOBLE (FR)</name>
      
        
      <description>Grenoble | Musée dauphinois | Arte y Pintura | 30 Rue Maurice Gignoux, 38031 Grenoble, Francia www.musee-dauphinois.fr +33 4 57 58 89 01</description>
      
        
      <styleUrl>#icon-1636-A52714</styleUrl>
      
        
      <Point>
        
          
        <coordinates>
            5.7248987,45.1949558,0
          </coordinates>
        
        
      </Point>
      
      
    </Placemark>
    <Placemark>
      
        
      <name>PARKING BUS / Mataró (Barcelona)</name>
      
        
      <description>2 Plazas de Bus / En linea junto Parque central</description>
      
        
      <styleUrl>#icon-1532-7CB342</styleUrl>
      
        
      <Point>
        
          
        <coordinates>
            2.4385511,41.5457035,0
          </coordinates>
        
        
      </Point>
      
      
    </Placemark>
    <Placemark>
      
        
      <name>PARKING BUS / Mataró (Barcelona)</name>
      
        
      <description>1 Plaza de Bus, justo delante del Campo de Fútbol del UEM Mataró </description>
      
        
      <styleUrl>#icon-1532-7CB342</styleUrl>
      
        
      <Point>
        
          
        <coordinates>
            2.4419943,41.5460083,0
          </coordinates>
        
        
      </Point>
      
      
    </Placemark>
    <Placemark>
      
        
      <name>PARKING BUS / Calais (FR)</name>
      
        
      <description>Calais | Parking bus | Céntrico y gratuito. Sin límite de tiempo.</description>
      
        
      <styleUrl>#icon-1532-7CB342</styleUrl>
      
        
      <Point>
        
          
        <coordinates>
            1.8481546,50.9540123,0
          </coordinates>
        
        
      </Point>
      
      
    </Placemark>
    <Placemark>
      
        
      <name>PARKING BUS / Brujas (BE)</name>
      
        
      <description>UNICO PARKING PARA AUTOCARES EN BRUJAS-BELGICA. 25€ DIA COMPLETO. PUNTO PARA LAS VISITAS DE LA CIUDAD CON LOS GUIAS Y PASAJEROS.</description>
      
        
      <styleUrl>#icon-1532-7CB342</styleUrl>
      
        
      <Point>
        
          
        <coordinates>
            3.2263325,51.1957233,0
          </coordinates>
        
        
      </Point>
      
      
    </Placemark>
    <Placemark>
      
        
      <name>PARKING BUS (Pago) / Saint-Paul-de-Vence (FR)</name>
      
        
      <description>Saint Paul de Vence - Francia | Aparcamiento Pago | 50€ | Lavabos</description>
      
        
      <styleUrl>#icon-1513-1A237E</styleUrl>
      
        
      <Point>
        
          
        <coordinates>
            7.1177935,43.69996,0
          </coordinates>
        
        
      </Point>
      
      
    </Placemark>
    <Placemark>
      
        
      <name>PARKING BUS / Sanremo (IT)</name>
      
        
      <description>Sanremo - Italia | Parking Bus Libre</description>
      
        
      <styleUrl>#icon-1532-7CB342</styleUrl>
      
        
      <Point>
        
          
        <coordinates>
            7.7706657,43.8134236,0
          </coordinates>
        
        
      </Point>
      
      
    </Placemark>
    <Placemark>
      
        
      <name>PARKING BUS ( Pago) / Ginebra (Suiza)</name>
      
        
      <description>Ginebra | Puente Mont Blanc | aparcamiento de pago limitado a 90 minutos</description>
      
        
      <styleUrl>#icon-1513-1A237E</styleUrl>
      
        
      <Point>
        
          
        <coordinates>
            6.1543983,46.2036457,0
          </coordinates>
        
        
      </Point>
      
      
    </Placemark>
    <Placemark>
      
        
      <name>Castillo de Chillón / Veytaux (Suiza)</name>
      
        
      <description>Veytaux - Suiza | Parking Gratuito | Visita del Castillo Chateau de Chillon / Av. de Chillon 21, 1820 Veytaux, Suiza. www.chillon.ch +41 21 966 89 10</description>
      
        
      <styleUrl>#icon-1598-424242</styleUrl>
      
        
      <Point>
        
          
        <coordinates>
            6.9287218,46.4140789,0
          </coordinates>
        
        
      </Point>
      
      
    </Placemark>
    <Placemark>
      
        
      <name>MUSEO Olímpico / Lausana (Suiza)</name>
      
        
      <description>Parking bus para la visita al Museo Olímpico de Lausana.</description>
      
        
      <styleUrl>#icon-1636-A52714</styleUrl>
      
        
      <Point>
        
          
        <coordinates>
            6.6357865,46.5066569,0
          </coordinates>
        
        
      </Point>
      
      
    </Placemark>
    <Placemark>
      
        
      <name>PARKING BUS / ROMA (IT)</name>
      
        
      <description>Roma | Parking Nervi | Larga Estancia</description>
      
        
      <styleUrl>#icon-1532-7CB342</styleUrl>
      
        
      <Point>
        
          
        <coordinates>
            12.46599,41.8233189,0
          </coordinates>
        
        
      </Point>
      
      
    </Placemark>
    <Placemark>
      
        
      <name>PARKING BUS ✅️ / Molina de Aragón (Guadalajara)</name>
      
        
      <description>Parking en linea libre asfaltado. Molina de Aragón </description>
      
        
      <styleUrl>#icon-1532-7CB342</styleUrl>
      
        
      <Point>
        
          
        <coordinates>
            -1.8905901,40.8462015,0
          </coordinates>
        
        
      </Point>
      
      
    </Placemark>
    <Placemark>
      
        
      <name>CASTILLO De Belmonte / (Cuenca)</name>
      
        
      <description>Parking de tierra visita para el castillo de Belmonte, Cuencawww.castillodebelmonte.com</description>
      
        
      <styleUrl>#icon-1598-424242</styleUrl>
      
        
      <Point>
        
          
        <coordinates>
            -2.6959658,39.5579929,0
          </coordinates>
        
        
      </Point>
      
      
    </Placemark>
    <Placemark>
      
        
      <name>PARKING BUS (Pago) / Krakovia</name>
      
        
      <description>Powiśle 11, 31-101 Kraków, Polonia www.parkingpodwawelem.pl +48 798 469 492</description>
      
        
      <styleUrl>#icon-1513-1A237E</styleUrl>
      
        
      <Point>
        
          
        <coordinates>
            19.9304379,50.0555946,0
          </coordinates>
        
        
      </Point>
      
      
    </Placemark>
    <Placemark>
      
        
      <name>INFO PARKING Milán (IT)</name>
      
        
      <description>Milan | Aparcamiento previo Pago llamando al Tel. 00390248684001 | Te dan código PIN | Paciencia en la llamada porque tardan lo suyo | Piden @ para envio de factura | 100€ | No hay CheckPoint físico</description>
      
        
      <styleUrl>#icon-1608-3949AB</styleUrl>
      
        
      <Point>
        
          
        <coordinates>
            9.2015597,45.4757404,0
          </coordinates>
        
        
      </Point>
      
      
    </Placemark>
    <Placemark>
      
        
      <name>PARKING BUS (Pago)💰 / Milán (IT)</name>
      
        
      <description>Parking 8€ la hora / Milan | Aparcamiento previo Pago llamando al Tel. 00390248684001 | Te dan código PIN | Paciencia en la llamada porque tardan lo suyo | Piden @ para envio de factura | 100€ | No hay CheckPoint físico</description>
      
        
      <styleUrl>#icon-1513-1A237E</styleUrl>
      
        
      <Point>
        
          
        <coordinates>
            9.20061,45.476097,0
          </coordinates>
        
        
      </Point>
      
      
    </Placemark>
    <Placemark>
      
        
      <name>PARKING BUS / Braşov / (RUM)</name>
      
        
      <description>Parking reservado bus/ Poiana Brașov, Brașov , Rumanía</description>
      
        
      <styleUrl>#icon-1532-7CB342</styleUrl>
      
        
      <Point>
        
          
        <coordinates>
            25.5532954,45.5949419,0
          </coordinates>
        
        
      </Point>
      
      
    </Placemark>
    <Placemark>
      
        
      <name>PARKING BUS / Braşov / (RUM)
</name>
      
        
      <description><![CDATA[PARKING BUS / Braşov / (RUM)<br>Parking reservado bus/ Poiana Brașov, Brașov , Rumanía<br>45.59508, 25.55363]]></description>
      
        
      <styleUrl>#icon-1532-7CB342</styleUrl>
      
        
      <Point>
        
          
        <coordinates>
            25.5527628,45.5961143,0
          </coordinates>
        
        
      </Point>
      
      
    </Placemark>
    <Placemark>
      
        
      <name>PARKING BUS / Clonmacnoise (Irlanda)</name>
      
        
      <description>Clonmacnoise | Parking Gratuito 4 Buses | Visitas Abadía en Ruinas</description>
      
        
      <styleUrl>#icon-1532-7CB342</styleUrl>
      
        
      <Point>
        
          
        <coordinates>
            -7.98752,53.325164,0
          </coordinates>
        
        
      </Point>
      
      
    </Placemark>
    <Placemark>
      
        
      <name>PARKING BUS / Dublín (Irlanda)</name>
      
        
      <styleUrl>#icon-1532-7CB342-nodesc</styleUrl>
      
        
      <Point>
        
          
        <coordinates>
            -6.2592283,53.3462769,0
          </coordinates>
        
        
      </Point>
      
      
    </Placemark>
    <Placemark>
      
        
      <name>PARKING BUS / The Higland Sopa Company / Reino Unido</name>
      
        
      <description><![CDATA[The Highland Soap Company Visitor Centre & Larder Cafe]]></description>
      
        
      <styleUrl>#icon-1532-7CB342</styleUrl>
      
        
      <Point>
        
          
        <coordinates>
            -5.0806472,56.8324813,0
          </coordinates>
        
        
      </Point>
      
      
    </Placemark>
    <Placemark>
      
        
      <name>PARKING BUS (Pago) 💰/ Elgin ( Reino Unido </name>
      
        
      <description>Elgin | Parking de Pago | Económico | Sin Limite de Tiempo</description>
      
        
      <styleUrl>#icon-1644-817717</styleUrl>
      
        
      <Point>
        
          
        <coordinates>
            -3.3168122,57.6517877,0
          </coordinates>
        
        
      </Point>
      
      
    </Placemark>
    <Placemark>
      
        
      <name>PARKING BUS / Niza (FR)</name>
      
        
      <description>Parking en Linea en Niza.</description>
      
        
      <styleUrl>#icon-1532-7CB342</styleUrl>
      
        
      <Point>
        
          
        <coordinates>
            7.2787008,43.720958,0
          </coordinates>
        
        
      </Point>
      
      
    </Placemark>
    <Placemark>
      
        
      <name>PARKING BUS/ Niza (FR)</name>
      
        
      <description>Parking Bus, cerca de Museo Matisse, Monasterio de Cimiez, Citerne.</description>
      
        
      <styleUrl>#icon-1532-7CB342</styleUrl>
      
        
      <Point>
        
          
        <coordinates>
            7.2774707,43.7207875,0
          </coordinates>
        
        
      </Point>
      
      
    </Placemark>
    <Placemark>
      
        
      <name>PARKING BUS / Niza (FR)</name>
      
        
      <description>Parking en linea MOTOR PARADO !!</description>
      
        
      <styleUrl>#icon-1532-7CB342</styleUrl>
      
        
      <Point>
        
          
        <coordinates>
            7.2958539,43.6902743,0
          </coordinates>
        
        
      </Point>
      
      
    </Placemark>
    <Placemark>
      
        
      <name>PARKING BUS / Beaulieu-Sur-Mer (FR)</name>
      
        
      <description>Parking en Linea / Beaulieu-sur-Mer, Francia</description>
      
        
      <styleUrl>#icon-1532-7CB342</styleUrl>
      
        
      <Point>
        
          
        <coordinates>
            7.3344752,43.7089122,0
          </coordinates>
        
        
      </Point>
      
      
    </Placemark>
    <Placemark>
      
        
      <name>PARKING BUS (Pago) / Mónaco </name>
      
        
      <description>Parking de Pago Subterraneo</description>
      
        
      <styleUrl>#icon-1513-1A237E</styleUrl>
      
        
      <Point>
        
          
        <coordinates>
            7.4307137,43.7416892,0
          </coordinates>
        
        
      </Point>
      
      
    </Placemark>
    <Placemark>
      
        
      <name>PARKING BUS / Menton (FR)</name>
      
        
      <description>Parking Bus en Menton Francia al lado campo fútbol/ Gratuito sin tiempo </description>
      
        
      <styleUrl>#icon-1532-7CB342</styleUrl>
      
        
      <Point>
        
          
        <coordinates>
            7.5135514,43.7831901,0
          </coordinates>
        
        
      </Point>
      
      
    </Placemark>
    <Placemark>
      
        
      <name>PARKING BUS / Cervo (IT)</name>
      
        
      <description>2 plazas de Parking reservadas par Bus en Cervo Italia.</description>
      
        
      <styleUrl>#icon-1532-7CB342</styleUrl>
      
        
      <Point>
        
          
        <coordinates>
            8.1068622,43.9236528,0
          </coordinates>
        
        
      </Point>
      
      
    </Placemark>
    <Placemark>
      
        
      <name>PARKING BUS /Alassio (IT)</name>
      
        
      <description>Parking en Linea en Viale D. Hanbury / Alassio Italia.</description>
      
        
      <styleUrl>#icon-1532-7CB342</styleUrl>
      
        
      <Point>
        
          
        <coordinates>
            8.1759542,44.0110333,0
          </coordinates>
        
        
      </Point>
      
      
    </Placemark>
    <Placemark>
      
        
      <name>PARKING BUS / Alvenga (IT)</name>
      
        
      <description>Parking Mixto con 2 Plazas reservadas para Bus </description>
      
        
      <styleUrl>#icon-1532-7CB342</styleUrl>
      
        
      <Point>
        
          
        <coordinates>
            8.2234907,44.0507096,0
          </coordinates>
        
        
      </Point>
      
      
    </Placemark>
    <Placemark>
      
        
      <name>PARKING BUS (Pago) / Tours (FR)</name>
      
        
      <description>Parking de Pago en Tours se puede dejar de noche.</description>
      
        
      <styleUrl>#icon-1513-1A237E</styleUrl>
      
        
      <Point>
        
          
        <coordinates>
            0.6931214,47.3899664,0
          </coordinates>
        
        
      </Point>
      
      
    </Placemark>
    <Placemark>
      
        
      <name>Parking Bus ✅ / Bilbao</name>
      
        
      <description>Parking Bus en linea 4/5 Buses. Abandoibarra / Bilbao. podíamos  quedarnos aparcados informaros antes.</description>
      
        
      <styleUrl>#icon-1532-7CB342</styleUrl>
      
        
      <Point>
        
          
        <coordinates>
            -2.9413819,43.2683795,0
          </coordinates>
        
        
      </Point>
      
      
    </Placemark>
    <Placemark>
      
        
      <name>PARKING BUS / París (FR)</name>
      
        
      <description>Zona para parking Bus limitado en Horas. Torre Eiffel / CHECPOINT Z1</description>
      
        
      <styleUrl>#icon-1532-7CB342</styleUrl>
      
        
      <Point>
        
          
        <coordinates>
            2.2988097,48.8565584,0
          </coordinates>
        
        
      </Point>
      
      
    </Placemark>
    <Placemark>
      
        
      <name>PARKING BUS CHECPOINT Z1 / París (FR)</name>
      
        
      <description>Parking de Pago (3 Plazas) en linea CHECPOINT Z1 -  Av/ Rapp París 24h.</description>
      
        
      <styleUrl>#icon-1513-1A237E</styleUrl>
      
        
      <Point>
        
          
        <coordinates>
            2.3014357,48.8617186,0
          </coordinates>
        
        
      </Point>
      
      
    </Placemark>
    <Placemark>
      
        
      <name>PARKING BUS (Pago) 💰 / Florencia (IT)</name>
      
        
      <description>Parking de tierra mixto con camiones de tierra. Florencia </description>
      
        
      <styleUrl>#icon-1513-1A237E</styleUrl>
      
        
      <Point>
        
          
        <coordinates>
            11.2113486,43.7996224,0
          </coordinates>
        
        
      </Point>
      
      
    </Placemark>
    <Placemark>
      
        
      <name>PARKING BUS / Estrasburgo (FR)</name>
      
        
      <description>PARKING BUS cerca del Parlamento</description>
      
        
      <styleUrl>#icon-1644-0288D1</styleUrl>
      
        
      <Point>
        
          
        <coordinates>
            7.7678088,48.5991163,0
          </coordinates>
        
        
      </Point>
      
      
    </Placemark>
    <Placemark>
      
        
      <name>PARKING BUS / Budapest (Hungría)</name>
      
        
      <description>Parking gratuito en Budapest </description>
      
        
      <styleUrl>#icon-1532-7CB342</styleUrl>
      
        
      <Point>
        
          
        <coordinates>
            19.0607025,47.484173,0
          </coordinates>
        
        
      </Point>
      
      
    </Placemark>
    <Placemark>
      
        
      <name>PARKING BUS (Pago) Varsovia / (Polonia)</name>
      
        
      <description>Varsovia - Polonia | Parking de Pago | junto Estacion Varsovia | Vigilado 24H</description>
      
        
      <styleUrl>#icon-1513-1A237E</styleUrl>
      
        
      <Point>
        
          
        <coordinates>
            20.9990302,52.2278918,0
          </coordinates>
        
        
      </Point>
      
      
    </Placemark>
    <Placemark>
      
        
      <name>PARKING BUS (Pago) / Berlín (Alemania)</name>
      
        
      <description>Berlin | Parking de Pago | Fleetwork, 20 € día, 25 € lavado bus estándar 13 metros. Reparaciones de carroceria. Cafetería económica y buena comunicación con transporte publico.</description>
      
        
      <styleUrl>#icon-1513-1A237E</styleUrl>
      
        
      <Point>
        
          
        <coordinates>
            13.4904333,52.4911724,0
          </coordinates>
        
        
      </Point>
      
      
    </Placemark>
    <Placemark>
      
        
      <name>C Y D / Muro Berlín (Alemania)</name>
      
        
      <description>Berlin | Parking - Parada | Visita Museo al Aire Libre del Muro</description>
      
        
      <styleUrl>#icon-1826-0F9D58</styleUrl>
      
        
      <Point>
        
          
        <coordinates>
            13.4426162,52.5042102,0
          </coordinates>
        
        
      </Point>
      
      
    </Placemark>
    <Placemark>
      
        
      <name>Campo de concentración de Sachsenhausen (Parking) / Oranienburg (Alemania)</name>
      
        
      <description>Oranienburg | Parking visita Campo de Concentración de Sachsenhausen - Berlin / Str. d. Nationen 22, 16515 Oranienburg, Alemania www.sachsenhausen-sbg.de +49 3301 200200</description>
      
        
      <styleUrl>#icon-1636-A52714</styleUrl>
      
        
      <Point>
        
          
        <coordinates>
            13.2591508,52.7639622,0
          </coordinates>
        
        
      </Point>
      
      
    </Placemark>
    <Placemark>
      
        
      <name>PARKING BUS (Pago) / Dresden (Alemania)</name>
      
        
      <description>Dresde | Aparcamiento de Pago | Maquina SOLO con Monedas | Barato</description>
      
        
      <styleUrl>#icon-1513-1A237E</styleUrl>
      
        
      <Point>
        
          
        <coordinates>
            13.7481856,51.0531892,0
          </coordinates>
        
        
      </Point>
      
      
    </Placemark>
    <Placemark>
      
        
      <name>HOTEL IBIS Eden / Praga (Chequia)</name>
      
        
      <description>Praga | Parking Hotel Iris Hotel Eden | 20€ x Dia | Parking para 2 Buses / Vladivostocká 1540, Vršovice, 100 00 Praha-Praha 10, Chequia www.irishoteleden.cz +420 702 033 159</description>
      
        
      <styleUrl>#icon-1602-9C27B0</styleUrl>
      
        
      <Point>
        
          
        <coordinates>
            14.4717124,50.0684927,0
          </coordinates>
        
        
      </Point>
      
      
    </Placemark>
    <Placemark>
      
        
      <name>Schloss Hellbrunn Garten (Juegos del Agua) / Salzburg (Austria)</name>
      
        
      <description>Parking visita schloss hellbrum. (Juegos de agua) Salzburg, Austria</description>
      
        
      <styleUrl>#icon-1502-C2185B</styleUrl>
      
        
      <Point>
        
          
        <coordinates>
            13.0622551,47.7629573,0
          </coordinates>
        
        
      </Point>
      
      
    </Placemark>
    <Placemark>
      
        
      <name>PARKING BUS / Lugano (Suiza)</name>
      
        
      <description>Parcheggio bus turistici Lugano</description>
      
        
      <styleUrl>#icon-1532-7CB342</styleUrl>
      
        
      <Point>
        
          
        <coordinates>
            8.9636048,46.0227755,0
          </coordinates>
        
        
      </Point>
      
      
    </Placemark>
    <Placemark>
      
        
      <name>PARKING BUS / Bergen (Noruega)</name>
      
        
      <description>Parking Bus cerca puerto y visitas de Snekkebrakken y museos </description>
      
        
      <styleUrl>#icon-1532-7CB342</styleUrl>
      
        
      <Point>
        
          
        <coordinates>
            5.3161113,60.3999424,0
          </coordinates>
        
        
      </Point>
      
      
    </Placemark>
    <Placemark>
      
        
      <name>PARKING BUS / Grindelwald (Suiza)</name>
      
        
      <description>Parking Gratuito en Grundstrasse /  Grindelwald, Suiza</description>
      
        
      <styleUrl>#icon-1532-7CB342</styleUrl>
      
        
      <Point>
        
          
        <coordinates>
            8.0259378,46.6212218,0
          </coordinates>
        
        
      </Point>
      
      
    </Placemark>
    <Placemark>
      
        
      <name>PARKING BUS (Pago) / Interlaken (Suiza)</name>
      
        
      <description>Parking de Pago,  asfaltado señalizado.</description>
      
        
      <styleUrl>#icon-1513-1A237E</styleUrl>
      
        
      <Point>
        
          
        <coordinates>
            7.8725411,46.6905359,0
          </coordinates>
        
        
      </Point>
      
      
    </Placemark>
    <Placemark>
      
        
      <name>PARKING BUS (Pago) Interlaken (Suiza)</name>
      
        
      <description>Interlaken | Parking de Pago | Visita del Centro | 9 Francos x Hora/ Strandbadstrasse 51, 3800 Interlaken, Suiza</description>
      
        
      <styleUrl>#icon-1513-1A237E</styleUrl>
      
        
      <Point>
        
          
        <coordinates>
            7.8600748,46.6885389,0
          </coordinates>
        
        
      </Point>
      
      
    </Placemark>
    <Placemark>
      
        
      <name>PARKING BUS (Pago) / Interlaken, (Suiza)</name>
      
        
      <description>Interlaken Suíça | Parking de Pago</description>
      
        
      <styleUrl>#icon-1513-1A237E</styleUrl>
      
        
      <Point>
        
          
        <coordinates>
            7.8563265,46.6889949,0
          </coordinates>
        
        
      </Point>
      
      
    </Placemark>
    <Placemark>
      
        
      <name>PARKING BUS / Volendam (Países Bajos)</name>
      
        
      <description>Voledam | Parking bus Gratuito | Sin límite de tiempo de estacionamiento.</description>
      
        
      <styleUrl>#icon-1532-7CB342</styleUrl>
      
        
      <Point>
        
          
        <coordinates>
            5.0786052,52.4986244,0
          </coordinates>
        
        
      </Point>
      
      
    </Placemark>
    <Placemark>
      
        
      <name>PARKING BUS /Edam (Países Bajos)</name>
      
        
      <description>2 Plazas de Bus libres sin tiempo.</description>
      
        
      <styleUrl>#icon-1532-7CB342</styleUrl>
      
        
      <Point>
        
          
        <coordinates>
            5.0462987,52.5162442,0
          </coordinates>
        
        
      </Point>
      
      
    </Placemark>
    <Placemark>
      
        
      <name>PARKING BUS / Den Haag (Países Bajos)</name>
      
        
      <description>Zona Reservada para autocares en el Bingoal Stadion</description>
      
        
      <styleUrl>#icon-1532-7CB342</styleUrl>
      
        
      <Point>
        
          
        <coordinates>
            4.3823085,52.0636014,0
          </coordinates>
        
        
      </Point>
      
      
    </Placemark>
    <Placemark>
      
        
      <name>PARKING BUS / La Haya (Países Bajos)</name>
      
        
      <description>Parking reservado Bus cerca de la Playa</description>
      
        
      <styleUrl>#icon-1532-7CB342</styleUrl>
      
        
      <Point>
        
          
        <coordinates>
            4.2889923,52.1164708,0
          </coordinates>
        
        
      </Point>
      
      
    </Placemark>
    <Placemark>
      
        
      <name>PARKING / Kassel (Alemania)</name>
      
        
      <description>Parking mixto, para visitar Monumento a Hércules y el , mirador a Kassel.</description>
      
        
      <styleUrl>#icon-1532-7CB342</styleUrl>
      
        
      <Point>
        
          
        <coordinates>
            9.3908026,51.3173279,0
          </coordinates>
        
        
      </Point>
      
      
    </Placemark>
    <Placemark>
      
        
      <name>PARKING BUS / Lindau (Bodensee), (Alemania)</name>
      
        
      <description>Parking Bus también C Y D visita Toskanapark / Lavabos públicos </description>
      
        
      <styleUrl>#icon-1532-7CB342</styleUrl>
      
        
      <Point>
        
          
        <coordinates>
            9.6919742,47.5517743,0
          </coordinates>
        
        
      </Point>
      
      
    </Placemark>
    <Placemark>
      
        
      <name>PARKING BUS / Meersburg (Alemania)

</name>
      
        
      <description>Parking reservado bus en Linea /</description>
      
        
      <styleUrl>#icon-1532-7CB342</styleUrl>
      
        
      <Point>
        
          
        <coordinates>
            9.2655972,47.6945407,0
          </coordinates>
        
        
      </Point>
      
      
    </Placemark>
    <Placemark>
      
        
      <name>PARKING BUS / Gdańsk  (Polonia)</name>
      
        
      <description>Parking Bus, para visitarvel casco Antiguo de Gdańsk.</description>
      
        
      <styleUrl>#icon-1532-7CB342</styleUrl>
      
        
      <Point>
        
          
        <coordinates>
            18.6576607,54.3536159,0
          </coordinates>
        
        
      </Point>
      
      
    </Placemark>
    <Placemark>
      
        
      <name>PARKING 🅿️ / Helsinki, (Finlandia)</name>
      
        
      <description>Parking asfaltado, mixto gratuito en Helsinki.</description>
      
        
      <styleUrl>#icon-1644-0288D1</styleUrl>
      
        
      <Point>
        
          
        <coordinates>
            24.9275422,60.1838721,0
          </coordinates>
        
        
      </Point>
      
      
    </Placemark>
    <Placemark>
      
        
      <name>PARKING BUS / Brzezinka (Polonia)</name>
      
        
      <description>Parking autorizado para aparcar autocares , visit a Brzezinka, Polonia</description>
      
        
      <styleUrl>#icon-1532-7CB342</styleUrl>
      
        
      <Point>
        
          
        <coordinates>
            19.1846226,50.035742,0
          </coordinates>
        
        
      </Point>
      
      
    </Placemark>
    <Placemark>
      
        
      <name>PARKING BUS / Częstochowa (Polonia)</name>
      
        
      <description>Parking Bus para la visita del Monasterio de Jasna Góra.</description>
      
        
      <styleUrl>#icon-1532-7CB342</styleUrl>
      
        
      <Point>
        
          
        <coordinates>
            19.0927262,50.8121236,0
          </coordinates>
        
        
      </Point>
      
      
    </Placemark>
    <Placemark>
      
        
      <name>PARKING BUS / Zurich (Suiza)</name>
      
        
      <description>Zurich | Aparcamiento para visitar la ciudad | Máx 2 h. | Funciona con parkimetro y moneda suiza | Motor parado.</description>
      
        
      <styleUrl>#icon-1513-1A237E</styleUrl>
      
        
      <Point>
        
          
        <coordinates>
            8.5417741,47.3669676,0
          </coordinates>
        
        
      </Point>
      
      
    </Placemark>
    <Placemark>
      
        
      <name>PARKING BUS / Lucerna (Suiza)</name>
      
        
      <description>Parking Bus, zona reservada con lavabos públicos.</description>
      
        
      <styleUrl>#icon-1532-7CB342</styleUrl>
      
        
      <Point>
        
          
        <coordinates>
            8.3139871,47.0493942,0
          </coordinates>
        
        
      </Point>
      
      
    </Placemark>
    <Placemark>
      
        
      <name>PARKING BUS / Kriens (Suiza)</name>
      
        
      <description>Kriens | Parking Teleferico Monte Pilatus | Sin Tiempo definido | Espera a Grupos</description>
      
        
      <styleUrl>#icon-1532-7CB342</styleUrl>
      
        
      <Point>
        
          
        <coordinates>
            8.2780761,47.030087,0
          </coordinates>
        
        
      </Point>
      
      
    </Placemark>
    <Placemark>
      
        
      <name>PARKING BUS / Bern (Suiza)</name>
      
        
      <description>Bern | Parking Gratuito | Ideal para la visita de los Osos</description>
      
        
      <styleUrl>#icon-1532-7CB342</styleUrl>
      
        
      <Point>
        
          
        <coordinates>
            7.4604953,46.9489676,0
          </coordinates>
        
        
      </Point>
      
      
    </Placemark>
    <Placemark>
      
        
      <name>PARKING BUS / Mechelen (Bélgica)</name>
      
        
      <description>Plaza de Bus gratis perfecta para hacer tiempo de espera en Mechelen.</description>
      
        
      <styleUrl>#icon-1532-7CB342</styleUrl>
      
        
      <Point>
        
          
        <coordinates>
            4.5025978,51.0264001,0
          </coordinates>
        
        
      </Point>
      
      
    </Placemark>
    <Placemark>
      
        
      <name>PARKING (Pago) / Viens (Austria)</name>
      
        
      <description>Viena | Parking Schönbrunn | Se aparca mientras se espera por la visita del palacio schombum. También se puede aparcar de noche. Detrás del parking estación de metro que lleva directo al centro. / Schönbrunner Schloßstraße 50, 1130 Wien, Austria</description>
      
        
      <styleUrl>#icon-1513-1A237E</styleUrl>
      
        
      <Point>
        
          
        <coordinates>
            16.3161314,48.1862275,0
          </coordinates>
        
        
      </Point>
      
      
    </Placemark>
    <Placemark>
      
        
      <name>PARKING BUS / Alcantarilla (Murcia)</name>
      
        
      <description>De Lunes a Viernes Bus Escolar. De 7:00h a 15:00h, / no usarlo en horario  entrada y salida colegio.</description>
      
        
      <styleUrl>#icon-1532-7CB342</styleUrl>
      
        
      <Point>
        
          
        <coordinates>
            -1.2166166,37.9612638,0
          </coordinates>
        
        
      </Point>
      
      
    </Placemark>
    <Placemark>
      
        
      <name>PARKING (Pago) / Cesky Krumlov (Chequia)</name>
      
        
      <description>Cesky Krumlov | Parking de Pago y con lavadero Bus </description>
      
        
      <styleUrl>#icon-1513-1A237E</styleUrl>
      
        
      <Point>
        
          
        <coordinates>
            14.3054483,48.8173638,0
          </coordinates>
        
        
      </Point>
      
      
    </Placemark>
    <Placemark>
      
        
      <name>PARKING (Pago) / Krimmler (Austria)</name>
      
        
      <description>Austria | Krimmler Achental | Parking de Pago | Economico y Lavabos.</description>
      
        
      <styleUrl>#icon-1513-1A237E</styleUrl>
      
        
      <Point>
        
          
        <coordinates>
            12.1684521,47.2143302,0
          </coordinates>
        
        
      </Point>
      
      
    </Placemark>
    <Placemark>
      
        
      <name>PARKING BUS / Venecia (IT)</name>
      
        
      <description>Parking en El Puerto de Venecia.</description>
      
        
      <styleUrl>#icon-1532-7CB342</styleUrl>
      
        
      <Point>
        
          
        <coordinates>
            12.3050272,45.4421516,0
          </coordinates>
        
        
      </Point>
      
      
    </Placemark>
    <Placemark>
      
        
      <name>PARKING BUS (Pago) / Venecia (IT)</name>
      
        
      <description>Parking Bus 40€ la noche / con Taxi</description>
      
        
      <styleUrl>#icon-1513-1A237E</styleUrl>
      
        
      <Point>
        
          
        <coordinates>
            12.2163033,45.4681699,0
          </coordinates>
        
        
      </Point>
      
      
    </Placemark>
    <Placemark>
      
        
      <name>FARO de Peñas / Gozón (Asturias)</name>
      
        
      <description>Parking Mixto en Faro de Peñas, dejarlo mirando a salida por si el listo de turno se aparca delante.</description>
      
        
      <styleUrl>#icon-1535-757575</styleUrl>
      
        
      <Point>
        
          
        <coordinates>
            -5.8491694,43.6546992,0
          </coordinates>
        
        
      </Point>
      
      
    </Placemark>
    <Placemark>
      
        
      <name>PARKING BUS ✅️ / Wurzburgo (A)</name>
      
        
      <description>Parking Bus Mixto / Wurzburgo, Alemania</description>
      
        
      <styleUrl>#icon-1532-7CB342</styleUrl>
      
        
      <Point>
        
          
        <coordinates>
            9.9226847,49.7976012,0
          </coordinates>
        
        
      </Point>
      
      
    </Placemark>
    <Placemark>
      
        
      <name>Funicolare di Orvieto  (Parking) / Orvieto Scalo (IT)</name>
      
        
      <description><![CDATA[Funicolare di Orvieto - Scalo<br>Via della Pesa, 27, 05018 Orvieto Scalo TR, Italia<br>www.orvietoviva.com]]></description>
      
        
      <styleUrl>#icon-1586-01579B</styleUrl>
      
        
      <Point>
        
          
        <coordinates>
            12.127969,42.7241296,0
          </coordinates>
        
        
      </Point>
      
      
    </Placemark>
    <Placemark>
      
        
      <name>PARKING BUS (Escolar) ✅️  / Alella (Barcelona)</name>
      
        
      <description>Zona reservada para Bus Escolar. Horario  de 9:00h a 17:00h</description>
      
        
      <styleUrl>#icon-1532-7CB342</styleUrl>
      
        
      <Point>
        
          
        <coordinates>
            2.2950588,41.4897303,0
          </coordinates>
        
        
      </Point>
      
      
    </Placemark>
    <Placemark>
      
        
      <name>PARKING BUS ✅️ / Roma ( IT)</name>
      
        
      <description>Roma | Aparcamiento Frente Estacion | Ipogeo Degli Ottavi | Via Trionfale, 00135 Roma RM</description>
      
        
      <styleUrl>#icon-1532-7CB342</styleUrl>
      
        
      <Point>
        
          
        <coordinates>
            12.4080812,41.969149,0
          </coordinates>
        
        
      </Point>
      
      
    </Placemark>
    <Placemark>
      
        
      <name>PARKING BUS ✅️ / Roma (IT)</name>
      
        
      <description>Parking en Linea Via di Georgofili / Roma</description>
      
        
      <styleUrl>#icon-1532-7CB342</styleUrl>
      
        
      <Point>
        
          
        <coordinates>
            12.4915426,41.8536914,0
          </coordinates>
        
        
      </Point>
      
      
    </Placemark>
    <Placemark>
      
        
      <name>PARKING BUS (Pago) 💰 / Roma (IT)</name>
      
        
      <description>Roma | Parking de Pago | 40€ con transporte Parking - Hotel - Parking | Seriedad y Muy Puntual</description>
      
        
      <styleUrl>#icon-1513-1A237E</styleUrl>
      
        
      <Point>
        
          
        <coordinates>
            12.4899925,41.8707312,0
          </coordinates>
        
        
      </Point>
      
      
    </Placemark>
    <Placemark>
      
        
      <name>AEROPUERTO ✈️ / Bolonia (IT)</name>
      
        
      <description>Parking Bus Aeropuerto de Bolonia / Via del Triumvirato, 84, 40132 Bologna BO, Italia</description>
      
        
      <styleUrl>#icon-1504-880E4F</styleUrl>
      
        
      <Point>
        
          
        <coordinates>
            11.2947759,44.529063,0
          </coordinates>
        
        
      </Point>
      
      
    </Placemark>
    <Placemark>
      
        
      <name>PARKING BUS ✅️ / Berna (SUIZA)</name>
      
        
      <description>Parking Bus gratuito, MAX 4HORAS.</description>
      
        
      <styleUrl>#icon-1532-7CB342</styleUrl>
      
        
      <Point>
        
          
        <coordinates>
            7.4416142,46.9525019,0
          </coordinates>
        
        
      </Point>
      
      
    </Placemark>
    <Placemark>
      
        
      <name>PARKING BUS ✅ / Pilsen (Republica Checa)</name>
      
        
      <description>Pilsen | Republica Checa | Parking Gratuito</description>
      
        
      <styleUrl>#icon-1532-7CB342</styleUrl>
      
        
      <Point>
        
          
        <coordinates>
            13.3824221,49.7499419,0
          </coordinates>
        
        
      </Point>
      
      
    </Placemark>
    <Placemark>
      
        
      <name>Swarovski Kristallwelten (Parking ) 💲 / Wattens (Austria)</name>
      
        
      <description>Grandes comisiones por llevar pasajeros a comprar / Kristallweltenstraße 1, Wattens, Austria kristallwelten.swarovski.com +43 5224 51080</description>
      
        
      <styleUrl>#icon-1502-C2185B</styleUrl>
      
        
      <Point>
        
          
        <coordinates>
            11.6016124,47.2950834,0
          </coordinates>
        
        
      </Point>
      
      
    </Placemark>
    <Placemark>
      
        
      <name>AEROPUERTO T1✈️💰 / Frankfurt (A)</name>
      
        
      <description>Frankfurt | Parking T1 Aeropuerto Frankfurt | Mas barato que la T2</description>
      
        
      <styleUrl>#icon-1504-880E4F</styleUrl>
      
        
      <Point>
        
          
        <coordinates>
            8.5782307,50.0526013,0
          </coordinates>
        
        
      </Point>
      
      
    </Placemark>
    <Placemark>
      
        
      <name>CLOUCHES De Taizé (Parking) / Taizé (FR)</name>
      
        
      <description>Croche Saint-Pierre, 71250 Taizé, Francia www.taize.fr </description>
      
        
      <styleUrl>#icon-1670-E65100</styleUrl>
      
        
      <Point>
        
          
        <coordinates>
            4.6767795,46.5146202,0
          </coordinates>
        
        
      </Point>
      
      
    </Placemark>
    <Placemark>
      
        
      <name>PARKING BUS ✅ / Hilden (A)</name>
      
        
      <description>Parking bus al lado zona deportiva de Hilden .Gratuito</description>
      
        
      <styleUrl>#icon-1532-7CB342</styleUrl>
      
        
      <Point>
        
          
        <coordinates>
            6.9516327,51.1639992,0
          </coordinates>
        
        
      </Point>
      
      
    </Placemark>
    <Placemark>
      
        
      <name>PARKING BUS ✅ / Bacharach (A)</name>
      
        
      <description>Bacharach | Parking Bus | Embarcar pasajeros para el Paseo por el Rhin o Visitar Pueblo</description>
      
        
      <styleUrl>#icon-1532-7CB342</styleUrl>
      
        
      <Point>
        
          
        <coordinates>
            7.7697203,50.0603888,0
          </coordinates>
        
        
      </Point>
      
      
    </Placemark>
    <Placemark>
      
        
      <name>PARKING BUS ✅️ / York (Reino Unido)</name>
      
        
      <description>Parking Bus en York.</description>
      
        
      <styleUrl>#icon-1532-7CB342</styleUrl>
      
        
      <Point>
        
          
        <coordinates>
            -1.0834936,53.9662253,0
          </coordinates>
        
        
      </Point>
      
      
    </Placemark>
    <Placemark>
      
        
      <name>PARKING BUS ✅️ / Londres (Reino Unido)</name>
      
        
      <description>Hydepark | Parking Bus | 150 Bayswater Rd, London W2 4RT, Reino Unido</description>
      
        
      <styleUrl>#icon-1532-7CB342</styleUrl>
      
        
      <Point>
        
          
        <coordinates>
            -0.1902029,51.5096115,0
          </coordinates>
        
        
      </Point>
      
      
    </Placemark>
    <Placemark>
      
        
      <name>PARKING BUS (Pago)💰 / Heathrow (Reino Unido)</name>
      
        
      <description>Heathrow parking de Pago</description>
      
        
      <styleUrl>#icon-1513-1A237E</styleUrl>
      
        
      <Point>
        
          
        <coordinates>
            -0.4558032,51.4809366,0
          </coordinates>
        
        
      </Point>
      
      
    </Placemark>
    <Placemark>
      
        
      <name>PARKING BUS ✅ / Eindhoven (Países Bajos)</name>
      
        
      <description>Parking Bus asfalto gratuito en Eindhoven, (Países Bajos)</description>
      
        
      <styleUrl>#icon-1532-7CB342</styleUrl>
      
        
      <Point>
        
          
        <coordinates>
            5.4239404,51.4350413,0
          </coordinates>
        
        
      </Point>
      
      
    </Placemark>
    <Placemark>
      
        
      <name>PARKING BUS ✅ / Perpignan (FR)</name>
      
        
      <description>4 Plazas bus en Linea / Av/ Du Palais des Expositions.</description>
      
        
      <styleUrl>#icon-1532-7CB342</styleUrl>
      
        
      <Point>
        
          
        <coordinates>
            2.9031487,42.7081426,0
          </coordinates>
        
        
      </Point>
      
      
    </Placemark>
    <Placemark>
      
        
      <name>ECOZONIA Conservation / Cases-de-Pêne (FR)</name>
      
        
      <description>Parking visita  ECOZONIA Conservation / Cases-de-Pêne, Francia</description>
      
        
      <styleUrl>#icon-1542-3949AB</styleUrl>
      
        
      <Point>
        
          
        <coordinates>
            2.778198,42.7831669,0
          </coordinates>
        
        
      </Point>
      
      
    </Placemark>
    <Placemark>
      
        
      <name>PARKING BUS ✅ / Tautavel (FR)</name>
      
        
      <description>Parking Bus Gratuito, sin tiempo.</description>
      
        
      <styleUrl>#icon-1532-7CB342</styleUrl>
      
        
      <Point>
        
          
        <coordinates>
            2.7504571,42.8181629,0
          </coordinates>
        
        
      </Point>
      
      
    </Placemark>
    <Placemark>
      
        
      <name>Toulouse Football Club (Parking)</name>
      
        
      <description>Plazas en estadio Toulouse Football Club</description>
      
        
      <styleUrl>#icon-1532-7CB342</styleUrl>
      
        
      <Point>
        
          
        <coordinates>
            1.4322907,43.5841119,0
          </coordinates>
        
        
      </Point>
      
      
    </Placemark>
    <Placemark>
      
        
      <name>PARKING BUS ✅️ /Ámsterdam </name>
      
        
      <description>Parking Bus en linea Max 30Min.</description>
      
        
      <styleUrl>#icon-1532-7CB342</styleUrl>
      
        
      <Point>
        
          
        <coordinates>
            4.8951079,52.3824686,0
          </coordinates>
        
        
      </Point>
      
      
    </Placemark>
    <Placemark>
      
        
      <name>PARKING 🅿️ / Cabrera de Mar (Barcelona)</name>
      
        
      <description>Parking de tierra sin problemas ni tiempo. Luego tocara limpiarlo.</description>
      
        
      <styleUrl>#icon-1644-0288D1</styleUrl>
      
        
      <Point>
        
          
        <coordinates>
            2.4180201,41.5327899,0
          </coordinates>
        
        
      </Point>
      
      
    </Placemark>
    <Placemark>
      
        
      <name>PARKING 🅿️ / GROTTES Des Canalettes 📸 / Villafranche de Conflent (FR)</name>
      
        
      <description>Parking mixto para recoger en el otro si hay coches no podrás/ Route de Vernet les Bains, Villefranche-de-Conflent, Francia www.grottescanalettes.com +33 4 68 05 20 20</description>
      
        
      <styleUrl>#icon-1644-0288D1</styleUrl>
      
        
      <Point>
        
          
        <coordinates>
            2.3710964,42.5824908,0
          </coordinates>
        
        
      </Point>
      
      
    </Placemark>
    <Placemark>
      
        
      <name>PARKING BUS Checpoint Z2 / Paris (FR)</name>
      
        
      <description>Parking Bus CHECPOINT Z2  - AV/ des Nations Unies 8 PLazas en linea</description>
      
        
      <styleUrl>#icon-1532-7CB342</styleUrl>
      
        
      <Point>
        
          
        <coordinates>
            2.2896666,48.8600374,0
          </coordinates>
        
        
      </Point>
      
      
    </Placemark>
    <Placemark>
      
        
      <name>PARKING BUS Checpoint Z2 / Paris (FR)</name>
      
        
      <description>Parking Bus CHECPOINT Z2 / 8 Plazas en Linea. Av/ des Nations Unies. Paris</description>
      
        
      <styleUrl>#icon-1532-7CB342</styleUrl>
      
        
      <Point>
        
          
        <coordinates>
            2.2917695,48.8620418,0
          </coordinates>
        
        
      </Point>
      
      
    </Placemark>
    <Placemark>
      
        
      <name>PARKING BUS ✅️ / Burdeaux (FR)</name>
      
        
      <description>3 Plazas parking Bus / Gratuito /  Rue des Générale Duché</description>
      
        
      <styleUrl>#icon-1532-7CB342</styleUrl>
      
        
      <Point>
        
          
        <coordinates>
            -0.5808337,44.8574884,0
          </coordinates>
        
        
      </Point>
      
      
    </Placemark>
    <Placemark>
      
        
      <name>PARKING BUS ✅️ / Burdeaux (FR)</name>
      
        
      <description>Parking Bus 1 Plaza Gratuito delante hoteles. Rue Lucien Faure.</description>
      
        
      <styleUrl>#icon-1532-7CB342</styleUrl>
      
        
      <Point>
        
          
        <coordinates>
            -0.5644141,44.8683952,0
          </coordinates>
        
        
      </Point>
      
      
    </Placemark>
    <Placemark>
      
        
      <name>PARKING BUS ✅️ / Burdeaux (FR)</name>
      
        
      <description>Parking Bus en linea 4 Plazas Gratuito / Quai du Maroc</description>
      
        
      <styleUrl>#icon-1532-7CB342</styleUrl>
      
        
      <Point>
        
          
        <coordinates>
            -0.5520566,44.8630311,0
          </coordinates>
        
        
      </Point>
      
      
    </Placemark>
    <Placemark>
      
        
      <name>PARKING BUS ✅️ / Lyon (FR)</name>
      
        
      <description>Parking Bus en Linea sin tiempo </description>
      
        
      <styleUrl>#icon-1532-7CB342</styleUrl>
      
        
      <Point>
        
          
        <coordinates>
            4.8290906,45.7641255,0
          </coordinates>
        
        
      </Point>
      
      
    </Placemark>
    <Placemark>
      
        
      <name>PARKING BUS ✅ / Lyon (FR)</name>
      
        
      <description>Pparking Bus en linea  gratuito 2 Plazas OJO !! Túnel / en Rue Casimir Pèrièr. Lyon (Fr). </description>
      
        
      <styleUrl>#icon-1532-7CB342</styleUrl>
      
        
      <Point>
        
          
        <coordinates>
            4.8197499,45.7430336,0
          </coordinates>
        
        
      </Point>
      
      
    </Placemark>
    <Placemark>
      
        
      <name>PARKING BUS ✅/ Lyon (FR)</name>
      
        
      <description>Parking Bus Gratuito 1 Plaza en Quai Rambaud. Lyon (Fr).</description>
      
        
      <styleUrl>#icon-1532-7CB342</styleUrl>
      
        
      <Point>
        
          
        <coordinates>
            4.818623,45.7475034,0
          </coordinates>
        
        
      </Point>
      
      
    </Placemark>
    <Placemark>
      
        
      <name>PARKING BUS ✅/ Lyon (FR)</name>
      
        
      <description>Parking Bus 2 Plazas gratuito en Cours de Verdum Perrache. Lyon (Fr).</description>
      
        
      <styleUrl>#icon-1532-7CB342</styleUrl>
      
        
      <Point>
        
          
        <coordinates>
            4.8281863,45.7486029,0
          </coordinates>
        
        
      </Point>
      
      
    </Placemark>
    <Placemark>
      
        
      <name>PARKING BUS ✅/ Lyon (FR)</name>
      
        
      <description>Parking Bus 2 Plazas Gratuito sin tiempo en Quai JeanMoulin. Lyon (Fr).</description>
      
        
      <styleUrl>#icon-1532-7CB342</styleUrl>
      
        
      <Point>
        
          
        <coordinates>
            4.8380432,45.7660539,0
          </coordinates>
        
        
      </Point>
      
      
    </Placemark>
    <Placemark>
      
        
      <name>PARKING BUS ✅/ Lyon (FR)</name>
      
        
      <description>Parking Bus 1 Plaza en Rue Joseph Serlin.  Lyon (Fr)</description>
      
        
      <styleUrl>#icon-1532-7CB342</styleUrl>
      
        
      <Point>
        
          
        <coordinates>
            4.835238,45.7674328,0
          </coordinates>
        
        
      </Point>
      
      
    </Placemark>
    <Placemark>
      
        
      <name>PARKING BUS ✅ / Lyon (FR)</name>
      
        
      <description>Parking Bus 1 Plaza gratuito/  horario de 9h a 18h / en Bd des Canuts. Lyon (Fr)</description>
      
        
      <styleUrl>#icon-1532-7CB342</styleUrl>
      
        
      <Point>
        
          
        <coordinates>
            4.828046,45.7781315,0
          </coordinates>
        
        
      </Point>
      
      
    </Placemark>
    <Placemark>
      
        
      <name>PARKING BUS (Pago) 💰/ Dublin (IR)</name>
      
        
      <description>Parking Bus de Pago / en Linea (MAX 1Hora) /al lado de  Liberties College /  En Bull Alley St Dublin (Irlanda).</description>
      
        
      <styleUrl>#icon-1513-1A237E</styleUrl>
      
        
      <Point>
        
          
        <coordinates>
            -6.2712462,53.3406063,0
          </coordinates>
        
        
      </Point>
      
      
    </Placemark>
    <Placemark>
      
        
      <name>PARKING BUS (Pago) 💰/ Dublin (IR)</name>
      
        
      <description>Parking Bus 1Plaza de pago (MAX 2Horas) / Brabazon St, Dublin (Irlanda)</description>
      
        
      <styleUrl>#icon-1513-1A237E</styleUrl>
      
        
      <Point>
        
          
        <coordinates>
            -6.2777833,53.3381649,0
          </coordinates>
        
        
      </Point>
      
      
    </Placemark>
    <Placemark>
      
        
      <name>PARKING BUS (Pago) 💰/ Dublin (IR)</name>
      
        
      <description>Parking Bus 1Plaza de pago (MAX 2Horas) / Newmarket , Dublin (Irlanda)</description>
      
        
      <styleUrl>#icon-1513-1A237E</styleUrl>
      
        
      <Point>
        
          
        <coordinates>
            -6.2785432,53.3380164,0
          </coordinates>
        
        
      </Point>
      
      
    </Placemark>
    <Placemark>
      
        
      <name>PARKING BUS (Pago) 💰/ Dublin (IR)</name>
      
        
      <description>Parking Bus 3 Plazas de pago (MAX 2Horas) / Bellevue , Dublin (Irlanda)</description>
      
        
      <styleUrl>#icon-1513-1A237E</styleUrl>
      
        
      <Point>
        
          
        <coordinates>
            -6.2846031,53.3415667,0
          </coordinates>
        
        
      </Point>
      
      
    </Placemark>
    <Placemark>
      
        
      <name>PARKING BUS (Pago) 💰/ Dublin (IR)</name>
      
        
      <description>Parking Bus 4 Plazas de pago (MAX 2Horas) / Grand Canal Pl , Dublin (Irlanda)</description>
      
        
      <styleUrl>#icon-1513-1A237E</styleUrl>
      
        
      <Point>
        
          
        <coordinates>
            -6.2875771,53.3410526,0
          </coordinates>
        
        
      </Point>
      
      
    </Placemark>
    <Placemark>
      
        
      <name>PARKING BUS (Pago) 💰/ Dublin (IR)</name>
      
        
      <description>Parking Bus 1 Plaza de pago (MAX 2Horas) / Gran Canal Pl , Dublin (Irlanda)</description>
      
        
      <styleUrl>#icon-1513-1A237E</styleUrl>
      
        
      <Point>
        
          
        <coordinates>
            -6.2881156,53.3424143,0
          </coordinates>
        
        
      </Point>
      
      
    </Placemark>
    <Placemark>
      
        
      <name>PARKING BUS (Pago) 💰/ Dublin (IR)</name>
      
        
      <description>Parking Bus en linea 19 Plazas (de pago) / Horario de Lunes a Sábado de 7h a 19h Victoria Quay / Dublin (Irlanda).</description>
      
        
      <styleUrl>#icon-1513-1A237E</styleUrl>
      
        
      <Point>
        
          
        <coordinates>
            -6.2885348,53.3466282,0
          </coordinates>
        
        
      </Point>
      
      
    </Placemark>
    <Placemark>
      
        
      <name>PARKING BUS (Pago) 💰/ Dublin (IR)</name>
      
        
      <description>Parking Bus 3 Plazas de pago /  Horario de Lunes a Sábado de 7h a 19h / Liffey St W , Dublin (Irlanda)</description>
      
        
      <styleUrl>#icon-1513-1A237E</styleUrl>
      
        
      <Point>
        
          
        <coordinates>
            -6.2852855,53.34741,0
          </coordinates>
        
        
      </Point>
      
      
    </Placemark>
    <Placemark>
      
        
      <name>PARKING BUS (Pago) 💰/ Dublin (IR)
</name>
      
        
      <description>Parking Bus 2 Plazas de pago /  Cerca de Museo Nacional /Horario de Lunes a Sábado de 7h a 19h / Benburb , Dublin (Irlanda)</description>
      
        
      <styleUrl>#icon-1513-1A237E</styleUrl>
      
        
      <Point>
        
          
        <coordinates>
            -6.2848843,53.3477499,0
          </coordinates>
        
        
      </Point>
      
      
    </Placemark>
    <Placemark>
      
        
      <name>PARKING BUS ✅ / Dublin (IR)</name>
      
        
      <description>Parking Bus en linea Gratuito (Informarse antes) 3 Plazas / New Church St / Dublin (Irlanda)</description>
      
        
      <styleUrl>#icon-1532-7CB342</styleUrl>
      
        
      <Point>
        
          
        <coordinates>
            -6.2777526,53.347805,0
          </coordinates>
        
        
      </Point>
      
      
    </Placemark>
    <Placemark>
      
        
      <name>PARKING BUS (Pago) 💰/ Dublin (IR)
</name>
      
        
      <description>Parking Bus en linea 8 Plazas (de pago) /(MAX 4 Horas) / Cook  St / Dublin (Irlanda).</description>
      
        
      <styleUrl>#icon-1513-1A237E</styleUrl>
      
        
      <Point>
        
          
        <coordinates>
            -6.2752745,53.3441457,0
          </coordinates>
        
        
      </Point>
      
      
    </Placemark>
    <Placemark>
      
        
      <name>PARKING BUS ✅/ Galway (IR)</name>
      
        
      <description>Parking Bus en Linea Gratuito 8 Plazas sin tiempo / Leisureland</description>
      
        
      <styleUrl>#icon-1532-7CB342</styleUrl>
      
        
      <Point>
        
          
        <coordinates>
            -9.0812489,53.2586254,0
          </coordinates>
        
        
      </Point>
      
      
    </Placemark>
    <Placemark>
      
        
      <name>HOTEL Clybaun Hotel 🛏️ / Galway (IR)</name>
      
        
      <description><![CDATA[Parking Hotel 3 Plazas / Clybaun Rd, Galway, H91 F62V, Irlanda <br>www.clybaunhotel.ie <br>+353 91 588 088 ]]></description>
      
        
      <styleUrl>#icon-1602-9C27B0</styleUrl>
      
        
      <Point>
        
          
        <coordinates>
            -9.10928,53.2691815,0
          </coordinates>
        
        
      </Point>
      
      
    </Placemark>
    <Placemark>
      
        
      <name>PARKING BUS ✅ / Galway (IR)</name>
      
        
      <description>Parking Bus Gratuito en Linea 4 Plazas / De (Lunes a Domingo de 8,30h a 19,30h) C/ Merchants de Galway (Irlanda)</description>
      
        
      <styleUrl>#icon-1532-7CB342</styleUrl>
      
        
      <Point>
        
          
        <coordinates>
            -9.0521514,53.2708589,0
          </coordinates>
        
        
      </Point>
      
      
    </Placemark>
    <Placemark>
      
        
      <name>PARKING BUS ✅/ Bayona (FR)</name>
      
        
      <description><![CDATA[Parking bus en linea delante de La Cocotte / Pl Paul Bert ,Bayonne, (Francia)<br>www.cocotte-coworking.fr]]></description>
      
        
      <styleUrl>#icon-1532-7CB342</styleUrl>
      
        
      <Point>
        
          
        <coordinates>
            -1.4712048,43.4899742,0
          </coordinates>
        
        
      </Point>
      
      
    </Placemark>
    <Placemark>
      
        
      <name>PARKING BUS ✅️ / Puigcerdà (Girona)</name>
      
        
      <description>Parking Bus gratuito en linea cerca campo Fútbol/ Calle Marina Alta, Puigcerdà (Girona)</description>
      
        
      <styleUrl>#icon-1532-7CB342</styleUrl>
      
        
      <Point>
        
          
        <coordinates>
            1.9275936,42.4404928,0
          </coordinates>
        
        
      </Point>
      
      
    </Placemark>
    <Placemark>
      
        
      <name>PARKING BUS ✅️ / Villandry (FR)</name>
      
        
      <description>Parking Bus gratuito sin tiempo Villandry (Francia)</description>
      
        
      <styleUrl>#icon-1532-7CB342</styleUrl>
      
        
      <Point>
        
          
        <coordinates>
            0.5158309,47.3419945,0
          </coordinates>
        
        
      </Point>
      
      
    </Placemark>
    <Placemark>
      
        
      <name>PARKING BUS ✅️ / Cueva (Burgos)</name>
      
        
      <description>Parking gratuito en linea 2 Buses / Cueva, Hermita San Bernabé</description>
      
        
      <styleUrl>#icon-1532-7CB342</styleUrl>
      
        
      <Point>
        
          
        <coordinates>
            -3.6637945,43.0334768,0
          </coordinates>
        
        
      </Point>
      
      
    </Placemark>
    <Placemark>
      
        
      <name>PARKING BUS ✅ / Coverniano (IT)</name>
      
        
      <description>Parking Bus 10 Plazas al lado del museo del Calcio, en Coverciano, Italia.</description>
      
        
      <styleUrl>#icon-1532-7CB342</styleUrl>
      
        
      <Point>
        
          
        <coordinates>
            11.3040434,43.7774553,0
          </coordinates>
        
        
      </Point>
      
      
    </Placemark>
    <Placemark>
      
        
      <name>PARKING 🅿️ / Calenzano (IT)</name>
      
        
      <description>Parking mixto asfaltado gratuito en Calenzano ( Italia)</description>
      
        
      <styleUrl>#icon-1644-0288D1</styleUrl>
      
        
      <Point>
        
          
        <coordinates>
            11.1653746,43.8554786,0
          </coordinates>
        
        
      </Point>
      
      
    </Placemark>
    <Placemark>
      
        
      <name>CASTILLO De Verrazzano 🏰 / Greve in Chianti (IT)</name>
      
        
      <description>Parking de tierra gratuito visita castillo de Verrazzano.</description>
      
        
      <styleUrl>#icon-1598-757575</styleUrl>
      
        
      <Point>
        
          
        <coordinates>
            11.2855485,43.5999927,0
          </coordinates>
        
        
      </Point>
      
      
    </Placemark>
    <Placemark>
      
        
      <name>PARKING BUS ✅ / Greve in Chianti (IT)</name>
      
        
      <description>Parking Bus gratuito en Greve in Chianti,(Italia)</description>
      
        
      <styleUrl>#icon-1532-7CB342</styleUrl>
      
        
      <Point>
        
          
        <coordinates>
            11.3193782,43.5728658,0
          </coordinates>
        
        
      </Point>
      
      
    </Placemark>
    <Placemark>
      
        
      <name>PARKING (Pago) 💰 / Scandicci (IT)</name>
      
        
      <description>Parking de pago 12 Plazas / Scandicci (Italia)</description>
      
        
      <styleUrl>#icon-1513-1A237E</styleUrl>
      
        
      <Point>
        
          
        <coordinates>
            11.171926,43.7553916,0
          </coordinates>
        
        
      </Point>
      
      
    </Placemark>
    <Placemark>
      
        
      <name>PARKING Pago 💰 / Verona (IT)</name>
      
        
      <description>Parking de Pago y Check Point </description>
      
        
      <styleUrl>#icon-1513-1A237E</styleUrl>
      
        
      <Point>
        
          
        <coordinates>
            10.9637551,45.4364264,0
          </coordinates>
        
        
      </Point>
      
      
    </Placemark>
    <Placemark>
      
        
      <name>PARKING BUS ✅ / Saint Malo (FR)</name>
      
        
      <description>Parking Bus 4 Plazas gratuito en Saint Malo (France)</description>
      
        
      <styleUrl>#icon-1532-7CB342</styleUrl>
      
        
      <Point>
        
          
        <coordinates>
            -2.0232519,48.6429335,0
          </coordinates>
        
        
      </Point>
      
      
    </Placemark>
    <Placemark>
      
        
      <name>PARKING BUS ✅ / Saint Malo (FR)</name>
      
        
      <description>Parking Bus 6 Plazas en el Acuario de Saint Malo. (Francia)</description>
      
        
      <styleUrl>#icon-1532-7CB342</styleUrl>
      
        
      <Point>
        
          
        <coordinates>
            -1.9930452,48.6202383,0
          </coordinates>
        
        
      </Point>
      
      
    </Placemark>
    <Placemark>
      
        
      <name>PARKING 🅿️  / Torremolinos (Málaga)</name>
      
        
      <description><![CDATA[EXPLANADA DE TIERRA AUTORIZADA POR EL AYUNTAMIETO . "AVISO" EN CASO DE LLUVIA TE PUEDES QUEDAR PILLADO EN EL BARRO Y NO SALIR. por lluvia se puede ir a la calle mexico donde el palacio de congresos.]]></description>
      
        
      <styleUrl>#icon-1644-0288D1</styleUrl>
      
        
      <Point>
        
          
        <coordinates>
            -4.504335,36.630402,0
          </coordinates>
        
        
      </Point>
      
      
    </Placemark>
    <Placemark>
      
        
      <name>PARKING COLLFORMIC 🅿️ / El Brull</name>
      
        
      <description>Parking Mixto suele estar lleno por los excursionistas y los del restante. Pero no hay otro</description>
      
        
      <styleUrl>#icon-1644-0288D1</styleUrl>
      
        
      <Point>
        
          
        <coordinates>
            2.347338,41.80115,0
          </coordinates>
        
        
      </Point>
      
      
    </Placemark>
    <Placemark>
      
        
      <name>PARKING 🅿️ / Setcases (Girona)</name>
      
        
      <description>No tienes otro sitio aquí te quedas los bajas los subes y con suerte tienes sitio un finde.</description>
      
        
      <styleUrl>#icon-1644-0288D1</styleUrl>
      
        
      <Point>
        
          
        <coordinates>
            2.301975,42.374583,0
          </coordinates>
        
        
      </Point>
      
      
    </Placemark>
    <Placemark>
      
        
      <name>PARKING 🅿️ // NO OFICIAL</name>
      
        
      <description>Puedes aparcar zona comercial</description>
      
        
      <styleUrl>#icon-1644-0288D1</styleUrl>
      
        
      <Point>
        
          
        <coordinates>
            -0.022312,39.984584,0
          </coordinates>
        
        
      </Point>
      
      
    </Placemark>
    <Placemark>
      
        
      <name>PARKING PARQUE GÜELL (18€) // Solo Con Reserva</name>
      
        
      <description>SOLO SE PUEDE ENTRAR CON RESERVA // (PRECIO 18€ , 90 minuto) LLAMAR Y INZFORMARSE ANTES Ctra. del Carmel, 20, 08024 Barcelona www.parkguell.cat +34 934 09 18 30</description>
      
        
      <styleUrl>#icon-1644-0288D1</styleUrl>
      
        
      <Point>
        
          
        <coordinates>
            2.155589,41.41545,0
          </coordinates>
        
        
      </Point>
      
      
    </Placemark>
    <Placemark>
      
        
      <name>PARKING Mixto 🅿️ / Piscinas Balsa S. Oleguer Sabadell</name>
      
        
      <description>Aqui se puede aparcar sin problema en todo el recinto.</description>
      
        
      <styleUrl>#icon-1644-0288D1</styleUrl>
      
        
      <Point>
        
          
        <coordinates>
            2.123601,41.538114,0
          </coordinates>
        
        
      </Point>
      
      
    </Placemark>
    <Placemark>
      
        
      <name>PARKING PÚBLICO/ Penelles</name>
      
        
      <description>Para visitar pueblo de Penelles y sus grafitis</description>
      
        
      <styleUrl>#icon-1644-0288D1</styleUrl>
      
        
      <Point>
        
          
        <coordinates>
            0.962822,41.757275,0
          </coordinates>
        
        
      </Point>
      
      
    </Placemark>
    <Placemark>
      
        
      <name>APARCAMIENTO  / Fuengirola </name>
      
        
      <description>Fuengirola | Parking LIBRE | Esplanada | NO APARCAR EL DOMINGO POR MERCADILLO</description>
      
        
      <styleUrl>#icon-1644-0288D1</styleUrl>
      
        
      <Point>
        
          
        <coordinates>
            -4.62711,36.530974,0
          </coordinates>
        
        
      </Point>
      
      
    </Placemark>
    <Placemark>
      
        
      <name>PARKING Mixto / Camprodon</name>
      
        
      <description>Parking gratuito mixto. Déjalo que puedas salir, sobretodo el finde que van los domingueros</description>
      
        
      <styleUrl>#icon-1644-0288D1</styleUrl>
      
        
      <Point>
        
          
        <coordinates>
            2.364119,42.309487,0
          </coordinates>
        
        
      </Point>
      
      
    </Placemark>
    <Placemark>
      
        
      <name>PARKING / Ojen ( Málaga)</name>
      
        
      <description>Ojen | Aparcamiento para 3 autocares</description>
      
        
      <styleUrl>#icon-1644-0288D1</styleUrl>
      
        
      <Point>
        
          
        <coordinates>
            -4.853044,36.567334,0
          </coordinates>
        
        
      </Point>
      
      
    </Placemark>
    <Placemark>
      
        
      <name>PARKING 🅿️ / Benalmádena (Málaga)</name>
      
        
      <description>CAMPO HOKEY .CAMPO DONDE SE JUEGAN LOS CAMPEONATOS DE HOKEY JUNTO AL TEMPLO BUDISTA.</description>
      
        
      <styleUrl>#icon-1644-0288D1</styleUrl>
      
        
      <Point>
        
          
        <coordinates>
            -4.580677,36.588724,0
          </coordinates>
        
        
      </Point>
      
      
    </Placemark>
    <Placemark>
      
        
      <name>PARKING Salgueiriños(Pago) 💰 / Santiago de Compostela (A Coruña)</name>
      
        
      <description>Santiago de Compostela | PARKING SALGUEIRIÑOS | 5€ | viniendo de las dársenas presentando el ticket sale en 2,5€ | Estancia completa de bus 20€ Rúa Manuel María, 1, 15703 Santiago de Compostela, A Coruña www.tussa.org +34 981 56 82 10</description>
      
        
      <styleUrl>#icon-1513-1A237E</styleUrl>
      
        
      <Point>
        
          
        <coordinates>
            -8.532787,42.894421,0
          </coordinates>
        
        
      </Point>
      
      
    </Placemark>
    <Placemark>
      
        
      <name>PARKING Pago 💰(Alicante)</name>
      
        
      <description>Parking de Pago cerca de la estación de autobuses . Av. de Loring, 2680, 03003 Alicante (Alacant), Alicante</description>
      
        
      <styleUrl>#icon-1513-1A237E</styleUrl>
      
        
      <Point>
        
          
        <coordinates>
            -0.490054,38.338101,0
          </coordinates>
        
        
      </Point>
      
      
    </Placemark>
    <Placemark>
      
        
      <name>PARKING DE PAGO / FIGUERES</name>
      
        
      <description>Parking de Pago cerca del Museo Dalí</description>
      
        
      <styleUrl>#icon-1513-1A237E</styleUrl>
      
        
      <Point>
        
          
        <coordinates>
            2.959384,42.268771,0
          </coordinates>
        
        
      </Point>
      
      
    </Placemark>
    <Placemark>
      
        
      <name>PARKING BUS Mixto (Pago) / Rupit</name>
      
        
      <description>Parking RUPIT. No tienes elección tienes que entrar es de Pago</description>
      
        
      <styleUrl>#icon-1513-1A237E</styleUrl>
      
        
      <Point>
        
          
        <coordinates>
            2.463792,42.026578,0
          </coordinates>
        
        
      </Point>
      
      
    </Placemark>
    <Placemark>
      
        
      <name>PARKING BUS / RESERVADO DISCRECIONAL </name>
      
        
      <description>Se puede dejar sin problema, gratuito. Tienes cerca el centro comercial Diagonal Mar</description>
      
        
      <styleUrl>#icon-1532-7CB342</styleUrl>
      
        
      <Point>
        
          
        <coordinates>
            2.220209,41.406882,0
          </coordinates>
        
        
      </Point>
      
      
    </Placemark>
    <Placemark>
      
        
      <name>PARKING BUS / Marbella</name>
      
        
      <description>Arco Marbella / APARCAMIENTO AUTORIZADO POR EL AYUNTAMIENTO PARA AUTOCARES DISCRECCIONALES</description>
      
        
      <styleUrl>#icon-1532-7CB342</styleUrl>
      
        
      <Point>
        
          
        <coordinates>
            -4.863798,36.508733,0
          </coordinates>
        
        
      </Point>
      
      
    </Placemark>
    <Placemark>
      
        
      <name>PARKING BUS ✅️ / Morella (Castellón)</name>
      
        
      <description>Parking de Pago en MORELLA barato</description>
      
        
      <styleUrl>#icon-1532-7CB342</styleUrl>
      
        
      <Point>
        
          
        <coordinates>
            -0.101073,40.622314,0
          </coordinates>
        
        
      </Point>
      
      
    </Placemark>
    <Placemark>
      
        
      <name>PARKING BUS / Nerja ( Málaga)</name>
      
        
      <description>Al lado del Barco de Chanquete parking gratuito</description>
      
        
      <styleUrl>#icon-1532-7CB342</styleUrl>
      
        
      <Point>
        
          
        <coordinates>
            -3.88265,36.745978,0
          </coordinates>
        
        
      </Point>
      
      
    </Placemark>
    <Placemark>
      
        
      <name>PARKING BUS / Empuriabrava</name>
      
        
      <description>ZONA reservada para Buses Libre Gratuito</description>
      
        
      <styleUrl>#icon-1532-7CB342</styleUrl>
      
        
      <Point>
        
          
        <coordinates>
            3.128629,42.247618,0
          </coordinates>
        
        
      </Point>
      
      
    </Placemark>
    <Placemark>
      
        
      <name><![CDATA[PARKING BUS / Marina D' Or]]></name>
      
        
      <description>Reservado para autocares gratuito</description>
      
        
      <styleUrl>#icon-1532-7CB342</styleUrl>
      
        
      <Point>
        
          
        <coordinates>
            0.148697,40.115771,0
          </coordinates>
        
        
      </Point>
      
      
    </Placemark>
    <Placemark>
      
        
      <name>PARKING BUS ✅️ / Peñíscola (Castellón)</name>
      
        
      <description>Parking Gratuito esplanada de tierra.</description>
      
        
      <styleUrl>#icon-1532-7CB342</styleUrl>
      
        
      <Point>
        
          
        <coordinates>
            0.400846,40.368346,0
          </coordinates>
        
        
      </Point>
      
      
    </Placemark>
    <Placemark>
      
        
      <name>PARKING BUS ✅ / Sitges (Barcelona)</name>
      
        
      <description>Parking Bus  En linea Libre, sin tiempo. Sitges.</description>
      
        
      <styleUrl>#icon-1532-7CB342</styleUrl>
      
        
      <Point>
        
          
        <coordinates>
            1.802928,41.23998,0
          </coordinates>
        
        
      </Point>
      
      
    </Placemark>
    <Placemark>
      
        
      <name>PARKING BUS LA SEU LLEIDA</name>
      
        
      <description>Parking Gratuito debajo de la Seu</description>
      
        
      <styleUrl>#icon-1532-7CB342</styleUrl>
      
        
      <Point>
        
          
        <coordinates>
            0.622994,41.618685,0
          </coordinates>
        
        
      </Point>
      
      
    </Placemark>
    <Placemark>
      
        
      <name>PARKING BUS ✅️ / Cruceros por el Delta</name>
      
        
      <description>Parking amplio de tierra. Si comes paella en Casa Nuri será de las mejores que hayas probado</description>
      
        
      <styleUrl>#icon-1532-7CB342</styleUrl>
      
        
      <Point>
        
          
        <coordinates>
            0.833962,40.713638,0
          </coordinates>
        
        
      </Point>
      
      
    </Placemark>
    <Placemark>
      
        
      <name>PARKING BUS / Terrassa </name>
      
        
      <description>Parking en linea libre 3 Buses</description>
      
        
      <styleUrl>#icon-1532-7CB342</styleUrl>
      
        
      <Point>
        
          
        <coordinates>
            2.0128,41.570335,0
          </coordinates>
        
        
      </Point>
      
      
    </Placemark>
    <Placemark>
      
        
      <name>PARKING ALICANTE / Universidades</name>
      
        
      <description>03009 San Vicente del Raspeig, Alicante</description>
      
        
      <styleUrl>#icon-1532-7CB342</styleUrl>
      
        
      <Point>
        
          
        <coordinates>
            -0.506625,38.379963,0
          </coordinates>
        
        
      </Point>
      
      
    </Placemark>
    <Placemark>
      
        
      <name>PARKING (Pago) 💰 / Peñíscola (Castellón)</name>
      
        
      <description>Parking de Pago mixto con Ticket se paga por tiempo. El más cercano al castillo de Peñiscola. </description>
      
        
      <styleUrl>#icon-1513-1A237E</styleUrl>
      
        
      <Point>
        
          
        <coordinates>
            0.404146,40.357584,0
          </coordinates>
        
        
      </Point>
      
      
    </Placemark>
    <Placemark>
      
        
      <name>PARKING BUS ✅️ / Castillo Montesquiu</name>
      
        
      <description>Castillo de Montesquiu / Plazas reservadas para la visita. Camino estrecho para llegar aqui. Aparca de Culo para después salir mejor.</description>
      
        
      <styleUrl>#icon-1532-7CB342</styleUrl>
      
        
      <Point>
        
          
        <coordinates>
            2.212329,42.111935,0
          </coordinates>
        
        
      </Point>
      
      
    </Placemark>
    <Placemark>
      
        
      <name>PARKING / Alicante</name>
      
        
      <description>Parking en linea cerca de Universidades</description>
      
        
      <styleUrl>#icon-1532-7CB342</styleUrl>
      
        
      <Point>
        
          
        <coordinates>
            -0.517756,38.385071,0
          </coordinates>
        
        
      </Point>
      
      
    </Placemark>
    <Placemark>
      
        
      <name>ZONA ESPERA / Puerto Valencia </name>
      
        
      <description>Parking para hacer la espera a la visita del puerto</description>
      
        
      <styleUrl>#icon-1534-4E342E</styleUrl>
      
        
      <Point>
        
          
        <coordinates>
            -0.322307,39.458629,0
          </coordinates>
        
        
      </Point>
      
      
    </Placemark>
    <Placemark>
      
        
      <name>PARKING LIBRE / Terrassa </name>
      
        
      <description>Parking en linea libre al lado parque Vallparadis</description>
      
        
      <styleUrl>#icon-1644-0288D1</styleUrl>
      
        
      <Point>
        
          
        <coordinates>
            2.019809,41.568729,0
          </coordinates>
        
        
      </Point>
      
      
    </Placemark>
    <Placemark>
      
        
      <name>PARKING BUS / Minas S. Corneli</name>
      
        
      <description>Cuidado la subida y la bajada por la carretera. Es una carretera entretenida no muy larga pero bastante pendiente y un par de curvas cerradas.</description>
      
        
      <styleUrl>#icon-1532-7CB342</styleUrl>
      
        
      <Point>
        
          
        <coordinates>
            1.853576,42.183722,0
          </coordinates>
        
        
      </Point>
      
      
    </Placemark>
    <Placemark>
      
        
      <name>CASTILLO Sta Barbara (ALICANTE)</name>
      
        
      <description>Parking Gratuito para la visita del Castillo de Santa Bárbara. OJO LA ENTRADA ES ESTRECHA !!</description>
      
        
      <styleUrl>#icon-1598-000000</styleUrl>
      
        
      <Point>
        
          
        <coordinates>
            -0.477581,38.34995,0
          </coordinates>
        
        
      </Point>
      
      
    </Placemark>
    <Placemark>
      
        
      <name><![CDATA[CIM D'Aligues / Sant Feliu de Códices (Barcelona)]]></name>
      
        
      <description>Parking amplio para hacer maniobra / Visitas escolares / Parking gratuito</description>
      
        
      <styleUrl>#icon-1542-3949AB</styleUrl>
      
        
      <Point>
        
          
        <coordinates>
            2.173212,41.695268,0
          </coordinates>
        
        
      </Point>
      
      
    </Placemark>
    <Placemark>
      
        
      <name><![CDATA[PARKING BUS COVES S.JOSEP / La Vall D ' Uxó ]]></name>
      
        
      <description>Paratge de, Pl. San José, s/n, 12600 Vall de Uxó, Castellón www.covesdesantjosep.es +34 964 69 05 76</description>
      
        
      <styleUrl>#icon-1502-C2185B</styleUrl>
      
        
      <Point>
        
          
        <coordinates>
            -0.250563,39.822904,0
          </coordinates>
        
        
      </Point>
      
      
    </Placemark>
    <Placemark>
      
        
      <name>PARKING DE PAGO MONTSERRAT</name>
      
        
      <description>Prepara 80 pavos. si llegas pronto seguro tuenes sitio, si no tienes que buscar sitio direccion a la salida</description>
      
        
      <styleUrl>#icon-1670-E65100</styleUrl>
      
        
      <Point>
        
          
        <coordinates>
            1.840807,41.594638,0
          </coordinates>
        
        
      </Point>
      
      
    </Placemark>
    <Placemark>
      
        
      <name>MUSEO VOLCANES (Parking) / Olot (Girona)</name>
      
        
      <description>Aqui se dejan para visitar el museo de los vomcanes. Es de tierra, gratuito y pequeño</description>
      
        
      <styleUrl>#icon-1636-A52714</styleUrl>
      
        
      <Point>
        
          
        <coordinates>
            2.479903,42.172338,0
          </coordinates>
        
        
      </Point>
      
      
    </Placemark>
    <Placemark>
      
        
      <name>MUSEO DE LA CIENCIA (COSMOCAIXA) 🏛 / (Barcelona)</name>
      
        
      <description>CERRADO !! YA NO SE PUEDE ENTRAR /Parking visita Cosmocaixa</description>
      
        
      <styleUrl>#icon-1608-3949AB</styleUrl>
      
        
      <Point>
        
          
        <coordinates>
            2.1302163,41.4133578,0
          </coordinates>
        
        
      </Point>
      
      
    </Placemark>
    <Placemark>
      
        
      <name>HOTEL PAPALUNA 🏨 / Peñíscola (Castellón)</name>
      
        
      <description>Parking dentro para 2 Buses /// Avinguda del Papa Luna, 6, 12598 Peníscola, Castellówww.servigroup.com+34 964 48 06 50</description>
      
        
      <styleUrl>#icon-1602-9C27B0</styleUrl>
      
        
      <Point>
        
          
        <coordinates>
            0.402653,40.364347,0
          </coordinates>
        
        
      </Point>
      
      
    </Placemark>
    <Placemark>
      
        
      <name>CASA COLONIES Mogent 🏡 / Llinars del Vallés (Barcelona)</name>
      
        
      <description>Casa colonies Mogent / Parking amplio //C-35, km. 100, 08450 Llinars del Vallès, Barcelona</description>
      
        
      <styleUrl>#icon-1682-673AB7</styleUrl>
      
        
      <Point>
        
          
        <coordinates>
            2.418153,41.642902,0
          </coordinates>
        
        
      </Point>
      
      
    </Placemark>
    <Placemark>
      
        
      <name>ESTACIÓN ESQUÍ / La Molina</name>
      
        
      <description>Entrar por la zona indicada y salir por el mismo sitio. Amplio parking en Bateria</description>
      
        
      <styleUrl>#icon-1688-BDBDBD</styleUrl>
      
        
      <Point>
        
          
        <coordinates>
            1.932689,42.334961,0
          </coordinates>
        
        
      </Point>
      
      
    </Placemark>
    <Placemark>
      
        
      <name>ESTACIÓN ESQUÍ / Arinsal</name>
      
        
      <description>Parking mixto Libre / AD400 La Massana, Andorra</description>
      
        
      <styleUrl>#icon-1688-BDBDBD</styleUrl>
      
        
      <Point>
        
          
        <coordinates>
            1.471509,42.572218,0
          </coordinates>
        
        
      </Point>
      
      
    </Placemark>
    <Placemark>
      
        
      <name>CENTRO COMERCIAL LA ROCA VILLAGE</name>
      
        
      <description>Parking BUS reservado para clientes de la Roca Village</description>
      
        
      <styleUrl>#icon-1685-880E4F</styleUrl>
      
        
      <Point>
        
          
        <coordinates>
            2.345192,41.614031,0
          </coordinates>
        
        
      </Point>
      
      
    </Placemark>
    <Placemark>
      
        
      <name>2° PISTAS ESQUÍ / La Molina </name>
      
        
      <description>Aqui se aparca como puedas Parking Mixto y se llena</description>
      
        
      <styleUrl>#icon-1688-BDBDBD</styleUrl>
      
        
      <Point>
        
          
        <coordinates>
            1.941831,42.337343,0
          </coordinates>
        
        
      </Point>
      
      
    </Placemark>
    <Placemark>
      
        
      <name>ESTACIÓN ESQUÍ  ❄️ / Masella (Girona)</name>
      
        
      <description><![CDATA[Este parking lo suelen reservar para autocares // Estació d'Esquí de MasellaAv. Peu de Pistes, s/n, 17538 Masella, Girona www.masella.com +34 972 14 40 00res]]></description>
      
        
      <styleUrl>#icon-1688-BDBDBD</styleUrl>
      
        
      <Point>
        
          
        <coordinates>
            1.8991716,42.3494696,0
          </coordinates>
        
        
      </Point>
      
      
    </Placemark>
    <Placemark>
      
        
      <name>PARKING MIXTO 🅿️ / Ripoll</name>
      
        
      <description>Aparcamiento de camiones si puedes aparcar para la espera de la visita</description>
      
        
      <styleUrl>#icon-1644-0288D1</styleUrl>
      
        
      <Point>
        
          
        <coordinates>
            2.195859,42.189896,0
          </coordinates>
        
        
      </Point>
      
      
    </Placemark>
    <Placemark>
      
        
      <name>APARCAMIENTO MIXTO / Lisboa</name>
      
        
      <description>Parking libre en Avenida Alameda Edgar Cardoso Frente parque  Eduardo VIII</description>
      
        
      <styleUrl>#icon-1644-0288D1</styleUrl>
      
        
      <Point>
        
          
        <coordinates>
            -9.154787,38.727401,0
          </coordinates>
        
        
      </Point>
      
      
    </Placemark>
    <Placemark>
      
        
      <name>PARKING PÚBLICO / Orihuela </name>
      
        
      <description>Recinto Ferial Los Huertos /// OJO EL MARTES PONEN MERCADILLO</description>
      
        
      <styleUrl>#icon-1644-0288D1</styleUrl>
      
        
      <Point>
        
          
        <coordinates>
            -0.93724,38.087842,0
          </coordinates>
        
        
      </Point>
      
      
    </Placemark>
    <Placemark>
      
        
      <name>PARKING LIBRE / Cartagena</name>
      
        
      <description>Parking esplanada al lado campo fútbol</description>
      
        
      <styleUrl>#icon-1644-0288D1</styleUrl>
      
        
      <Point>
        
          
        <coordinates>
            -0.997312,37.609912,0
          </coordinates>
        
        
      </Point>
      
      
    </Placemark>
    <Placemark>
      
        
      <name>PARKING  🅿️ / Queralbs (Girona)</name>
      
        
      <description>Parking SIN reservado Bus / Déjalo encarado para salir para que los ILUMINETIS no te dejen encerrado</description>
      
        
      <styleUrl>#icon-1644-0288D1</styleUrl>
      
        
      <Point>
        
          
        <coordinates>
            2.167089,42.352456,0
          </coordinates>
        
        
      </Point>
      
      
    </Placemark>
    <Placemark>
      
        
      <name>PARKING BUS (Pago) / Sevilla </name>
      
        
      <description>Al Lado Estación Sta Justa. Avenida Kansas City</description>
      
        
      <styleUrl>#icon-1513-1A237E</styleUrl>
      
        
      <Point>
        
          
        <coordinates>
            -5.972977,37.39212,0
          </coordinates>
        
        
      </Point>
      
      
    </Placemark>
    <Placemark>
      
        
      <name>PARKING BUS (Pago) - Salou</name>
      
        
      <description>PARKING DE PAGO JUNTO A REPSOL. existe manguera para lavado la cual es de pago.</description>
      
        
      <styleUrl>#icon-1513-1A237E</styleUrl>
      
        
      <Point>
        
          
        <coordinates>
            1.149526,41.07827,0
          </coordinates>
        
        
      </Point>
      
      
    </Placemark>
    <Placemark>
      
        
      <name>PARKING BUS (Pago) - Sevilla </name>
      
        
      <description>PARKING DE PAGO En la entrada aparcan mucho turismo // Av. de las Razas, 41, 41012 Sevillaparkingsevillapuerto.es+34 665 87 86 11</description>
      
        
      <styleUrl>#icon-1513-1A237E</styleUrl>
      
        
      <Point>
        
          
        <coordinates>
            -5.989235,37.361282,0
          </coordinates>
        
        
      </Point>
      
      
    </Placemark>
    <Placemark>
      
        
      <name>PARKING BUS / Murcia </name>
      
        
      <description>Se puede aparcar // Parking no vigilado</description>
      
        
      <styleUrl>#icon-1532-7CB342</styleUrl>
      
        
      <Point>
        
          
        <coordinates>
            -1.112348,37.983195,0
          </coordinates>
        
        
      </Point>
      
      
    </Placemark>
    <Placemark>
      
        
      <name>PARKING / Port Aventura </name>
      
        
      <description>Aparcamiento para Bus dentro de Port Aventura. Gratis para bus al pasar por la entrada te dan un ticket 0€ // Con el ticket y el carnet de conducir entrada Gratis // GRATIS PARA CHOFER.</description>
      
        
      <styleUrl>#icon-1502-C2185B</styleUrl>
      
        
      <Point>
        
          
        <coordinates>
            1.151578,41.087619,0
          </coordinates>
        
        
      </Point>
      
      
    </Placemark>
    <Placemark>
      
        
      <name>PARKING BUS / Pampaneria </name>
      
        
      <description>Está reservado y hay vigilante, es estrecho porque aparcam turismos</description>
      
        
      <styleUrl>#icon-1532-7CB342</styleUrl>
      
        
      <Point>
        
          
        <coordinates>
            -3.3617,36.939377,0
          </coordinates>
        
        
      </Point>
      
      
    </Placemark>
    <Placemark>
      
        
      <name>PARKING BUS / Guadalest ( Alicante)</name>
      
        
      <description>Parking Reservado para BUS Gratuito</description>
      
        
      <styleUrl>#icon-1532-7CB342</styleUrl>
      
        
      <Point>
        
          
        <coordinates>
            -0.200633,38.676146,0
          </coordinates>
        
        
      </Point>
      
      
    </Placemark>
    <Placemark>
      
        
      <name>PARKING BUS / Águilas (Murcia)</name>
      
        
      <description>ZONA RESERVADA en campo de futbol y Polideportivo</description>
      
        
      <styleUrl>#icon-1532-7CB342</styleUrl>
      
        
      <Point>
        
          
        <coordinates>
            -1.590415,37.41588,0
          </coordinates>
        
        
      </Point>
      
      
    </Placemark>
    <Placemark>
      
        
      <name>HOTEL Peñíscola Plaza 🏨 Peñiscola (Castellón)</name>
      
        
      <description>Parking del hotel amplio mixto / Te puedes quedar aparcado.</description>
      
        
      <styleUrl>#icon-1602-9C27B0</styleUrl>
      
        
      <Point>
        
          
        <coordinates>
            0.4125053,40.3985514,0
          </coordinates>
        
        
      </Point>
      
      
    </Placemark>
    <Placemark>
      
        
      <name>PARKING MIXTO / Trevelez </name>
      
        
      <description>Parking gratuito no se puede entrar cuando hay mercadillo</description>
      
        
      <styleUrl>#icon-1644-0288D1</styleUrl>
      
        
      <Point>
        
          
        <coordinates>
            -3.268492,37.002093,0
          </coordinates>
        
        
      </Point>
      
      
    </Placemark>
    <Placemark>
      
        
      <name>PARKING BUS / Guadix</name>
      
        
      <description>Reservado para autocares para la visita de las casas cuevas.</description>
      
        
      <styleUrl>#icon-1532-7CB342</styleUrl>
      
        
      <Point>
        
          
        <coordinates>
            -3.142023,37.293934,0
          </coordinates>
        
        
      </Point>
      
      
    </Placemark>
    <Placemark>
      
        
      <name>PARKING BUS (Pago) 💰/ Armilla (Granada)</name>
      
        
      <description><![CDATA[PARKING PAGO /  PRECIOS  a 15/8/24 (30€ noche)<br>C/ NELSON MANDELA - ARMILLA ( GRANADA ). TEL. 672 803 773 - 634 776 375 TEL.24 HORAS: 858 988913 Parking 24h horas.VIGILADO..Servicio de Mecánica,Servicio de lavado de AUTOCAR.]]></description>
      
        
      <styleUrl>#icon-1513-1A237E</styleUrl>
      
        
      <Point>
        
          
        <coordinates>
            -3.620512,37.149127,0
          </coordinates>
        
        
      </Point>
      
      
    </Placemark>
    <Placemark>
      
        
      <name>LAVADERO AUTOMÁTICO 💧/ Peligros-  Granada</name>
      
        
      <description>LIMPIEZA BUS CON RODILLOS TECHO TAMBIÉN// C/ Loja, Parcela 120 Pol. Ind. Juncaril, Junto Parking Brin, Salida 121 A44, 18210 Peligros, Granada parking-camiones-granada.com +34 958 46 83 46</description>
      
        
      <styleUrl>#icon-1702-0097A7</styleUrl>
      
        
      <Point>
        
          
        <coordinates>
            -3.641875,37.227233,0
          </coordinates>
        
        
      </Point>
      
      
    </Placemark>
    <Placemark>
      
        
      <name>PARKING BUS ✅ / Cuevas Nerja (Malaga)</name>
      
        
      <description>Parking gratuito reservado autocares para la visita a las cuevas. Dejan entrar a chófer y guía.</description>
      
        
      <styleUrl>#icon-1532-7CB342</styleUrl>
      
        
      <Point>
        
          
        <coordinates>
            -3.8469555,36.7613487,0
          </coordinates>
        
        
      </Point>
      
      
    </Placemark>
    <Placemark>
      
        
      <name>PARKING Carabeo 🅿️ 💰/ Nerja ( Málaga)</name>
      
        
      <description>Parking Mixto En temporada es complicado los giros por los turismos aparcados. Temporada Alta de Pago Pago.</description>
      
        
      <styleUrl>#icon-1513-1A237E</styleUrl>
      
        
      <Point>
        
          
        <coordinates>
            -3.873852,36.747222,0
          </coordinates>
        
        
      </Point>
      
      
    </Placemark>
    <Placemark>
      
        
      <name>PARKING BUS / Frigiliana</name>
      
        
      <description>C y D también APARCAMIENTO para la visita del pueblo</description>
      
        
      <styleUrl>#icon-1532-7CB342</styleUrl>
      
        
      <Point>
        
          
        <coordinates>
            -3.895181,36.790766,0
          </coordinates>
        
        
      </Point>
      
      
    </Placemark>
    <Placemark>
      
        
      <name>PARKING BUS / Málaga </name>
      
        
      <description>Parking en linea Aparcamiento autorizado por el ayuntamiento de málaga para 10 plazas de autocar. En EL PASEO DE ANTONIO MACHADO. APARCAMIENTO EN LINEA.</description>
      
        
      <styleUrl>#icon-1532-7CB342</styleUrl>
      
        
      <Point>
        
          
        <coordinates>
            -4.430242,36.706798,0
          </coordinates>
        
        
      </Point>
      
      
    </Placemark>
    <Placemark>
      
        
      <name>PARKING BUS / TERMINAL CRUCEROS (Málaga)</name>
      
        
      <description><![CDATA[Aparcamiento de la Terminal de Cruceros. "AVISO": SOLO SI NO HAY CRUCEROS. En este aparcamiento existen 17 plazas para autocares .LEE INFO !!]]></description>
      
        
      <styleUrl>#icon-1532-7CB342</styleUrl>
      
        
      <Point>
        
          
        <coordinates>
            -4.413571,36.70881,0
          </coordinates>
        
        
      </Point>
      
      
    </Placemark>
    <Placemark>
      
        
      <name>PARKING BUS / Ubrique </name>
      
        
      <description>Estacionamiento gratuito al lado de la plaza de toros.</description>
      
        
      <styleUrl>#icon-1644-0288D1</styleUrl>
      
        
      <Point>
        
          
        <coordinates>
            -5.451328,36.676447,0
          </coordinates>
        
        
      </Point>
      
      
    </Placemark>
    <Placemark>
      
        
      <name>PARKING BUS 💰 / Ronda (Málaga)</name>
      
        
      <description>Parking de Pago en Recinto Ferial . PRECIOS:  De Lunes a Sábado de 8h a 14h (20€) //// De Lunes a Sábado de 14h a 20h (20€) //// Mantener visible Ticket dentro Bus. Teléfono atención 607811304</description>
      
        
      <styleUrl>#icon-1513-1A237E</styleUrl>
      
        
      <Point>
        
          
        <coordinates>
            -5.146076,36.751023,0
          </coordinates>
        
        
      </Point>
      
      
    </Placemark>
    <Placemark>
      
        
      <name>PARKING BUS / TERMINAL CRUCEROS ( Málaga)</name>
      
        
      <description><![CDATA[Aparcamiento terminal de cruceros. "AVISO": SOLO SI NO HAY CRUCEROS. En este aparcamiento hay 32 plazas de autobus. LEE INFO.]]></description>
      
        
      <styleUrl>#icon-1532-7CB342</styleUrl>
      
        
      <Point>
        
          
        <coordinates>
            -4.414001,36.706783,0
          </coordinates>
        
        
      </Point>
      
      
    </Placemark>
    <Placemark>
      
        
      <name>PARKING BUS / TERMINAL CRUCEROS (Málaga)</name>
      
        
      <description><![CDATA[APARCAMIENTO TERMINAL DE CRUCEROS. "AVISO": SOLO SI NO HAY CRUCEROS. En este aparcamiento existen 18 plazas para autobuses. LEE INFO.]]></description>
      
        
      <styleUrl>#icon-1532-7CB342</styleUrl>
      
        
      <Point>
        
          
        <coordinates>
            -4.41414,36.705651,0
          </coordinates>
        
        
      </Point>
      
      
    </Placemark>
    <Placemark>
      
        
      <name>PARKING BUS (Pago) / Cádiz </name>
      
        
      <description>Parking vigilado y con acceso a agua. En Cádiz en la base de trasportes generales Comes, a la salida de Cádiz antes de puente Carranza, en solo 5 minutos caminando, puedes coger urbano número 1, que pasa por la avenida principal.</description>
      
        
      <styleUrl>#icon-1513-1A237E</styleUrl>
      
        
      <Point>
        
          
        <coordinates>
            -6.266337,36.493852,0
          </coordinates>
        
        
      </Point>
      
      
    </Placemark>
    <Placemark>
      
        
      <name>PARKING BUS (Pago) 💰 / Gibraltar </name>
      
        
      <description>PARKING BUS DE PAGO ( LEE LA INFO )</description>
      
        
      <styleUrl>#icon-1513-1A237E</styleUrl>
      
        
      <Point>
        
          
        <coordinates>
            -5.34809,36.153426,0
          </coordinates>
        
        
      </Point>
      
      
    </Placemark>
    <Placemark>
      
        
      <name>PARKING BUS (Pago) / Pto. Sta. María </name>
      
        
      <description>Parking BUS y turismos. Los visitantes al Puerto de Santa Maria por regla general llegan a ese parking cruzando el puente.</description>
      
        
      <styleUrl>#icon-1513-1A237E</styleUrl>
      
        
      <Point>
        
          
        <coordinates>
            -6.221426,36.598528,0
          </coordinates>
        
        
      </Point>
      
      
    </Placemark>
    <Placemark>
      
        
      <name>PARKING LIBRE / Cádiz </name>
      
        
      <description>Parking en Polígono pero lejos del centro</description>
      
        
      <styleUrl>#icon-1644-0288D1</styleUrl>
      
        
      <Point>
        
          
        <coordinates>
            -6.264325,36.49182,0
          </coordinates>
        
        
      </Point>
      
      
    </Placemark>
    <Placemark>
      
        
      <name>PARKING PÚBLICO / San Fernando (Cádiz)</name>
      
        
      <description>Parking público mixto donde puedes aparcar.Amplio, Cerca de la Jefatura de Policía y Protección Civil.</description>
      
        
      <styleUrl>#icon-1644-0288D1</styleUrl>
      
        
      <Point>
        
          
        <coordinates>
            -6.191016,36.464849,0
          </coordinates>
        
        
      </Point>
      
      
    </Placemark>
    <Placemark>
      
        
      <name>PARKING 🅿️ / Tarifa (Cádiz)</name>
      
        
      <description>Parking sin problemas, puedes dejarlo en linea .</description>
      
        
      <styleUrl>#icon-1644-0288D1</styleUrl>
      
        
      <Point>
        
          
        <coordinates>
            -5.612524,36.025648,0
          </coordinates>
        
        
      </Point>
      
      
    </Placemark>
    <Placemark>
      
        
      <name>PARKING LIBRE / Jerez de la Frontera </name>
      
        
      <description>Parking Libre Mixto</description>
      
        
      <styleUrl>#icon-1644-0288D1</styleUrl>
      
        
      <Point>
        
          
        <coordinates>
            -6.123612,36.691585,0
          </coordinates>
        
        
      </Point>
      
      
    </Placemark>
    <Placemark>
      
        
      <name>PARKING 🅿️ / Torremolinos (Málaga )</name>
      
        
      <description>Esplanada de tierra para aparcar Bus, sin problema</description>
      
        
      <styleUrl>#icon-1644-0288D1</styleUrl>
      
        
      <Point>
        
          
        <coordinates>
            -4.495238,36.630048,0
          </coordinates>
        
        
      </Point>
      
      
    </Placemark>
    <Placemark>
      
        
      <name>PARKING / Zahara de la Sierra </name>
      
        
      <description>Zona donde se aparcar el autobús. Hay sitio para 4 autocares</description>
      
        
      <styleUrl>#icon-1644-0288D1</styleUrl>
      
        
      <Point>
        
          
        <coordinates>
            -5.393096,36.842594,0
          </coordinates>
        
        
      </Point>
      
      
    </Placemark>
    <Placemark>
      
        
      <name>PARKING 🅿️ / (Palacio Congresos) Torremolinos (Málaga)</name>
      
        
      <description><![CDATA["AVISO" SOLO PERMITIDO EL APARCAMIENTO EN CASO DE LLUVIA. ( PORQUE EN LA EXPLANADA SE HACE INTRANSITABLE )]]></description>
      
        
      <styleUrl>#icon-1644-0288D1</styleUrl>
      
        
      <Point>
        
          
        <coordinates>
            -4.505324,36.632884,0
          </coordinates>
        
        
      </Point>
      
      
    </Placemark>
    <Placemark>
      
        
      <name>PARKING MINAS DE SAL / Cardona</name>
      
        
      <description>PARKING MIXTO/ DEJALO ENCARADO QUE NO TE DEJEN ENCERRADO .Calle de la Mina, s/n, 08261 Cardona, Barcelona. cardonaturisme.cat. +34 938 69 24 75</description>
      
        
      <styleUrl>#icon-1636-A52714</styleUrl>
      
        
      <Point>
        
          
        <coordinates>
            1.674412,41.906268,0
          </coordinates>
        
        
      </Point>
      
      
    </Placemark>
    <Placemark>
      
        
      <name>PARKING BUS / Córdoba </name>
      
        
      <description>Parking libre de pago, si no viene el GORRILLAS y te toca darle algo.</description>
      
        
      <styleUrl>#icon-1532-7CB342</styleUrl>
      
        
      <Point>
        
          
        <coordinates>
            -4.766195,37.875003,0
          </coordinates>
        
        
      </Point>
      
      
    </Placemark>
    <Placemark>
      
        
      <name>Las Tablas de Daimiel 📷 / Daimiel (Ciudad Real)</name>
      
        
      <description>Parking Bus Las Tablas de Daimiel / Carr. a las Tablas de Daimiel, s/n, 13250 Daimiel, Ciudad Real. www.miteco.gob.es. +34 926 69 31 18</description>
      
        
      <styleUrl>#icon-1502-C2185B</styleUrl>
      
        
      <Point>
        
          
        <coordinates>
            -3.697158,39.1380234,0
          </coordinates>
        
        
      </Point>
      
      
    </Placemark>
    <Placemark>
      
        
      <name>PARKING BUS ✅ / Puerto Algeciras (Cádiz)</name>
      
        
      <description>No dejes aquí el bus solo y menos de noche / Consejo Estación de autobuses por 25€ la noche.  .Algeciras, Cádiz</description>
      
        
      <styleUrl>#icon-1532-7CB342</styleUrl>
      
        
      <Point>
        
          
        <coordinates>
            -5.441214,36.129843,0
          </coordinates>
        
        
      </Point>
      
      
    </Placemark>
    <Placemark>
      
        
      <name>PARKING (Pago) 💰 / Córdoba </name>
      
        
      <description>Parking de pago para dejar BUS por la noche</description>
      
        
      <styleUrl>#icon-1513-1A237E</styleUrl>
      
        
      <Point>
        
          
        <coordinates>
            -4.763419,37.874798,0
          </coordinates>
        
        
      </Point>
      
      
    </Placemark>
    <Placemark>
      
        
      <name>PARKING (Pago) / Sevilla</name>
      
        
      <description>Parking Bus CUBIERTO. Vigilado por Personal 24H. PARKING-HOTEL-PARKING CHOFER. Limpieza de luna gratuita. Zona de limpieza</description>
      
        
      <styleUrl>#icon-1513-1A237E</styleUrl>
      
        
      <Point>
        
          
        <coordinates>
            -5.940483,37.410492,0
          </coordinates>
        
        
      </Point>
      
      
    </Placemark>
    <Placemark>
      
        
      <name>PARKING 🅿️ / Sevilla</name>
      
        
      <description>PARKING MIXTO / LIBRE SIN VIGILANCIA AL LADO RECINTO FERIAL</description>
      
        
      <styleUrl>#icon-1644-0288D1</styleUrl>
      
        
      <Point>
        
          
        <coordinates>
            -6.0094167,37.3724657,0
          </coordinates>
        
        
      </Point>
      
      
    </Placemark>
    <Placemark>
      
        
      <name>HOTEL BOSTON (Zaragoza)</name>
      
        
      <description>EL Parking esta en la Calle De Jose Luis Pomaron y el hotel en Avenida de las Torres, 28, 50008 Zaragoza  www.eurostarshotels.com  +34 976 59 91 92</description>
      
        
      <styleUrl>#icon-1602-9C27B0</styleUrl>
      
        
      <Point>
        
          
        <coordinates>
            -0.876211,41.64628,0
          </coordinates>
        
        
      </Point>
      
      
    </Placemark>
    <Placemark>
      
        
      <name>PARKING BUS / Batalha (P)</name>
      
        
      <description>Zona reservada para dejar los pasajeros y recojerlos para la visita. Tambien aparcamiento libre</description>
      
        
      <styleUrl>#icon-1532-7CB342</styleUrl>
      
        
      <Point>
        
          
        <coordinates>
            -8.826749,39.657662,0
          </coordinates>
        
        
      </Point>
      
      
    </Placemark>
    <Placemark>
      
        
      <name>PARKING🅿️ / Lagos (PO)</name>
      
        
      <description>Parking  en lagos libre mixto de tierra. / desjalo que puedas salir</description>
      
        
      <styleUrl>#icon-1644-0288D1</styleUrl>
      
        
      <Point>
        
          
        <coordinates>
            -8.679605,37.110098,0
          </coordinates>
        
        
      </Point>
      
      
    </Placemark>
    <Placemark>
      
        
      <name>CASTILLO DE SAGRES (P)</name>
      
        
      <description>Parking libre amplio para la visita del castillo y la Rosa de los Vientos/ 8650-360 Sagres, Portugal. www.monumentosdoalgarve.pt. +351 282 620 140</description>
      
        
      <styleUrl>#icon-1598-424242</styleUrl>
      
        
      <Point>
        
          
        <coordinates>
            -8.944993,37.005129,0
          </coordinates>
        
        
      </Point>
      
      
    </Placemark>
    <Placemark>
      
        
      <name>CASTILLO DE SILVES / Parking Bus (PO)</name>
      
        
      <description>Plazas reservadas para la visita del castillo</description>
      
        
      <styleUrl>#icon-1598-757575</styleUrl>
      
        
      <Point>
        
          
        <coordinates>
            -8.436649,37.194338,0
          </coordinates>
        
        
      </Point>
      
      
    </Placemark>
    <Placemark>
      
        
      <name>PARKING BUS / Beja (PO)</name>
      
        
      <description>En la plaza al lado de las escaleras hay una reserva de BUS turístico</description>
      
        
      <styleUrl>#icon-1532-DB4436</styleUrl>
      
        
      <Point>
        
          
        <coordinates>
            -7.862777,38.014192,0
          </coordinates>
        
        
      </Point>
      
      
    </Placemark>
    <Placemark>
      
        
      <name>PARKING / Almagro</name>
      
        
      <description>Junto la plaza de toros parking libre sin problemas</description>
      
        
      <styleUrl>#icon-1644-0288D1</styleUrl>
      
        
      <Point>
        
          
        <coordinates>
            -3.705885,38.89411,0
          </coordinates>
        
        
      </Point>
      
      
    </Placemark>
    <Placemark>
      
        
      <name>PARKING BUS / Puertollano</name>
      
        
      <description>Se puede aparcar sin problema.Incluso por la noche</description>
      
        
      <styleUrl>#icon-1644-0288D1</styleUrl>
      
        
      <Point>
        
          
        <coordinates>
            -4.105093,38.698663,0
          </coordinates>
        
        
      </Point>
      
      
    </Placemark>
    <Placemark>
      
        
      <name>PARKING MIXTO / PANTANO CAZALEGAS</name>
      
        
      <description>Por el pueblo se entra bien....depende de temporada los precios oscilan del aparcamiento..... para comer al lado en el camping de menú. ... identificarse como</description>
      
        
      <styleUrl>#icon-1644-0288D1</styleUrl>
      
        
      <Point>
        
          
        <coordinates>
            -4.693226,40.013442,0
          </coordinates>
        
        
      </Point>
      
      
    </Placemark>
    <Placemark>
      
        
      <name>HOTEL LAS CIGUEÑAS / TRUJILLO ( Cáceres)</name>
      
        
      <description>Aceptan grupos, buena comida y parking dentro de Hotel</description>
      
        
      <styleUrl>#icon-1602-9C27B0</styleUrl>
      
        
      <Point>
        
          
        <coordinates>
            -5.869727,39.460842,0
          </coordinates>
        
        
      </Point>
      
      
    </Placemark>
    <Placemark>
      
        
      <name>PARKING ( Pago ) 💰 / Mérida </name>
      
        
      <description>AQUI SE SUELE DEJAR A LOS PASAJEROS PARA VISITAS// PARKING HERNÁN CORTÉS /Parking bus de pago. Centro de Recepcion de Visitantes. ( NO ES CARO) C. Cabo Verde, 2, 06800 Mérida, Badajozmerida.vectalia.es</description>
      
        
      <styleUrl>#icon-1513-000000</styleUrl>
      
        
      <Point>
        
          
        <coordinates>
            -6.336734,38.91923,0
          </coordinates>
        
        
      </Point>
      
      
    </Placemark>
    <Placemark>
      
        
      <name>PARKING BUS / Olivenza ( Badajoz)</name>
      
        
      <description>Se puede aparcar el bus excepto los sábados por mercadillo</description>
      
        
      <styleUrl>#icon-1532-7CB342</styleUrl>
      
        
      <Point>
        
          
        <coordinates>
            -7.096745,38.683783,0
          </coordinates>
        
        
      </Point>
      
      
    </Placemark>
    <Placemark>
      
        
      <name>INFO ℹ️ / Olivenza (Badajoz)</name>
      
        
      <description>NO APARCAR LOS SABADOS PORQUE HAY MERCADILLO EN TODO EL PARKING</description>
      
        
      <styleUrl>#icon-1608-0288D1</styleUrl>
      
        
      <Point>
        
          
        <coordinates>
            -7.096737,38.68354,0
          </coordinates>
        
        
      </Point>
      
      
    </Placemark>
    <Placemark>
      
        
      <name>PARKING 🅿️ / Olivenza ( Badajoz)</name>
      
        
      <description>Aparcamiento libre de pago. Sin problemas para estacionar. SI ES SABADO ESTE ES EL APARCAMIENTO EL OTRO HACEN MERCADILLO</description>
      
        
      <styleUrl>#icon-1644-0288D1</styleUrl>
      
        
      <Point>
        
          
        <coordinates>
            -7.093033,38.691874,0
          </coordinates>
        
        
      </Point>
      
      
    </Placemark>
    <Placemark>
      
        
      <name>PARKING BUS / La Alberca ( Salamanca)</name>
      
        
      <description>Parking BUS gratuito en la Alberca</description>
      
        
      <styleUrl>#icon-1532-7CB342</styleUrl>
      
        
      <Point>
        
          
        <coordinates>
            -6.116393,40.488743,0
          </coordinates>
        
        
      </Point>
      
      
    </Placemark>
    <Placemark>
      
        
      <name>C Y D ( EXPRESS) - La Alberca</name>
      
        
      <description>Sólo una plaza para dejarlos y recogerlos. No te quedes aparcado. Sigue más arriba tienes parking gratuito</description>
      
        
      <styleUrl>#icon-1826-E65100</styleUrl>
      
        
      <Point>
        
          
        <coordinates>
            -6.111751,40.490644,0
          </coordinates>
        
        
      </Point>
      
      
    </Placemark>
    <Placemark>
      
        
      <name>Parking Bus ✅️ / Alba de Tormes</name>
      
        
      <description>Parking Bus gratuito esplanada de tierra// ALBA DE TORMES</description>
      
        
      <styleUrl>#icon-1532-7CB342</styleUrl>
      
        
      <Point>
        
          
        <coordinates>
            -5.516523,40.821313,0
          </coordinates>
        
        
      </Point>
      
      
    </Placemark>
    <Placemark>
      
        
      <name>PARKING BUS / Ávila </name>
      
        
      <description>Cerca del centro amplio , gratuito sin tiempo y asfaltado. Ojalá todos fueran así</description>
      
        
      <styleUrl>#icon-1532-7CB342</styleUrl>
      
        
      <Point>
        
          
        <coordinates>
            -4.704759,40.660972,0
          </coordinates>
        
        
      </Point>
      
      
    </Placemark>
    <Placemark>
      
        
      <name>RESTAURANTE CANALETAS / IGUALADA</name>
      
        
      <description>Aceptan grupos ,baile parking / Caben 3 BUSES bien colocados.</description>
      
        
      <styleUrl>#icon-1577-795548</styleUrl>
      
        
      <Point>
        
          
        <coordinates>
            1.620673,41.587002,0
          </coordinates>
        
        
      </Point>
      
      
    </Placemark>
    <Placemark>
      
        
      <name>MONASTERIO de Poblet 🕍 / Vimbodí (Tarragona)</name>
      
        
      <description>PARKING Amplio sin problemas. Aqui los dejas te quedas y los recoges / Gratuito// Passeig Abat Conill, s/n, 43448 Vimbodí, Tarragona</description>
      
        
      <styleUrl>#icon-1670-E65100</styleUrl>
      
        
      <Point>
        
          
        <coordinates>
            1.0800121,41.3797063,0
          </coordinates>
        
        
      </Point>
      
      
    </Placemark>
    <Placemark>
      
        
      <name><![CDATA[CUEVAS L'Esplugue de Francolí 📸 / Tarragona ]]></name>
      
        
      <description><![CDATA[Parking para visitar las cuevas de L' ESPLUGA de Francolí]]></description>
      
        
      <styleUrl>#icon-1535-757575</styleUrl>
      
        
      <Point>
        
          
        <coordinates>
            1.1041677,41.3982414,0
          </coordinates>
        
        
      </Point>
      
      
    </Placemark>
    <Placemark>
      
        
      <name>C Y D 🔄 / Burgos </name>
      
        
      <description>Aquí dejamos a los pasajeros para la visita en Burgos, después nos vamos al Parking gratuito.A la hora prevista podemos recogerlos en este mismo punto// No te quedes aparcado aquí.</description>
      
        
      <styleUrl>#icon-1826-0F9D58</styleUrl>
      
        
      <Point>
        
          
        <coordinates>
            -3.703922,42.3387,0
          </coordinates>
        
        
      </Point>
      
      
    </Placemark>
    <Placemark>
      
        
      <name>PARKING BUS ✅ / Burgos</name>
      
        
      <description>Parking gratuito para aparcarlo por la noche o para hacer la espera de la visita.</description>
      
        
      <styleUrl>#icon-1532-7CB342</styleUrl>
      
        
      <Point>
        
          
        <coordinates>
            -3.694736,42.340271,0
          </coordinates>
        
        
      </Point>
      
      
    </Placemark>
    <Placemark>
      
        
      <name>HOTEL Las Vegas 🛏️ / Villafría - Burgos</name>
      
        
      <description>Hotel que acepta grupos , a las Afueras de Burgos , ya pertenece a Villafría /// Parking propio o enfrente uno de tierra/ C. Sextil, 09192 Villafría, Burgos www.hotelasvegas.com +34 947 48 44 53</description>
      
        
      <styleUrl>#icon-1602-9C27B0</styleUrl>
      
        
      <Point>
        
          
        <coordinates>
            -3.627659,42.363654,0
          </coordinates>
        
        
      </Point>
      
      
    </Placemark>
    <Placemark>
      
        
      <name>APARCAMIENTO LIBRE / STO DOMINGO DE LA CALZADA - La Rioja</name>
      
        
      <description>Parking libre en linea sin problemas</description>
      
        
      <styleUrl>#icon-1644-0288D1</styleUrl>
      
        
      <Point>
        
          
        <coordinates>
            -2.946916,42.437973,0
          </coordinates>
        
        
      </Point>
      
      
    </Placemark>
    <Placemark>
      
        
      <name>APARCAMIENTO / Palencia</name>
      
        
      <description>Parking libre sin problemas// OJO EL DIA DE MERCADILLO</description>
      
        
      <styleUrl>#icon-1644-0288D1</styleUrl>
      
        
      <Point>
        
          
        <coordinates>
            -4.524596,42.01574,0
          </coordinates>
        
        
      </Point>
      
      
    </Placemark>
    <Placemark>
      
        
      <name>PARKING BUS / León</name>
      
        
      <description>Justo detrás de la Catedral // parking libre sin tiempo gratuito</description>
      
        
      <styleUrl>#icon-1532-7CB342</styleUrl>
      
        
      <Point>
        
          
        <coordinates>
            -5.565241,42.600722,0
          </coordinates>
        
        
      </Point>
      
      
    </Placemark>
    <Placemark>
      
        
      <name>PARKING BUS / Monforte de Lemos (Lugo)</name>
      
        
      <description>Reservado para las Visitas de Monforte</description>
      
        
      <styleUrl>#icon-1532-7CB342</styleUrl>
      
        
      <Point>
        
          
        <coordinates>
            -7.517683,42.519677,0
          </coordinates>
        
        
      </Point>
      
      
    </Placemark>
    <Placemark>
      
        
      <name>PARKING MIXTO LIBRE / PONFERRADA (León)</name>
      
        
      <description>Si vas a un hotel cercano puedes dejarlo sin problema por la noche/ DEJALO ENCARADO A LA SALIDA NO TE DEJEN ENCERRADO</description>
      
        
      <styleUrl>#icon-1644-0288D1</styleUrl>
      
        
      <Point>
        
          
        <coordinates>
            -6.60632,42.548453,0
          </coordinates>
        
        
      </Point>
      
      
    </Placemark>
    <Placemark>
      
        
      <name>FARO De Cabo Mayor  / Santander</name>
      
        
      <description>Puedes subir sin problema parking en medio DEJALO ENCARADO suele ser visita corta foto y abajo</description>
      
        
      <styleUrl>#icon-1535-757575</styleUrl>
      
        
      <Point>
        
          
        <coordinates>
            -3.791037,43.490302,0
          </coordinates>
        
        
      </Point>
      
      
    </Placemark>
    <Placemark>
      
        
      <name>RESTAURANTE MARIVELLA / CALATAYUD</name>
      
        
      <description>Restaurante y hotel buen trato buena comida/ aceptan grupos .Parking amplio</description>
      
        
      <styleUrl>#icon-1577-795548</styleUrl>
      
        
      <Point>
        
          
        <coordinates>
            -1.581604,41.372847,0
          </coordinates>
        
        
      </Point>
      
      
    </Placemark>
    <Placemark>
      
        
      <name>NO PASAR / AYLLÓN ( Segovia)</name>
      
        
      <description>NO ENTRAR con autocares, se estrecha la calle y no pasas. Ir al directo al parking habilitado.</description>
      
        
      <styleUrl>#icon-1898-C2185B</styleUrl>
      
        
      <Point>
        
          
        <coordinates>
            -3.377088,41.421803,0
          </coordinates>
        
        
      </Point>
      
      
    </Placemark>
    <Placemark>
      
        
      <name>PARKING / ZAHARA DE LA SIERRA.     (Cádiz)</name>
      
        
      <description>Parking de tierra para aparcar bus.</description>
      
        
      <styleUrl>#icon-1644-0288D1</styleUrl>
      
        
      <Point>
        
          
        <coordinates>
            -5.392942,36.840354,0
          </coordinates>
        
        
      </Point>
      
      
    </Placemark>
    <Placemark>
      
        
      <name>PARKING / ZAFRA (Badajoz)</name>
      
        
      <description>Esplanada de tierra para aparcar. Recinto ferial</description>
      
        
      <styleUrl>#icon-1644-0288D1</styleUrl>
      
        
      <Point>
        
          
        <coordinates>
            -6.412218,38.429754,0
          </coordinates>
        
        
      </Point>
      
      
    </Placemark>
    <Placemark>
      
        
      <name>PARKING / BADAJOZ </name>
      
        
      <description>Zona de aparcamiento a las afueras de Badajoz</description>
      
        
      <styleUrl>#icon-1644-0288D1</styleUrl>
      
        
      <Point>
        
          
        <coordinates>
            -6.997606,38.88606,0
          </coordinates>
        
        
      </Point>
      
      
    </Placemark>
    <Placemark>
      
        
      <name>PARKING 🅿️ / Segovia</name>
      
        
      <description>Parking en línea a las afueras de Segovia, junto a los centros comerciales para la provisión de enseres. No hay problema para aparcar en esta zona.</description>
      
        
      <styleUrl>#icon-1644-0288D1</styleUrl>
      
        
      <Point>
        
          
        <coordinates>
            -4.0974203,40.9664135,0
          </coordinates>
        
        
      </Point>
      
      
    </Placemark>
    <Placemark>
      
        
      <name>PARKING BUS / SEGOVIA</name>
      
        
      <description>Parking de tierra gratuito para los autocares</description>
      
        
      <styleUrl>#icon-1532-7CB342</styleUrl>
      
        
      <Point>
        
          
        <coordinates>
            -4.123923,40.946481,0
          </coordinates>
        
        
      </Point>
      
      
    </Placemark>
    <Placemark>
      
        
      <name>PARKING BUS / Alcazar de Segovia </name>
      
        
      <description>Parking BUS para la visita del Alcázar de Segovia</description>
      
        
      <styleUrl>#icon-1532-7CB342</styleUrl>
      
        
      <Point>
        
          
        <coordinates>
            -4.134166,40.954934,0
          </coordinates>
        
        
      </Point>
      
      
    </Placemark>
    <Placemark>
      
        
      <name>CENTRO COMERCIAL GRAN JONQUERA OUTLET 👌/ La Jonquera (Girona)</name>
      
        
      <description>LLEVA EL LIBRO DE RUTA Y CARNET CONDUCIR A RECEPCIÓN TE HACEN TARJETA Y TE INGRESAN 30€ ( +30GUIA) PARA GASTAR EN EL CENTRO COMERCIAL O LO VAS ACOMULANDO (NO CADUCA) // Parking reservado Bus si tienes suerte encuentras sitio. Si no puedes ir a la gasolinera.</description>
      
        
      <styleUrl>#icon-1502-C2185B</styleUrl>
      
        
      <Point>
        
          
        <coordinates>
            2.8799591,42.4027945,0
          </coordinates>
        
        
      </Point>
      
      
    </Placemark>
    <Placemark>
      
        
      <name>C Y D (Pago) / Collioure (FR)</name>
      
        
      <description>Sacar tiquet 20 € en máquina automática porque a veces suben al parking a comprobar que lo tienes. (En temporada de invierno 15€)</description>
      
        
      <styleUrl>#icon-1826-0F9D58</styleUrl>
      
        
      <Point>
        
          
        <coordinates>
            3.083311,42.526123,0
          </coordinates>
        
        
      </Point>
      
      
    </Placemark>
    <Placemark>
      
        
      <name>PARKING / Los Molinos (Madrid)</name>
      
        
      <description>Parking en linea gratuito</description>
      
        
      <styleUrl>#icon-1644-0288D1</styleUrl>
      
        
      <Point>
        
          
        <coordinates>
            -4.076214,40.714738,0
          </coordinates>
        
        
      </Point>
      
      
    </Placemark>
    <Placemark>
      
        
      <name>AUTOCARES Hermanos Bravo ✔️ / Madrid</name>
      
        
      <description>•Garaje/Taller•Hnos Bravo VazquezParking Zona Norte•Madrid•1. A tan solo 5 min. De Plaza Castilla, Ifema y Aeropuerto.2. Aparcamiento 24H. Vigilado con Cámaras y Conserje.3. Servicio Taller:- Mecánica General ( Sábados incluidos )- Chapa y Pintura4. Lavado con Rodillo/ Noche- CocheTel. Correo electrónico: Hbv@ghbv.es Página Web:www.autocares-Hbv.comMetro: Hortaleza. Ctra. la Estacion de Hortaleza, Madrid, Madrid, España www.alquilerautobuses.info +34 911 88 89 10</description>
      
        
      <styleUrl>#icon-1532-000000</styleUrl>
      
        
      <Point>
        
          
        <coordinates>
            -3.648076,40.482003,0
          </coordinates>
        
        
      </Point>
      
      
    </Placemark>
    <Placemark>
      
        
      <name>PARKING BUS / ESTADIO METROPOLITANO (Madrid)</name>
      
        
      <description>Parking reservado a autocares en el Estadio Del At. De Madrid</description>
      
        
      <styleUrl>#icon-1532-7CB342</styleUrl>
      
        
      <Point>
        
          
        <coordinates>
            -3.597404,40.437436,0
          </coordinates>
        
        
      </Point>
      
      
    </Placemark>
    <Placemark>
      
        
      <name>PARKING / FAUNIA (Madrid)</name>
      
        
      <description>Parking compartido con turismos / Av. Comunidades, 28, 28032 Madrid  www.faunia.es  +34 911 54 74 82</description>
      
        
      <styleUrl>#icon-1644-0288D1</styleUrl>
      
        
      <Point>
        
          
        <coordinates>
            -3.613373,40.393629,0
          </coordinates>
        
        
      </Point>
      
      
    </Placemark>
    <Placemark>
      
        
      <name>PLANETARIO🅿️  / Madrid</name>
      
        
      <description>Planetario de Madrid / Parking Bus Libre sin horarios de aparcamientos y sin costes. No vigilado. Situado a 1 minuto de la ESTACION DE AUTOCARES MENDEZ ALVARO y a 5 minutos de la PARADA del AVE para recogida de viajeros.</description>
      
        
      <styleUrl>#icon-1644-0288D1</styleUrl>
      
        
      <Point>
        
          
        <coordinates>
            -3.681218,40.392953,0
          </coordinates>
        
        
      </Point>
      
      
    </Placemark>
    <Placemark>
      
        
      <name>PALACIO DE ORIENTE / MADRID</name>
      
        
      <description>PARKING SUBTERRANEO PALACIO DE ORIENTE// (PRECIO 6 € LA HORA) Acceso en ambos sentidos por DEBAJO del túnel. CUIDADO con la entrada y salida por lo JUSTA que esta. Recomendado ir con las ruedas izquierdas rozando el bordillo para no ROZAR o ROMPER el espejo derecho del bus. Parking de Pago.</description>
      
        
      <styleUrl>#icon-1513-1A237E</styleUrl>
      
        
      <Point>
        
          
        <coordinates>
            -3.713409,40.415815,0
          </coordinates>
        
        
      </Point>
      
      
    </Placemark>
    <Placemark>
      
        
      <name>PARKING BUS (Max 2Horas) ✅ / Madrid </name>
      
        
      <description>Aparcamiento en linea / autorizado para 6 buses turisticos máximo 2horas en ambos sentidos de la avenida</description>
      
        
      <styleUrl>#icon-1532-7CB342</styleUrl>
      
        
      <Point>
        
          
        <coordinates>
            -3.724509,40.429919,0
          </coordinates>
        
        
      </Point>
      
      
    </Placemark>
    <Placemark>
      
        
      <name>PARKING BUS (Pago) / Cementerio S. Isidro (Madrid)</name>
      
        
      <description>Parking bus vigilado en toda la calle por 25€ ( te llevan y te traen al hotel ).Aunque se quedan en la calle están super vigilados y nadie los toca // Aparcamiento vigilado en la calle por el ya conocido GITANO. Toda la zona la controla.</description>
      
        
      <styleUrl>#line-0288D1-5000</styleUrl>
      
        
      <LineString>
        
          
        <tessellate>1</tessellate>
        
          
        <coordinates>
            -3.732592,40.399264,0
            -3.730334,40.398965,0
            -3.729968,40.398938,0
            -3.725828,40.399335,0
          </coordinates>
        
        
      </LineString>
      
      
    </Placemark>
    <Placemark>
      
        
      <name>PARKING BUS (Pago) 💰/ San Isidro (Madrid)</name>
      
        
      <description>Parking en linea Controlado por el conocido Gitano / Tf: 679946474 TE LLEVAN Y TE TRAEN BUS/HOTEL/HOTEL/BUS DE PAGO EN LA CALLE PERO CONTROLADO.Calle Paseo de la Ermita del Santo.</description>
      
        
      <styleUrl>#icon-1513-1A237E</styleUrl>
      
        
      <Point>
        
          
        <coordinates>
            -3.729135,40.39901,0
          </coordinates>
        
        
      </Point>
      
      
    </Placemark>
    <Placemark>
      
        
      <name>PARKING/ HONDARRIBIA </name>
      
        
      <description>Parking mixto en bateria a laa afueras de la población,  sin problemas</description>
      
        
      <styleUrl>#icon-1644-0288D1</styleUrl>
      
        
      <Point>
        
          
        <coordinates>
            -1.795397,43.353544,0
          </coordinates>
        
        
      </Point>
      
      
    </Placemark>
    <Placemark>
      
        
      <name>MONTE IGELDO S. SEBASTIÁN </name>
      
        
      <description>Parking reservado para Bus en Monte Igueldo. GRATUITO (EL GRUPO PAGA 1€ PERSONA EN LA ENTRADA AL PARKING)</description>
      
        
      <styleUrl>#icon-1535-757575</styleUrl>
      
        
      <Point>
        
          
        <coordinates>
            -2.011203,43.31853,0
          </coordinates>
        
        
      </Point>
      
      
    </Placemark>
    <Placemark>
      
        
      <name>PARKING BUS ✅ / Cuenca</name>
      
        
      <description>6 plazas reservadas para bus, cerca de estación tren y estación de autobuses.</description>
      
        
      <styleUrl>#icon-1532-7CB342</styleUrl>
      
        
      <Point>
        
          
        <coordinates>
            -2.134544,40.064605,0
          </coordinates>
        
        
      </Point>
      
      
    </Placemark>
    <Placemark>
      
        
      <name>PARKING BUS✅ / Cuenca</name>
      
        
      <description>4 plazas bus reservadas en linea</description>
      
        
      <styleUrl>#icon-1532-7CB342</styleUrl>
      
        
      <Point>
        
          
        <coordinates>
            -2.141967,40.071778,0
          </coordinates>
        
        
      </Point>
      
      
    </Placemark>
    <Placemark>
      
        
      <name>PARKING MIXTO / CUENCA</name>
      
        
      <description>Cuidado que te pueden dejar encerrado.</description>
      
        
      <styleUrl>#icon-1644-0288D1</styleUrl>
      
        
      <Point>
        
          
        <coordinates>
            -2.123651,40.082012,0
          </coordinates>
        
        
      </Point>
      
      
    </Placemark>
    <Placemark>
      
        
      <name>PARKING BUS✅ / ZARAGOZA </name>
      
        
      <description>Parking Libre  sin vigilancia y sin tiempo limite. Enfrente de la BASILICA DEL PILAR. A veces no dejan por fiestas.</description>
      
        
      <styleUrl>#icon-1532-7CB342</styleUrl>
      
        
      <Point>
        
          
        <coordinates>
            -0.880473,41.660587,0
          </coordinates>
        
        
      </Point>
      
      
    </Placemark>
    <Placemark>
      
        
      <name>PARKING BUS ✅ / LÉRIDA </name>
      
        
      <description>Aparcamiento libre delante de la Llotja</description>
      
        
      <styleUrl>#icon-1532-7CB342</styleUrl>
      
        
      <Point>
        
          
        <coordinates>
            0.637218,41.619771,0
          </coordinates>
        
        
      </Point>
      
      
    </Placemark>
    <Placemark>
      
        
      <name>PARKING BUS ✅ /  Lérida</name>
      
        
      <description>Aparcamiento en linea delante de Pabellón Barros Nord. Libre</description>
      
        
      <styleUrl>#icon-1532-7CB342</styleUrl>
      
        
      <Point>
        
          
        <coordinates>
            0.632619,41.626086,0
          </coordinates>
        
        
      </Point>
      
      
    </Placemark>
    <Placemark>
      
        
      <name>PARKING BUS ✅/ El Grado (Huesca)</name>
      
        
      <description>Parking en Linea en Grado</description>
      
        
      <styleUrl>#icon-1532-7CB342</styleUrl>
      
        
      <Point>
        
          
        <coordinates>
            0.226109,42.144728,0
          </coordinates>
        
        
      </Point>
      
      
    </Placemark>
    <Placemark>
      
        
      <name>SANTUARIO DE TORRECIUDAD</name>
      
        
      <description>Amplio parking asfaltado en Santuario Torreciudad / Santuario de Torreciudad, 22391 Secastilla, Huesca  www.torreciudad.org  +34 974 30 40 25</description>
      
        
      <styleUrl>#icon-1670-E65100</styleUrl>
      
        
      <Point>
        
          
        <coordinates>
            0.237728,42.169175,0
          </coordinates>
        
        
      </Point>
      
      
    </Placemark>
    <Placemark>
      
        
      <name>PARKING BUS / Ainsa (Huesca)</name>
      
        
      <description>Parking reservado para buses</description>
      
        
      <styleUrl>#icon-1532-7CB342</styleUrl>
      
        
      <Point>
        
          
        <coordinates>
            0.135093,42.418765,0
          </coordinates>
        
        
      </Point>
      
      
    </Placemark>
    <Placemark>
      
        
      <name>ESTACIÓN ESQUÍ / Cerler (Huesca)</name>
      
        
      <description>IMPORTANTE!!! APARCAMIENTO EN LINEA DE BUSES PEGADOS AL LADO IZQUIERDO DE LA ENTRADA DEL PRIMER PARKING. MIRANDO HACIA AFUERA PARA NO QUEDARTE ENCERRADO</description>
      
        
      <styleUrl>#icon-1688-BDBDBD</styleUrl>
      
        
      <Point>
        
          
        <coordinates>
            0.53976,42.588963,0
          </coordinates>
        
        
      </Point>
      
      
    </Placemark>
    <Placemark>
      
        
      <name>PARKING BUS / Andorra</name>
      
        
      <description>Parking de Pago, al descubierto</description>
      
        
      <styleUrl>#icon-1513-1A237E</styleUrl>
      
        
      <Point>
        
          
        <coordinates>
            1.522323,42.505997,0
          </coordinates>
        
        
      </Point>
      
      
    </Placemark>
    <Placemark>
      
        
      <name>PARKING / Andorra 2000</name>
      
        
      <description>Parking gratuito para buses que llevan pasajeros al centro comercial ANDORRA 2000. PERMITIDO EL APARCAMIENTO HASTA LAS 20.30 QUE BAJAN LA BARRERA.</description>
      
        
      <styleUrl>#icon-1532-7CB342</styleUrl>
      
        
      <Point>
        
          
        <coordinates>
            1.530051,42.505235,0
          </coordinates>
        
        
      </Point>
      
      
    </Placemark>
    <Placemark>
      
        
      <name>PARKING / Andorra</name>
      
        
      <description>Parking cubierto de pago en Escaldes. (AUTOCARES DE 15M NO )</description>
      
        
      <styleUrl>#icon-1513-1A237E</styleUrl>
      
        
      <Point>
        
          
        <coordinates>
            1.538858,42.509854,0
          </coordinates>
        
        
      </Point>
      
      
    </Placemark>
    <Placemark>
      
        
      <name>PARKING BUS / Ordino</name>
      
        
      <description>Plazas reservadas para bus en parking de Ordino</description>
      
        
      <styleUrl>#icon-1532-7CB342</styleUrl>
      
        
      <Point>
        
          
        <coordinates>
            1.533742,42.554956,0
          </coordinates>
        
        
      </Point>
      
      
    </Placemark>
    <Placemark>
      
        
      <name>PARKING 🅿️ / Gijón </name>
      
        
      <description>Explanada en Gijón gratuita para aparcar al lado de universidad de marina..// En el caso de estar todo ocupado aquí no tendrás problema</description>
      
        
      <styleUrl>#icon-1644-0288D1</styleUrl>
      
        
      <Point>
        
          
        <coordinates>
            -5.632152,43.527098,0
          </coordinates>
        
        
      </Point>
      
      
    </Placemark>
    <Placemark>
      
        
      <name>PARKING BUS / Gijón </name>
      
        
      <description>Parking BUS en linea libre para 5 autocares, aunque si tienes libre suelen ponerse para hacer zona de espera.</description>
      
        
      <styleUrl>#icon-1532-7CB342</styleUrl>
      
        
      <Point>
        
          
        <coordinates>
            -5.674602,43.538511,0
          </coordinates>
        
        
      </Point>
      
      
    </Placemark>
    <Placemark>
      
        
      <name>PARKING BUS (5€) / Cudillero (Asturias)</name>
      
        
      <description>Parking de Cudillero (PRECIO 5€ a 9/7/24) /  los pasajeros deben de ir andando hasta el pueblo y disfrutar del paseo y las vistas. Impresionante pueblo en la ladera de la montaña por su colorido y su marisco fresco.</description>
      
        
      <styleUrl>#icon-1532-7CB342</styleUrl>
      
        
      <Point>
        
          
        <coordinates>
            -6.151301,43.565951,0
          </coordinates>
        
        
      </Point>
      
      
    </Placemark>
    <Placemark>
      
        
      <name>PARKING BUS / Luarca (Asturias)</name>
      
        
      <description>5 Plazas reservadas para visitar o dejarlos aparcados. Libres sin problema </description>
      
        
      <styleUrl>#icon-1532-7CB342</styleUrl>
      
        
      <Point>
        
          
        <coordinates>
            -6.526791,43.546612,0
          </coordinates>
        
        
      </Point>
      
      
    </Placemark>
    <Placemark>
      
        
      <name>PARKING / LUARCA </name>
      
        
      <description>Parking Mixto para la espera</description>
      
        
      <styleUrl>#icon-1644-0288D1</styleUrl>
      
        
      <Point>
        
          
        <coordinates>
            -6.532691,43.536684,0
          </coordinates>
        
        
      </Point>
      
      
    </Placemark>
    <Placemark>
      
        
      <name>PARKING BUS / Tapia de Casariego (Asturias)</name>
      
        
      <description>Plazas reservadas para aparcar sin problema libre.</description>
      
        
      <styleUrl>#icon-1532-7CB342</styleUrl>
      
        
      <Point>
        
          
        <coordinates>
            -6.945996,43.566319,0
          </coordinates>
        
        
      </Point>
      
      
    </Placemark>
    <Placemark>
      
        
      <name>PARKING / Burela (Lugo)</name>
      
        
      <description><![CDATA[Parking amplio en el puerto sin problema, también visita Barco museo Boniteiro "Reina del Carmen"]]></description>
      
        
      <styleUrl>#icon-1644-0288D1</styleUrl>
      
        
      <Point>
        
          
        <coordinates>
            -7.354583,43.660476,0
          </coordinates>
        
        
      </Point>
      
      
    </Placemark>
    <Placemark>
      
        
      <name>PARKING BUS / Viveiro (Lugo)</name>
      
        
      <description>Aparcamiento en linea reservado para autocares</description>
      
        
      <styleUrl>#icon-1532-7CB342</styleUrl>
      
        
      <Point>
        
          
        <coordinates>
            -7.599836,43.667952,0
          </coordinates>
        
        
      </Point>
      
      
    </Placemark>
    <Placemark>
      
        
      <name>PARKING BUS / Narón</name>
      
        
      <description>5 dársenas de autocares sin tiempo límite y sin restirinciones</description>
      
        
      <styleUrl>#icon-1532-7CB342</styleUrl>
      
        
      <Point>
        
          
        <coordinates>
            -8.196547,43.495966,0
          </coordinates>
        
        
      </Point>
      
      
    </Placemark>
    <Placemark>
      
        
      <name>PARKING BUS / O Outeiro (El Ferrol)</name>
      
        
      <description>Plazas de aparcamiento habilitadas para autocares junto a las playa de Doñinos</description>
      
        
      <styleUrl>#icon-1532-7CB342</styleUrl>
      
        
      <Point>
        
          
        <coordinates>
            -8.315747,43.503671,0
          </coordinates>
        
        
      </Point>
      
      
    </Placemark>
    <Placemark>
      
        
      <name>MONTE DE SAN PEDRO/ A CORUÑA</name>
      
        
      <description>Parking para visitar el monte de San Pedro,  poder hacer buenas fotos y aprovechar las vistas</description>
      
        
      <styleUrl>#icon-1535-757575</styleUrl>
      
        
      <Point>
        
          
        <coordinates>
            -8.436528,43.37632,0
          </coordinates>
        
        
      </Point>
      
      
    </Placemark>
    <Placemark>
      
        
      <name>PARKING BUS / (Torre Hércules) A Coruña </name>
      
        
      <description>Parking libre par La visita de la torre de Hércules</description>
      
        
      <styleUrl>#icon-1532-7CB342</styleUrl>
      
        
      <Point>
        
          
        <coordinates>
            -8.403074,43.383517,0
          </coordinates>
        
        
      </Point>
      
      
    </Placemark>
    <Placemark>
      
        
      <name>PARKING BUS ✅️/(Paseo Marítimo) A Coruña </name>
      
        
      <description>Parking libre en paseo para pasear y ver el pulpo. pabellón Rosales y miradores</description>
      
        
      <styleUrl>#icon-1532-7CB342</styleUrl>
      
        
      <Point>
        
          
        <coordinates>
            -8.428771,43.376946,0
          </coordinates>
        
        
      </Point>
      
      
    </Placemark>
    <Placemark>
      
        
      <name>PARKING BUS ✅️/ ASCENSOR (Monte S. Pedro) A Coruña </name>
      
        
      <description>La Coruña, España www.turismocoruna.com</description>
      
        
      <styleUrl>#icon-1532-7CB342</styleUrl>
      
        
      <Point>
        
          
        <coordinates>
            -8.43111,43.37761,0
          </coordinates>
        
        
      </Point>
      
      
    </Placemark>
    <Placemark>
      
        
      <name>PARKING BUS / Parque acuatico CERCEDA</name>
      
        
      <description>Rúa Acebedo, s/n, 15185 Cerceda, A Coruña. www.aquaparkcerceda.es. +34 682 34 85 56</description>
      
        
      <styleUrl>#icon-1532-7CB342</styleUrl>
      
        
      <Point>
        
          
        <coordinates>
            -8.468963,43.177728,0
          </coordinates>
        
        
      </Point>
      
      
    </Placemark>
    <Placemark>
      
        
      <name>PARKING BUS / Finisterre</name>
      
        
      <description>Punto de aparcamiento y dar la vuelta. Si se llena de turismos es complicado, pero no hay otro sitio</description>
      
        
      <styleUrl>#icon-1532-7CB342</styleUrl>
      
        
      <Point>
        
          
        <coordinates>
            -9.27188,42.884843,0
          </coordinates>
        
        
      </Point>
      
      
    </Placemark>
    <Placemark>
      
        
      <name>PARKING BUS / Puebla de Caramiñal (A Coruña)</name>
      
        
      <description>Parking en el puerto reservado para bus Gratuito.</description>
      
        
      <styleUrl>#icon-1532-7CB342</styleUrl>
      
        
      <Point>
        
          
        <coordinates>
            -8.936822,42.604087,0
          </coordinates>
        
        
      </Point>
      
      
    </Placemark>
    <Placemark>
      
        
      <name>PARKING BUS ✅/ Villagarcía de Arousa (Pontevedra)</name>
      
        
      <description>Parking Bus Gratuito. (2 Plazas) Amplio con camiones y coches </description>
      
        
      <styleUrl>#icon-1532-7CB342</styleUrl>
      
        
      <Point>
        
          
        <coordinates>
            -8.767188,42.600359,0
          </coordinates>
        
        
      </Point>
      
      
    </Placemark>
    <Placemark>
      
        
      <name>PARKING BUS / Cambados</name>
      
        
      <description>Aparcamiento en linea sin problema, gratuito</description>
      
        
      <styleUrl>#icon-1532-7CB342</styleUrl>
      
        
      <Point>
        
          
        <coordinates>
            -8.810409,42.516696,0
          </coordinates>
        
        
      </Point>
      
      
    </Placemark>
    <Placemark>
      
        
      <name>PARKING BUS ✅ / O Grove (Pontevedra)</name>
      
        
      <description>Parking en linea (5 Buses) si no hay carpas o ferias. Si no puedes entrar en esta calle , tienes que ir al final del puerto para poder aparcar.</description>
      
        
      <styleUrl>#icon-1532-7CB342</styleUrl>
      
        
      <Point>
        
          
        <coordinates>
            -8.863221,42.496258,0
          </coordinates>
        
        
      </Point>
      
      
    </Placemark>
    <Placemark>
      
        
      <name>INFO ℹ️ / O Grove (Pontevedra)</name>
      
        
      <description>ZONA DE APARCAMIENTO ALTERNATIVO SI EN EL PARKING HAY CARPA Y NO PUEDES APARCAR / Al final del espigón se puede hacer el cambio de sentido.</description>
      
        
      <styleUrl>#icon-1608-0288D1</styleUrl>
      
        
      <Point>
        
          
        <coordinates>
            -8.859953,42.497925,0
          </coordinates>
        
        
      </Point>
      
      
    </Placemark>
    <Placemark>
      
        
      <name>PARKING BUS / Combarro</name>
      
        
      <description>Mal Parking estrecho y corto. Si tienes dos buses ya cuesta. OJO MANIOBRA QUE NO PARAN LOS DE LA CARRETERA.</description>
      
        
      <styleUrl>#icon-1532-7CB342</styleUrl>
      
        
      <Point>
        
          
        <coordinates>
            -8.711644,42.424211,0
          </coordinates>
        
        
      </Point>
      
      
    </Placemark>
    <Placemark>
      
        
      <name>PARKING BUS✅ / Marín (Pontevedra)</name>
      
        
      <description>Parking Bus 2 Plazas  gratuito en linea Puerto Marín .</description>
      
        
      <styleUrl>#icon-1532-7CB342</styleUrl>
      
        
      <Point>
        
          
        <coordinates>
            -8.702289,42.394112,0
          </coordinates>
        
        
      </Point>
      
      
    </Placemark>
    <Placemark>
      
        
      <name>PARKING Y Zona de Espera🅿️☕️ / Vigo (Pontevedra)</name>
      
        
      <description>Psrking zona Navia / Aquí puedes hacer la espera si no tienes en el otro punto.</description>
      
        
      <styleUrl>#icon-1644-0288D1</styleUrl>
      
        
      <Point>
        
          
        <coordinates>
            -8.7586653,42.2112922,0
          </coordinates>
        
        
      </Point>
      
      
    </Placemark>
    <Placemark>
      
        
      <name>PARKING BUS / Bayona</name>
      
        
      <description>Zona RESERVADA para aparcar en Linea. Libre sin tiempos</description>
      
        
      <styleUrl>#icon-1532-7CB342</styleUrl>
      
        
      <Point>
        
          
        <coordinates>
            -8.855348,42.119096,0
          </coordinates>
        
        
      </Point>
      
      
    </Placemark>
    <Placemark>
      
        
      <name>PARKING/ Tuy (Pontevedra)</name>
      
        
      <description>Parking en linea sin problema en esta calle</description>
      
        
      <styleUrl>#icon-1644-0288D1</styleUrl>
      
        
      <Point>
        
          
        <coordinates>
            -8.644439,42.052505,0
          </coordinates>
        
        
      </Point>
      
      
    </Placemark>
    <Placemark>
      
        
      <name>PARKING BUS / Valença (PO)</name>
      
        
      <description>Amplio parking gratuito para visitar la Fortaleza De Valença</description>
      
        
      <styleUrl>#icon-1532-7CB342</styleUrl>
      
        
      <Point>
        
          
        <coordinates>
            -8.643661,42.031713,0
          </coordinates>
        
        
      </Point>
      
      
    </Placemark>
    <Placemark>
      
        
      <name>PARKING BUS / Nazaré (PO)</name>
      
        
      <description>Parking casi siempre lleno de turismos. Hay plazas reservadas para autocares// Largo da Fonte Velha 18, 2450-065 Nazaré, Portugal</description>
      
        
      <styleUrl>#icon-1532-7CB342</styleUrl>
      
        
      <Point>
        
          
        <coordinates>
            -9.076314,39.606678,0
          </coordinates>
        
        
      </Point>
      
      
    </Placemark>
    <Placemark>
      
        
      <name>ENTRADA PARKING CLUNY (Fr)</name>
      
        
      <description>Entrada Parking Gratuito de Cluny </description>
      
        
      <styleUrl>#line-F9A825-5691</styleUrl>
      
        
      <LineString>
        
          
        <tessellate>1</tessellate>
        
          
        <coordinates>
            4.663921,46.426294,0
            4.663084,46.426664,0
            4.662723,46.426837,0
            4.662364,46.426999,0
            4.662166,46.427084,0
            4.662012,46.427225,0
            4.6619,46.427444,0
            4.661906,46.427492,0
            4.662263,46.427504,0
          </coordinates>
        
        
      </LineString>
      
      
    </Placemark>
    <Placemark>
      
        
      <name>SALIDA PARKING CLUNY (Fr)</name>
      
        
      <description>Salida del Parking Gratuito de Cluny.</description>
      
        
      <styleUrl>#line-9C27B0-6000</styleUrl>
      
        
      <LineString>
        
          
        <tessellate>1</tessellate>
        
          
        <coordinates>
            4.663072,46.427424,0
            4.663727,46.427449,0
          </coordinates>
        
        
      </LineString>
      
      
    </Placemark>
    <Placemark>
      
        
      <name>PARKING BUS / Aix En Provence (FR)</name>
      
        
      <description>Parking Bus en linea se puede dejar de noche también</description>
      
        
      <styleUrl>#icon-1532-7CB342</styleUrl>
      
        
      <Point>
        
          
        <coordinates>
            5.436302,43.521767,0
          </coordinates>
        
        
      </Point>
      
      
    </Placemark>
    <Placemark>
      
        
      <name>PARKING BUS / CANNES  (Fr)</name>
      
        
      <description>Parking Bus en el puerto de Cannes....Unos 5€ la hora aproximadamente.....</description>
      
        
      <styleUrl>#icon-1532-7CB342</styleUrl>
      
        
      <Point>
        
          
        <coordinates>
            7.012931,43.547463,0
          </coordinates>
        
        
      </Point>
      
      
    </Placemark>
    <Placemark>
      
        
      <name>PARKING BUS / ANTIBES (Fr)</name>
      
        
      <description>Parking en linea 2 buses</description>
      
        
      <styleUrl>#icon-1532-7CB342</styleUrl>
      
        
      <Point>
        
          
        <coordinates>
            7.1213,43.585134,0
          </coordinates>
        
        
      </Point>
      
      
    </Placemark>
    <Placemark>
      
        
      <name>PARKING BUS/ Niza (FR)</name>
      
        
      <description>Parking de pago cerca aeropuerto</description>
      
        
      <styleUrl>#icon-1899-DB4436</styleUrl>
      
        
      <Point>
        
          
        <coordinates>
            7.228981,43.675879,0
          </coordinates>
        
        
      </Point>
      
      
    </Placemark>
    <Placemark>
      
        
      <name>PARKING / Logroño </name>
      
        
      <description>Aqui puedes dejarlo por la noche sin problemas</description>
      
        
      <styleUrl>#icon-1532-7CB342</styleUrl>
      
        
      <Point>
        
          
        <coordinates>
            -2.454538,42.45307,0
          </coordinates>
        
        
      </Point>
      
      
    </Placemark>
    <Placemark>
      
        
      <name><![CDATA[PARKING BUS / Platja D'Aro]]></name>
      
        
      <description><![CDATA[PARKING BUS / PLATJA D'ARO1 plaza de bus en Parc Acuatic Aquadiver]]></description>
      
        
      <styleUrl>#icon-1532-7CB342</styleUrl>
      
        
      <Point>
        
          
        <coordinates>
            3.063968,41.82546,0
          </coordinates>
        
        
      </Point>
      
      
    </Placemark>
    <Placemark>
      
        
      <name><![CDATA[PARKING BUS ✅ / L' Estartit (Girona)]]></name>
      
        
      <description>Parking de tierra libre sin vigilancia a las afueras , pero sin problemas. NO HAY OTRO.</description>
      
        
      <styleUrl>#icon-1532-7CB342</styleUrl>
      
        
      <Point>
        
          
        <coordinates>
            3.186426,42.050617,0
          </coordinates>
        
        
      </Point>
      
      
    </Placemark>
    <Placemark>
      
        
      <name>PARKING BUS / Pinto</name>
      
        
      <description>Reservado para 3 buses en linea</description>
      
        
      <styleUrl>#icon-1532-7CB342</styleUrl>
      
        
      <Point>
        
          
        <coordinates>
            -3.698891,40.235788,0
          </coordinates>
        
        
      </Point>
      
      
    </Placemark>
    <Placemark>
      
        
      <name>PARKING BUS ✅️ / Girona</name>
      
        
      <description>Parking BUS Gratuito, sin tiempo/ A los grupos de gemte Mayor se dejan en el Passeig de la Devesa / NO TE DEJAN DEJARLOS DEBAJO DE LAS VIAS SI NO SON ESCOLARES .PARKING BUS GRATUITO // . Los escolares puedes ir a C/ Berenguer Carnicer.</description>
      
        
      <styleUrl>#icon-1532-7CB342</styleUrl>
      
        
      <Point>
        
          
        <coordinates>
            2.811416,41.991612,0
          </coordinates>
        
        
      </Point>
      
      
    </Placemark>
    <Placemark>
      
        
      <name>PARKING / BAÑOS DE LA ENCINA ( Jaén)</name>
      
        
      <description>Aparcamiento en zona polideportivo</description>
      
        
      <styleUrl>#icon-1644-0288D1</styleUrl>
      
        
      <Point>
        
          
        <coordinates>
            -3.775517,38.176804,0
          </coordinates>
        
        
      </Point>
      
      
    </Placemark>
    <Placemark>
      
        
      <name>HOTEL INTUR ORANGE / BENICASSIM </name>
      
        
      <description>Toene parking para poder aparcar/ Av. Gimeno Tomas, 9, 12560 Benicàssim, Castelló www.intur.com +34 964 39 44 00</description>
      
        
      <styleUrl>#icon-1602-9C27B0</styleUrl>
      
        
      <Point>
        
          
        <coordinates>
            0.05106,40.041261,0
          </coordinates>
        
        
      </Point>
      
      
    </Placemark>
    <Placemark>
      
        
      <name>PARKING BUS / LOGROÑO</name>
      
        
      <description>Lugar reservado libre para aparcar en Logroño. Cerca pasa el bus de linea par llevarte al centro.</description>
      
        
      <styleUrl>#icon-1532-7CB342</styleUrl>
      
        
      <Point>
        
          
        <coordinates>
            -2.453054,42.474115,0
          </coordinates>
        
        
      </Point>
      
      
    </Placemark>
    <Placemark>
      
        
      <name><![CDATA[PARKING 🅿️ / Castellar de N'Hug (Barcelona)]]></name>
      
        
      <description>Unico aparcamiento donde podras aparcar. Dejalo encarado a la salida que no te dejen encerrado los iluminados. (Aqui podrás comprar los famosos Crousants enormes)</description>
      
        
      <styleUrl>#icon-1644-0288D1</styleUrl>
      
        
      <Point>
        
          
        <coordinates>
            2.016152,42.282003,0
          </coordinates>
        
        
      </Point>
      
      
    </Placemark>
    <Placemark>
      
        
      <name>PARKING BUS ✅️ / Blanes (Girona)</name>
      
        
      <description>Parking Bus Mixto gratuito zona reservada para 15 Buses /  sin vigilar libre sin tiempo delante estación Bus Blanes.</description>
      
        
      <styleUrl>#icon-1532-7CB342</styleUrl>
      
        
      <Point>
        
          
        <coordinates>
            2.7805962,41.6691035,0
          </coordinates>
        
        
      </Point>
      
      
    </Placemark>
    <Placemark>
      
        
      <name><![CDATA[HOTEL Panorama 🛏️ / L'Estartit (Girona)]]></name>
      
        
      <description><![CDATA[ACEPTAN GRUPOS// COMIDA BUFFET // TIENEN PARKING PERO JUSTO.MEJOR IR A ZONA DE PARKING BUS. Av. Grècia, 5, 17258 L'Estartit, Girona www.hotelpanoramaestartit.com +34 972 75 10 92]]></description>
      
        
      <styleUrl>#icon-1602-9C27B0</styleUrl>
      
        
      <Point>
        
          
        <coordinates>
            3.196213,42.050339,0
          </coordinates>
        
        
      </Point>
      
      
    </Placemark>
    <Placemark>
      
        
      <name><![CDATA[RUÏNES D'EMPÚRIES / Parking Bus]]></name>
      
        
      <description><![CDATA[PARKING BUS / Ruïnes d'EmpúriesReservado para visitar a las Ruinas // Gratuito La Escala, 17130, Girona]]></description>
      
        
      <styleUrl>#icon-1502-C2185B</styleUrl>
      
        
      <Point>
        
          
        <coordinates>
            3.120496,42.131784,0
          </coordinates>
        
        
      </Point>
      
      
    </Placemark>
    <Placemark>
      
        
      <name>ALBERGUE Jou Nature 🚸/ Guardiola de Berguedà (Barcelona)</name>
      
        
      <description>Albergue donde se suele ir con colegios.Sin Problemas de entrada amplio parking para hacer cambio sentido.Carretera El Jou, s/n, 08694 Guardiola de Berguedà, Barcelona www.eljounature.com +34 938 24 03 69</description>
      
        
      <styleUrl>#icon-1682-673AB7</styleUrl>
      
        
      <Point>
        
          
        <coordinates>
            1.8577566,42.1940523,0
          </coordinates>
        
        
      </Point>
      
      
    </Placemark>
    <Placemark>
      
        
      <name>PARQUE MEDIOAMBIENTAL DE GUALBA</name>
      
        
      <description>Parking donde se deja los grupos que van df excursión / suelen ser escolares</description>
      
        
      <styleUrl>#icon-1542-3949AB</styleUrl>
      
        
      <Point>
        
          
        <coordinates>
            2.4952145,41.7400007,0
          </coordinates>
        
        
      </Point>
      
      
    </Placemark>
    <Placemark>
      
        
      <name>FUNDACIÓN MONA 🐵 / Riudellots de la Selva</name>
      
        
      <description>Parking estrecho pero se puede dar la vuelta. / / Carretera C-25, s/n, 17457 Riudellots de la Selva, Girona fundacionmona.org </description>
      
        
      <styleUrl>#icon-1542-3949AB</styleUrl>
      
        
      <Point>
        
          
        <coordinates>
            2.8165047,41.9014688,0
          </coordinates>
        
        
      </Point>
      
      
    </Placemark>
    <Placemark>
      
        
      <name>PARKING BUS ✅️ / Begur (Girona)</name>
      
        
      <description>Parking Bus o zona espera / NO hacer caso de las lineas señalizadas para plazas / Sitio reservado para autocares libre sin tiempo</description>
      
        
      <styleUrl>#icon-1532-7CB342</styleUrl>
      
        
      <Point>
        
          
        <coordinates>
            3.200861,41.9540217,0
          </coordinates>
        
        
      </Point>
      
      
    </Placemark>
    <Placemark>
      
        
      <name>MIRADOR DE BURACA / Redondela (Pontevedra)</name>
      
        
      <description>Parking 3 autocares / Subida á Buraca, 8, 36320 Redondela, Pontevedra</description>
      
        
      <styleUrl>#icon-1532-7CB342</styleUrl>
      
        
      <Point>
        
          
        <coordinates>
            -8.6675236,42.2621489,0
          </coordinates>
        
        
      </Point>
      
      
    </Placemark>
    <Placemark>
      
        
      <name>MUSEO Arqueológico Catalunya 🏛 / Olérdola (Barcelona)</name>
      
        
      <description>Parking reservado para la visita al museo y castillo Olérdola.</description>
      
        
      <styleUrl>#icon-1636-A52714</styleUrl>
      
        
      <Point>
        
          
        <coordinates>
            1.7102714,41.3043365,0
          </coordinates>
        
        
      </Point>
      
      
    </Placemark>
    <Placemark>
      
        
      <name>PARKING BUS ✅ / Corbera de Ebre (Tarragona)</name>
      
        
      <description>Parking reservado para Bus visita población de Corbera de Ebre.</description>
      
        
      <styleUrl>#icon-1532-7CB342</styleUrl>
      
        
      <Point>
        
          
        <coordinates>
            0.4761832,41.0759936,0
          </coordinates>
        
        
      </Point>
      
      
    </Placemark>
    <Placemark>
      
        
      <name>ZONA PARKING BUS</name>
      
        
      <description>Zona de Aparcamiento libre en Antequera junto estación de autobuses.</description>
      
        
      <styleUrl>#line-0288D1-4839</styleUrl>
      
        
      <LineString>
        
          
        <tessellate>1</tessellate>
        
          
        <coordinates>
            -4.5628143,37.0246153,0
            -4.5623855,37.0234496,0
          </coordinates>
        
        
      </LineString>
      
      
    </Placemark>
    <Placemark>
      
        
      <name>PARKING BUS / Antequera</name>
      
        
      <description>Parking en linea junto pared al lado de estacion de bus, gratuito sin tiempo, calles estrecha pero se entra bien.</description>
      
        
      <styleUrl>#icon-1532-7CB342</styleUrl>
      
        
      <Point>
        
          
        <coordinates>
            -4.5625546,37.0239043,0
          </coordinates>
        
        
      </Point>
      
      
    </Placemark>
    <Placemark>
      
        
      <name>PARKING BUS / Alghero SS, Italia</name>
      
        
      <description>PARKING MIXTO / Cerca puerto.</description>
      
        
      <styleUrl>#icon-1532-7CB342</styleUrl>
      
        
      <Point>
        
          
        <coordinates>
            8.31754,40.56224,0
          </coordinates>
        
        
      </Point>
      
      
    </Placemark>
    <Placemark>
      
        
      <name>PARKING BUS / Banyoles (Girona)</name>
      
        
      <description>Reservado para Bus gratuito parking en Linea</description>
      
        
      <styleUrl>#line-0288D1-4911</styleUrl>
      
        
      <LineString>
        
          
        <tessellate>1</tessellate>
        
          
        <coordinates>
            2.7569864,42.1170646,0
            2.7565161,42.1164725,0
            2.7561203,42.1161593,0
          </coordinates>
        
        
      </LineString>
      
      
    </Placemark>
    <Placemark>
      
        
      <name>PARKING BUS ✅️ / Banyoles (Girona)</name>
      
        
      <description>Parking en linea gratuito para visitar Lago Banyoles y coger trenecito.</description>
      
        
      <styleUrl>#icon-1532-7CB342</styleUrl>
      
        
      <Point>
        
          
        <coordinates>
            2.7568268,42.1168223,0
          </coordinates>
        
        
      </Point>
      
      
    </Placemark>
    <Placemark>
      
        
      <name>RESTAURANTE La Carpa / Banyoles (Girona)</name>
      
        
      <description><![CDATA[Aceptan grupos con reserva / aparcar en Parking indicado en ViaBus. / Banyoles, Girona <br>www.restaurantlacarpa.com <br> +34 972 58 28 25]]></description>
      
        
      <styleUrl>#icon-1577-795548</styleUrl>
      
        
      <Point>
        
          
        <coordinates>
            2.7567093,42.1173347,0
          </coordinates>
        
        
      </Point>
      
      
    </Placemark>
    <Placemark>
      
        
      <name>BUTTERFLY PARK /  Castelló de Empuries (Girona)</name>
      
        
      <description><![CDATA[Parking para ver las mariposas y aves exoticas / Carrer Santa Clara, s/n,  Castelló d'Empúries, Girona www.butterflypark.es +34 972 45 07 61]]></description>
      
        
      <styleUrl>#icon-1839-817717</styleUrl>
      
        
      <Point>
        
          
        <coordinates>
            3.0852109,42.2585539,0
          </coordinates>
        
        
      </Point>
      
      
    </Placemark>
    <Placemark>
      
        
      <name>PARKING 🅿️ /  Leucate (FR)</name>
      
        
      <description>Pueblo para ser visitado en epoca Navideña / Pueblo decorado navideño </description>
      
        
      <styleUrl>#icon-1644-0288D1</styleUrl>
      
        
      <Point>
        
          
        <coordinates>
            3.034525,42.8225625,0
          </coordinates>
        
        
      </Point>
      
      
    </Placemark>
    <Placemark>
      
        
      <name>PARKING BUS / Stintino (IT)</name>
      
        
      <description>Parking Bus señalizado reservado para visitar Stintino, tambien puede quedarse por la noche.</description>
      
        
      <styleUrl>#icon-1532-7CB342</styleUrl>
      
        
      <Point>
        
          
        <coordinates>
            8.2245516,40.9337909,0
          </coordinates>
        
        
      </Point>
      
      
    </Placemark>
    <Placemark>
      
        
      <name>CUEVAS de Serinyà / Girona</name>
      
        
      <description>Parking de tierra /.C-66, 17852, Girona www.plaestany.cat +34 972 59 33 10</description>
      
        
      <styleUrl>#icon-1542-3949AB</styleUrl>
      
        
      <Point>
        
          
        <coordinates>
            2.7460608,42.1610272,0
          </coordinates>
        
        
      </Point>
      
      
    </Placemark>
    <Placemark>
      
        
      <name>CASTILLO De Sant Ferran / Figueres (Girona)</name>
      
        
      <description>Parking de tierra gratuito para visita del Castillo de S. Ferran.</description>
      
        
      <styleUrl>#icon-1598-424242</styleUrl>
      
        
      <Point>
        
          
        <coordinates>
            2.9509901,42.2714763,0
          </coordinates>
        
        
      </Point>
      
      
    </Placemark>
    <Placemark>
      
        
      <name>PARKING BUS (Pago) 💰/ Maracena Granada</name>
      
        
      <description>Parking de Pago en Maracena asfaltado.</description>
      
        
      <styleUrl>#icon-1513-1A237E</styleUrl>
      
        
      <Point>
        
          
        <coordinates>
            -3.635696,37.2135785,0
          </coordinates>
        
        
      </Point>
      
      
    </Placemark>
    <Placemark>
      
        
      <name>PARKING BUS / Medinat al-Zahra</name>
      
        
      <description>Ctra. Palma del Río, 4P, Córdoba www.museosdeandalucia.es +34 958 91 80 29</description>
      
        
      <styleUrl>#icon-1532-7CB342</styleUrl>
      
        
      <Point>
        
          
        <coordinates>
            -4.8522865,37.8808491,0
          </coordinates>
        
        
      </Point>
      
      
    </Placemark>
    <Placemark>
      
        
      <name>PARKING BUS / Albufeira (PO)</name>
      
        
      <description>Andenes para Autocares en la Albufeira.gratuito.</description>
      
        
      <styleUrl>#icon-1532-7CB342</styleUrl>
      
        
      <Point>
        
          
        <coordinates>
            -8.2562461,37.0888243,0
          </coordinates>
        
        
      </Point>
      
      
    </Placemark>
    <Placemark>
      
        
      <name>PARKING BUS / Peñafiel</name>
      
        
      <description>Parking Bus para hacer es para dejarlo ppr la nocheen Peñafiel.</description>
      
        
      <styleUrl>#icon-1532-7CB342</styleUrl>
      
        
      <Point>
        
          
        <coordinates>
            -4.1237264,41.5956585,0
          </coordinates>
        
        
      </Point>
      
      
    </Placemark>
    <Placemark>
      
        
      <name>PARKING Tierra 🅿️ / Masquefa (Barcelona)</name>
      
        
      <description>Parking para hacer la espera visita CRARC. Masquefa.</description>
      
        
      <styleUrl>#icon-1644-0288D1</styleUrl>
      
        
      <Point>
        
          
        <coordinates>
            1.8163482,41.4980328,0
          </coordinates>
        
        
      </Point>
      
      
    </Placemark>
    <Placemark>
      
        
      <name>PARKING BUS ✅ Niort (FR)</name>
      
        
      <description>Parking Bus en Linea en Rue Dun14 Juillet de Niort (FR)</description>
      
        
      <styleUrl>#icon-1532-7CB342</styleUrl>
      
        
      <Point>
        
          
        <coordinates>
            -0.4564747,46.322725,0
          </coordinates>
        
        
      </Point>
      
      
    </Placemark>
    <Placemark>
      
        
      <name>PARKING BUS ✅️ / Sant Pere Pescador (Girona)</name>
      
        
      <description>Parking reservado 1plaza delante Oficina turismo de Sant Pere Pescador</description>
      
        
      <styleUrl>#icon-1532-7CB342</styleUrl>
      
        
      <Point>
        
          
        <coordinates>
            3.0871877,42.1871908,0
          </coordinates>
        
        
      </Point>
      
      
    </Placemark>
    <Placemark>
      
        
      <name>PARKING🅿️ / Masnou (Barcelona)</name>
      
        
      <description><![CDATA[Parking cerca supermercado y McDonald's ]]></description>
      
        
      <styleUrl>#icon-1644-0288D1</styleUrl>
      
        
      <Point>
        
          
        <coordinates>
            2.3379944,41.4845167,0
          </coordinates>
        
        
      </Point>
      
      
    </Placemark>
    <Placemark>
      
        
      <name>CENTRO COMERCIAL LA ROCA VILLAGE</name>
      
        
      <description>Parking BUS reservado para clientes de la Roca Village</description>
      
        
      <styleUrl>#icon-1685-880E4F</styleUrl>
      
        
      <Point>
        
          
        <coordinates>
            2.3411816,41.6071634,0
          </coordinates>
        
        
      </Point>
      
      
    </Placemark>
    <Placemark>
      
        
      <name>PARKING BUS ✅ / Perpignan (FR)</name>
      
        
      <description>3Plazas en Bd. Saint - Assiscle en Perpignan.</description>
      
        
      <styleUrl>#icon-1532-7CB342</styleUrl>
      
        
      <Point>
        
          
        <coordinates>
            2.8781133,42.6967891,0
          </coordinates>
        
        
      </Point>
      
      
    </Placemark>
    <Placemark>
      
        
      <name>PARKING BUS ✅️ / Vigo</name>
      
        
      <description>Parking en Linea Gratuito en Av/ Samil</description>
      
        
      <styleUrl>#icon-1532-7CB342</styleUrl>
      
        
      <Point>
        
          
        <coordinates>
            -8.7745511,42.213897,0
          </coordinates>
        
        
      </Point>
      
      
    </Placemark>
    <Placemark>
      
        
      <name>ESPAI Actiu Vallcebre 🏕 /  Vallcebre (Barcelona)</name>
      
        
      <description><![CDATA[Parking para dejar grupos caminantes o para hacer actividades. / pla de la barraca, Vallcebre, Barcelona <br>www.espaiactiuvallcebre.cat <br>+34 622 76 61 52]]></description>
      
        
      <styleUrl>#icon-1542-3949AB</styleUrl>
      
        
      <Point>
        
          
        <coordinates>
            1.8033687,42.1996194,0
          </coordinates>
        
        
      </Point>
      
      
    </Placemark>
    <Placemark>
      
        
      <name>PROHIBICIÓN ⛔️ / Toledo</name>
      
        
      <description>Prohibición a vehiculos mas de 7,5T / No se permite pasar para llegar al parking, señal de excepto bus urbano.</description>
      
        
      <styleUrl>#icon-1898-C2185B</styleUrl>
      
        
      <Point>
        
          
        <coordinates>
            -4.0245622,39.8629637,0
          </coordinates>
        
        
      </Point>
      
      
    </Placemark>
    <Placemark>
      
        
      <name>PARKING 🅿️ / Conil de la Frontera  (Cádiz)</name>
      
        
      <description>Parking libre en linea en C/ Fuente Gallo de Conil de la Frontera.</description>
      
        
      <styleUrl>#icon-1644-0288D1</styleUrl>
      
        
      <Point>
        
          
        <coordinates>
            -6.0955032,36.285497,0
          </coordinates>
        
        
      </Point>
      
      
    </Placemark>
    <Placemark>
      
        
      <name>PARKING 🅿️ / Talavera de la Reina (Toledo)</name>
      
        
      <description>Parking mixto  C/ de los Alfareros. Se puede aparcar sin problema tambien la noche.</description>
      
        
      <styleUrl>#icon-1644-0288D1</styleUrl>
      
        
      <Point>
        
          
        <coordinates>
            -4.8110023,39.9617309,0
          </coordinates>
        
        
      </Point>
      
      
    </Placemark>
    <Placemark>
      
        
      <name>ENTRADA Parking Buffet de Altafulla / Tarragona</name>
      
        
      <description>La entrada esta bastante escondida / se suelen equivocar y quieren entrar por la salida. Esta es la entrada correcta.</description>
      
        
      <styleUrl>#line-B2EBF2-5711</styleUrl>
      
        
      <LineString>
        
          
        <tessellate>1</tessellate>
        
          
        <coordinates>
            1.3672094,41.1401152,0
            1.3669904,41.1400045,0
            1.3648019,41.1399801,0
            1.3648755,41.1398417,0
            1.3650686,41.1396498,0
            1.3652247,41.1394229,0
            1.3652519,41.1393423,0
          </coordinates>
        
        
      </LineString>
      
      
    </Placemark>
    <Placemark>
      
        
      <name>PARKING - CYD 🅿️🔄 / La Pobla de Lillet (Barcelona)</name>
      
        
      <description>Parking para dejar Bus y pasajeros visita Población/ Aparcalo de culo para salir mejor.</description>
      
        
      <styleUrl>#icon-1644-0288D1</styleUrl>
      
        
      <Point>
        
          
        <coordinates>
            1.9732407,42.2433086,0
          </coordinates>
        
        
      </Point>
      
      
    </Placemark>
    <Placemark>
      
        
      <name>TREN Del Ciment  Maps 📸 / La Pobla de Lillet (Barcelona)</name>
      
        
      <description><![CDATA[Punto donde se dejan para que suban al tren / Mal sitio pero en el Parking no cabes.  LOS RECOGES ARRIBA SI SOLO TIENEN IDA en el Museo del Ciment / (indicado en ViaBus)<br>B-402, La Pobla de Lillet, Barcelona<br>www.turistren.cat <br>+34 932 04 10 41]]></description>
      
        
      <styleUrl>#icon-1502-C2185B</styleUrl>
      
        
      <Point>
        
          
        <coordinates>
            1.9643596,42.2411167,0
          </coordinates>
        
        
      </Point>
      
      
    </Placemark>
    <Placemark>
      
        
      <name>PARKING Mixto (Pago)💰 / Almería </name>
      
        
      <description>Parking mixto de Pago bastante coche y caravanas. Te quedas encarado para salir por donde entras. (1 Hora / 30 minutos 4€ ).</description>
      
        
      <styleUrl>#icon-1513-1A237E</styleUrl>
      
        
      <Point>
        
          
        <coordinates>
            -2.4661032,36.8315962,0
          </coordinates>
        
        
      </Point>
      
      
    </Placemark>
    <Placemark>
      
        
      <name>PARKING BUS ✅️ / Cardedeu (Barcelona)</name>
      
        
      <description>Parking Bus en Linea, no aparcar en horario escolar. Punto de Recogida Instituto Pla Marcell y Colegio Milenario.</description>
      
        
      <styleUrl>#icon-1532-7CB342</styleUrl>
      
        
      <Point>
        
          
        <coordinates>
            2.3651036,41.6348773,0
          </coordinates>
        
        
      </Point>
      
      
    </Placemark>
    <Placemark>
      
        
      <name>PARKING BUS ✅/ Boiro (A Coruña)</name>
      
        
      <description>Parking Bus 5 Plazas Gratuito en Av/ da Constitución en Boiro.</description>
      
        
      <styleUrl>#icon-1532-7CB342</styleUrl>
      
        
      <Point>
        
          
        <coordinates>
            -8.8874122,42.6444763,0
          </coordinates>
        
        
      </Point>
      
      
    </Placemark>
    <Placemark>
      
        
      <name>PARKING BUS (Pago) / Monreale Parcheggio Torres</name>
      
        
      <description>Parking Bus en Linea de Pago</description>
      
        
      <styleUrl>#icon-1532-7CB342</styleUrl>
      
        
      <Point>
        
          
        <coordinates>
            13.2907056,38.0783824,0
          </coordinates>
        
        
      </Point>
      
      
    </Placemark>
    <Placemark>
      
        
      <name>PARKING BUS ✅/ Palermo (IT)</name>
      
        
      <description>Parking Bus Gratuito / Via Ernesto Basile, 67, 90128 Palermo PA, Italia</description>
      
        
      <styleUrl>#icon-1532-7CB342</styleUrl>
      
        
      <Point>
        
          
        <coordinates>
            13.3456069,38.0983837,0
          </coordinates>
        
        
      </Point>
      
      
    </Placemark>
    <Placemark>
      
        
      <name>PARKING (Pago) 💰/ Cefalú (IT)</name>
      
        
      <description>Parking de Pago y caro / Via Presidiana, 90015 Cefalù PA, Italia</description>
      
        
      <styleUrl>#icon-1513-1A237E</styleUrl>
      
        
      <Point>
        
          
        <coordinates>
            14.0311432,38.0376405,0
          </coordinates>
        
        
      </Point>
      
      
    </Placemark>
    <Placemark>
      
        
      <name>PARKING BUS ✅/ Milazzo (IT)</name>
      
        
      <description>Parking Bus reservado en linea gratuito 4 Plazas / Piazzale Alessandro Pizzoli. / MIlazzo (It)</description>
      
        
      <styleUrl>#icon-1532-7CB342</styleUrl>
      
        
      <Point>
        
          
        <coordinates>
            15.2555024,38.208928,0
          </coordinates>
        
        
      </Point>
      
      
    </Placemark>
    <Placemark>
      
        
      <name>PARKING 🅿️ / Silves (PO)</name>
      
        
      <description>Parking en campo de fútbol de Silves.</description>
      
        
      <styleUrl>#icon-1644-0288D1</styleUrl>
      
        
      <Point>
        
          
        <coordinates>
            -8.442277,37.185673,0
          </coordinates>
        
        
      </Point>
      
      
    </Placemark>
    <Placemark>
      
        
      <name>PARKING BUS ✅ / Troia (PO)</name>
      
        
      <description>Parking Bus gratuito 2 plazas  en Troia (Po)</description>
      
        
      <styleUrl>#icon-1532-7CB342</styleUrl>
      
        
      <Point>
        
          
        <coordinates>
            -8.9009444,38.492736,0
          </coordinates>
        
        
      </Point>
      
      
    </Placemark>
    <Placemark>
      
        
      <name>PARKING BUS ✅/ Sesimbra (PO)</name>
      
        
      <description>Parking Bus gratuito en zona deportiva de Sesimbra (Po)</description>
      
        
      <styleUrl>#icon-1532-7CB342</styleUrl>
      
        
      <Point>
        
          
        <coordinates>
            -9.0997325,38.4477199,0
          </coordinates>
        
        
      </Point>
      
      
    </Placemark>
    <Placemark>
      
        
      <name>CASA COLONIES Mas Coromina 🚸 / Vall de Vianya (Girona)</name>
      
        
      <description>Parking Casa Colonies Mas Coromina /  Vall de Vianya, / 17813, Girona www.mascoromina.com +34 626 06 52 02</description>
      
        
      <styleUrl>#icon-1682-673AB7</styleUrl>
      
        
      <Point>
        
          
        <coordinates>
            2.4309279,42.2351156,0
          </coordinates>
        
        
      </Point>
      
      
    </Placemark>
    <Placemark>
      
        
      <name>PARKING 🅿️ / Valdemoro (Madrid)</name>
      
        
      <description>Parking donde puedes dejar Bus aparcado por la noche a las Afueras de Valdemoro  C/ Agustina de Aragón. </description>
      
        
      <styleUrl>#icon-1644-0288D1</styleUrl>
      
        
      <Point>
        
          
        <coordinates>
            -3.6923904,40.193507,0
          </coordinates>
        
        
      </Point>
      
      
    </Placemark>
    <Placemark>
      
        
      <name>PARKING 🅿️ / Prades (Tarragona)</name>
      
        
      <description>Parking mixto afueras de Prades, Tarragona. </description>
      
        
      <styleUrl>#icon-1644-0288D1</styleUrl>
      
        
      <Point>
        
          
        <coordinates>
            0.9880482,41.311489,0
          </coordinates>
        
        
      </Point>
      
      
    </Placemark>
    <Placemark>
      
        
      <name>PARKING BUS ✅️ / Banyoles (Girona)</name>
      
        
      <description>Parking en linea gratuito para visitar Lago Banyoles. Si no tienes al principio df la calle</description>
      
        
      <styleUrl>#icon-1532-7CB342</styleUrl>
      
        
      <Point>
        
          
        <coordinates>
            2.7556147,42.1157541,0
          </coordinates>
        
        
      </Point>
      
      
    </Placemark>
    <Placemark>
      
        
      <name>CUEVA De Nerja 📸 / Nerja (Málaga)</name>
      
        
      <description>Cueva de Nerja / Tiene parking Bus (indicado en ViaBus. Dejan entrar Chófer y guía entran gratis.</description>
      
        
      <styleUrl>#icon-1502-C2185B</styleUrl>
      
        
      <Point>
        
          
        <coordinates>
            -3.8455683,36.7617712,0
          </coordinates>
        
        
      </Point>
      
      
    </Placemark>
    <Placemark>
      
        
      <name><![CDATA[NACIMIENTO Río Llobregat 📸 / Castellar de n'Hug (Barcelona) ]]></name>
      
        
      <description>PARKING para ver el nacimiento del Llobregat / OJO!! Se llena de coches y el camino es estrecho los fines de semana hay más gente. Aquí se llega con Bus pero si no te quieres complicar dejalos en el pueblo o en el hostal les Fonts.</description>
      
        
      <styleUrl>#icon-1502-C2185B</styleUrl>
      
        
      <Point>
        
          
        <coordinates>
            2.0117213,42.281211,0
          </coordinates>
        
        
      </Point>
      
      
    </Placemark>
    <Placemark>
      
        
      <name>PARKING 🅿️ /  Barcarès (FR)</name>
      
        
      <description>Parking para visitar en época Navideña el Pueblo de Barcarès. Informaros antes por si cambian lugar parking .</description>
      
        
      <styleUrl>#icon-1644-0288D1</styleUrl>
      
        
      <Point>
        
          
        <coordinates>
            3.0408843,42.8281562,0
          </coordinates>
        
        
      </Point>
      
      
    </Placemark>
    <Placemark>
      
        
      <name>PARKING 🅿️ / Reus (Tarragona)</name>
      
        
      <description>Parking en linea Gratuito C/ Recasens i Mercadé en Reus.</description>
      
        
      <styleUrl>#icon-1644-0288D1</styleUrl>
      
        
      <Point>
        
          
        <coordinates>
            1.085273,41.1535439,0
          </coordinates>
        
        
      </Point>
      
      
    </Placemark>
    <Placemark>
      
        
      <name>PARKING BUS ✅ / Alcorcón (Madrid)</name>
      
        
      <description>Parking Bus gratuito 7 Plazas Al lado zona deportiva de Alcorcón. C/ De la Canaleja.</description>
      
        
      <styleUrl>#icon-1532-7CB342</styleUrl>
      
        
      <Point>
        
          
        <coordinates>
            -3.8089271,40.3593151,0
          </coordinates>
        
        
      </Point>
      
      
    </Placemark>
    <Placemark>
      
        
      <name>COLEGIO Privado Everest School Monteclaro 🚸 / Pozuelo de Alarcón (Madrid)</name>
      
        
      <description>Parking Privado Colegio  Everest School Monteclaro Urb. Monteclaro, Calle Rosas, s/n, 28223 Pozuelo de Alarcón, Madrid www.everestschool.es b+34 917 99 49 40</description>
      
        
      <styleUrl>#icon-1682-FFD600</styleUrl>
      
        
      <Point>
        
          
        <coordinates>
            -3.844892,40.4408529,0
          </coordinates>
        
        
      </Point>
      
      
    </Placemark>
    <Placemark>
      
        
      <name><![CDATA[PARKING 🅿️ / Sant Sadurní D'Anoia (Barcelona)]]></name>
      
        
      <description>Parking de tierra gratuito al lado cementerio de Sant Sadurní. Suelen aparcar camiones.</description>
      
        
      <styleUrl>#icon-1644-0288D1</styleUrl>
      
        
      <Point>
        
          
        <coordinates>
            1.7927023,41.4280054,0
          </coordinates>
        
        
      </Point>
      
      
    </Placemark>
    <Placemark>
      
        
      <name>PARKING 🅿️ / Granollers (Barcelona)</name>
      
        
      <description>Parking libre mixto en Passeig Fluvial de Granollers.</description>
      
        
      <styleUrl>#icon-1644-0288D1</styleUrl>
      
        
      <Point>
        
          
        <coordinates>
            2.2787271,41.5991879,0
          </coordinates>
        
        
      </Point>
      
      
    </Placemark>
    <Placemark>
      
        
      <name>PARKING BUS ✅️ / Granollers (Barcelona)</name>
      
        
      <description>Parking Bus gratuito en Passeig Fluvial de Granollers.</description>
      
        
      <styleUrl>#icon-1532-7CB342</styleUrl>
      
        
      <Point>
        
          
        <coordinates>
            2.2811431,41.6081295,0
          </coordinates>
        
        
      </Point>
      
      
    </Placemark>
    <Placemark>
      
        
      <name>PARKING 🅿️ / Granollers (Barcelona)</name>
      
        
      <description>Parking gratuito en recinto Ferial de Granollers.</description>
      
        
      <styleUrl>#icon-1644-0288D1</styleUrl>
      
        
      <Point>
        
          
        <coordinates>
            2.2786519,41.5973388,0
          </coordinates>
        
        
      </Point>
      
      
    </Placemark>
    <Placemark>
      
        
      <name>PARKING BUS ✅️ / Guimarães (PO)</name>
      
        
      <description>Parking Bus gratuito sin tiempo en R.Dona Urraca en  Guimarães, (Portugal)</description>
      
        
      <styleUrl>#icon-1532-7CB342</styleUrl>
      
        
      <Point>
        
          
        <coordinates>
            -8.2891589,41.4477744,0
          </coordinates>
        
        
      </Point>
      
      
    </Placemark>
  </Document>
</kml>
